Preprocessed file already present at destination; skipping copy
=== Files in working directory ===
total 32
drwxr-xr-x 3 borisvdm users  4096 Apr 30 15:13 .
drwxr-xr-x 5 borisvdm users   120 Apr 30 15:13 ..
lrwxrwxrwx 1 borisvdm users   113 Apr 30 15:13 clusters_list.txt -> /home/borisvdm/repo/LemonIte/nextflow/work/d2/4055ca978dc74eb066b284d587ad3c/ModuleViewer_files/clusters_list.txt
-rw-r--r-- 1 borisvdm users     0 Apr 30 15:13 .command.begin
-rw-r--r-- 1 borisvdm users     0 Apr 30 15:13 .command.err
-rw-r--r-- 1 borisvdm users    99 Apr 30 15:13 .command.log
-rw-r--r-- 1 borisvdm users    99 Apr 30 15:13 .command.out
-rw-r--r-- 1 borisvdm users 13541 Apr 30 15:13 .command.run
-rw-r--r-- 1 borisvdm users  3644 Apr 30 15:13 .command.sh
-rw-r--r-- 1 borisvdm users     0 Apr 30 15:13 .command.trace
lrwxrwxrwx 1 borisvdm users   130 Apr 30 15:13 Cytoscape_attributes_75_modules_filtered.txt -> /home/borisvdm/repo/LemonIte/nextflow/work/44/ada7a617fd70cfabe613f4ca6078dc/Networks/Cytoscape_attributes_75_modules_filtered.txt
lrwxrwxrwx 1 borisvdm users   137 Apr 30 15:13 Cytoscape_network_75_modules_top2.0pct_filtered.txt -> /home/borisvdm/repo/LemonIte/nextflow/work/44/ada7a617fd70cfabe613f4ca6078dc/Networks/Cytoscape_network_75_modules_top2.0pct_filtered.txt
lrwxrwxrwx 1 borisvdm users   118 Apr 30 15:13 evaluation_summary.txt -> /home/borisvdm/repo/LemonIte/nextflow/work/d2/4055ca978dc74eb066b284d587ad3c/ModuleViewer_files/evaluation_summary.txt
lrwxrwxrwx 1 borisvdm users   133 Apr 30 15:13 LemonPreprocessed_expression.txt -> /home/borisvdm/repo/LemonIte/nextflow/work/64/cd8ef6393edfdaeec42e9096fa8394/LemonTree/Preprocessing/LemonPreprocessed_expression.txt
lrwxrwxrwx 1 borisvdm users   134 Apr 30 15:13 Metabolite_Gene_enrichment_results.csv -> /home/borisvdm/repo/LemonIte/nextflow/work/d2/4055ca978dc74eb066b284d587ad3c/ModuleViewer_files/Metabolite_Gene_enrichment_results.csv
lrwxrwxrwx 1 borisvdm users   134 Apr 30 15:13 metabolite_LemoniteKG_interactions.mvf -> /home/borisvdm/repo/LemonIte/nextflow/work/d2/4055ca978dc74eb066b284d587ad3c/ModuleViewer_files/metabolite_LemoniteKG_interactions.mvf
lrwxrwxrwx 1 borisvdm users   130 Apr 30 15:13 Metabolites2targets_top2.0pct_75_modules.txt -> /home/borisvdm/repo/LemonIte/nextflow/work/44/ada7a617fd70cfabe613f4ca6078dc/Networks/Metabolites2targets_top2.0pct_75_modules.txt
lrwxrwxrwx 1 borisvdm users   130 Apr 30 15:13 Metabolites.selected_regs_list.txt -> /home/borisvdm/repo/LemonIte/nextflow/work/d2/4055ca978dc74eb066b284d587ad3c/ModuleViewer_files/Metabolites.selected_regs_list.txt
lrwxrwxrwx 1 borisvdm users   138 Apr 30 15:13 Metabolites.selected_regulators_scores.txt -> /home/borisvdm/repo/LemonIte/nextflow/work/d2/4055ca978dc74eb066b284d587ad3c/ModuleViewer_files/Metabolites.selected_regulators_scores.txt
drwxr-xr-x 2 borisvdm users   102 Apr 30 15:13 Networks
lrwxrwxrwx 1 borisvdm users   122 Apr 30 15:13 PPI_enrichment_results.csv -> /home/borisvdm/repo/LemonIte/nextflow/work/d2/4055ca978dc74eb066b284d587ad3c/ModuleViewer_files/PPI_enrichment_results.csv
lrwxrwxrwx 1 borisvdm users   116 Apr 30 15:13 PPI_interactions.mvf -> /home/borisvdm/repo/LemonIte/nextflow/work/d2/4055ca978dc74eb066b284d587ad3c/ModuleViewer_files/PPI_interactions.mvf
lrwxrwxrwx 1 borisvdm users   114 Apr 30 15:13 sample_mapping.mvf -> /home/borisvdm/repo/LemonIte/nextflow/work/d2/4055ca978dc74eb066b284d587ad3c/ModuleViewer_files/sample_mapping.mvf
lrwxrwxrwx 1 borisvdm users   106 Apr 30 15:13 specific_modules.txt -> /home/borisvdm/repo/LemonIte/nextflow/work/44/ada7a617fd70cfabe613f4ca6078dc/Networks/specific_modules.txt
lrwxrwxrwx 1 borisvdm users   122 Apr 30 15:13 TFs2targets_top2.0pct_75_modules.txt -> /home/borisvdm/repo/LemonIte/nextflow/work/44/ada7a617fd70cfabe613f4ca6078dc/Networks/TFs2targets_top2.0pct_75_modules.txt
lrwxrwxrwx 1 borisvdm users   122 Apr 30 15:13 TFs.selected_regs_list.txt -> /home/borisvdm/repo/LemonIte/nextflow/work/d2/4055ca978dc74eb066b284d587ad3c/ModuleViewer_files/TFs.selected_regs_list.txt
lrwxrwxrwx 1 borisvdm users   130 Apr 30 15:13 TFs.selected_regulators_scores.txt -> /home/borisvdm/repo/LemonIte/nextflow/work/d2/4055ca978dc74eb066b284d587ad3c/ModuleViewer_files/TFs.selected_regulators_scores.txt
=== Files in Networks directory ===
total 188
drwxr-xr-x 2 borisvdm users    102 Apr 30 15:13 .
drwxr-xr-x 3 borisvdm users   4096 Apr 30 15:13 ..
-rw-r--r-- 1 borisvdm users  39985 Apr 30 15:13 Metabolites2targets_top2.0pct_75_modules.txt
-rw-r--r-- 1 borisvdm users 143514 Apr 30 15:13 TFs2targets_top2.0pct_75_modules.txt
==================================
WARNING: ignoring environment value of R_HOME

Attaching package: ‘BiocGenerics’

The following objects are masked from ‘package:stats’:

    IQR, mad, sd, var, xtabs

The following objects are masked from ‘package:base’:

    anyDuplicated, aperm, append, as.data.frame, basename, cbind,
    colnames, dirname, do.call, duplicated, eval, evalq, Filter, Find,
    get, grep, grepl, intersect, is.unsorted, lapply, Map, mapply,
    match, mget, order, paste, pmax, pmax.int, pmin, pmin.int,
    Position, rank, rbind, Reduce, rownames, sapply, saveRDS, setdiff,
    table, tapply, union, unique, unsplit, which.max, which.min

Welcome to Bioconductor

    Vignettes contain introductory material; view with
    'browseVignettes()'. To cite Bioconductor, see
    'citation("Biobase")', and for packages 'citation("pkgname")'.


Attaching package: ‘S4Vectors’

The following objects are masked from ‘package:data.table’:

    first, second

The following object is masked from ‘package:utils’:

    findMatches

The following objects are masked from ‘package:base’:

    expand.grid, I, unname


Attaching package: ‘IRanges’

The following object is masked from ‘package:data.table’:

    shift




clusterProfiler v4.14.6 Learn more at https://yulab-smu.top/contribution-knowledge-mining/

Please cite:

T Wu, E Hu, S Xu, M Chen, P Guo, Z Dai, T Feng, L Zhou, W Tang, L Zhan,
X Fu, S Liu, X Bo, and G Yu. clusterProfiler 4.0: A universal
enrichment tool for interpreting omics data. The Innovation. 2021,
2(3):100141

Attaching package: ‘clusterProfiler’

The following object is masked from ‘package:AnnotationDbi’:

    select

The following object is masked from ‘package:IRanges’:

    slice

The following object is masked from ‘package:S4Vectors’:

    rename

The following object is masked from ‘package:stats’:

    filter

ReactomePA v1.50.0 Learn more at https://yulab-smu.top/contribution-knowledge-mining/

Please cite:

Guangchuang Yu, Qing-Yu He. ReactomePA: an R/Bioconductor package for
reactome pathway analysis and visualization. Molecular BioSystems.
2016, 12(2):477-479

Attaching package: ‘dplyr’

The following object is masked from ‘package:biomaRt’:

    select

The following object is masked from ‘package:AnnotationDbi’:

    select

The following objects are masked from ‘package:IRanges’:

    collapse, desc, intersect, setdiff, slice, union

The following objects are masked from ‘package:S4Vectors’:

    first, intersect, rename, setdiff, setequal, union

The following object is masked from ‘package:Biobase’:

    combine

The following objects are masked from ‘package:BiocGenerics’:

    combine, intersect, setdiff, union

The following objects are masked from ‘package:data.table’:

    between, first, last

The following objects are masked from ‘package:stats’:

    filter, lag

The following objects are masked from ‘package:base’:

    intersect, setdiff, setequal, union

enrichplot v1.26.6 Learn more at https://yulab-smu.top/contribution-knowledge-mining/

Please cite:

Guangchuang Yu, Li-Gen Wang, and Qing-Yu He. ChIPseeker: an
R/Bioconductor package for ChIP peak annotation, comparison and
visualization. Bioinformatics. 2015, 31(14):2382-2383

Attaching package: ‘fastcluster’

The following object is masked from ‘package:stats’:

    hclust


Attaching package: ‘WGCNA’

The following object is masked from ‘package:IRanges’:

    cor

The following object is masked from ‘package:S4Vectors’:

    cor

The following object is masked from ‘package:stats’:

    cor

Welcome to enrichR
Checking connections ... 
Enrichr ... Connection is Live!
FlyEnrichr ... Connection is Live!
WormEnrichr ... Connection is Live!
YeastEnrichr ... Connection is Live!
FishEnrichr ... Connection is Live!
OxEnrichr ... Connection is Live!
 
Warning: The system is configured to read the RTC time in the local time zone.
         This mode cannot be fully supported. It will create various problems
         with time zone changes and daylight saving time adjustments. The RTC
         time is never updated, it relies on external facilities to maintain it.
         If at all possible, use RTC in UTC by calling
         'timedatectl set-local-rtc 0'.
── Attaching core tidyverse packages ──────────────────────── tidyverse 2.0.0 ──
✔ forcats   1.0.1     ✔ readr     2.1.5
✔ lubridate 1.9.4     ✔ tibble    3.3.0
✔ purrr     1.1.0     ✔ tidyr     1.3.1
── Conflicts ────────────────────────────────────────── tidyverse_conflicts() ──
✖ lubridate::%within%() masks IRanges::%within%()
✖ dplyr::between()      masks data.table::between()
✖ dplyr::collapse()     masks IRanges::collapse()
✖ dplyr::combine()      masks Biobase::combine(), BiocGenerics::combine()
✖ dplyr::desc()         masks IRanges::desc()
✖ tidyr::expand()       masks S4Vectors::expand()
✖ dplyr::filter()       masks clusterProfiler::filter(), stats::filter()
✖ dplyr::first()        masks S4Vectors::first(), data.table::first()
✖ lubridate::hour()     masks data.table::hour()
✖ lubridate::isoweek()  masks data.table::isoweek()
✖ dplyr::lag()          masks stats::lag()
✖ dplyr::last()         masks data.table::last()
✖ lubridate::mday()     masks data.table::mday()
✖ lubridate::minute()   masks data.table::minute()
✖ lubridate::month()    masks data.table::month()
✖ ggplot2::Position()   masks BiocGenerics::Position(), base::Position()
✖ lubridate::quarter()  masks data.table::quarter()
✖ purrr::reduce()       masks IRanges::reduce()
✖ dplyr::rename()       masks clusterProfiler::rename(), S4Vectors::rename()
✖ lubridate::second()   masks S4Vectors::second(), data.table::second()
✖ lubridate::second<-() masks S4Vectors::second<-()
✖ dplyr::select()       masks biomaRt::select(), clusterProfiler::select(), AnnotationDbi::select()
✖ purrr::simplify()     masks clusterProfiler::simplify()
✖ dplyr::slice()        masks clusterProfiler::slice(), IRanges::slice()
✖ purrr::transpose()    masks data.table::transpose()
✖ lubridate::wday()     masks data.table::wday()
✖ lubridate::week()     masks data.table::week()
✖ lubridate::yday()     masks data.table::yday()
✖ lubridate::year()     masks data.table::year()
ℹ Use the conflicted package (<http://conflicted.r-lib.org/>) to force all conflicts to become errors
Directory 'Enrichment' created.
Starting enrichment analysis...
Analysis method: EnrichR 
Using filtered modules: TRUE 
Number of threads available: 5 
System info:  cn1878.irc.ugent.be with 12 detected cores
Building gene sets from selected regulator mappings...
Read 233 regulator-module mappings from Metabolites.selected_regs_list.txt 
Read 852 regulator-module mappings from TFs.selected_regs_list.txt 
Read 6174 regulator-target mappings from Metabolites2targets_top2.0pct_75_modules.txt 
Read 22211 regulator-target mappings from TFs2targets_top2.0pct_75_modules.txt 
Reading module-gene mappings from clusters_list.txt...
Read 104 modules with gene assignments from clusters_list.txt 
Filtered to 75  modules with coherence >  0.5 
Calculated n_modules_name from data: 75 
Number of modules for analysis: 75 

=== Running EnrichR Analysis ===
Connection changed to https://maayanlab.cloud/Enrichr/
Connection is Live!
Running EnrichR for 75 modules using 5 threads...
Using 5 threads for EnrichR with API rate limiting
Using parallel processing with future.apply
Processing module 0 with 71 genes
Uploading data to Enrichr... Done.
  Querying GO_Biological_Process_2025... Done.
  Querying GO_Molecular_Function_2025... Done.
  Querying GO_Cellular_Component_2025... Done.
  Querying KEGG_2021_Human... Done.
  Querying Reactome_Pathways_2024... Done.
Parsing results... Done.
Plot error for 0 GO_Biological_Process_2025 : replacement has 0 rows, data has 2 
Error processing module 0 : argument is of length zero 
Processing module 1 with 68 genes
Uploading data to Enrichr... Done.
  Querying GO_Biological_Process_2025... Done.
  Querying GO_Molecular_Function_2025... Done.
  Querying GO_Cellular_Component_2025... Done.
  Querying KEGG_2021_Human... Done.
  Querying Reactome_Pathways_2024... Done.
Parsing results... Done.
Plot error for 1 GO_Biological_Process_2025 : replacement has 0 rows, data has 2 
Error processing module 1 : argument is of length zero 
Processing module 2 with 65 genes
Uploading data to Enrichr... Done.
  Querying GO_Biological_Process_2025... Done.
  Querying GO_Molecular_Function_2025... Done.
  Querying GO_Cellular_Component_2025... Done.
  Querying KEGG_2021_Human... Done.
  Querying Reactome_Pathways_2024... Done.
Parsing results... Done.
Plot error for 2 GO_Biological_Process_2025 : replacement has 0 rows, data has 2 
Error processing module 2 : argument is of length zero 
Processing module 3 with 61 genes
Uploading data to Enrichr... Done.
  Querying GO_Biological_Process_2025... Done.
  Querying GO_Molecular_Function_2025... Done.
  Querying GO_Cellular_Component_2025... Done.
  Querying KEGG_2021_Human... Done.
  Querying Reactome_Pathways_2024... Done.
Parsing results... Done.
Module 3 - Total enrichment results: 85 , Significant results (p.adj <= 0.05): 13 , Final formatted results: 13 
Processing module 4 with 62 genes
Uploading data to Enrichr... Done.
  Querying GO_Biological_Process_2025... Done.
  Querying GO_Molecular_Function_2025... Done.
  Querying GO_Cellular_Component_2025... Done.
  Querying KEGG_2021_Human... Done.
  Querying Reactome_Pathways_2024... Done.
Parsing results... Done.
Module 4 - Total enrichment results: 1454 , Significant results (p.adj <= 0.05): 412 , Final formatted results: 412 
Processing module 5 with 47 genes
Uploading data to Enrichr... Done.
  Querying GO_Biological_Process_2025... Done.
  Querying GO_Molecular_Function_2025... Done.
  Querying GO_Cellular_Component_2025... Done.
  Querying KEGG_2021_Human... Done.
  Querying Reactome_Pathways_2024... Done.
Parsing results... Done.
No significant results for 5 KEGG_2021_Human - taking top 3 results for exploration
No significant results for 5 Reactome_Pathways_2024 - taking top 3 results for exploration
Module 5 - Total enrichment results: 766 , Significant results (p.adj <= 0.05): 39 , Final formatted results: 45 
Processing module 6 with 65 genes
Uploading data to Enrichr... Done.
  Querying GO_Biological_Process_2025... Done.
  Querying GO_Molecular_Function_2025... Done.
  Querying GO_Cellular_Component_2025... Done.
  Querying KEGG_2021_Human... Done.
  Querying Reactome_Pathways_2024... Done.
Parsing results... Done.
Module 6 - Total enrichment results: 422 , Significant results (p.adj <= 0.05): 33 , Final formatted results: 33 
Processing module 7 with 58 genes
Uploading data to Enrichr... Done.
  Querying GO_Biological_Process_2025... Done.
  Querying GO_Molecular_Function_2025... Done.
  Querying GO_Cellular_Component_2025... Done.
  Querying KEGG_2021_Human... Done.
  Querying Reactome_Pathways_2024... Done.
Parsing results... Done.
Module 7 - Total enrichment results: 422 , Significant results (p.adj <= 0.05): 33 , Final formatted results: 33 
Processing module 8 with 37 genes
Uploading data to Enrichr... Done.
  Querying GO_Biological_Process_2025... Done.
  Querying GO_Molecular_Function_2025... Done.
  Querying GO_Cellular_Component_2025... Done.
  Querying KEGG_2021_Human... Done.
  Querying Reactome_Pathways_2024... Done.
Parsing results... Done.
No significant results for 8 GO_Molecular_Function_2025 - taking top 3 results for exploration
No significant results for 8 Reactome_Pathways_2024 - taking top 3 results for exploration
Module 8 - Total enrichment results: 141 , Significant results (p.adj <= 0.05): 38 , Final formatted results: 44 
Processing module 9 with 94 genes
Uploading data to Enrichr... Done.
  Querying GO_Biological_Process_2025... Done.
  Querying GO_Molecular_Function_2025... Done.
  Querying GO_Cellular_Component_2025... Done.
  Querying KEGG_2021_Human... Done.
  Querying Reactome_Pathways_2024... Done.
Parsing results... Done.
Module 9 - Total enrichment results: 93 , Significant results (p.adj <= 0.05): 15 , Final formatted results: 15 
Processing module 10 with 53 genes
Uploading data to Enrichr... Done.
  Querying GO_Biological_Process_2025... Done.
  Querying GO_Molecular_Function_2025... Done.
  Querying GO_Cellular_Component_2025... Done.
  Querying KEGG_2021_Human... Done.
  Querying Reactome_Pathways_2024... Done.
Parsing results... Done.
No significant results for 10 KEGG_2021_Human - taking top 3 results for exploration
Module 10 - Total enrichment results: 609 , Significant results (p.adj <= 0.05): 84 , Final formatted results: 87 
Processing module 11 with 45 genes
Uploading data to Enrichr... Done.
  Querying GO_Biological_Process_2025... Done.
  Querying GO_Molecular_Function_2025... Done.
  Querying GO_Cellular_Component_2025... Done.
  Querying KEGG_2021_Human... Done.
  Querying Reactome_Pathways_2024... Done.
Parsing results... Done.
Module 11 - Total enrichment results: 892 , Significant results (p.adj <= 0.05): 184 , Final formatted results: 184 
Processing module 12 with 66 genes
Uploading data to Enrichr... Done.
  Querying GO_Biological_Process_2025... Done.
  Querying GO_Molecular_Function_2025... Done.
  Querying GO_Cellular_Component_2025... Done.
  Querying KEGG_2021_Human... Done.
  Querying Reactome_Pathways_2024... Done.
Parsing results... Done.
Module 12 - Total enrichment results: 892 , Significant results (p.adj <= 0.05): 184 , Final formatted results: 184 
Processing module 13 with 91 genes
Uploading data to Enrichr... Done.
  Querying GO_Biological_Process_2025... Done.
  Querying GO_Molecular_Function_2025... Done.
  Querying GO_Cellular_Component_2025... Done.
  Querying KEGG_2021_Human... Done.
  Querying Reactome_Pathways_2024... Done.
Parsing results... Done.
No significant results for 13 GO_Molecular_Function_2025 - taking top 3 results for exploration
Module 13 - Total enrichment results: 1042 , Significant results (p.adj <= 0.05): 21 , Final formatted results: 24 
Processing module 14 with 35 genes
Uploading data to Enrichr... Done.
  Querying GO_Biological_Process_2025... Done.
  Querying GO_Molecular_Function_2025... Done.
  Querying GO_Cellular_Component_2025... Done.
  Querying KEGG_2021_Human... Done.
  Querying Reactome_Pathways_2024... Done.
Parsing results... Done.
No significant results for 14 GO_Cellular_Component_2025 - taking top 3 results for exploration
No significant results for 14 KEGG_2021_Human - taking top 3 results for exploration
Module 14 - Total enrichment results: 543 , Significant results (p.adj <= 0.05): 57 , Final formatted results: 63 
Client error: (429) Too Many Requests (RFC 6585)
Client error: (429) Too Many Requests (RFC 6585)
Client error: (429) Too Many Requests (RFC 6585)
Client error: (429) Too Many Requests (RFC 6585)
Client error: (429) Too Many Requests (RFC 6585)
Processing module 15 with 50 genes
Uploading data to Enrichr... Done.
  Querying GO_Biological_Process_2025... Done.
  Querying GO_Molecular_Function_2025... Done.
  Querying GO_Cellular_Component_2025... Done.
  Querying KEGG_2021_Human... Done.
  Querying Reactome_Pathways_2024... Done.
Parsing results... Done.
No significant results for 15 GO_Cellular_Component_2025 - taking top 3 results for exploration
No significant results for 15 KEGG_2021_Human - taking top 3 results for exploration
Module 15 - Total enrichment results: 642 , Significant results (p.adj <= 0.05): 72 , Final formatted results: 78 
Processing module 16 with 159 genes
Uploading data to Enrichr... Done.
  Querying GO_Biological_Process_2025... Done.
  Querying GO_Molecular_Function_2025... Done.
  Querying GO_Cellular_Component_2025... Done.
  Querying KEGG_2021_Human... Done.
  Querying Reactome_Pathways_2024... Done.
Parsing results... Done.
No significant results for 16 GO_Biological_Process_2025 - taking top 3 results for exploration
No significant results for 16 GO_Molecular_Function_2025 - taking top 3 results for exploration
No significant results for 16 GO_Cellular_Component_2025 - taking top 3 results for exploration
No significant results for 16 KEGG_2021_Human - taking top 3 results for exploration
Module 16 - Total enrichment results: 1883 , Significant results (p.adj <= 0.05): 15 , Final formatted results: 27 
Processing module 17 with 42 genes
Uploading data to Enrichr... Done.
  Querying GO_Biological_Process_2025... Done.
  Querying GO_Molecular_Function_2025... Done.
  Querying GO_Cellular_Component_2025... Done.
  Querying KEGG_2021_Human... Done.
  Querying Reactome_Pathways_2024... Done.
Parsing results... Done.
Module 17 - Total enrichment results: 381 , Significant results (p.adj <= 0.05): 23 , Final formatted results: 23 
Processing module 18 with 26 genes
Uploading data to Enrichr... Done.
  Querying GO_Biological_Process_2025... Done.
  Querying GO_Molecular_Function_2025... Done.
  Querying GO_Cellular_Component_2025... Done.
  Querying KEGG_2021_Human... Done.
  Querying Reactome_Pathways_2024... Done.
Parsing results... Done.
Module 18 - Total enrichment results: 536 , Significant results (p.adj <= 0.05): 105 , Final formatted results: 105 
Processing module 19 with 43 genes
Uploading data to Enrichr... Done.
  Querying GO_Biological_Process_2025... Done.
  Querying GO_Molecular_Function_2025... Done.
  Querying GO_Cellular_Component_2025... Done.
  Querying KEGG_2021_Human... Done.
  Querying Reactome_Pathways_2024... Done.
Parsing results... Done.
Module 19 - Total enrichment results: 536 , Significant results (p.adj <= 0.05): 105 , Final formatted results: 105 
Processing module 20 with 36 genes
Uploading data to Enrichr... Done.
  Querying GO_Biological_Process_2025... Done.
  Querying GO_Molecular_Function_2025... Done.
  Querying GO_Cellular_Component_2025... Done.
  Querying KEGG_2021_Human... Done.
  Querying Reactome_Pathways_2024... Done.
Parsing results... Done.
Module 20 - Total enrichment results: 536 , Significant results (p.adj <= 0.05): 105 , Final formatted results: 105 
Processing module 21 with 48 genes
Uploading data to Enrichr... Done.
  Querying GO_Biological_Process_2025... Done.
  Querying GO_Molecular_Function_2025... Done.
  Querying GO_Cellular_Component_2025... Done.
  Querying KEGG_2021_Human... Done.
  Querying Reactome_Pathways_2024... Done.
Parsing results... Done.
No significant results for 21 KEGG_2021_Human - taking top 3 results for exploration
Module 21 - Total enrichment results: 687 , Significant results (p.adj <= 0.05): 21 , Final formatted results: 24 
Processing module 23 with 42 genes
Uploading data to Enrichr... Done.
  Querying GO_Biological_Process_2025... Done.
  Querying GO_Molecular_Function_2025... Done.
  Querying GO_Cellular_Component_2025... Done.
  Querying KEGG_2021_Human... Done.
  Querying Reactome_Pathways_2024... Done.
Parsing results... Done.
No significant results for 23 KEGG_2021_Human - taking top 3 results for exploration
Module 23 - Total enrichment results: 687 , Significant results (p.adj <= 0.05): 21 , Final formatted results: 24 
Processing module 24 with 27 genes
Uploading data to Enrichr... Done.
  Querying GO_Biological_Process_2025... Done.
  Querying GO_Molecular_Function_2025... Done.
  Querying GO_Cellular_Component_2025... Done.
  Querying KEGG_2021_Human... Done.
  Querying Reactome_Pathways_2024... Done.
Parsing results... Done.
No significant results for 24 GO_Cellular_Component_2025 - taking top 3 results for exploration
Module 24 - Total enrichment results: 713 , Significant results (p.adj <= 0.05): 109 , Final formatted results: 112 
Processing module 25 with 29 genes
Uploading data to Enrichr... Done.
  Querying GO_Biological_Process_2025... Done.
  Querying GO_Molecular_Function_2025... Done.
  Querying GO_Cellular_Component_2025... Done.
  Querying KEGG_2021_Human... Done.
  Querying Reactome_Pathways_2024... Done.
Parsing results... Done.
No significant results for 25 GO_Biological_Process_2025 - taking top 3 results for exploration
No significant results for 25 KEGG_2021_Human - taking top 3 results for exploration
Module 25 - Total enrichment results: 522 , Significant results (p.adj <= 0.05): 10 , Final formatted results: 16 
Processing module 26 with 43 genes
Uploading data to Enrichr... Done.
  Querying GO_Biological_Process_2025... Done.
  Querying GO_Molecular_Function_2025... Done.
  Querying GO_Cellular_Component_2025... Done.
  Querying KEGG_2021_Human... Done.
  Querying Reactome_Pathways_2024... Done.
Parsing results... Done.
No significant results for 26 GO_Biological_Process_2025 - taking top 3 results for exploration
No significant results for 26 KEGG_2021_Human - taking top 3 results for exploration
Module 26 - Total enrichment results: 522 , Significant results (p.adj <= 0.05): 10 , Final formatted results: 16 
Processing module 27 with 31 genes
Uploading data to Enrichr... Done.
  Querying GO_Biological_Process_2025... Done.
  Querying GO_Molecular_Function_2025... Done.
  Querying GO_Cellular_Component_2025... Done.
  Querying KEGG_2021_Human... Done.
  Querying Reactome_Pathways_2024... Done.
Parsing results... Done.
No significant results for 27 GO_Cellular_Component_2025 - taking top 3 results for exploration
No significant results for 27 KEGG_2021_Human - taking top 3 results for exploration
Module 27 - Total enrichment results: 731 , Significant results (p.adj <= 0.05): 44 , Final formatted results: 50 
Processing module 28 with 27 genes
Uploading data to Enrichr... Done.
  Querying GO_Biological_Process_2025... Done.
  Querying GO_Molecular_Function_2025... Done.
  Querying GO_Cellular_Component_2025... Done.
  Querying KEGG_2021_Human... Done.
  Querying Reactome_Pathways_2024... Done.
Parsing results... Done.
No significant results for 28 GO_Cellular_Component_2025 - taking top 3 results for exploration
No significant results for 28 KEGG_2021_Human - taking top 3 results for exploration
No significant results for 28 Reactome_Pathways_2024 - taking top 3 results for exploration
Module 28 - Total enrichment results: 403 , Significant results (p.adj <= 0.05): 17 , Final formatted results: 26 
Processing module 29 with 21 genes
Uploading data to Enrichr... Done.
  Querying GO_Biological_Process_2025... Done.
  Querying GO_Molecular_Function_2025... Done.
  Querying GO_Cellular_Component_2025... Done.
  Querying KEGG_2021_Human... Done.
  Querying Reactome_Pathways_2024... Done.
Parsing results... Done.
Module 29 - Total enrichment results: 98 , Significant results (p.adj <= 0.05): 26 , Final formatted results: 26 
Processing module 30 with 39 genes
Uploading data to Enrichr... Done.
  Querying GO_Biological_Process_2025... Done.
  Querying GO_Molecular_Function_2025... Done.
  Querying GO_Cellular_Component_2025... Done.
  Querying KEGG_2021_Human... Done.
  Querying Reactome_Pathways_2024... Done.
Parsing results... Done.
No significant results for 30 GO_Cellular_Component_2025 - taking top 3 results for exploration
No significant results for 30 KEGG_2021_Human - taking top 3 results for exploration
No significant results for 30 Reactome_Pathways_2024 - taking top 3 results for exploration
Module 30 - Total enrichment results: 723 , Significant results (p.adj <= 0.05): 38 , Final formatted results: 47 
Client error: (429) Too Many Requests (RFC 6585)
Client error: (429) Too Many Requests (RFC 6585)
Client error: (429) Too Many Requests (RFC 6585)
Client error: (429) Too Many Requests (RFC 6585)
Processing module 32 with 32 genes
Uploading data to Enrichr... Done.
  Querying GO_Biological_Process_2025... Done.
  Querying GO_Molecular_Function_2025... Done.
  Querying GO_Cellular_Component_2025... Done.
  Querying KEGG_2021_Human... Done.
  Querying Reactome_Pathways_2024... Done.
Parsing results... Done.
Plot error for 32 GO_Biological_Process_2025 : replacement has 0 rows, data has 2 
Error processing module 32 : argument is of length zero 
Processing module 33 with 17 genes
Uploading data to Enrichr... Done.
  Querying GO_Biological_Process_2025... Done.
  Querying GO_Molecular_Function_2025... Done.
  Querying GO_Cellular_Component_2025... Done.
  Querying KEGG_2021_Human... Done.
  Querying Reactome_Pathways_2024... Done.
Parsing results... Done.
Module 33 - Total enrichment results: 488 , Significant results (p.adj <= 0.05): 279 , Final formatted results: 279 
Processing module 34 with 35 genes
Uploading data to Enrichr... Done.
  Querying GO_Biological_Process_2025... Done.
  Querying GO_Molecular_Function_2025... Done.
  Querying GO_Cellular_Component_2025... Done.
  Querying KEGG_2021_Human... Done.
  Querying Reactome_Pathways_2024... Done.
Parsing results... Done.
Module 34 - Total enrichment results: 639 , Significant results (p.adj <= 0.05): 190 , Final formatted results: 190 
Processing module 36 with 29 genes
Uploading data to Enrichr... Done.
  Querying GO_Biological_Process_2025... Done.
  Querying GO_Molecular_Function_2025... Done.
  Querying GO_Cellular_Component_2025... Done.
  Querying KEGG_2021_Human... Done.
  Querying Reactome_Pathways_2024... Done.
Parsing results... Done.
No significant results for 36 KEGG_2021_Human - taking top 3 results for exploration
No significant results for 36 Reactome_Pathways_2024 - taking top 3 results for exploration
Module 36 - Total enrichment results: 231 , Significant results (p.adj <= 0.05): 12 , Final formatted results: 18 
Processing module 37 with 28 genes
Uploading data to Enrichr... Done.
  Querying GO_Biological_Process_2025... Done.
  Querying GO_Molecular_Function_2025... Done.
  Querying GO_Cellular_Component_2025... Done.
  Querying KEGG_2021_Human... Done.
  Querying Reactome_Pathways_2024... Done.
Parsing results... Done.
Module 37 - Total enrichment results: 62 , Significant results (p.adj <= 0.05): 18 , Final formatted results: 18 
Processing module 38 with 31 genes
Uploading data to Enrichr... Done.
  Querying GO_Biological_Process_2025... Done.
  Querying GO_Molecular_Function_2025... Done.
  Querying GO_Cellular_Component_2025... Done.
  Querying KEGG_2021_Human... Done.
  Querying Reactome_Pathways_2024... Done.
Parsing results... Done.
Module 38 - Total enrichment results: 317 , Significant results (p.adj <= 0.05): 28 , Final formatted results: 28 
Processing module 39 with 26 genes
Uploading data to Enrichr... Done.
  Querying GO_Biological_Process_2025... Done.
  Querying GO_Molecular_Function_2025... Done.
  Querying GO_Cellular_Component_2025... Done.
  Querying KEGG_2021_Human... Done.
  Querying Reactome_Pathways_2024... Done.
Parsing results... Done.
No significant results for 39 GO_Molecular_Function_2025 - taking top 3 results for exploration
No significant results for 39 KEGG_2021_Human - taking top 3 results for exploration
No significant results for 39 Reactome_Pathways_2024 - taking top 3 results for exploration
Module 39 - Total enrichment results: 354 , Significant results (p.adj <= 0.05): 8 , Final formatted results: 17 
Processing module 40 with 21 genes
Uploading data to Enrichr... Done.
  Querying GO_Biological_Process_2025... Done.
  Querying GO_Molecular_Function_2025... Done.
  Querying GO_Cellular_Component_2025... Done.
  Querying KEGG_2021_Human... Done.
  Querying Reactome_Pathways_2024... Done.
Parsing results... Done.
No significant results for 40 GO_Molecular_Function_2025 - taking top 3 results for exploration
No significant results for 40 GO_Cellular_Component_2025 - taking top 3 results for exploration
Module 40 - Total enrichment results: 544 , Significant results (p.adj <= 0.05): 19 , Final formatted results: 25 
Processing module 41 with 26 genes
Uploading data to Enrichr... Done.
  Querying GO_Biological_Process_2025... Done.
  Querying GO_Molecular_Function_2025... Done.
  Querying GO_Cellular_Component_2025... Done.
  Querying KEGG_2021_Human... Done.
  Querying Reactome_Pathways_2024... Done.
Parsing results... Done.
No significant results for 41 GO_Molecular_Function_2025 - taking top 3 results for exploration
No significant results for 41 GO_Cellular_Component_2025 - taking top 3 results for exploration
Module 41 - Total enrichment results: 544 , Significant results (p.adj <= 0.05): 19 , Final formatted results: 25 
Processing module 42 with 33 genes
Uploading data to Enrichr... Done.
  Querying GO_Biological_Process_2025... Done.
  Querying GO_Molecular_Function_2025... Done.
  Querying GO_Cellular_Component_2025... Done.
  Querying KEGG_2021_Human... Done.
  Querying Reactome_Pathways_2024... Done.
Parsing results... Done.
No significant results for 42 GO_Molecular_Function_2025 - taking top 3 results for exploration
No significant results for 42 GO_Cellular_Component_2025 - taking top 3 results for exploration
Module 42 - Total enrichment results: 544 , Significant results (p.adj <= 0.05): 19 , Final formatted results: 25 
Processing module 43 with 20 genes
Uploading data to Enrichr... Done.
  Querying GO_Biological_Process_2025... Done.
  Querying GO_Molecular_Function_2025... Done.
  Querying GO_Cellular_Component_2025... Done.
  Querying KEGG_2021_Human... Done.
  Querying Reactome_Pathways_2024... Done.
Parsing results... Done.
Module 43 - Total enrichment results: 582 , Significant results (p.adj <= 0.05): 139 , Final formatted results: 139 
Processing module 44 with 32 genes
Uploading data to Enrichr... Done.
  Querying GO_Biological_Process_2025... Done.
  Querying GO_Molecular_Function_2025... Done.
  Querying GO_Cellular_Component_2025... Done.
  Querying KEGG_2021_Human... Done.
  Querying Reactome_Pathways_2024... Done.
Parsing results... Done.
No significant results for 44 GO_Cellular_Component_2025 - taking top 3 results for exploration
No significant results for 44 KEGG_2021_Human - taking top 3 results for exploration
Module 44 - Total enrichment results: 495 , Significant results (p.adj <= 0.05): 10 , Final formatted results: 16 
Processing module 45 with 18 genes
Uploading data to Enrichr... Done.
  Querying GO_Biological_Process_2025... Done.
  Querying GO_Molecular_Function_2025... Done.
  Querying GO_Cellular_Component_2025... Done.
  Querying KEGG_2021_Human... Done.
  Querying Reactome_Pathways_2024... Done.
Parsing results... Done.
No significant results for 45 GO_Cellular_Component_2025 - taking top 3 results for exploration
No significant results for 45 KEGG_2021_Human - taking top 3 results for exploration
Module 45 - Total enrichment results: 320 , Significant results (p.adj <= 0.05): 52 , Final formatted results: 58 
Processing module 46 with 66 genes
Uploading data to Enrichr... Done.
  Querying GO_Biological_Process_2025... Done.
  Querying GO_Molecular_Function_2025... Done.
  Querying GO_Cellular_Component_2025... Done.
  Querying KEGG_2021_Human... Done.
  Querying Reactome_Pathways_2024... Done.
Parsing results... Done.
Module 46 - Total enrichment results: 1147 , Significant results (p.adj <= 0.05): 65 , Final formatted results: 65 
Processing module 47 with 44 genes
Uploading data to Enrichr... Done.
  Querying GO_Biological_Process_2025... Done.
  Querying GO_Molecular_Function_2025... Done.
  Querying GO_Cellular_Component_2025... Done.
  Querying KEGG_2021_Human... Done.
  Querying Reactome_Pathways_2024... Done.
Parsing results... Done.
No significant results for 47 GO_Biological_Process_2025 - taking top 3 results for exploration
No significant results for 47 KEGG_2021_Human - taking top 3 results for exploration
Module 47 - Total enrichment results: 592 , Significant results (p.adj <= 0.05): 8 , Final formatted results: 14 
Client error: (429) Too Many Requests (RFC 6585)
Client error: (429) Too Many Requests (RFC 6585)
Client error: (429) Too Many Requests (RFC 6585)
Processing module 49 with 16 genes
Uploading data to Enrichr... Done.
  Querying GO_Biological_Process_2025... Done.
  Querying GO_Molecular_Function_2025... Done.
  Querying GO_Cellular_Component_2025... Done.
  Querying KEGG_2021_Human... Done.
  Querying Reactome_Pathways_2024... Done.
Parsing results... Done.
No significant results for 49 KEGG_2021_Human - taking top 3 results for exploration
Module 49 - Total enrichment results: 225 , Significant results (p.adj <= 0.05): 70 , Final formatted results: 73 
Processing module 50 with 29 genes
Uploading data to Enrichr... Done.
  Querying GO_Biological_Process_2025... Done.
  Querying GO_Molecular_Function_2025... Done.
  Querying GO_Cellular_Component_2025... Done.
  Querying KEGG_2021_Human... Done.
  Querying Reactome_Pathways_2024... Done.
Parsing results... Done.
Module 50 - Total enrichment results: 123 , Significant results (p.adj <= 0.05): 23 , Final formatted results: 23 
Processing module 51 with 19 genes
Uploading data to Enrichr... Done.
  Querying GO_Biological_Process_2025... Done.
  Querying GO_Molecular_Function_2025... Done.
  Querying GO_Cellular_Component_2025... Done.
  Querying KEGG_2021_Human... Done.
  Querying Reactome_Pathways_2024... Done.
Parsing results... Done.
No significant results for 51 KEGG_2021_Human - taking top 3 results for exploration
Module 51 - Total enrichment results: 295 , Significant results (p.adj <= 0.05): 78 , Final formatted results: 81 
Processing module 52 with 18 genes
Uploading data to Enrichr... Done.
  Querying GO_Biological_Process_2025... Done.
  Querying GO_Molecular_Function_2025... Done.
  Querying GO_Cellular_Component_2025... Done.
  Querying KEGG_2021_Human... Done.
  Querying Reactome_Pathways_2024... Done.
Parsing results... Done.
No significant results for 52 GO_Cellular_Component_2025 - taking top 3 results for exploration
No significant results for 52 KEGG_2021_Human - taking top 3 results for exploration
No significant results for 52 Reactome_Pathways_2024 - taking top 3 results for exploration
Module 52 - Total enrichment results: 287 , Significant results (p.adj <= 0.05): 37 , Final formatted results: 46 
Processing module 53 with 22 genes
Uploading data to Enrichr... Done.
  Querying GO_Biological_Process_2025... Done.
  Querying GO_Molecular_Function_2025... Done.
  Querying GO_Cellular_Component_2025... Done.
  Querying KEGG_2021_Human... Done.
  Querying Reactome_Pathways_2024... Done.
Parsing results... Done.
No significant results for 53 GO_Cellular_Component_2025 - taking top 3 results for exploration
No significant results for 53 Reactome_Pathways_2024 - taking top 3 results for exploration
Module 53 - Total enrichment results: 111 , Significant results (p.adj <= 0.05): 21 , Final formatted results: 27 
Processing module 55 with 10 genes
Uploading data to Enrichr... Done.
  Querying GO_Biological_Process_2025... Done.
  Querying GO_Molecular_Function_2025... Done.
  Querying GO_Cellular_Component_2025... Done.
  Querying KEGG_2021_Human... Done.
  Querying Reactome_Pathways_2024... Done.
Parsing results... Done.
No significant results for 55 GO_Cellular_Component_2025 - taking top 3 results for exploration
No significant results for 55 Reactome_Pathways_2024 - taking top 3 results for exploration
Module 55 - Total enrichment results: 228 , Significant results (p.adj <= 0.05): 104 , Final formatted results: 110 
Processing module 57 with 23 genes
Uploading data to Enrichr... Done.
  Querying GO_Biological_Process_2025... Done.
  Querying GO_Molecular_Function_2025... Done.
  Querying GO_Cellular_Component_2025... Done.
  Querying KEGG_2021_Human... Done.
  Querying Reactome_Pathways_2024... Done.
Parsing results... Done.
No significant results for 57 GO_Molecular_Function_2025 - taking top 3 results for exploration
No significant results for 57 KEGG_2021_Human - taking top 3 results for exploration
No significant results for 57 Reactome_Pathways_2024 - taking top 3 results for exploration
Module 57 - Total enrichment results: 451 , Significant results (p.adj <= 0.05): 12 , Final formatted results: 21 
Processing module 58 with 14 genes
Uploading data to Enrichr... Done.
  Querying GO_Biological_Process_2025... Done.
  Querying GO_Molecular_Function_2025... Done.
  Querying GO_Cellular_Component_2025... Done.
  Querying KEGG_2021_Human... Done.
  Querying Reactome_Pathways_2024... Done.
Parsing results... Done.
No significant results for 58 GO_Molecular_Function_2025 - taking top 3 results for exploration
No significant results for 58 GO_Cellular_Component_2025 - taking top 3 results for exploration
No significant results for 58 KEGG_2021_Human - taking top 3 results for exploration
No significant results for 58 Reactome_Pathways_2024 - taking top 3 results for exploration
Module 58 - Total enrichment results: 272 , Significant results (p.adj <= 0.05): 56 , Final formatted results: 68 
Processing module 59 with 58 genes
Uploading data to Enrichr... Done.
  Querying GO_Biological_Process_2025... Done.
  Querying GO_Molecular_Function_2025... Done.
  Querying GO_Cellular_Component_2025... Done.
  Querying KEGG_2021_Human... Done.
  Querying Reactome_Pathways_2024... Done.
Parsing results... Done.
No significant results for 59 GO_Biological_Process_2025 - taking top 3 results for exploration
No significant results for 59 GO_Molecular_Function_2025 - taking top 3 results for exploration
No significant results for 59 KEGG_2021_Human - taking top 3 results for exploration
No significant results for 59 Reactome_Pathways_2024 - taking top 3 results for exploration
Module 59 - Total enrichment results: 909 , Significant results (p.adj <= 0.05): 1 , Final formatted results: 13 
Processing module 61 with 11 genes
Uploading data to Enrichr... Done.
  Querying GO_Biological_Process_2025... Done.
  Querying GO_Molecular_Function_2025... Done.
  Querying GO_Cellular_Component_2025... Done.
  Querying KEGG_2021_Human... Done.
  Querying Reactome_Pathways_2024... Done.
Parsing results... Done.
No significant results for 61 Reactome_Pathways_2024 - taking top 3 results for exploration
Module 61 - Total enrichment results: 241 , Significant results (p.adj <= 0.05): 73 , Final formatted results: 76 
Processing module 63 with 29 genes
Uploading data to Enrichr... Done.
  Querying GO_Biological_Process_2025... Done.
  Querying GO_Molecular_Function_2025... Done.
  Querying GO_Cellular_Component_2025... Done.
  Querying KEGG_2021_Human... Done.
  Querying Reactome_Pathways_2024... Done.
Parsing results... Done.
No significant results for 63 GO_Molecular_Function_2025 - taking top 3 results for exploration
No significant results for 63 Reactome_Pathways_2024 - taking top 3 results for exploration
Module 63 - Total enrichment results: 880 , Significant results (p.adj <= 0.05): 27 , Final formatted results: 33 
Processing module 65 with 11 genes
Uploading data to Enrichr... Done.
  Querying GO_Biological_Process_2025... Done.
  Querying GO_Molecular_Function_2025... Done.
  Querying GO_Cellular_Component_2025... Done.
  Querying KEGG_2021_Human... Done.
  Querying Reactome_Pathways_2024... Done.
Parsing results... Done.
No significant results for 65 GO_Molecular_Function_2025 - taking top 3 results for exploration
No significant results for 65 KEGG_2021_Human - taking top 3 results for exploration
Module 65 - Total enrichment results: 458 , Significant results (p.adj <= 0.05): 145 , Final formatted results: 151 
Processing module 67 with 12 genes
Uploading data to Enrichr... Done.
  Querying GO_Biological_Process_2025... Done.
  Querying GO_Molecular_Function_2025... Done.
  Querying GO_Cellular_Component_2025... Done.
  Querying KEGG_2021_Human... Done.
  Querying Reactome_Pathways_2024... Done.
Parsing results... Done.
No significant results for 67 KEGG_2021_Human - taking top 3 results for exploration
No significant results for 67 Reactome_Pathways_2024 - taking top 3 results for exploration
Module 67 - Total enrichment results: 177 , Significant results (p.adj <= 0.05): 34 , Final formatted results: 40 
Processing module 68 with 19 genes
Uploading data to Enrichr... Done.
  Querying GO_Biological_Process_2025... Done.
  Querying GO_Molecular_Function_2025... Done.
  Querying GO_Cellular_Component_2025... Done.
  Querying KEGG_2021_Human... Done.
  Querying Reactome_Pathways_2024... Done.
Parsing results... Done.
Module 68 - Total enrichment results: 32 , Significant results (p.adj <= 0.05): 15 , Final formatted results: 15 
Processing module 70 with 46 genes
Uploading data to Enrichr... Done.
  Querying GO_Biological_Process_2025... Done.
  Querying GO_Molecular_Function_2025... Done.
  Querying GO_Cellular_Component_2025... Done.
  Querying KEGG_2021_Human... Done.
  Querying Reactome_Pathways_2024... Done.
Parsing results... Done.
No significant results for 70 GO_Molecular_Function_2025 - taking top 3 results for exploration
No significant results for 70 KEGG_2021_Human - taking top 3 results for exploration
No significant results for 70 Reactome_Pathways_2024 - taking top 3 results for exploration
Module 70 - Total enrichment results: 161 , Significant results (p.adj <= 0.05): 28 , Final formatted results: 37 
Processing module 71 with 39 genes
Uploading data to Enrichr... Done.
  Querying GO_Biological_Process_2025... Done.
  Querying GO_Molecular_Function_2025... Done.
  Querying GO_Cellular_Component_2025... Done.
  Querying KEGG_2021_Human... Done.
  Querying Reactome_Pathways_2024... Done.
Parsing results... Done.
Module 71 - Total enrichment results: 57 , Significant results (p.adj <= 0.05): 14 , Final formatted results: 14 
Processing module 72 with 13 genes
Uploading data to Enrichr... Done.
  Querying GO_Biological_Process_2025... Done.
  Querying GO_Molecular_Function_2025... Done.
  Querying GO_Cellular_Component_2025... Done.
  Querying KEGG_2021_Human... Done.
  Querying Reactome_Pathways_2024... Done.
Parsing results... Done.
No significant results for 72 GO_Cellular_Component_2025 - taking top 3 results for exploration
No significant results for 72 KEGG_2021_Human - taking top 3 results for exploration
Module 72 - Total enrichment results: 403 , Significant results (p.adj <= 0.05): 185 , Final formatted results: 191 
Processing module 73 with 16 genes
Uploading data to Enrichr... Done.
  Querying GO_Biological_Process_2025... Done.
  Querying GO_Molecular_Function_2025... Done.
  Querying GO_Cellular_Component_2025... Done.
  Querying KEGG_2021_Human... Done.
  Querying Reactome_Pathways_2024... Done.
Parsing results... Done.
Module 73 - Total enrichment results: 343 , Significant results (p.adj <= 0.05): 139 , Final formatted results: 139 
Processing module 74 with 12 genes
Uploading data to Enrichr... Done.
  Querying GO_Biological_Process_2025... Done.
  Querying GO_Molecular_Function_2025... Done.
  Querying GO_Cellular_Component_2025... Done.
  Querying KEGG_2021_Human... Done.
  Querying Reactome_Pathways_2024... Done.
Parsing results... Done.
No significant results for 74 GO_Cellular_Component_2025 - taking top 3 results for exploration
No significant results for 74 KEGG_2021_Human - taking top 3 results for exploration
No significant results for 74 Reactome_Pathways_2024 - taking top 3 results for exploration
Module 74 - Total enrichment results: 79 , Significant results (p.adj <= 0.05): 18 , Final formatted results: 27 
Processing module 78 with 35 genes
Uploading data to Enrichr... Done.
  Querying GO_Biological_Process_2025... Done.
  Querying GO_Molecular_Function_2025... Done.
  Querying GO_Cellular_Component_2025... Done.
  Querying KEGG_2021_Human... Done.
  Querying Reactome_Pathways_2024... Done.
Parsing results... Done.
No significant results for 78 KEGG_2021_Human - taking top 3 results for exploration
No significant results for 78 Reactome_Pathways_2024 - taking top 3 results for exploration
Module 78 - Total enrichment results: 683 , Significant results (p.adj <= 0.05): 9 , Final formatted results: 15 
Processing module 81 with 11 genes
Uploading data to Enrichr... Done.
  Querying GO_Biological_Process_2025... Done.
  Querying GO_Molecular_Function_2025... Done.
  Querying GO_Cellular_Component_2025... Done.
  Querying KEGG_2021_Human... Done.
  Querying Reactome_Pathways_2024... Done.
Parsing results... Done.
Module 81 - Total enrichment results: 240 , Significant results (p.adj <= 0.05): 149 , Final formatted results: 149 
Processing module 82 with 27 genes
Uploading data to Enrichr... Done.
  Querying GO_Biological_Process_2025... Done.
  Querying GO_Molecular_Function_2025... Done.
  Querying GO_Cellular_Component_2025... Done.
  Querying KEGG_2021_Human... Done.
  Querying Reactome_Pathways_2024... Done.
Parsing results... Done.
Module 82 - Total enrichment results: 568 , Significant results (p.adj <= 0.05): 110 , Final formatted results: 110 
Processing module 83 with 22 genes
Uploading data to Enrichr... Done.
  Querying GO_Biological_Process_2025... Done.
  Querying GO_Molecular_Function_2025... Done.
  Querying GO_Cellular_Component_2025... Done.
  Querying KEGG_2021_Human... Done.
  Querying Reactome_Pathways_2024... Done.
Parsing results... Done.
Module 83 - Total enrichment results: 48 , Significant results (p.adj <= 0.05): 13 , Final formatted results: 13 
Processing module 86 with 27 genes
Uploading data to Enrichr... Done.
  Querying GO_Biological_Process_2025... Done.
  Querying GO_Molecular_Function_2025... Done.
  Querying GO_Cellular_Component_2025... Done.
  Querying KEGG_2021_Human... Done.
  Querying Reactome_Pathways_2024... Done.
Parsing results... Done.
No significant results for 86 KEGG_2021_Human - taking top 3 results for exploration
Module 86 - Total enrichment results: 424 , Significant results (p.adj <= 0.05): 41 , Final formatted results: 44 
Processing module 89 with 15 genes
Uploading data to Enrichr... Done.
  Querying GO_Biological_Process_2025... Done.
  Querying GO_Molecular_Function_2025... Done.
  Querying GO_Cellular_Component_2025... Done.
  Querying KEGG_2021_Human... Done.
  Querying Reactome_Pathways_2024... Done.
Parsing results... Done.
No significant results for 89 GO_Cellular_Component_2025 - taking top 3 results for exploration
Module 89 - Total enrichment results: 231 , Significant results (p.adj <= 0.05): 78 , Final formatted results: 81 
Processing module 90 with 16 genes
Uploading data to Enrichr... Done.
  Querying GO_Biological_Process_2025... Done.
  Querying GO_Molecular_Function_2025... Done.
  Querying GO_Cellular_Component_2025... Done.
  Querying KEGG_2021_Human... Done.
  Querying Reactome_Pathways_2024... Done.
Parsing results... Done.
Module 90 - Total enrichment results: 65 , Significant results (p.adj <= 0.05): 14 , Final formatted results: 14 
Processing module 95 with 10 genes
Uploading data to Enrichr... Done.
  Querying GO_Biological_Process_2025... Done.
  Querying GO_Molecular_Function_2025... Done.
  Querying GO_Cellular_Component_2025... Done.
  Querying KEGG_2021_Human... Done.
  Querying Reactome_Pathways_2024... Done.
Parsing results... Done.
No significant results for 95 GO_Cellular_Component_2025 - taking top 3 results for exploration
Module 95 - Total enrichment results: 212 , Significant results (p.adj <= 0.05): 74 , Final formatted results: 77 
Processing module 96 with 11 genes
Uploading data to Enrichr... Done.
  Querying GO_Biological_Process_2025... Done.
  Querying GO_Molecular_Function_2025... Done.
  Querying GO_Cellular_Component_2025... Done.
  Querying KEGG_2021_Human... Done.
  Querying Reactome_Pathways_2024... Done.
Parsing results... Done.
No significant results for 96 GO_Cellular_Component_2025 - taking top 3 results for exploration
Module 96 - Total enrichment results: 101 , Significant results (p.adj <= 0.05): 12 , Final formatted results: 15 
Processing module 101 with 10 genes
Uploading data to Enrichr... Done.
  Querying GO_Biological_Process_2025... Done.
  Querying GO_Molecular_Function_2025... Done.
  Querying GO_Cellular_Component_2025... Done.
  Querying KEGG_2021_Human... Done.
  Querying Reactome_Pathways_2024... Done.
Parsing results... Done.
No significant results for 101 GO_Cellular_Component_2025 - taking top 3 results for exploration
No significant results for 101 KEGG_2021_Human - taking top 3 results for exploration
Module 101 - Total enrichment results: 116 , Significant results (p.adj <= 0.05): 14 , Final formatted results: 20 
Processing module 103 with 10 genes
Uploading data to Enrichr... Done.
  Querying GO_Biological_Process_2025... Done.
  Querying GO_Molecular_Function_2025... Done.
  Querying GO_Cellular_Component_2025... Done.
  Querying KEGG_2021_Human... Done.
  Querying Reactome_Pathways_2024... Done.
Parsing results... Done.
No significant results for 103 KEGG_2021_Human - taking top 3 results for exploration
No significant results for 103 Reactome_Pathways_2024 - taking top 3 results for exploration
Module 103 - Total enrichment results: 60 , Significant results (p.adj <= 0.05): 11 , Final formatted results: 17 
EnrichR results summary:
- Total enrichr_results processed: 75 
- Final EnrichR up rows (all): 4578 
- Final EnrichR up rows (top 10 per module/database): 1833 
Saving EnrichR results to: ./Enrichment/Modules_enrichr 
All up results file: ./Enrichment/Modules_enrichr/Enrichr_all_enriched_pathways_up_per_module.csv 
All down results file: ./Enrichment/Modules_enrichr/Enrichr_all_enriched_pathways_down_per_module.csv 
Up results file: ./Enrichment/Modules_enrichr/Enrichr_top_10_enriched_pathways_up_per_module.csv 
Down results file: ./Enrichment/Modules_enrichr/Enrichr_top_10_enriched_pathways_down_per_module.csv 
Up results file created successfully. Size: 131287 bytes
Up results file contents preview:
Module,Database,Term,p.adjust
10,BP,Nervous System Development (GO:0007399),1.12382468295671e-06
10,BP,Postsynaptic Membrane Assembly (GO:0097104),2.82693984335041e-05
Down results file created successfully. Size: 30 bytes
EnrichR Analysis completed!
Results saved to: ./Enrichment/Modules_enrichr 
There were 22 warnings (use warnings() to see them)

=== Analysis Complete ===
Analysis method used: EnrichR 
Modules analyzed: 75 
Number of modules (n_modules_name): 75 
Output directories:
  EnrichR results: ./Enrichment/Modules_enrichr 

For Module_Overview_Generator.py compatibility:
- Both GSEA and EnrichR results are now compatible with module_overview.py
- Files use consistent naming: [METHOD]_top_10_enriched_pathways_[up/down]_per_module.csv
- All output files have standardized column structure: Module, Database, Term, p.adjust
- EnrichR up file:  ./Enrichment/Modules_enrichr/Enrichr_top_10_enriched_pathways_up_per_module.csv 
- EnrichR down file:  ./Enrichment/Modules_enrichr/Enrichr_top_10_enriched_pathways_down_per_module.csv 

[OK] All output files are compatible with module_overview.py downstream processing!
Using 5 threads for regulator enrichment analysis
Base directory contents:
Files/directories in . : clusters_list.txt, Cytoscape_attributes_75_modules_filtered.txt, Cytoscape_network_75_modules_top2.0pct_filtered.txt, Enrichment, evaluation_summary.txt, LemonPreprocessed_expression.txt, Metabolite_Gene_enrichment_results.csv, metabolite_LemoniteKG_interactions.mvf, Metabolites.selected_regs_list.txt, Metabolites.selected_regulators_scores.txt, Metabolites2targets_top2.0pct_75_modules.txt, Networks, PPI_enrichment_results.csv, PPI_interactions.mvf, sample_mapping.mvf, specific_modules.txt, TFs.selected_regs_list.txt, TFs.selected_regulators_scores.txt, TFs2targets_top2.0pct_75_modules.txt 
Networks directory exists
Target files in Networks: Metabolites2targets_top2.0pct_75_modules.txt, TFs2targets_top2.0pct_75_modules.txt 
Parsed regulator configurations:
   TFs : TFs 
   Metabolites : Metabolites 
Searching for TFs targets with pattern: ./Networks/TFs2targets_*modules*.txt 
Found 1 TFs target files
Searching for Metabolites targets with pattern: ./Networks/Metabolites2targets_*modules*.txt 
Found 1 Metabolites target files
Using TFs targets file: TFs2targets_top2.0pct_75_modules.txt 
Processing 384 regulators using 5 threads
Connection changed to https://maayanlab.cloud/Enrichr/
Connection is Live!
Running enrichment for: ASCL1 
Uploading data to Enrichr... Done.
  Querying GO_Biological_Process_2025... Done.
  Querying GO_Molecular_Function_2025... Done.
  Querying GO_Cellular_Component_2025... Done.
  Querying KEGG_2021_Human... Done.
  Querying Reactome_Pathways_2024... Done.
Parsing results... Done.
Enrichment for ASCL1 done.
Running enrichment for: ATF1 
Uploading data to Enrichr... Done.
  Querying GO_Biological_Process_2025... Done.
  Querying GO_Molecular_Function_2025... Done.
  Querying GO_Cellular_Component_2025... Done.
  Querying KEGG_2021_Human... Done.
  Querying Reactome_Pathways_2024... Done.
Parsing results... Done.
Enrichment for ATF1 done.
Running enrichment for: ATF5 
Uploading data to Enrichr... Done.
  Querying GO_Biological_Process_2025... Done.
  Querying GO_Molecular_Function_2025... Done.
  Querying GO_Cellular_Component_2025... Done.
  Querying KEGG_2021_Human... Done.
  Querying Reactome_Pathways_2024... Done.
Parsing results... Done.
Enrichment for ATF5 done.
Running enrichment for: ATF6 
Uploading data to Enrichr... Done.
  Querying GO_Biological_Process_2025... Done.
  Querying GO_Molecular_Function_2025... Done.
  Querying GO_Cellular_Component_2025... Done.
  Querying KEGG_2021_Human... Done.
  Querying Reactome_Pathways_2024... Done.
Parsing results... Done.
Enrichment for ATF6 done.
Running enrichment for: ATF7 
Uploading data to Enrichr... Done.
  Querying GO_Biological_Process_2025... Done.
  Querying GO_Molecular_Function_2025... Done.
  Querying GO_Cellular_Component_2025... Done.
  Querying KEGG_2021_Human... Done.
  Querying Reactome_Pathways_2024... Done.
Parsing results... Done.
Enrichment for ATF7 done.
Running enrichment for: ATMIN 
Uploading data to Enrichr... Done.
  Querying GO_Biological_Process_2025... Done.
  Querying GO_Molecular_Function_2025... Done.
  Querying GO_Cellular_Component_2025... Done.
  Querying KEGG_2021_Human... Done.
  Querying Reactome_Pathways_2024... Done.
Parsing results... Done.
Enrichment for ATMIN done.
Running enrichment for: ATOH8 
Uploading data to Enrichr... Done.
  Querying GO_Biological_Process_2025... Done.
  Querying GO_Molecular_Function_2025... Done.
  Querying GO_Cellular_Component_2025... Done.
  Querying KEGG_2021_Human... Done.
  Querying Reactome_Pathways_2024... Done.
Parsing results... Done.
Enrichment for ATOH8 done.
Running enrichment for: BATF 
Uploading data to Enrichr... Done.
  Querying GO_Biological_Process_2025... Done.
  Querying GO_Molecular_Function_2025... Done.
  Querying GO_Cellular_Component_2025... Done.
  Querying KEGG_2021_Human... Done.
  Querying Reactome_Pathways_2024... Done.
Parsing results... Done.
Enrichment for BATF done.
Running enrichment for: BCL11B 
Uploading data to Enrichr... Done.
  Querying GO_Biological_Process_2025... Done.
  Querying GO_Molecular_Function_2025... Done.
  Querying GO_Cellular_Component_2025... Done.
  Querying KEGG_2021_Human... Done.
  Querying Reactome_Pathways_2024... Done.
Parsing results... Done.
Enrichment for BCL11B done.
Running enrichment for: BCL6 
Uploading data to Enrichr... Done.
  Querying GO_Biological_Process_2025... Done.
  Querying GO_Molecular_Function_2025... Done.
  Querying GO_Cellular_Component_2025... Done.
  Querying KEGG_2021_Human... Done.
  Querying Reactome_Pathways_2024... Done.
Parsing results... Done.
Enrichment for BCL6 done.
Running enrichment for: BCL6B 
Uploading data to Enrichr... Done.
  Querying GO_Biological_Process_2025... Done.
  Querying GO_Molecular_Function_2025... Done.
  Querying GO_Cellular_Component_2025... Done.
  Querying KEGG_2021_Human... Done.
  Querying Reactome_Pathways_2024... Done.
Parsing results... Done.
Enrichment for BCL6B done.
Running enrichment for: BHLHE40 
Uploading data to Enrichr... Done.
  Querying GO_Biological_Process_2025... Done.
  Querying GO_Molecular_Function_2025... Done.
  Querying GO_Cellular_Component_2025... Done.
  Querying KEGG_2021_Human... Done.
  Querying Reactome_Pathways_2024... Done.
Parsing results... Done.
Enrichment for BHLHE40 done.
Running enrichment for: CC2D1A 
Uploading data to Enrichr... Done.
  Querying GO_Biological_Process_2025... Done.
  Querying GO_Molecular_Function_2025... Done.
  Querying GO_Cellular_Component_2025... Done.
  Querying KEGG_2021_Human... Done.
  Querying Reactome_Pathways_2024... Done.
Parsing results... Done.
Enrichment for CC2D1A done.
Running enrichment for: CEBPA 
Uploading data to Enrichr... Done.
  Querying GO_Biological_Process_2025... Done.
  Querying GO_Molecular_Function_2025... Done.
  Querying GO_Cellular_Component_2025... Done.
  Querying KEGG_2021_Human... Done.
  Querying Reactome_Pathways_2024... Done.
Parsing results... Done.
Enrichment for CEBPA done.
Running enrichment for: CEBPB 
Uploading data to Enrichr... Done.
  Querying GO_Biological_Process_2025... Done.
  Querying GO_Molecular_Function_2025... Done.
  Querying GO_Cellular_Component_2025... Done.
  Querying KEGG_2021_Human... Done.
  Querying Reactome_Pathways_2024... Done.
Parsing results... Done.
Enrichment for CEBPB done.
Running enrichment for: CEBPD 
Uploading data to Enrichr... Done.
  Querying GO_Biological_Process_2025... Done.
  Querying GO_Molecular_Function_2025... Done.
  Querying GO_Cellular_Component_2025... Done.
  Querying KEGG_2021_Human... Done.
  Querying Reactome_Pathways_2024... Done.
Parsing results... Done.
Enrichment for CEBPD done.
Running enrichment for: CIC 
Uploading data to Enrichr... Done.
  Querying GO_Biological_Process_2025... Done.
  Querying GO_Molecular_Function_2025... Done.
  Querying GO_Cellular_Component_2025... Done.
  Querying KEGG_2021_Human... Done.
  Querying Reactome_Pathways_2024... Done.
Parsing results... Done.
Enrichment for CIC done.
Running enrichment for: CREB1 
Uploading data to Enrichr... Done.
  Querying GO_Biological_Process_2025... Done.
  Querying GO_Molecular_Function_2025... Done.
  Querying GO_Cellular_Component_2025... Done.
  Querying KEGG_2021_Human... Done.
  Querying Reactome_Pathways_2024... Done.
Parsing results... Done.
Enrichment for CREB1 done.
Running enrichment for: CREB3L1 
Uploading data to Enrichr... Done.
  Querying GO_Biological_Process_2025... Done.
  Querying GO_Molecular_Function_2025... Done.
  Querying GO_Cellular_Component_2025... Done.
  Querying KEGG_2021_Human... Done.
  Querying Reactome_Pathways_2024... Done.
Parsing results... Done.
Enrichment for CREB3L1 done.
Running enrichment for: CREB3L4 
Uploading data to Enrichr... Done.
  Querying GO_Biological_Process_2025... Done.
  Querying GO_Molecular_Function_2025... Done.
  Querying GO_Cellular_Component_2025... Done.
  Querying KEGG_2021_Human... Done.
  Querying Reactome_Pathways_2024... Done.
Parsing results... Done.
Enrichment for CREB3L4 done.
Running enrichment for: CSRNP2 
Uploading data to Enrichr... Done.
  Querying GO_Biological_Process_2025... Done.
  Querying GO_Molecular_Function_2025... Done.
  Querying GO_Cellular_Component_2025... Done.
  Querying KEGG_2021_Human... Done.
  Querying Reactome_Pathways_2024... Done.
Parsing results... Done.
Enrichment for CSRNP2 done.
Running enrichment for: CSRNP3 
Uploading data to Enrichr... Done.
  Querying GO_Biological_Process_2025... Done.
  Querying GO_Molecular_Function_2025... Done.
  Querying GO_Cellular_Component_2025... Done.
  Querying KEGG_2021_Human... Done.
  Querying Reactome_Pathways_2024... Done.
Parsing results... Done.
Enrichment for CSRNP3 done.
Running enrichment for: DBP 
Uploading data to Enrichr... Done.
  Querying GO_Biological_Process_2025... Done.
  Querying GO_Molecular_Function_2025... Done.
  Querying GO_Cellular_Component_2025... Done.
  Querying KEGG_2021_Human... Done.
  Querying Reactome_Pathways_2024... Done.
Parsing results... Done.
Enrichment for DBP done.
Running enrichment for: DBX2 
Uploading data to Enrichr... Done.
  Querying GO_Biological_Process_2025... Done.
  Querying GO_Molecular_Function_2025... Done.
  Querying GO_Cellular_Component_2025... Done.
  Querying KEGG_2021_Human... Done.
  Querying Reactome_Pathways_2024... Done.
Parsing results... Done.
Enrichment for DBX2 done.
Running enrichment for: E2F1 
Uploading data to Enrichr... Done.
  Querying GO_Biological_Process_2025... Done.
  Querying GO_Molecular_Function_2025... Done.
  Querying GO_Cellular_Component_2025... Done.
  Querying KEGG_2021_Human... Done.
  Querying Reactome_Pathways_2024... Done.
Parsing results... Done.
Enrichment for E2F1 done.
Running enrichment for: E2F2 
Uploading data to Enrichr... Done.
  Querying GO_Biological_Process_2025... Done.
  Querying GO_Molecular_Function_2025... Done.
  Querying GO_Cellular_Component_2025... Done.
  Querying KEGG_2021_Human... Done.
  Querying Reactome_Pathways_2024... Done.
Parsing results... Done.
Enrichment for E2F2 done.
Running enrichment for: E2F3 
Uploading data to Enrichr... Done.
  Querying GO_Biological_Process_2025... Done.
  Querying GO_Molecular_Function_2025... Done.
  Querying GO_Cellular_Component_2025... Done.
  Querying KEGG_2021_Human... Done.
  Querying Reactome_Pathways_2024... Done.
Parsing results... Done.
Enrichment for E2F3 done.
Running enrichment for: E2F5 
Uploading data to Enrichr... Done.
  Querying GO_Biological_Process_2025... Done.
  Querying GO_Molecular_Function_2025... Done.
  Querying GO_Cellular_Component_2025... Done.
  Querying KEGG_2021_Human... Done.
  Querying Reactome_Pathways_2024... Done.
Parsing results... Done.
Enrichment for E2F5 done.
Running enrichment for: E2F8 
Uploading data to Enrichr... Done.
  Querying GO_Biological_Process_2025... Done.
  Querying GO_Molecular_Function_2025... Done.
  Querying GO_Cellular_Component_2025... Done.
  Querying KEGG_2021_Human... Done.
  Querying Reactome_Pathways_2024... Done.
Parsing results... Done.
Enrichment for E2F8 done.
Running enrichment for: EBF1 
Uploading data to Enrichr... Done.
  Querying GO_Biological_Process_2025... Done.
  Querying GO_Molecular_Function_2025... Done.
  Querying GO_Cellular_Component_2025... Done.
  Querying KEGG_2021_Human... Done.
  Querying Reactome_Pathways_2024... Done.
Parsing results... Done.
Enrichment for EBF1 done.
Running enrichment for: EGR1 
Uploading data to Enrichr... Done.
  Querying GO_Biological_Process_2025... Done.
  Querying GO_Molecular_Function_2025... Done.
  Querying GO_Cellular_Component_2025... Done.
  Querying KEGG_2021_Human... Done.
  Querying Reactome_Pathways_2024... Done.
Parsing results... Done.
Enrichment for EGR1 done.
Running enrichment for: EGR2 
Uploading data to Enrichr... Done.
  Querying GO_Biological_Process_2025... Done.
  Querying GO_Molecular_Function_2025... Done.
  Querying GO_Cellular_Component_2025... Done.
  Querying KEGG_2021_Human... Done.
  Querying Reactome_Pathways_2024... Done.
Parsing results... Done.
Enrichment for EGR2 done.
Running enrichment for: ELF1 
Uploading data to Enrichr... Done.
  Querying GO_Biological_Process_2025... Done.
  Querying GO_Molecular_Function_2025... Done.
  Querying GO_Cellular_Component_2025... Done.
  Querying KEGG_2021_Human... Done.
  Querying Reactome_Pathways_2024... Done.
Parsing results... Done.
Enrichment for ELF1 done.
Running enrichment for: ELF2 
Uploading data to Enrichr... Done.
  Querying GO_Biological_Process_2025... Done.
  Querying GO_Molecular_Function_2025... Done.
  Querying GO_Cellular_Component_2025... Done.
  Querying KEGG_2021_Human... Done.
  Querying Reactome_Pathways_2024... Done.
Parsing results... Done.
Enrichment for ELF2 done.
Running enrichment for: ELF4 
Uploading data to Enrichr... Done.
  Querying GO_Biological_Process_2025... Done.
  Querying GO_Molecular_Function_2025... Done.
  Querying GO_Cellular_Component_2025... Done.
  Querying KEGG_2021_Human... Done.
  Querying Reactome_Pathways_2024... Done.
Parsing results... Done.
Enrichment for ELF4 done.
Running enrichment for: ELK1 
Uploading data to Enrichr... Done.
  Querying GO_Biological_Process_2025... Done.
  Querying GO_Molecular_Function_2025... Done.
  Querying GO_Cellular_Component_2025... Done.
  Querying KEGG_2021_Human... Done.
  Querying Reactome_Pathways_2024... Done.
Parsing results... Done.
Enrichment for ELK1 done.
Running enrichment for: ELK3 
Uploading data to Enrichr... Done.
  Querying GO_Biological_Process_2025... Done.
  Querying GO_Molecular_Function_2025... Done.
  Querying GO_Cellular_Component_2025... Done.
  Querying KEGG_2021_Human... Done.
  Querying Reactome_Pathways_2024... Done.
Parsing results... Done.
Enrichment for ELK3 done.
Running enrichment for: ELK4 
Uploading data to Enrichr... Done.
  Querying GO_Biological_Process_2025... Done.
  Querying GO_Molecular_Function_2025... Done.
  Querying GO_Cellular_Component_2025... Done.
  Querying KEGG_2021_Human... Done.
  Querying Reactome_Pathways_2024... Done.
Parsing results... Done.
Enrichment for ELK4 done.
Running enrichment for: EMX2 
Uploading data to Enrichr... Done.
  Querying GO_Biological_Process_2025... Done.
  Querying GO_Molecular_Function_2025... Done.
  Querying GO_Cellular_Component_2025... Done.
  Querying KEGG_2021_Human... Done.
  Querying Reactome_Pathways_2024... Done.
Parsing results... Done.
Enrichment for EMX2 done.
Running enrichment for: ENO1 
Uploading data to Enrichr... Done.
  Querying GO_Biological_Process_2025... Done.
  Querying GO_Molecular_Function_2025... Done.
  Querying GO_Cellular_Component_2025... Done.
  Querying KEGG_2021_Human... Done.
  Querying Reactome_Pathways_2024... Done.
Parsing results... Done.
Enrichment for ENO1 done.
Running enrichment for: ERG 
Uploading data to Enrichr... Done.
  Querying GO_Biological_Process_2025... Done.
  Querying GO_Molecular_Function_2025... Done.
  Querying GO_Cellular_Component_2025... Done.
  Querying KEGG_2021_Human... Done.
  Querying Reactome_Pathways_2024... Done.
Parsing results... Done.
Enrichment for ERG done.
Running enrichment for: ESR2 
Uploading data to Enrichr... Done.
  Querying GO_Biological_Process_2025... Done.
  Querying GO_Molecular_Function_2025... Done.
  Querying GO_Cellular_Component_2025... Done.
  Querying KEGG_2021_Human... Done.
  Querying Reactome_Pathways_2024... Done.
Parsing results... Done.
Enrichment for ESR2 done.
Running enrichment for: ETV7 
Uploading data to Enrichr... Done.
  Querying GO_Biological_Process_2025... Done.
  Querying GO_Molecular_Function_2025... Done.
  Querying GO_Cellular_Component_2025... Done.
  Querying KEGG_2021_Human... Done.
  Querying Reactome_Pathways_2024... Done.
Parsing results... Done.
Enrichment for ETV7 done.
Running enrichment for: FOS 
Uploading data to Enrichr... Done.
  Querying GO_Biological_Process_2025... Done.
  Querying GO_Molecular_Function_2025... Done.
  Querying GO_Cellular_Component_2025... Done.
  Querying KEGG_2021_Human... Done.
  Querying Reactome_Pathways_2024... Done.
Parsing results... Done.
Enrichment for FOS done.
Running enrichment for: FOSL2 
Uploading data to Enrichr... Done.
  Querying GO_Biological_Process_2025... Done.
  Querying GO_Molecular_Function_2025... Done.
  Querying GO_Cellular_Component_2025... Done.
  Querying KEGG_2021_Human... Done.
  Querying Reactome_Pathways_2024... Done.
Parsing results... Done.
Enrichment for FOSL2 done.
Running enrichment for: FOXC2 
Uploading data to Enrichr... Done.
  Querying GO_Biological_Process_2025... Done.
  Querying GO_Molecular_Function_2025... Done.
  Querying GO_Cellular_Component_2025... Done.
  Querying KEGG_2021_Human... Done.
  Querying Reactome_Pathways_2024... Done.
Parsing results... Done.
Enrichment for FOXC2 done.
Running enrichment for: FOXG1 
Uploading data to Enrichr... Done.
  Querying GO_Biological_Process_2025... Done.
  Querying GO_Molecular_Function_2025... Done.
  Querying GO_Cellular_Component_2025... Done.
  Querying KEGG_2021_Human... Done.
  Querying Reactome_Pathways_2024... Done.
Parsing results... Done.
Enrichment for FOXG1 done.
Running enrichment for: FOXJ1 
Uploading data to Enrichr... Done.
  Querying GO_Biological_Process_2025... Done.
  Querying GO_Molecular_Function_2025... Done.
  Querying GO_Cellular_Component_2025... Done.
  Querying KEGG_2021_Human... Done.
  Querying Reactome_Pathways_2024... Done.
Parsing results... Done.
Enrichment for FOXJ1 done.
Running enrichment for: FOXJ2 
Uploading data to Enrichr... Done.
  Querying GO_Biological_Process_2025... Done.
  Querying GO_Molecular_Function_2025... Done.
  Querying GO_Cellular_Component_2025... Done.
  Querying KEGG_2021_Human... Done.
  Querying Reactome_Pathways_2024... Done.
Parsing results... Done.
Enrichment for FOXJ2 done.
Running enrichment for: FOXJ3 
Uploading data to Enrichr... Done.
  Querying GO_Biological_Process_2025... Done.
  Querying GO_Molecular_Function_2025... Done.
  Querying GO_Cellular_Component_2025... Done.
  Querying KEGG_2021_Human... Done.
  Querying Reactome_Pathways_2024... Done.
Parsing results... Done.
Enrichment for FOXJ3 done.
Running enrichment for: FOXL1 
Uploading data to Enrichr... Done.
  Querying GO_Biological_Process_2025... Done.
  Querying GO_Molecular_Function_2025... Done.
  Querying GO_Cellular_Component_2025... Done.
  Querying KEGG_2021_Human... Done.
  Querying Reactome_Pathways_2024... Done.
Parsing results... Done.
Enrichment for FOXL1 done.
Running enrichment for: FOXM1 
Uploading data to Enrichr... Done.
  Querying GO_Biological_Process_2025... Done.
  Querying GO_Molecular_Function_2025... Done.
  Querying GO_Cellular_Component_2025... Done.
  Querying KEGG_2021_Human... Done.
  Querying Reactome_Pathways_2024... Done.
Parsing results... Done.
Enrichment for FOXM1 done.
Running enrichment for: FOXP4 
Uploading data to Enrichr... Done.
  Querying GO_Biological_Process_2025... Done.
  Querying GO_Molecular_Function_2025... Done.
  Querying GO_Cellular_Component_2025... Done.
  Querying KEGG_2021_Human... Done.
  Querying Reactome_Pathways_2024... Done.
Parsing results... Done.
Enrichment for FOXP4 done.
Running enrichment for: FOXQ1 
Uploading data to Enrichr... Done.
  Querying GO_Biological_Process_2025... Done.
  Querying GO_Molecular_Function_2025... Done.
  Querying GO_Cellular_Component_2025... Done.
  Querying KEGG_2021_Human... Done.
  Querying Reactome_Pathways_2024... Done.
Parsing results... Done.
Enrichment for FOXQ1 done.
Running enrichment for: FOXS1 
Uploading data to Enrichr... Done.
  Querying GO_Biological_Process_2025... Done.
  Querying GO_Molecular_Function_2025... Done.
  Querying GO_Cellular_Component_2025... Done.
  Querying KEGG_2021_Human... Done.
  Querying Reactome_Pathways_2024... Done.
Parsing results... Done.
Enrichment for FOXS1 done.
Running enrichment for: GLI1 
Uploading data to Enrichr... Done.
  Querying GO_Biological_Process_2025... Done.
  Querying GO_Molecular_Function_2025... Done.
  Querying GO_Cellular_Component_2025... Done.
  Querying KEGG_2021_Human... Done.
  Querying Reactome_Pathways_2024... Done.
Parsing results... Done.
Enrichment for GLI1 done.
Running enrichment for: GLIS3 
Uploading data to Enrichr... Done.
  Querying GO_Biological_Process_2025... Done.
  Querying GO_Molecular_Function_2025... Done.
  Querying GO_Cellular_Component_2025... Done.
  Querying KEGG_2021_Human... Done.
  Querying Reactome_Pathways_2024... Done.
Parsing results... Done.
Enrichment for GLIS3 done.
Running enrichment for: GMEB2 
Uploading data to Enrichr... Done.
  Querying GO_Biological_Process_2025... Done.
  Querying GO_Molecular_Function_2025... Done.
  Querying GO_Cellular_Component_2025... Done.
  Querying KEGG_2021_Human... Done.
  Querying Reactome_Pathways_2024... Done.
Parsing results... Done.
Enrichment for GMEB2 done.
Running enrichment for: GRHL1 
Uploading data to Enrichr... Done.
  Querying GO_Biological_Process_2025... Done.
  Querying GO_Molecular_Function_2025... Done.
  Querying GO_Cellular_Component_2025... Done.
  Querying KEGG_2021_Human... Done.
  Querying Reactome_Pathways_2024... Done.
Parsing results... Done.
Enrichment for GRHL1 done.
Running enrichment for: GRHL3 
Uploading data to Enrichr... Done.
  Querying GO_Biological_Process_2025... Done.
  Querying GO_Molecular_Function_2025... Done.
  Querying GO_Cellular_Component_2025... Done.
  Querying KEGG_2021_Human... Done.
  Querying Reactome_Pathways_2024... Done.
Parsing results... Done.
Enrichment for GRHL3 done.
Running enrichment for: GTF2I 
Uploading data to Enrichr... Done.
  Querying GO_Biological_Process_2025... Done.
  Querying GO_Molecular_Function_2025... Done.
  Querying GO_Cellular_Component_2025... Done.
  Querying KEGG_2021_Human... Done.
  Querying Reactome_Pathways_2024... Done.
Parsing results... Done.
Enrichment for GTF2I done.
Running enrichment for: GTF2IRD1 
Uploading data to Enrichr... Done.
  Querying GO_Biological_Process_2025... Done.
  Querying GO_Molecular_Function_2025... Done.
  Querying GO_Cellular_Component_2025... Done.
  Querying KEGG_2021_Human... Done.
  Querying Reactome_Pathways_2024... Done.
Parsing results... Done.
Enrichment for GTF2IRD1 done.
Running enrichment for: HES4 
Uploading data to Enrichr... Done.
  Querying GO_Biological_Process_2025... Done.
  Querying GO_Molecular_Function_2025... Done.
  Querying GO_Cellular_Component_2025... Done.
  Querying KEGG_2021_Human... Done.
  Querying Reactome_Pathways_2024... Done.
Parsing results... Done.
Enrichment for HES4 done.
Running enrichment for: HES5 
Uploading data to Enrichr... Done.
  Querying GO_Biological_Process_2025... Done.
  Querying GO_Molecular_Function_2025... Done.
  Querying GO_Cellular_Component_2025... Done.
  Querying KEGG_2021_Human... Done.
  Querying Reactome_Pathways_2024... Done.
Parsing results... Done.
Enrichment for HES5 done.
Running enrichment for: HES6 
Uploading data to Enrichr... Done.
  Querying GO_Biological_Process_2025... Done.
  Querying GO_Molecular_Function_2025... Done.
  Querying GO_Cellular_Component_2025... Done.
  Querying KEGG_2021_Human... Done.
  Querying Reactome_Pathways_2024... Done.
Parsing results... Done.
Enrichment for HES6 done.
Running enrichment for: HEYL 
Uploading data to Enrichr... Done.
  Querying GO_Biological_Process_2025... Done.
  Querying GO_Molecular_Function_2025... Done.
  Querying GO_Cellular_Component_2025... Done.
  Querying KEGG_2021_Human... Done.
  Querying Reactome_Pathways_2024... Done.
Parsing results... Done.
Enrichment for HEYL done.
Running enrichment for: HHEX 
Uploading data to Enrichr... Done.
  Querying GO_Biological_Process_2025... Done.
  Querying GO_Molecular_Function_2025... Done.
  Querying GO_Cellular_Component_2025... Done.
  Querying KEGG_2021_Human... Done.
  Querying Reactome_Pathways_2024... Done.
Parsing results... Done.
Enrichment for HHEX done.
Running enrichment for: HIC1 
Uploading data to Enrichr... Done.
  Querying GO_Biological_Process_2025... Done.
  Querying GO_Molecular_Function_2025... Done.
  Querying GO_Cellular_Component_2025... Done.
  Querying KEGG_2021_Human... Done.
  Querying Reactome_Pathways_2024... Done.
Parsing results... Done.
Enrichment for HIC1 done.
Running enrichment for: HLF 
Uploading data to Enrichr... Done.
  Querying GO_Biological_Process_2025... Done.
  Querying GO_Molecular_Function_2025... Done.
  Querying GO_Cellular_Component_2025... Done.
  Querying KEGG_2021_Human... Done.
  Querying Reactome_Pathways_2024... Done.
Parsing results... Done.
Enrichment for HLF done.
Running enrichment for: HLX 
Uploading data to Enrichr... Done.
  Querying GO_Biological_Process_2025... Done.
  Querying GO_Molecular_Function_2025... Done.
  Querying GO_Cellular_Component_2025... Done.
  Querying KEGG_2021_Human... Done.
  Querying Reactome_Pathways_2024... Done.
Parsing results... Done.
Enrichment for HLX done.
Running enrichment for: IKZF1 
Uploading data to Enrichr... Done.
  Querying GO_Biological_Process_2025... Done.
  Querying GO_Molecular_Function_2025... Done.
  Querying GO_Cellular_Component_2025... Done.
  Querying KEGG_2021_Human... Done.
  Querying Reactome_Pathways_2024... Done.
Parsing results... Done.
Enrichment for IKZF1 done.
Running enrichment for: IKZF3 
Uploading data to Enrichr... Done.
  Querying GO_Biological_Process_2025... Done.
  Querying GO_Molecular_Function_2025... Done.
  Querying GO_Cellular_Component_2025... Done.
  Querying KEGG_2021_Human... Done.
  Querying Reactome_Pathways_2024... Done.
Parsing results... Done.
Enrichment for IKZF3 done.
Running enrichment for: IRF1 
Uploading data to Enrichr... Done.
  Querying GO_Biological_Process_2025... Done.
  Querying GO_Molecular_Function_2025... Done.
  Querying GO_Cellular_Component_2025... Done.
  Querying KEGG_2021_Human... Done.
  Querying Reactome_Pathways_2024... Done.
Parsing results... Done.
Enrichment for IRF1 done.
Running enrichment for: IRF3 
Uploading data to Enrichr... Done.
  Querying GO_Biological_Process_2025... Done.
  Querying GO_Molecular_Function_2025... Done.
  Querying GO_Cellular_Component_2025... Done.
  Querying KEGG_2021_Human... Done.
  Querying Reactome_Pathways_2024... Done.
Parsing results... Done.
Enrichment for IRF3 done.
Running enrichment for: IRF4 
Uploading data to Enrichr... Done.
  Querying GO_Biological_Process_2025... Done.
  Querying GO_Molecular_Function_2025... Done.
  Querying GO_Cellular_Component_2025... Done.
  Querying KEGG_2021_Human... Done.
  Querying Reactome_Pathways_2024... Done.
Parsing results... Done.
Enrichment for IRF4 done.
Running enrichment for: IRF7 
Uploading data to Enrichr... Done.
  Querying GO_Biological_Process_2025... Done.
  Querying GO_Molecular_Function_2025... Done.
  Querying GO_Cellular_Component_2025... Done.
  Querying KEGG_2021_Human... Done.
  Querying Reactome_Pathways_2024... Done.
Parsing results... Done.
Enrichment for IRF7 done.
Running enrichment for: IRF8 
Uploading data to Enrichr... Done.
  Querying GO_Biological_Process_2025... Done.
  Querying GO_Molecular_Function_2025... Done.
  Querying GO_Cellular_Component_2025... Done.
  Querying KEGG_2021_Human... Done.
  Querying Reactome_Pathways_2024... Done.
Parsing results... Done.
Enrichment for IRF8 done.
Saving 7 x 7 in imageSaving 7 x 7 in imageSaving 7 x 7 in imageSaving 7 x 7 in imageSaving 7 x 7 in imageSaving 7 x 7 in imageSaving 7 x 7 in imageSaving 7 x 7 in imageSaving 7 x 7 in imageSaving 7 x 7 in imageClient error: (429) Too Many Requests (RFC 6585)
Saving 7 x 7 in imageSaving 7 x 7 in imageSaving 7 x 7 in imageSaving 7 x 7 in imageSaving 7 x 7 in imageSaving 7 x 7 in imageSaving 7 x 7 in imageSaving 7 x 7 in imageSaving 7 x 7 in imageSaving 7 x 7 in imageSaving 7 x 7 in imageSaving 7 x 7 in imageSaving 7 x 7 in imageSaving 7 x 7 in imageSaving 7 x 7 in imageSaving 7 x 7 in imageSaving 7 x 7 in imageSaving 7 x 7 in imageSaving 7 x 7 in imageSaving 7 x 7 in imageSaving 7 x 7 in imageSaving 7 x 7 in imageSaving 7 x 7 in imageSaving 7 x 7 in imageSaving 7 x 7 in imageSaving 7 x 7 in imageSaving 7 x 7 in imageSaving 7 x 7 in imageSaving 7 x 7 in imageSaving 7 x 7 in imageSaving 7 x 7 in imageSaving 7 x 7 in imageSaving 7 x 7 in imageSaving 7 x 7 in imageSaving 7 x 7 in imageSaving 7 x 7 in imageSaving 7 x 7 in imageSaving 7 x 7 in imageSaving 7 x 7 in imageSaving 7 x 7 in imageSaving 7 x 7 in imageSaving 7 x 7 in imageSaving 7 x 7 in imageSaving 7 x 7 in imageSaving 7 x 7 in imageSaving 7 x 7 in imageSaving 7 x 7 in imageSaving 7 x 7 in imageSaving 7 x 7 in imageSaving 7 x 7 in imageSaving 7 x 7 in imageSaving 7 x 7 in imageSaving 7 x 7 in imageSaving 7 x 7 in imageSaving 7 x 7 in imageSaving 7 x 7 in imageSaving 7 x 7 in imageSaving 7 x 7 in imageSaving 7 x 7 in imageSaving 7 x 7 in imageClient error: (429) Too Many Requests (RFC 6585)
Saving 7 x 7 in imageSaving 7 x 7 in imageSaving 7 x 7 in imageSaving 7 x 7 in imageSaving 7 x 7 in imageSaving 7 x 7 in imageSaving 7 x 7 in imageSaving 7 x 7 in imageSaving 7 x 7 in imageSaving 7 x 7 in imageSaving 7 x 7 in imageSaving 7 x 7 in imageSaving 7 x 7 in imageSaving 7 x 7 in imageSaving 7 x 7 in imageSaving 7 x 7 in imageSaving 7 x 7 in imageSaving 7 x 7 in imageSaving 7 x 7 in imageSaving 7 x 7 in imageSaving 7 x 7 in imageSaving 7 x 7 in imageSaving 7 x 7 in imageSaving 7 x 7 in imageSaving 7 x 7 in imageSaving 7 x 7 in imageSaving 7 x 7 in imageSaving 7 x 7 in imageSaving 7 x 7 in imageSaving 7 x 7 in imageSaving 7 x 7 in imageSaving 7 x 7 in imageSaving 7 x 7 in imageSaving 7 x 7 in imageSaving 7 x 7 in imageSaving 7 x 7 in imageSaving 7 x 7 in imageSaving 7 x 7 in imageSaving 7 x 7 in imageSaving 7 x 7 in imageSaving 7 x 7 in imageSaving 7 x 7 in imageSaving 7 x 7 in imageSaving 7 x 7 in imageSaving 7 x 7 in imageSaving 7 x 7 in imageSaving 7 x 7 in imageSaving 7 x 7 in imageSaving 7 x 7 in imageSaving 7 x 7 in imageSaving 7 x 7 in imageSaving 7 x 7 in imageSaving 7 x 7 in imageSaving 7 x 7 in imageSaving 7 x 7 in imageSaving 7 x 7 in imageSaving 7 x 7 in imageSaving 7 x 7 in imageSaving 7 x 7 in imageSaving 7 x 7 in imageSaving 7 x 7 in imageSaving 7 x 7 in imageSaving 7 x 7 in imageSaving 7 x 7 in imageSaving 7 x 7 in imageSaving 7 x 7 in imageSaving 7 x 7 in imageSaving 7 x 7 in imageSaving 7 x 7 in imageSaving 7 x 7 in imageSaving 7 x 7 in imageSaving 7 x 7 in imageSaving 7 x 7 in imageSaving 7 x 7 in imageSaving 7 x 7 in imageSaving 7 x 7 in imageSaving 7 x 7 in imageSaving 7 x 7 in imageSaving 7 x 7 in imageSaving 7 x 7 in imageSaving 7 x 7 in imageSaving 7 x 7 in imageSaving 7 x 7 in imageSaving 7 x 7 in imageSaving 7 x 7 in imageSaving 7 x 7 in imageSaving 7 x 7 in imageSaving 7 x 7 in imageSaving 7 x 7 in imageSaving 7 x 7 in imageSaving 7 x 7 in imageSaving 7 x 7 in imageSaving 7 x 7 in imageSaving 7 x 7 in imageSaving 7 x 7 in imageSaving 7 x 7 in imageSaving 7 x 7 in imageSaving 7 x 7 in imageSaving 7 x 7 in imageSaving 7 x 7 in imageSaving 7 x 7 in imageSaving 7 x 7 in imageSaving 7 x 7 in imageSaving 7 x 7 in imageSaving 7 x 7 in imageSaving 7 x 7 in imageSaving 7 x 7 in imageSaving 7 x 7 in imageSaving 7 x 7 in imageSaving 7 x 7 in imageSaving 7 x 7 in imageSaving 7 x 7 in imageSaving 7 x 7 in imageSaving 7 x 7 in imageSaving 7 x 7 in imageSaving 7 x 7 in imageSaving 7 x 7 in imageSaving 7 x 7 in imageSaving 7 x 7 in imageSaving 7 x 7 in imageSaving 7 x 7 in imageSaving 7 x 7 in imageSaving 7 x 7 in imageSaving 7 x 7 in imageSaving 7 x 7 in imageClient error: (429) Too Many Requests (RFC 6585)
Saving 7 x 7 in imageSaving 7 x 7 in imageSaving 7 x 7 in imageSaving 7 x 7 in imageSaving 7 x 7 in imageClient error: (429) Too Many Requests (RFC 6585)
Saving 7 x 7 in imageSaving 7 x 7 in imageSaving 7 x 7 in imageSaving 7 x 7 in imageSaving 7 x 7 in imageSaving 7 x 7 in imageSaving 7 x 7 in imageSaving 7 x 7 in imageSaving 7 x 7 in imageSaving 7 x 7 in imageClient error: (429) Too Many Requests (RFC 6585)
Saving 7 x 7 in imageSaving 7 x 7 in imageSaving 7 x 7 in imageSaving 7 x 7 in imageSaving 7 x 7 in imageClient error: (429) Too Many Requests (RFC 6585)
Saving 7 x 7 in imageSaving 7 x 7 in imageSaving 7 x 7 in imageSaving 7 x 7 in imageSaving 7 x 7 in imageSaving 7 x 7 in imageSaving 7 x 7 in imageSaving 7 x 7 in imageSaving 7 x 7 in imageSaving 7 x 7 in imageSaving 7 x 7 in imageSaving 7 x 7 in imageSaving 7 x 7 in imageSaving 7 x 7 in imageSaving 7 x 7 in imageClient error: (429) Too Many Requests (RFC 6585)
Saving 7 x 7 in imageSaving 7 x 7 in imageSaving 7 x 7 in imageSaving 7 x 7 in imageSaving 7 x 7 in imageSaving 7 x 7 in imageSaving 7 x 7 in imageSaving 7 x 7 in imageSaving 7 x 7 in imageSaving 7 x 7 in imageSaving 7 x 7 in imageSaving 7 x 7 in imageSaving 7 x 7 in imageSaving 7 x 7 in imageSaving 7 x 7 in imageSaving 7 x 7 in imageSaving 7 x 7 in imageSaving 7 x 7 in imageSaving 7 x 7 in imageSaving 7 x 7 in imageSaving 7 x 7 in imageSaving 7 x 7 in imageSaving 7 x 7 in imageSaving 7 x 7 in imageSaving 7 x 7 in imageSaving 7 x 7 in imageSaving 7 x 7 in imageSaving 7 x 7 in imageSaving 7 x 7 in imageSaving 7 x 7 in imageSaving 7 x 7 in imageSaving 7 x 7 in imageSaving 7 x 7 in imageSaving 7 x 7 in imageSaving 7 x 7 in imageSaving 7 x 7 in imageSaving 7 x 7 in imageSaving 7 x 7 in imageSaving 7 x 7 in imageSaving 7 x 7 in imageSaving 7 x 7 in imageSaving 7 x 7 in imageSaving 7 x 7 in imageSaving 7 x 7 in imageSaving 7 x 7 in imageSaving 7 x 7 in imageSaving 7 x 7 in imageSaving 7 x 7 in imageSaving 7 x 7 in imageSaving 7 x 7 in imageSaving 7 x 7 in imageSaving 7 x 7 in imageSaving 7 x 7 in imageSaving 7 x 7 in imageSaving 7 x 7 in imageSaving 7 x 7 in imageSaving 7 x 7 in imageSaving 7 x 7 in imageSaving 7 x 7 in imageSaving 7 x 7 in imageSaving 7 x 7 in imageSaving 7 x 7 in imageSaving 7 x 7 in imageSaving 7 x 7 in imageSaving 7 x 7 in imageClient error: (429) Too Many Requests (RFC 6585)
Saving 7 x 7 in imageSaving 7 x 7 in imageSaving 7 x 7 in imageSaving 7 x 7 in imageSaving 7 x 7 in imageSaving 7 x 7 in imageSaving 7 x 7 in imageSaving 7 x 7 in imageSaving 7 x 7 in imageSaving 7 x 7 in imageSaving 7 x 7 in imageSaving 7 x 7 in imageSaving 7 x 7 in imageSaving 7 x 7 in imageSaving 7 x 7 in imageSaving 7 x 7 in imageSaving 7 x 7 in imageSaving 7 x 7 in imageSaving 7 x 7 in imageSaving 7 x 7 in imageSaving 7 x 7 in imageSaving 7 x 7 in imageSaving 7 x 7 in imageSaving 7 x 7 in imageSaving 7 x 7 in imageClient error: (429) Too Many Requests (RFC 6585)
Saving 7 x 7 in imageSaving 7 x 7 in imageSaving 7 x 7 in imageSaving 7 x 7 in imageSaving 7 x 7 in imageSaving 7 x 7 in imageSaving 7 x 7 in imageSaving 7 x 7 in imageSaving 7 x 7 in imageSaving 7 x 7 in imageSaving 7 x 7 in imageSaving 7 x 7 in imageSaving 7 x 7 in imageSaving 7 x 7 in imageSaving 7 x 7 in imageSaving 7 x 7 in imageSaving 7 x 7 in imageSaving 7 x 7 in imageSaving 7 x 7 in imageSaving 7 x 7 in imageSaving 7 x 7 in imageSaving 7 x 7 in imageSaving 7 x 7 in imageSaving 7 x 7 in imageSaving 7 x 7 in imageSaving 7 x 7 in imageSaving 7 x 7 in imageSaving 7 x 7 in imageSaving 7 x 7 in imageSaving 7 x 7 in imageSaving 7 x 7 in imageSaving 7 x 7 in imageSaving 7 x 7 in imageSaving 7 x 7 in imageSaving 7 x 7 in imageClient error: (429) Too Many Requests (RFC 6585)
Saving 7 x 7 in imageSaving 7 x 7 in imageSaving 7 x 7 in imageSaving 7 x 7 in imageSaving 7 x 7 in imageClient error: (429) Too Many Requests (RFC 6585)
Saving 7 x 7 in imageSaving 7 x 7 in imageSaving 7 x 7 in imageSaving 7 x 7 in imageSaving 7 x 7 in imageSaving 7 x 7 in imageSaving 7 x 7 in imageSaving 7 x 7 in imageSaving 7 x 7 in imageSaving 7 x 7 in imageSaving 7 x 7 in imageSaving 7 x 7 in imageSaving 7 x 7 in imageSaving 7 x 7 in imageSaving 7 x 7 in imageSaving 7 x 7 in imageSaving 7 x 7 in imageSaving 7 x 7 in imageSaving 7 x 7 in imageSaving 7 x 7 in imageSaving 7 x 7 in imageSaving 7 x 7 in imageSaving 7 x 7 in imageSaving 7 x 7 in imageSaving 7 x 7 in imageRunning enrichment for: JUNB 
Uploading data to Enrichr... Done.
  Querying GO_Biological_Process_2025... Done.
  Querying GO_Molecular_Function_2025... Done.
  Querying GO_Cellular_Component_2025... Done.
  Querying KEGG_2021_Human... Done.
  Querying Reactome_Pathways_2024... Done.
Parsing results... Done.
Enrichment for JUNB done.
Running enrichment for: KCNIP3 
Uploading data to Enrichr... Done.
  Querying GO_Biological_Process_2025... Done.
  Querying GO_Molecular_Function_2025... Done.
  Querying GO_Cellular_Component_2025... Done.
  Querying KEGG_2021_Human... Done.
  Querying Reactome_Pathways_2024... Done.
Parsing results... Done.
Enrichment for KCNIP3 done.
Running enrichment for: KLF11 
Uploading data to Enrichr... Done.
  Querying GO_Biological_Process_2025... Done.
  Querying GO_Molecular_Function_2025... Done.
  Querying GO_Cellular_Component_2025... Done.
  Querying KEGG_2021_Human... Done.
  Querying Reactome_Pathways_2024... Done.
Parsing results... Done.
Enrichment for KLF11 done.
Running enrichment for: KLF12 
Uploading data to Enrichr... Done.
  Querying GO_Biological_Process_2025... Done.
  Querying GO_Molecular_Function_2025... Done.
  Querying GO_Cellular_Component_2025... Done.
  Querying KEGG_2021_Human... Done.
  Querying Reactome_Pathways_2024... Done.
Parsing results... Done.
Enrichment for KLF12 done.
Running enrichment for: KLF13 
Uploading data to Enrichr... Done.
  Querying GO_Biological_Process_2025... Done.
  Querying GO_Molecular_Function_2025... Done.
  Querying GO_Cellular_Component_2025... Done.
  Querying KEGG_2021_Human... Done.
  Querying Reactome_Pathways_2024... Done.
Parsing results... Done.
Enrichment for KLF13 done.
Running enrichment for: KLF15 
Uploading data to Enrichr... Done.
  Querying GO_Biological_Process_2025... Done.
  Querying GO_Molecular_Function_2025... Done.
  Querying GO_Cellular_Component_2025... Done.
  Querying KEGG_2021_Human... Done.
  Querying Reactome_Pathways_2024... Done.
Parsing results... Done.
Enrichment for KLF15 done.
Running enrichment for: KLF16 
Uploading data to Enrichr... Done.
  Querying GO_Biological_Process_2025... Done.
  Querying GO_Molecular_Function_2025... Done.
  Querying GO_Cellular_Component_2025... Done.
  Querying KEGG_2021_Human... Done.
  Querying Reactome_Pathways_2024... Done.
Parsing results... Done.
Enrichment for KLF16 done.
Running enrichment for: KLF17 
Uploading data to Enrichr... Done.
  Querying GO_Biological_Process_2025... Done.
  Querying GO_Molecular_Function_2025... Done.
  Querying GO_Cellular_Component_2025... Done.
  Querying KEGG_2021_Human... Done.
  Querying Reactome_Pathways_2024... Done.
Parsing results... Done.
Enrichment for KLF17 done.
Running enrichment for: KLF3 
Uploading data to Enrichr... Done.
  Querying GO_Biological_Process_2025... Done.
  Querying GO_Molecular_Function_2025... Done.
  Querying GO_Cellular_Component_2025... Done.
  Querying KEGG_2021_Human... Done.
  Querying Reactome_Pathways_2024... Done.
Parsing results... Done.
Enrichment for KLF3 done.
Running enrichment for: KLF6 
Uploading data to Enrichr... Done.
  Querying GO_Biological_Process_2025... Done.
  Querying GO_Molecular_Function_2025... Done.
  Querying GO_Cellular_Component_2025... Done.
  Querying KEGG_2021_Human... Done.
  Querying Reactome_Pathways_2024... Done.
Parsing results... Done.
Enrichment for KLF6 done.
Running enrichment for: KLF8 
Uploading data to Enrichr... Done.
  Querying GO_Biological_Process_2025... Done.
  Querying GO_Molecular_Function_2025... Done.
  Querying GO_Cellular_Component_2025... Done.
  Querying KEGG_2021_Human... Done.
  Querying Reactome_Pathways_2024... Done.
Parsing results... Done.
Enrichment for KLF8 done.
Running enrichment for: LEF1 
Uploading data to Enrichr... Done.
  Querying GO_Biological_Process_2025... Done.
  Querying GO_Molecular_Function_2025... Done.
  Querying GO_Cellular_Component_2025... Done.
  Querying KEGG_2021_Human... Done.
  Querying Reactome_Pathways_2024... Done.
Parsing results... Done.
Enrichment for LEF1 done.
Running enrichment for: LHX6 
Uploading data to Enrichr... Done.
  Querying GO_Biological_Process_2025... Done.
  Querying GO_Molecular_Function_2025... Done.
  Querying GO_Cellular_Component_2025... Done.
  Querying KEGG_2021_Human... Done.
  Querying Reactome_Pathways_2024... Done.
Parsing results... Done.
Enrichment for LHX6 done.
Running enrichment for: LRRFIP1 
Uploading data to Enrichr... Done.
  Querying GO_Biological_Process_2025... Done.
  Querying GO_Molecular_Function_2025... Done.
  Querying GO_Cellular_Component_2025... Done.
  Querying KEGG_2021_Human... Done.
  Querying Reactome_Pathways_2024... Done.
Parsing results... Done.
Enrichment for LRRFIP1 done.
Running enrichment for: LYL1 
Uploading data to Enrichr... Done.
  Querying GO_Biological_Process_2025... Done.
  Querying GO_Molecular_Function_2025... Done.
  Querying GO_Cellular_Component_2025... Done.
  Querying KEGG_2021_Human... Done.
  Querying Reactome_Pathways_2024... Done.
Parsing results... Done.
Enrichment for LYL1 done.
Running enrichment for: MAFB 
Uploading data to Enrichr... Done.
  Querying GO_Biological_Process_2025... Done.
  Querying GO_Molecular_Function_2025... Done.
  Querying GO_Cellular_Component_2025... Done.
  Querying KEGG_2021_Human... Done.
  Querying Reactome_Pathways_2024... Done.
Parsing results... Done.
Enrichment for MAFB done.
Running enrichment for: MAFF 
Uploading data to Enrichr... Done.
  Querying GO_Biological_Process_2025... Done.
  Querying GO_Molecular_Function_2025... Done.
  Querying GO_Cellular_Component_2025... Done.
  Querying KEGG_2021_Human... Done.
  Querying Reactome_Pathways_2024... Done.
Parsing results... Done.
Enrichment for MAFF done.
Running enrichment for: MAFG 
Uploading data to Enrichr... Done.
  Querying GO_Biological_Process_2025... Done.
  Querying GO_Molecular_Function_2025... Done.
  Querying GO_Cellular_Component_2025... Done.
  Querying KEGG_2021_Human... Done.
  Querying Reactome_Pathways_2024... Done.
Parsing results... Done.
Enrichment for MAFG done.
Running enrichment for: MAX 
Uploading data to Enrichr... Done.
  Querying GO_Biological_Process_2025... Done.
  Querying GO_Molecular_Function_2025... Done.
  Querying GO_Cellular_Component_2025... Done.
  Querying KEGG_2021_Human... Done.
  Querying Reactome_Pathways_2024... Done.
Parsing results... Done.
Enrichment for MAX done.
Running enrichment for: MAZ 
Uploading data to Enrichr... Done.
  Querying GO_Biological_Process_2025... Done.
  Querying GO_Molecular_Function_2025... Done.
  Querying GO_Cellular_Component_2025... Done.
  Querying KEGG_2021_Human... Done.
  Querying Reactome_Pathways_2024... Done.
Parsing results... Done.
Enrichment for MAZ done.
Running enrichment for: MECOM 
Uploading data to Enrichr... Done.
  Querying GO_Biological_Process_2025... Done.
  Querying GO_Molecular_Function_2025... Done.
  Querying GO_Cellular_Component_2025... Done.
  Querying KEGG_2021_Human... Done.
  Querying Reactome_Pathways_2024... Done.
Parsing results... Done.
Enrichment for MECOM done.
Running enrichment for: MEF2A 
Uploading data to Enrichr... Done.
  Querying GO_Biological_Process_2025... Done.
  Querying GO_Molecular_Function_2025... Done.
  Querying GO_Cellular_Component_2025... Done.
  Querying KEGG_2021_Human... Done.
  Querying Reactome_Pathways_2024... Done.
Parsing results... Done.
Enrichment for MEF2A done.
Running enrichment for: MEF2C 
Uploading data to Enrichr... Done.
  Querying GO_Biological_Process_2025... Done.
  Querying GO_Molecular_Function_2025... Done.
  Querying GO_Cellular_Component_2025... Done.
  Querying KEGG_2021_Human... Done.
  Querying Reactome_Pathways_2024... Done.
Parsing results... Done.
Enrichment for MEF2C done.
Running enrichment for: MEIS1 
Uploading data to Enrichr... Done.
  Querying GO_Biological_Process_2025... Done.
  Querying GO_Molecular_Function_2025... Done.
  Querying GO_Cellular_Component_2025... Done.
  Querying KEGG_2021_Human... Done.
  Querying Reactome_Pathways_2024... Done.
Parsing results... Done.
Enrichment for MEIS1 done.
Running enrichment for: MLX 
Uploading data to Enrichr... Done.
  Querying GO_Biological_Process_2025... Done.
  Querying GO_Molecular_Function_2025... Done.
  Querying GO_Cellular_Component_2025... Done.
  Querying KEGG_2021_Human... Done.
  Querying Reactome_Pathways_2024... Done.
Parsing results... Done.
Enrichment for MLX done.
Running enrichment for: MLXIP 
Uploading data to Enrichr... Done.
  Querying GO_Biological_Process_2025... Done.
  Querying GO_Molecular_Function_2025... Done.
  Querying GO_Cellular_Component_2025... Done.
  Querying KEGG_2021_Human... Done.
  Querying Reactome_Pathways_2024... Done.
Parsing results... Done.
Enrichment for MLXIP done.
Running enrichment for: MNT 
Uploading data to Enrichr... Done.
  Querying GO_Biological_Process_2025... Done.
  Querying GO_Molecular_Function_2025... Done.
  Querying GO_Cellular_Component_2025... Done.
  Querying KEGG_2021_Human... Done.
  Querying Reactome_Pathways_2024... Done.
Parsing results... Done.
Enrichment for MNT done.
Running enrichment for: MSC 
Uploading data to Enrichr... Done.
  Querying GO_Biological_Process_2025... Done.
  Querying GO_Molecular_Function_2025... Done.
  Querying GO_Cellular_Component_2025... Done.
  Querying KEGG_2021_Human... Done.
  Querying Reactome_Pathways_2024... Done.
Parsing results... Done.
Enrichment for MSC done.
Running enrichment for: MSX2 
Uploading data to Enrichr... Done.
  Querying GO_Biological_Process_2025... Done.
  Querying GO_Molecular_Function_2025... Done.
  Querying GO_Cellular_Component_2025... Done.
  Querying KEGG_2021_Human... Done.
  Querying Reactome_Pathways_2024... Done.
Parsing results... Done.
Enrichment for MSX2 done.
Running enrichment for: MXD3 
Uploading data to Enrichr... Done.
  Querying GO_Biological_Process_2025... Done.
  Querying GO_Molecular_Function_2025... Done.
  Querying GO_Cellular_Component_2025... Done.
  Querying KEGG_2021_Human... Done.
  Querying Reactome_Pathways_2024... Done.
Parsing results... Done.
Enrichment for MXD3 done.
Running enrichment for: MXD4 
Uploading data to Enrichr... Done.
  Querying GO_Biological_Process_2025... Done.
  Querying GO_Molecular_Function_2025... Done.
  Querying GO_Cellular_Component_2025... Done.
  Querying KEGG_2021_Human... Done.
  Querying Reactome_Pathways_2024... Done.
Parsing results... Done.
Enrichment for MXD4 done.
Running enrichment for: MYB 
Uploading data to Enrichr... Done.
  Querying GO_Biological_Process_2025... Done.
  Querying GO_Molecular_Function_2025... Done.
  Querying GO_Cellular_Component_2025... Done.
  Querying KEGG_2021_Human... Done.
  Querying Reactome_Pathways_2024... Done.
Parsing results... Done.
Enrichment for MYB done.
Running enrichment for: MYBL2 
Uploading data to Enrichr... Done.
  Querying GO_Biological_Process_2025... Done.
  Querying GO_Molecular_Function_2025... Done.
  Querying GO_Cellular_Component_2025... Done.
  Querying KEGG_2021_Human... Done.
  Querying Reactome_Pathways_2024... Done.
Parsing results... Done.
Enrichment for MYBL2 done.
Running enrichment for: MYCL 
Uploading data to Enrichr... Done.
  Querying GO_Biological_Process_2025... Done.
  Querying GO_Molecular_Function_2025... Done.
  Querying GO_Cellular_Component_2025... Done.
  Querying KEGG_2021_Human... Done.
  Querying Reactome_Pathways_2024... Done.
Parsing results... Done.
Enrichment for MYCL done.
Running enrichment for: MYCN 
Uploading data to Enrichr... Done.
  Querying GO_Biological_Process_2025... Done.
  Querying GO_Molecular_Function_2025... Done.
  Querying GO_Cellular_Component_2025... Done.
  Querying KEGG_2021_Human... Done.
  Querying Reactome_Pathways_2024... Done.
Parsing results... Done.
Enrichment for MYCN done.
Running enrichment for: MYRF 
Uploading data to Enrichr... Done.
  Querying GO_Biological_Process_2025... Done.
  Querying GO_Molecular_Function_2025... Done.
  Querying GO_Cellular_Component_2025... Done.
  Querying KEGG_2021_Human... Done.
  Querying Reactome_Pathways_2024... Done.
Parsing results... Done.
Enrichment for MYRF done.
Running enrichment for: MYT1 
Uploading data to Enrichr... Done.
  Querying GO_Biological_Process_2025... Done.
  Querying GO_Molecular_Function_2025... Done.
  Querying GO_Cellular_Component_2025... Done.
  Querying KEGG_2021_Human... Done.
  Querying Reactome_Pathways_2024... Done.
Parsing results... Done.
Enrichment for MYT1 done.
Running enrichment for: MYT1L 
Uploading data to Enrichr... Done.
  Querying GO_Biological_Process_2025... Done.
  Querying GO_Molecular_Function_2025... Done.
  Querying GO_Cellular_Component_2025... Done.
  Querying KEGG_2021_Human... Done.
  Querying Reactome_Pathways_2024... Done.
Parsing results... Done.
Enrichment for MYT1L done.
Running enrichment for: MZF1 
Uploading data to Enrichr... Done.
  Querying GO_Biological_Process_2025... Done.
  Querying GO_Molecular_Function_2025... Done.
  Querying GO_Cellular_Component_2025... Done.
  Querying KEGG_2021_Human... Done.
  Querying Reactome_Pathways_2024... Done.
Parsing results... Done.
Enrichment for MZF1 done.
Running enrichment for: NFE2 
Uploading data to Enrichr... Done.
  Querying GO_Biological_Process_2025... Done.
  Querying GO_Molecular_Function_2025... Done.
  Querying GO_Cellular_Component_2025... Done.
  Querying KEGG_2021_Human... Done.
  Querying Reactome_Pathways_2024... Done.
Parsing results... Done.
Enrichment for NFE2 done.
Running enrichment for: NFE2L2 
Uploading data to Enrichr... Done.
  Querying GO_Biological_Process_2025... Done.
  Querying GO_Molecular_Function_2025... Done.
  Querying GO_Cellular_Component_2025... Done.
  Querying KEGG_2021_Human... Done.
  Querying Reactome_Pathways_2024... Done.
Parsing results... Done.
Enrichment for NFE2L2 done.
Running enrichment for: NFE2L3 
Uploading data to Enrichr... Done.
  Querying GO_Biological_Process_2025... Done.
  Querying GO_Molecular_Function_2025... Done.
  Querying GO_Cellular_Component_2025... Done.
  Querying KEGG_2021_Human... Done.
  Querying Reactome_Pathways_2024... Done.
Parsing results... Done.
Enrichment for NFE2L3 done.
Running enrichment for: NFIA 
Uploading data to Enrichr... Done.
  Querying GO_Biological_Process_2025... Done.
  Querying GO_Molecular_Function_2025... Done.
  Querying GO_Cellular_Component_2025... Done.
  Querying KEGG_2021_Human... Done.
  Querying Reactome_Pathways_2024... Done.
Parsing results... Done.
Enrichment for NFIA done.
Running enrichment for: NFIB 
Uploading data to Enrichr... Done.
  Querying GO_Biological_Process_2025... Done.
  Querying GO_Molecular_Function_2025... Done.
  Querying GO_Cellular_Component_2025... Done.
  Querying KEGG_2021_Human... Done.
  Querying Reactome_Pathways_2024... Done.
Parsing results... Done.
Enrichment for NFIB done.
Running enrichment for: NFIC 
Uploading data to Enrichr... Done.
  Querying GO_Biological_Process_2025... Done.
  Querying GO_Molecular_Function_2025... Done.
  Querying GO_Cellular_Component_2025... Done.
  Querying KEGG_2021_Human... Done.
  Querying Reactome_Pathways_2024... Done.
Parsing results... Done.
Enrichment for NFIC done.
Running enrichment for: NFIL3 
Uploading data to Enrichr... Done.
  Querying GO_Biological_Process_2025... Done.
  Querying GO_Molecular_Function_2025... Done.
  Querying GO_Cellular_Component_2025... Done.
  Querying KEGG_2021_Human... Done.
  Querying Reactome_Pathways_2024... Done.
Parsing results... Done.
Enrichment for NFIL3 done.
Running enrichment for: NFKB1 
Uploading data to Enrichr... Done.
  Querying GO_Biological_Process_2025... Done.
  Querying GO_Molecular_Function_2025... Done.
  Querying GO_Cellular_Component_2025... Done.
  Querying KEGG_2021_Human... Done.
  Querying Reactome_Pathways_2024... Done.
Parsing results... Done.
Enrichment for NFKB1 done.
Running enrichment for: NFKB2 
Uploading data to Enrichr... Done.
  Querying GO_Biological_Process_2025... Done.
  Querying GO_Molecular_Function_2025... Done.
  Querying GO_Cellular_Component_2025... Done.
  Querying KEGG_2021_Human... Done.
  Querying Reactome_Pathways_2024... Done.
Parsing results... Done.
Enrichment for NFKB2 done.
Running enrichment for: NPAS3 
Uploading data to Enrichr... Done.
  Querying GO_Biological_Process_2025... Done.
  Querying GO_Molecular_Function_2025... Done.
  Querying GO_Cellular_Component_2025... Done.
  Querying KEGG_2021_Human... Done.
  Querying Reactome_Pathways_2024... Done.
Parsing results... Done.
Enrichment for NPAS3 done.
Running enrichment for: NR1D1 
Uploading data to Enrichr... Done.
  Querying GO_Biological_Process_2025... Done.
  Querying GO_Molecular_Function_2025... Done.
  Querying GO_Cellular_Component_2025... Done.
  Querying KEGG_2021_Human... Done.
  Querying Reactome_Pathways_2024... Done.
Parsing results... Done.
Enrichment for NR1D1 done.
Running enrichment for: NR2C2 
Uploading data to Enrichr... Done.
  Querying GO_Biological_Process_2025... Done.
  Querying GO_Molecular_Function_2025... Done.
  Querying GO_Cellular_Component_2025... Done.
  Querying KEGG_2021_Human... Done.
  Querying Reactome_Pathways_2024... Done.
Parsing results... Done.
Enrichment for NR2C2 done.
Running enrichment for: NR2F1 
Uploading data to Enrichr... Done.
  Querying GO_Biological_Process_2025... Done.
  Querying GO_Molecular_Function_2025... Done.
  Querying GO_Cellular_Component_2025... Done.
  Querying KEGG_2021_Human... Done.
  Querying Reactome_Pathways_2024... Done.
Parsing results... Done.
Enrichment for NR2F1 done.
Running enrichment for: NR2F6 
Uploading data to Enrichr... Done.
  Querying GO_Biological_Process_2025... Done.
  Querying GO_Molecular_Function_2025... Done.
  Querying GO_Cellular_Component_2025... Done.
  Querying KEGG_2021_Human... Done.
  Querying Reactome_Pathways_2024... Done.
Parsing results... Done.
Enrichment for NR2F6 done.
Running enrichment for: NR3C2 
Uploading data to Enrichr... Done.
  Querying GO_Biological_Process_2025... Done.
  Querying GO_Molecular_Function_2025... Done.
  Querying GO_Cellular_Component_2025... Done.
  Querying KEGG_2021_Human... Done.
  Querying Reactome_Pathways_2024... Done.
Parsing results... Done.
Enrichment for NR3C2 done.
Running enrichment for: NR4A3 
Uploading data to Enrichr... Done.
  Querying GO_Biological_Process_2025... Done.
  Querying GO_Molecular_Function_2025... Done.
  Querying GO_Cellular_Component_2025... Done.
  Querying KEGG_2021_Human... Done.
  Querying Reactome_Pathways_2024... Done.
Parsing results... Done.
Enrichment for NR4A3 done.
Running enrichment for: NR6A1 
Uploading data to Enrichr... Done.
  Querying GO_Biological_Process_2025... Done.
  Querying GO_Molecular_Function_2025... Done.
  Querying GO_Cellular_Component_2025... Done.
  Querying KEGG_2021_Human... Done.
  Querying Reactome_Pathways_2024... Done.
Parsing results... Done.
Enrichment for NR6A1 done.
Running enrichment for: OLIG1 
Uploading data to Enrichr... Done.
  Querying GO_Biological_Process_2025... Done.
  Querying GO_Molecular_Function_2025... Done.
  Querying GO_Cellular_Component_2025... Done.
  Querying KEGG_2021_Human... Done.
  Querying Reactome_Pathways_2024... Done.
Parsing results... Done.
Enrichment for OLIG1 done.
Running enrichment for: OLIG2 
Uploading data to Enrichr... Done.
  Querying GO_Biological_Process_2025... Done.
  Querying GO_Molecular_Function_2025... Done.
  Querying GO_Cellular_Component_2025... Done.
  Querying KEGG_2021_Human... Done.
  Querying Reactome_Pathways_2024... Done.
Parsing results... Done.
Enrichment for OLIG2 done.
Running enrichment for: ONECUT2 
Uploading data to Enrichr... Done.
  Querying GO_Biological_Process_2025... Done.
  Querying GO_Molecular_Function_2025... Done.
  Querying GO_Cellular_Component_2025... Done.
  Querying KEGG_2021_Human... Done.
  Querying Reactome_Pathways_2024... Done.
Parsing results... Done.
Enrichment for ONECUT2 done.
Running enrichment for: OSR1 
Uploading data to Enrichr... Done.
  Querying GO_Biological_Process_2025... Done.
  Querying GO_Molecular_Function_2025... Done.
  Querying GO_Cellular_Component_2025... Done.
  Querying KEGG_2021_Human... Done.
  Querying Reactome_Pathways_2024... Done.
Parsing results... Done.
Enrichment for OSR1 done.
Running enrichment for: PATZ1 
Uploading data to Enrichr... Done.
  Querying GO_Biological_Process_2025... Done.
  Querying GO_Molecular_Function_2025... Done.
  Querying GO_Cellular_Component_2025... Done.
  Querying KEGG_2021_Human... Done.
  Querying Reactome_Pathways_2024... Done.
Parsing results... Done.
Enrichment for PATZ1 done.
Running enrichment for: PBX1 
Uploading data to Enrichr... Done.
  Querying GO_Biological_Process_2025... Done.
  Querying GO_Molecular_Function_2025... Done.
  Querying GO_Cellular_Component_2025... Done.
  Querying KEGG_2021_Human... Done.
  Querying Reactome_Pathways_2024... Done.
Parsing results... Done.
Enrichment for PBX1 done.
Running enrichment for: PGBD1 
Uploading data to Enrichr... Done.
  Querying GO_Biological_Process_2025... Done.
  Querying GO_Molecular_Function_2025... Done.
  Querying GO_Cellular_Component_2025... Done.
  Querying KEGG_2021_Human... Done.
  Querying Reactome_Pathways_2024... Done.
Parsing results... Done.
Enrichment for PGBD1 done.
Running enrichment for: PKNOX2 
Uploading data to Enrichr... Done.
  Querying GO_Biological_Process_2025... Done.
  Querying GO_Molecular_Function_2025... Done.
  Querying GO_Cellular_Component_2025... Done.
  Querying KEGG_2021_Human... Done.
  Querying Reactome_Pathways_2024... Done.
Parsing results... Done.
Enrichment for PKNOX2 done.
Running enrichment for: PLAGL2 
Uploading data to Enrichr... Done.
  Querying GO_Biological_Process_2025... Done.
  Querying GO_Molecular_Function_2025... Done.
  Querying GO_Cellular_Component_2025... Done.
  Querying KEGG_2021_Human... Done.
  Querying Reactome_Pathways_2024... Done.
Parsing results... Done.
Enrichment for PLAGL2 done.
Running enrichment for: PLSCR1 
Uploading data to Enrichr... Done.
  Querying GO_Biological_Process_2025... Done.
  Querying GO_Molecular_Function_2025... Done.
  Querying GO_Cellular_Component_2025... Done.
  Querying KEGG_2021_Human... Done.
  Querying Reactome_Pathways_2024... Done.
Parsing results... Done.
Enrichment for PLSCR1 done.
Running enrichment for: POU2F1 
Uploading data to Enrichr... Done.
  Querying GO_Biological_Process_2025... Done.
  Querying GO_Molecular_Function_2025... Done.
  Querying GO_Cellular_Component_2025... Done.
  Querying KEGG_2021_Human... Done.
  Querying Reactome_Pathways_2024... Done.
Parsing results... Done.
Enrichment for POU2F1 done.
Running enrichment for: POU3F1 
Uploading data to Enrichr... Done.
  Querying GO_Biological_Process_2025... Done.
  Querying GO_Molecular_Function_2025... Done.
  Querying GO_Cellular_Component_2025... Done.
  Querying KEGG_2021_Human... Done.
  Querying Reactome_Pathways_2024... Done.
Parsing results... Done.
Enrichment for POU3F1 done.
Running enrichment for: POU3F2 
Uploading data to Enrichr... Done.
  Querying GO_Biological_Process_2025... Done.
  Querying GO_Molecular_Function_2025... Done.
  Querying GO_Cellular_Component_2025... Done.
  Querying KEGG_2021_Human... Done.
  Querying Reactome_Pathways_2024... Done.
Parsing results... Done.
Enrichment for POU3F2 done.
Running enrichment for: POU5F1B 
Uploading data to Enrichr... Done.
  Querying GO_Biological_Process_2025... Done.
  Querying GO_Molecular_Function_2025... Done.
  Querying GO_Cellular_Component_2025... Done.
  Querying KEGG_2021_Human... Done.
  Querying Reactome_Pathways_2024... Done.
Parsing results... Done.
Enrichment for POU5F1B done.
Running enrichment for: POU6F2 
Uploading data to Enrichr... Done.
  Querying GO_Biological_Process_2025... Done.
  Querying GO_Molecular_Function_2025... Done.
  Querying GO_Cellular_Component_2025... Done.
  Querying KEGG_2021_Human... Done.
  Querying Reactome_Pathways_2024... Done.
Parsing results... Done.
Enrichment for POU6F2 done.
Running enrichment for: PPARG 
Uploading data to Enrichr... Done.
  Querying GO_Biological_Process_2025... Done.
  Querying GO_Molecular_Function_2025... Done.
  Querying GO_Cellular_Component_2025... Done.
  Querying KEGG_2021_Human... Done.
  Querying Reactome_Pathways_2024... Done.
Parsing results... Done.
Enrichment for PPARG done.
Running enrichment for: PRDM4 
Uploading data to Enrichr... Done.
  Querying GO_Biological_Process_2025... Done.
  Querying GO_Molecular_Function_2025... Done.
  Querying GO_Cellular_Component_2025... Done.
  Querying KEGG_2021_Human... Done.
  Querying Reactome_Pathways_2024... Done.
Parsing results... Done.
Enrichment for PRDM4 done.
Running enrichment for: PURG 
Uploading data to Enrichr... Done.
  Querying GO_Biological_Process_2025... Done.
  Querying GO_Molecular_Function_2025... Done.
  Querying GO_Cellular_Component_2025... Done.
  Querying KEGG_2021_Human... Done.
  Querying Reactome_Pathways_2024... Done.
Parsing results... Done.
Enrichment for PURG done.
Running enrichment for: RARA 
Uploading data to Enrichr... Done.
  Querying GO_Biological_Process_2025... Done.
  Querying GO_Molecular_Function_2025... Done.
  Querying GO_Cellular_Component_2025... Done.
  Querying KEGG_2021_Human... Done.
  Querying Reactome_Pathways_2024... Done.
Parsing results... Done.
Enrichment for RARA done.
Running enrichment for: RBPJ 
Uploading data to Enrichr... Done.
  Querying GO_Biological_Process_2025... Done.
  Querying GO_Molecular_Function_2025... Done.
  Querying GO_Cellular_Component_2025... Done.
  Querying KEGG_2021_Human... Done.
  Querying Reactome_Pathways_2024... Done.
Parsing results... Done.
Enrichment for RBPJ done.
Running enrichment for: RELB 
Uploading data to Enrichr... Done.
  Querying GO_Biological_Process_2025... Done.
  Querying GO_Molecular_Function_2025... Done.
  Querying GO_Cellular_Component_2025... Done.
  Querying KEGG_2021_Human... Done.
  Querying Reactome_Pathways_2024... Done.
Parsing results... Done.
Enrichment for RELB done.
Client error: (429) Too Many Requests (RFC 6585)
Saving 7 x 7 in imageSaving 7 x 7 in imageSaving 7 x 7 in imageSaving 7 x 7 in imageSaving 7 x 7 in imageClient error: (429) Too Many Requests (RFC 6585)
Saving 7 x 7 in imageSaving 7 x 7 in imageSaving 7 x 7 in imageSaving 7 x 7 in imageSaving 7 x 7 in imageSaving 7 x 7 in imageSaving 7 x 7 in imageSaving 7 x 7 in imageSaving 7 x 7 in imageSaving 7 x 7 in imageSaving 7 x 7 in imageSaving 7 x 7 in imageSaving 7 x 7 in imageSaving 7 x 7 in imageSaving 7 x 7 in imageClient error: (429) Too Many Requests (RFC 6585)
Saving 7 x 7 in imageSaving 7 x 7 in imageSaving 7 x 7 in imageSaving 7 x 7 in imageSaving 7 x 7 in imageSaving 7 x 7 in imageSaving 7 x 7 in imageSaving 7 x 7 in imageSaving 7 x 7 in imageSaving 7 x 7 in imageClient error: (429) Too Many Requests (RFC 6585)
Saving 7 x 7 in imageSaving 7 x 7 in imageSaving 7 x 7 in imageSaving 7 x 7 in imageSaving 7 x 7 in imageSaving 7 x 7 in imageSaving 7 x 7 in imageSaving 7 x 7 in imageSaving 7 x 7 in imageSaving 7 x 7 in imageSaving 7 x 7 in imageSaving 7 x 7 in imageSaving 7 x 7 in imageSaving 7 x 7 in imageSaving 7 x 7 in imageSaving 7 x 7 in imageSaving 7 x 7 in imageSaving 7 x 7 in imageSaving 7 x 7 in imageSaving 7 x 7 in imageSaving 7 x 7 in imageSaving 7 x 7 in imageSaving 7 x 7 in imageSaving 7 x 7 in imageSaving 7 x 7 in imageSaving 7 x 7 in imageSaving 7 x 7 in imageSaving 7 x 7 in imageSaving 7 x 7 in imageSaving 7 x 7 in imageSaving 7 x 7 in imageSaving 7 x 7 in imageSaving 7 x 7 in imageSaving 7 x 7 in imageSaving 7 x 7 in imageSaving 7 x 7 in imageSaving 7 x 7 in imageSaving 7 x 7 in imageSaving 7 x 7 in imageSaving 7 x 7 in imageSaving 7 x 7 in imageSaving 7 x 7 in imageSaving 7 x 7 in imageSaving 7 x 7 in imageSaving 7 x 7 in imageSaving 7 x 7 in imageSaving 7 x 7 in imageSaving 7 x 7 in imageSaving 7 x 7 in imageSaving 7 x 7 in imageSaving 7 x 7 in imageSaving 7 x 7 in imageSaving 7 x 7 in imageSaving 7 x 7 in imageSaving 7 x 7 in imageClient error: (429) Too Many Requests (RFC 6585)
Saving 7 x 7 in imageSaving 7 x 7 in imageSaving 7 x 7 in imageSaving 7 x 7 in imageSaving 7 x 7 in imageSaving 7 x 7 in imageSaving 7 x 7 in imageSaving 7 x 7 in imageSaving 7 x 7 in imageSaving 7 x 7 in imageSaving 7 x 7 in imageSaving 7 x 7 in imageSaving 7 x 7 in imageSaving 7 x 7 in imageSaving 7 x 7 in imageSaving 7 x 7 in imageSaving 7 x 7 in imageSaving 7 x 7 in imageSaving 7 x 7 in imageSaving 7 x 7 in imageSaving 7 x 7 in imageSaving 7 x 7 in imageSaving 7 x 7 in imageSaving 7 x 7 in imageSaving 7 x 7 in imageSaving 7 x 7 in imageSaving 7 x 7 in imageSaving 7 x 7 in imageSaving 7 x 7 in imageSaving 7 x 7 in imageSaving 7 x 7 in imageSaving 7 x 7 in imageSaving 7 x 7 in imageSaving 7 x 7 in imageSaving 7 x 7 in imageClient error: (429) Too Many Requests (RFC 6585)
Saving 7 x 7 in imageSaving 7 x 7 in imageSaving 7 x 7 in imageSaving 7 x 7 in imageSaving 7 x 7 in imageSaving 7 x 7 in imageSaving 7 x 7 in imageSaving 7 x 7 in imageSaving 7 x 7 in imageSaving 7 x 7 in imageSaving 7 x 7 in imageSaving 7 x 7 in imageSaving 7 x 7 in imageSaving 7 x 7 in imageSaving 7 x 7 in imageSaving 7 x 7 in imageSaving 7 x 7 in imageSaving 7 x 7 in imageSaving 7 x 7 in imageSaving 7 x 7 in imageSaving 7 x 7 in imageSaving 7 x 7 in imageSaving 7 x 7 in imageSaving 7 x 7 in imageSaving 7 x 7 in imageSaving 7 x 7 in imageSaving 7 x 7 in imageSaving 7 x 7 in imageSaving 7 x 7 in imageSaving 7 x 7 in imageSaving 7 x 7 in imageSaving 7 x 7 in imageSaving 7 x 7 in imageSaving 7 x 7 in imageSaving 7 x 7 in imageSaving 7 x 7 in imageSaving 7 x 7 in imageSaving 7 x 7 in imageSaving 7 x 7 in imageSaving 7 x 7 in imageSaving 7 x 7 in imageSaving 7 x 7 in imageSaving 7 x 7 in imageSaving 7 x 7 in imageSaving 7 x 7 in imageSaving 7 x 7 in imageSaving 7 x 7 in imageSaving 7 x 7 in imageSaving 7 x 7 in imageSaving 7 x 7 in imageSaving 7 x 7 in imageSaving 7 x 7 in imageSaving 7 x 7 in imageSaving 7 x 7 in imageSaving 7 x 7 in imageSaving 7 x 7 in imageSaving 7 x 7 in imageSaving 7 x 7 in imageSaving 7 x 7 in imageSaving 7 x 7 in imageSaving 7 x 7 in imageSaving 7 x 7 in imageSaving 7 x 7 in imageSaving 7 x 7 in imageSaving 7 x 7 in imageSaving 7 x 7 in imageSaving 7 x 7 in imageSaving 7 x 7 in imageSaving 7 x 7 in imageSaving 7 x 7 in imageSaving 7 x 7 in imageSaving 7 x 7 in imageSaving 7 x 7 in imageSaving 7 x 7 in imageSaving 7 x 7 in imageSaving 7 x 7 in imageSaving 7 x 7 in imageSaving 7 x 7 in imageSaving 7 x 7 in imageSaving 7 x 7 in imageClient error: (429) Too Many Requests (RFC 6585)
Saving 7 x 7 in imageSaving 7 x 7 in imageSaving 7 x 7 in imageSaving 7 x 7 in imageSaving 7 x 7 in imageSaving 7 x 7 in imageSaving 7 x 7 in imageSaving 7 x 7 in imageSaving 7 x 7 in imageSaving 7 x 7 in imageSaving 7 x 7 in imageSaving 7 x 7 in imageSaving 7 x 7 in imageSaving 7 x 7 in imageSaving 7 x 7 in imageSaving 7 x 7 in imageSaving 7 x 7 in imageSaving 7 x 7 in imageSaving 7 x 7 in imageSaving 7 x 7 in imageClient error: (429) Too Many Requests (RFC 6585)
Saving 7 x 7 in imageSaving 7 x 7 in imageSaving 7 x 7 in imageSaving 7 x 7 in imageSaving 7 x 7 in imageSaving 7 x 7 in imageSaving 7 x 7 in imageSaving 7 x 7 in imageSaving 7 x 7 in imageSaving 7 x 7 in imageClient error: (429) Too Many Requests (RFC 6585)
Saving 7 x 7 in imageSaving 7 x 7 in imageSaving 7 x 7 in imageSaving 7 x 7 in imageSaving 7 x 7 in imageSaving 7 x 7 in imageSaving 7 x 7 in imageSaving 7 x 7 in imageSaving 7 x 7 in imageSaving 7 x 7 in imageSaving 7 x 7 in imageSaving 7 x 7 in imageSaving 7 x 7 in imageSaving 7 x 7 in imageSaving 7 x 7 in imageSaving 7 x 7 in imageSaving 7 x 7 in imageSaving 7 x 7 in imageSaving 7 x 7 in imageSaving 7 x 7 in imageClient error: (429) Too Many Requests (RFC 6585)
Saving 7 x 7 in imageSaving 7 x 7 in imageSaving 7 x 7 in imageSaving 7 x 7 in imageSaving 7 x 7 in imageSaving 7 x 7 in imageSaving 7 x 7 in imageSaving 7 x 7 in imageSaving 7 x 7 in imageSaving 7 x 7 in imageSaving 7 x 7 in imageSaving 7 x 7 in imageSaving 7 x 7 in imageSaving 7 x 7 in imageSaving 7 x 7 in imageSaving 7 x 7 in imageSaving 7 x 7 in imageSaving 7 x 7 in imageSaving 7 x 7 in imageSaving 7 x 7 in imageSaving 7 x 7 in imageSaving 7 x 7 in imageSaving 7 x 7 in imageSaving 7 x 7 in imageSaving 7 x 7 in imageClient error: (429) Too Many Requests (RFC 6585)
Saving 7 x 7 in imageSaving 7 x 7 in imageSaving 7 x 7 in imageSaving 7 x 7 in imageSaving 7 x 7 in imageSaving 7 x 7 in imageSaving 7 x 7 in imageSaving 7 x 7 in imageSaving 7 x 7 in imageSaving 7 x 7 in imageSaving 7 x 7 in imageSaving 7 x 7 in imageSaving 7 x 7 in imageSaving 7 x 7 in imageSaving 7 x 7 in imageSaving 7 x 7 in imageSaving 7 x 7 in imageSaving 7 x 7 in imageSaving 7 x 7 in imageSaving 7 x 7 in imageSaving 7 x 7 in imageSaving 7 x 7 in imageSaving 7 x 7 in imageSaving 7 x 7 in imageSaving 7 x 7 in imageSaving 7 x 7 in imageSaving 7 x 7 in imageSaving 7 x 7 in imageSaving 7 x 7 in imageSaving 7 x 7 in imageClient error: (429) Too Many Requests (RFC 6585)
Saving 7 x 7 in imageSaving 7 x 7 in imageSaving 7 x 7 in imageSaving 7 x 7 in imageSaving 7 x 7 in imageSaving 7 x 7 in imageSaving 7 x 7 in imageSaving 7 x 7 in imageSaving 7 x 7 in imageSaving 7 x 7 in imageSaving 7 x 7 in imageSaving 7 x 7 in imageSaving 7 x 7 in imageSaving 7 x 7 in imageSaving 7 x 7 in imageClient error: (429) Too Many Requests (RFC 6585)
Saving 7 x 7 in imageSaving 7 x 7 in imageSaving 7 x 7 in imageSaving 7 x 7 in imageSaving 7 x 7 in imageSaving 7 x 7 in imageSaving 7 x 7 in imageSaving 7 x 7 in imageSaving 7 x 7 in imageSaving 7 x 7 in imageSaving 7 x 7 in imageSaving 7 x 7 in imageSaving 7 x 7 in imageSaving 7 x 7 in imageSaving 7 x 7 in imageSaving 7 x 7 in imageSaving 7 x 7 in imageSaving 7 x 7 in imageSaving 7 x 7 in imageSaving 7 x 7 in imageClient error: (429) Too Many Requests (RFC 6585)
Saving 7 x 7 in imageSaving 7 x 7 in imageSaving 7 x 7 in imageSaving 7 x 7 in imageSaving 7 x 7 in imageSaving 7 x 7 in imageSaving 7 x 7 in imageSaving 7 x 7 in imageSaving 7 x 7 in imageSaving 7 x 7 in imageSaving 7 x 7 in imageSaving 7 x 7 in imageSaving 7 x 7 in imageSaving 7 x 7 in imageSaving 7 x 7 in imageSaving 7 x 7 in imageSaving 7 x 7 in imageSaving 7 x 7 in imageSaving 7 x 7 in imageSaving 7 x 7 in imageSaving 7 x 7 in imageSaving 7 x 7 in imageSaving 7 x 7 in imageSaving 7 x 7 in imageSaving 7 x 7 in imageSaving 7 x 7 in imageSaving 7 x 7 in imageSaving 7 x 7 in imageSaving 7 x 7 in imageSaving 7 x 7 in imageSaving 7 x 7 in imageSaving 7 x 7 in imageSaving 7 x 7 in imageSaving 7 x 7 in imageSaving 7 x 7 in imageSaving 7 x 7 in imageSaving 7 x 7 in imageSaving 7 x 7 in imageSaving 7 x 7 in imageSaving 7 x 7 in imageSaving 7 x 7 in imageSaving 7 x 7 in imageSaving 7 x 7 in imageSaving 7 x 7 in imageSaving 7 x 7 in imageRunning enrichment for: RFX4 
Uploading data to Enrichr... Done.
  Querying GO_Biological_Process_2025... Done.
  Querying GO_Molecular_Function_2025... Done.
  Querying GO_Cellular_Component_2025... Done.
  Querying KEGG_2021_Human... Done.
  Querying Reactome_Pathways_2024... Done.
Parsing results... Done.
Enrichment for RFX4 done.
Running enrichment for: RFX5 
Uploading data to Enrichr... Done.
  Querying GO_Biological_Process_2025... Done.
  Querying GO_Molecular_Function_2025... Done.
  Querying GO_Cellular_Component_2025... Done.
  Querying KEGG_2021_Human... Done.
  Querying Reactome_Pathways_2024... Done.
Parsing results... Done.
Enrichment for RFX5 done.
Running enrichment for: RFX8 
Uploading data to Enrichr... Done.
  Querying GO_Biological_Process_2025... Done.
  Querying GO_Molecular_Function_2025... Done.
  Querying GO_Cellular_Component_2025... Done.
  Querying KEGG_2021_Human... Done.
  Querying Reactome_Pathways_2024... Done.
Parsing results... Done.
Enrichment for RFX8 done.
Running enrichment for: RORA 
Uploading data to Enrichr... Done.
  Querying GO_Biological_Process_2025... Done.
  Querying GO_Molecular_Function_2025... Done.
  Querying GO_Cellular_Component_2025... Done.
  Querying KEGG_2021_Human... Done.
  Querying Reactome_Pathways_2024... Done.
Parsing results... Done.
Enrichment for RORA done.
Running enrichment for: RORB 
Uploading data to Enrichr... Done.
  Querying GO_Biological_Process_2025... Done.
  Querying GO_Molecular_Function_2025... Done.
  Querying GO_Cellular_Component_2025... Done.
  Querying KEGG_2021_Human... Done.
  Querying Reactome_Pathways_2024... Done.
Parsing results... Done.
Enrichment for RORB done.
Running enrichment for: RREB1 
Uploading data to Enrichr... Done.
  Querying GO_Biological_Process_2025... Done.
  Querying GO_Molecular_Function_2025... Done.
  Querying GO_Cellular_Component_2025... Done.
  Querying KEGG_2021_Human... Done.
  Querying Reactome_Pathways_2024... Done.
Parsing results... Done.
Enrichment for RREB1 done.
Running enrichment for: RUNX1 
Uploading data to Enrichr... Done.
  Querying GO_Biological_Process_2025... Done.
  Querying GO_Molecular_Function_2025... Done.
  Querying GO_Cellular_Component_2025... Done.
  Querying KEGG_2021_Human... Done.
  Querying Reactome_Pathways_2024... Done.
Parsing results... Done.
Enrichment for RUNX1 done.
Running enrichment for: RUNX2 
Uploading data to Enrichr... Done.
  Querying GO_Biological_Process_2025... Done.
  Querying GO_Molecular_Function_2025... Done.
  Querying GO_Cellular_Component_2025... Done.
  Querying KEGG_2021_Human... Done.
  Querying Reactome_Pathways_2024... Done.
Parsing results... Done.
Enrichment for RUNX2 done.
Running enrichment for: RXRG 
Uploading data to Enrichr... Done.
  Querying GO_Biological_Process_2025... Done.
  Querying GO_Molecular_Function_2025... Done.
  Querying GO_Cellular_Component_2025... Done.
  Querying KEGG_2021_Human... Done.
  Querying Reactome_Pathways_2024... Done.
Parsing results... Done.
Enrichment for RXRG done.
Running enrichment for: SALL1 
Uploading data to Enrichr... Done.
  Querying GO_Biological_Process_2025... Done.
  Querying GO_Molecular_Function_2025... Done.
  Querying GO_Cellular_Component_2025... Done.
  Querying KEGG_2021_Human... Done.
  Querying Reactome_Pathways_2024... Done.
Parsing results... Done.
Enrichment for SALL1 done.
Running enrichment for: SALL3 
Uploading data to Enrichr... Done.
  Querying GO_Biological_Process_2025... Done.
  Querying GO_Molecular_Function_2025... Done.
  Querying GO_Cellular_Component_2025... Done.
  Querying KEGG_2021_Human... Done.
  Querying Reactome_Pathways_2024... Done.
Parsing results... Done.
Enrichment for SALL3 done.
Running enrichment for: SATB1 
Uploading data to Enrichr... Done.
  Querying GO_Biological_Process_2025... Done.
  Querying GO_Molecular_Function_2025... Done.
  Querying GO_Cellular_Component_2025... Done.
  Querying KEGG_2021_Human... Done.
  Querying Reactome_Pathways_2024... Done.
Parsing results... Done.
Enrichment for SATB1 done.
Running enrichment for: SIX1 
Uploading data to Enrichr... Done.
  Querying GO_Biological_Process_2025... Done.
  Querying GO_Molecular_Function_2025... Done.
  Querying GO_Cellular_Component_2025... Done.
  Querying KEGG_2021_Human... Done.
  Querying Reactome_Pathways_2024... Done.
Parsing results... Done.
Enrichment for SIX1 done.
Running enrichment for: SIX5 
Uploading data to Enrichr... Done.
  Querying GO_Biological_Process_2025... Done.
  Querying GO_Molecular_Function_2025... Done.
  Querying GO_Cellular_Component_2025... Done.
  Querying KEGG_2021_Human... Done.
  Querying Reactome_Pathways_2024... Done.
Parsing results... Done.
Enrichment for SIX5 done.
Running enrichment for: SKI 
Uploading data to Enrichr... Done.
  Querying GO_Biological_Process_2025... Done.
  Querying GO_Molecular_Function_2025... Done.
  Querying GO_Cellular_Component_2025... Done.
  Querying KEGG_2021_Human... Done.
  Querying Reactome_Pathways_2024... Done.
Parsing results... Done.
Enrichment for SKI done.
Running enrichment for: SLC2A4RG 
Uploading data to Enrichr... Done.
  Querying GO_Biological_Process_2025... Done.
  Querying GO_Molecular_Function_2025... Done.
  Querying GO_Cellular_Component_2025... Done.
  Querying KEGG_2021_Human... Done.
  Querying Reactome_Pathways_2024... Done.
Parsing results... Done.
Enrichment for SLC2A4RG done.
Running enrichment for: SNAI1 
Uploading data to Enrichr... Done.
  Querying GO_Biological_Process_2025... Done.
  Querying GO_Molecular_Function_2025... Done.
  Querying GO_Cellular_Component_2025... Done.
  Querying KEGG_2021_Human... Done.
  Querying Reactome_Pathways_2024... Done.
Parsing results... Done.
Enrichment for SNAI1 done.
Running enrichment for: SNAI2 
Uploading data to Enrichr... Done.
  Querying GO_Biological_Process_2025... Done.
  Querying GO_Molecular_Function_2025... Done.
  Querying GO_Cellular_Component_2025... Done.
  Querying KEGG_2021_Human... Done.
  Querying Reactome_Pathways_2024... Done.
Parsing results... Done.
Enrichment for SNAI2 done.
Running enrichment for: SNAI3 
Uploading data to Enrichr... Done.
  Querying GO_Biological_Process_2025... Done.
  Querying GO_Molecular_Function_2025... Done.
  Querying GO_Cellular_Component_2025... Done.
  Querying KEGG_2021_Human... Done.
  Querying Reactome_Pathways_2024... Done.
Parsing results... Done.
Enrichment for SNAI3 done.
Running enrichment for: SOX10 
Uploading data to Enrichr... Done.
  Querying GO_Biological_Process_2025... Done.
  Querying GO_Molecular_Function_2025... Done.
  Querying GO_Cellular_Component_2025... Done.
  Querying KEGG_2021_Human... Done.
  Querying Reactome_Pathways_2024... Done.
Parsing results... Done.
Enrichment for SOX10 done.
Running enrichment for: SOX11 
Uploading data to Enrichr... Done.
  Querying GO_Biological_Process_2025... Done.
  Querying GO_Molecular_Function_2025... Done.
  Querying GO_Cellular_Component_2025... Done.
  Querying KEGG_2021_Human... Done.
  Querying Reactome_Pathways_2024... Done.
Parsing results... Done.
Enrichment for SOX11 done.
Running enrichment for: SOX15 
Uploading data to Enrichr... Done.
  Querying GO_Biological_Process_2025... Done.
  Querying GO_Molecular_Function_2025... Done.
  Querying GO_Cellular_Component_2025... Done.
  Querying KEGG_2021_Human... Done.
  Querying Reactome_Pathways_2024... Done.
Parsing results... Done.
Enrichment for SOX15 done.
Running enrichment for: SOX17 
Uploading data to Enrichr... Done.
  Querying GO_Biological_Process_2025... Done.
  Querying GO_Molecular_Function_2025... Done.
  Querying GO_Cellular_Component_2025... Done.
  Querying KEGG_2021_Human... Done.
  Querying Reactome_Pathways_2024... Done.
Parsing results... Done.
Enrichment for SOX17 done.
Running enrichment for: SOX21 
Uploading data to Enrichr... Done.
  Querying GO_Biological_Process_2025... Done.
  Querying GO_Molecular_Function_2025... Done.
  Querying GO_Cellular_Component_2025... Done.
  Querying KEGG_2021_Human... Done.
  Querying Reactome_Pathways_2024... Done.
Parsing results... Done.
Enrichment for SOX21 done.
Running enrichment for: SOX4 
Uploading data to Enrichr... Done.
  Querying GO_Biological_Process_2025... Done.
  Querying GO_Molecular_Function_2025... Done.
  Querying GO_Cellular_Component_2025... Done.
  Querying KEGG_2021_Human... Done.
  Querying Reactome_Pathways_2024... Done.
Parsing results... Done.
Enrichment for SOX4 done.
Running enrichment for: SOX6 
Uploading data to Enrichr... Done.
  Querying GO_Biological_Process_2025... Done.
  Querying GO_Molecular_Function_2025... Done.
  Querying GO_Cellular_Component_2025... Done.
  Querying KEGG_2021_Human... Done.
  Querying Reactome_Pathways_2024... Done.
Parsing results... Done.
Enrichment for SOX6 done.
Running enrichment for: SOX8 
Uploading data to Enrichr... Done.
  Querying GO_Biological_Process_2025... Done.
  Querying GO_Molecular_Function_2025... Done.
  Querying GO_Cellular_Component_2025... Done.
  Querying KEGG_2021_Human... Done.
  Querying Reactome_Pathways_2024... Done.
Parsing results... Done.
Enrichment for SOX8 done.
Running enrichment for: SOX9 
Uploading data to Enrichr... Done.
  Querying GO_Biological_Process_2025... Done.
  Querying GO_Molecular_Function_2025... Done.
  Querying GO_Cellular_Component_2025... Done.
  Querying KEGG_2021_Human... Done.
  Querying Reactome_Pathways_2024... Done.
Parsing results... Done.
Enrichment for SOX9 done.
Running enrichment for: SP100 
Uploading data to Enrichr... Done.
  Querying GO_Biological_Process_2025... Done.
  Querying GO_Molecular_Function_2025... Done.
  Querying GO_Cellular_Component_2025... Done.
  Querying KEGG_2021_Human... Done.
  Querying Reactome_Pathways_2024... Done.
Parsing results... Done.
Enrichment for SP100 done.
Running enrichment for: SP110 
Uploading data to Enrichr... Done.
  Querying GO_Biological_Process_2025... Done.
  Querying GO_Molecular_Function_2025... Done.
  Querying GO_Cellular_Component_2025... Done.
  Querying KEGG_2021_Human... Done.
  Querying Reactome_Pathways_2024... Done.
Parsing results... Done.
Enrichment for SP110 done.
Running enrichment for: SP140L 
Uploading data to Enrichr... Done.
  Querying GO_Biological_Process_2025... Done.
  Querying GO_Molecular_Function_2025... Done.
  Querying GO_Cellular_Component_2025... Done.
  Querying KEGG_2021_Human... Done.
  Querying Reactome_Pathways_2024... Done.
Parsing results... Done.
Enrichment for SP140L done.
Running enrichment for: SP2 
Uploading data to Enrichr... Done.
  Querying GO_Biological_Process_2025... Done.
  Querying GO_Molecular_Function_2025... Done.
  Querying GO_Cellular_Component_2025... Done.
  Querying KEGG_2021_Human... Done.
  Querying Reactome_Pathways_2024... Done.
Parsing results... Done.
Enrichment for SP2 done.
Running enrichment for: SP3 
Uploading data to Enrichr... Done.
  Querying GO_Biological_Process_2025... Done.
  Querying GO_Molecular_Function_2025... Done.
  Querying GO_Cellular_Component_2025... Done.
  Querying KEGG_2021_Human... Done.
  Querying Reactome_Pathways_2024... Done.
Parsing results... Done.
Enrichment for SP3 done.
Running enrichment for: SP4 
Uploading data to Enrichr... Done.
  Querying GO_Biological_Process_2025... Done.
  Querying GO_Molecular_Function_2025... Done.
  Querying GO_Cellular_Component_2025... Done.
  Querying KEGG_2021_Human... Done.
  Querying Reactome_Pathways_2024... Done.
Parsing results... Done.
Enrichment for SP4 done.
Running enrichment for: SPI1 
Uploading data to Enrichr... Done.
  Querying GO_Biological_Process_2025... Done.
  Querying GO_Molecular_Function_2025... Done.
  Querying GO_Cellular_Component_2025... Done.
  Querying KEGG_2021_Human... Done.
  Querying Reactome_Pathways_2024... Done.
Parsing results... Done.
Enrichment for SPI1 done.
Running enrichment for: SRF 
Uploading data to Enrichr... Done.
  Querying GO_Biological_Process_2025... Done.
  Querying GO_Molecular_Function_2025... Done.
  Querying GO_Cellular_Component_2025... Done.
  Querying KEGG_2021_Human... Done.
  Querying Reactome_Pathways_2024... Done.
Parsing results... Done.
Enrichment for SRF done.
Running enrichment for: ST18 
Uploading data to Enrichr... Done.
  Querying GO_Biological_Process_2025... Done.
  Querying GO_Molecular_Function_2025... Done.
  Querying GO_Cellular_Component_2025... Done.
  Querying KEGG_2021_Human... Done.
  Querying Reactome_Pathways_2024... Done.
Parsing results... Done.
Enrichment for ST18 done.
Running enrichment for: STAT1 
Uploading data to Enrichr... Done.
  Querying GO_Biological_Process_2025... Done.
  Querying GO_Molecular_Function_2025... Done.
  Querying GO_Cellular_Component_2025... Done.
  Querying KEGG_2021_Human... Done.
  Querying Reactome_Pathways_2024... Done.
Parsing results... Done.
Enrichment for STAT1 done.
Running enrichment for: STAT2 
Uploading data to Enrichr... Done.
  Querying GO_Biological_Process_2025... Done.
  Querying GO_Molecular_Function_2025... Done.
  Querying GO_Cellular_Component_2025... Done.
  Querying KEGG_2021_Human... Done.
  Querying Reactome_Pathways_2024... Done.
Parsing results... Done.
Enrichment for STAT2 done.
Running enrichment for: STAT3 
Uploading data to Enrichr... Done.
  Querying GO_Biological_Process_2025... Done.
  Querying GO_Molecular_Function_2025... Done.
  Querying GO_Cellular_Component_2025... Done.
  Querying KEGG_2021_Human... Done.
  Querying Reactome_Pathways_2024... Done.
Parsing results... Done.
Enrichment for STAT3 done.
Running enrichment for: STAT6 
Uploading data to Enrichr... Done.
  Querying GO_Biological_Process_2025... Done.
  Querying GO_Molecular_Function_2025... Done.
  Querying GO_Cellular_Component_2025... Done.
  Querying KEGG_2021_Human... Done.
  Querying Reactome_Pathways_2024... Done.
Parsing results... Done.
Enrichment for STAT6 done.
Running enrichment for: STOX2 
Uploading data to Enrichr... Done.
  Querying GO_Biological_Process_2025... Done.
  Querying GO_Molecular_Function_2025... Done.
  Querying GO_Cellular_Component_2025... Done.
  Querying KEGG_2021_Human... Done.
  Querying Reactome_Pathways_2024... Done.
Parsing results... Done.
Enrichment for STOX2 done.
Running enrichment for: TAL1 
Uploading data to Enrichr... Done.
  Querying GO_Biological_Process_2025... Done.
  Querying GO_Molecular_Function_2025... Done.
  Querying GO_Cellular_Component_2025... Done.
  Querying KEGG_2021_Human... Done.
  Querying Reactome_Pathways_2024... Done.
Parsing results... Done.
Enrichment for TAL1 done.
Running enrichment for: TBX1 
Uploading data to Enrichr... Done.
  Querying GO_Biological_Process_2025... Done.
  Querying GO_Molecular_Function_2025... Done.
  Querying GO_Cellular_Component_2025... Done.
  Querying KEGG_2021_Human... Done.
  Querying Reactome_Pathways_2024... Done.
Parsing results... Done.
Enrichment for TBX1 done.
Running enrichment for: TBX18 
Uploading data to Enrichr... Done.
  Querying GO_Biological_Process_2025... Done.
  Querying GO_Molecular_Function_2025... Done.
  Querying GO_Cellular_Component_2025... Done.
  Querying KEGG_2021_Human... Done.
  Querying Reactome_Pathways_2024... Done.
Parsing results... Done.
Enrichment for TBX18 done.
Running enrichment for: TBX3 
Uploading data to Enrichr... Done.
  Querying GO_Biological_Process_2025... Done.
  Querying GO_Molecular_Function_2025... Done.
  Querying GO_Cellular_Component_2025... Done.
  Querying KEGG_2021_Human... Done.
  Querying Reactome_Pathways_2024... Done.
Parsing results... Done.
Enrichment for TBX3 done.
Running enrichment for: TCF4 
Uploading data to Enrichr... Done.
  Querying GO_Biological_Process_2025... Done.
  Querying GO_Molecular_Function_2025... Done.
  Querying GO_Cellular_Component_2025... Done.
  Querying KEGG_2021_Human... Done.
  Querying Reactome_Pathways_2024... Done.
Parsing results... Done.
Enrichment for TCF4 done.
Running enrichment for: TCF7L1 
Uploading data to Enrichr... Done.
  Querying GO_Biological_Process_2025... Done.
  Querying GO_Molecular_Function_2025... Done.
  Querying GO_Cellular_Component_2025... Done.
  Querying KEGG_2021_Human... Done.
  Querying Reactome_Pathways_2024... Done.
Parsing results... Done.
Enrichment for TCF7L1 done.
Running enrichment for: TCF7L2 
Uploading data to Enrichr... Done.
  Querying GO_Biological_Process_2025... Done.
  Querying GO_Molecular_Function_2025... Done.
  Querying GO_Cellular_Component_2025... Done.
  Querying KEGG_2021_Human... Done.
  Querying Reactome_Pathways_2024... Done.
Parsing results... Done.
Enrichment for TCF7L2 done.
Running enrichment for: TEAD2 
Uploading data to Enrichr... Done.
  Querying GO_Biological_Process_2025... Done.
  Querying GO_Molecular_Function_2025... Done.
  Querying GO_Cellular_Component_2025... Done.
  Querying KEGG_2021_Human... Done.
  Querying Reactome_Pathways_2024... Done.
Parsing results... Done.
Enrichment for TEAD2 done.
Running enrichment for: TEAD3 
Uploading data to Enrichr... Done.
  Querying GO_Biological_Process_2025... Done.
  Querying GO_Molecular_Function_2025... Done.
  Querying GO_Cellular_Component_2025... Done.
  Querying KEGG_2021_Human... Done.
  Querying Reactome_Pathways_2024... Done.
Parsing results... Done.
Enrichment for TEAD3 done.
Running enrichment for: TFAP2E 
Uploading data to Enrichr... Done.
  Querying GO_Biological_Process_2025... Done.
  Querying GO_Molecular_Function_2025... Done.
  Querying GO_Cellular_Component_2025... Done.
  Querying KEGG_2021_Human... Done.
  Querying Reactome_Pathways_2024... Done.
Parsing results... Done.
Enrichment for TFAP2E done.
Running enrichment for: TFAP4 
Uploading data to Enrichr... Done.
  Querying GO_Biological_Process_2025... Done.
  Querying GO_Molecular_Function_2025... Done.
  Querying GO_Cellular_Component_2025... Done.
  Querying KEGG_2021_Human... Done.
  Querying Reactome_Pathways_2024... Done.
Parsing results... Done.
Enrichment for TFAP4 done.
Running enrichment for: TFCP2L1 
Uploading data to Enrichr... Done.
  Querying GO_Biological_Process_2025... Done.
  Querying GO_Molecular_Function_2025... Done.
  Querying GO_Cellular_Component_2025... Done.
  Querying KEGG_2021_Human... Done.
  Querying Reactome_Pathways_2024... Done.
Parsing results... Done.
Enrichment for TFCP2L1 done.
Running enrichment for: TFEB 
Uploading data to Enrichr... Done.
  Querying GO_Biological_Process_2025... Done.
  Querying GO_Molecular_Function_2025... Done.
  Querying GO_Cellular_Component_2025... Done.
  Querying KEGG_2021_Human... Done.
  Querying Reactome_Pathways_2024... Done.
Parsing results... Done.
Enrichment for TFEB done.
Running enrichment for: TFEC 
Uploading data to Enrichr... Done.
  Querying GO_Biological_Process_2025... Done.
  Querying GO_Molecular_Function_2025... Done.
  Querying GO_Cellular_Component_2025... Done.
  Querying KEGG_2021_Human... Done.
  Querying Reactome_Pathways_2024... Done.
Parsing results... Done.
Enrichment for TFEC done.
Running enrichment for: THRA 
Uploading data to Enrichr... Done.
  Querying GO_Biological_Process_2025... Done.
  Querying GO_Molecular_Function_2025... Done.
  Querying GO_Cellular_Component_2025... Done.
  Querying KEGG_2021_Human... Done.
  Querying Reactome_Pathways_2024... Done.
Parsing results... Done.
Enrichment for THRA done.
Running enrichment for: USF1 
Uploading data to Enrichr... Done.
  Querying GO_Biological_Process_2025... Done.
  Querying GO_Molecular_Function_2025... Done.
  Querying GO_Cellular_Component_2025... Done.
  Querying KEGG_2021_Human... Done.
  Querying Reactome_Pathways_2024... Done.
Parsing results... Done.
Enrichment for USF1 done.
Running enrichment for: VDR 
Uploading data to Enrichr... Done.
  Querying GO_Biological_Process_2025... Done.
  Querying GO_Molecular_Function_2025... Done.
  Querying GO_Cellular_Component_2025... Done.
  Querying KEGG_2021_Human... Done.
  Querying Reactome_Pathways_2024... Done.
Parsing results... Done.
Enrichment for VDR done.
Running enrichment for: VENTX 
Uploading data to Enrichr... Done.
  Querying GO_Biological_Process_2025... Done.
  Querying GO_Molecular_Function_2025... Done.
  Querying GO_Cellular_Component_2025... Done.
  Querying KEGG_2021_Human... Done.
  Querying Reactome_Pathways_2024... Done.
Parsing results... Done.
Enrichment for VENTX done.
Running enrichment for: ZBED1 
Uploading data to Enrichr... Done.
  Querying GO_Biological_Process_2025... Done.
  Querying GO_Molecular_Function_2025... Done.
  Querying GO_Cellular_Component_2025... Done.
  Querying KEGG_2021_Human... Done.
  Querying Reactome_Pathways_2024... Done.
Parsing results... Done.
Enrichment for ZBED1 done.
Running enrichment for: ZBED3 
Uploading data to Enrichr... Done.
  Querying GO_Biological_Process_2025... Done.
  Querying GO_Molecular_Function_2025... Done.
  Querying GO_Cellular_Component_2025... Done.
  Querying KEGG_2021_Human... Done.
  Querying Reactome_Pathways_2024... Done.
Parsing results... Done.
Enrichment for ZBED3 done.
Running enrichment for: ZBTB12 
Uploading data to Enrichr... Done.
  Querying GO_Biological_Process_2025... Done.
  Querying GO_Molecular_Function_2025... Done.
  Querying GO_Cellular_Component_2025... Done.
  Querying KEGG_2021_Human... Done.
  Querying Reactome_Pathways_2024... Done.
Parsing results... Done.
Enrichment for ZBTB12 done.
Running enrichment for: ZBTB17 
Uploading data to Enrichr... Done.
  Querying GO_Biological_Process_2025... Done.
  Querying GO_Molecular_Function_2025... Done.
  Querying GO_Cellular_Component_2025... Done.
  Querying KEGG_2021_Human... Done.
  Querying Reactome_Pathways_2024... Done.
Parsing results... Done.
Enrichment for ZBTB17 done.
Running enrichment for: ZBTB18 
Uploading data to Enrichr... Done.
  Querying GO_Biological_Process_2025... Done.
  Querying GO_Molecular_Function_2025... Done.
  Querying GO_Cellular_Component_2025... Done.
  Querying KEGG_2021_Human... Done.
  Querying Reactome_Pathways_2024... Done.
Parsing results... Done.
Enrichment for ZBTB18 done.
Running enrichment for: ZBTB38 
Uploading data to Enrichr... Done.
  Querying GO_Biological_Process_2025... Done.
  Querying GO_Molecular_Function_2025... Done.
  Querying GO_Cellular_Component_2025... Done.
  Querying KEGG_2021_Human... Done.
  Querying Reactome_Pathways_2024... Done.
Parsing results... Done.
Enrichment for ZBTB38 done.
Running enrichment for: ZBTB39 
Uploading data to Enrichr... Done.
  Querying GO_Biological_Process_2025... Done.
  Querying GO_Molecular_Function_2025... Done.
  Querying GO_Cellular_Component_2025... Done.
  Querying KEGG_2021_Human... Done.
  Querying Reactome_Pathways_2024... Done.
Parsing results... Done.
Enrichment for ZBTB39 done.
Running enrichment for: ZBTB40 
Uploading data to Enrichr... Done.
  Querying GO_Biological_Process_2025... Done.
  Querying GO_Molecular_Function_2025... Done.
  Querying GO_Cellular_Component_2025... Done.
  Querying KEGG_2021_Human... Done.
  Querying Reactome_Pathways_2024... Done.
Parsing results... Done.
Enrichment for ZBTB40 done.
Running enrichment for: ZBTB45 
Uploading data to Enrichr... Done.
  Querying GO_Biological_Process_2025... Done.
  Querying GO_Molecular_Function_2025... Done.
  Querying GO_Cellular_Component_2025... Done.
  Querying KEGG_2021_Human... Done.
  Querying Reactome_Pathways_2024... Done.
Parsing results... Done.
Enrichment for ZBTB45 done.
Running enrichment for: ZBTB47 
Uploading data to Enrichr... Done.
  Querying GO_Biological_Process_2025... Done.
  Querying GO_Molecular_Function_2025... Done.
  Querying GO_Cellular_Component_2025... Done.
  Querying KEGG_2021_Human... Done.
  Querying Reactome_Pathways_2024... Done.
Parsing results... Done.
Enrichment for ZBTB47 done.
Running enrichment for: ZBTB5 
Uploading data to Enrichr... Done.
  Querying GO_Biological_Process_2025... Done.
  Querying GO_Molecular_Function_2025... Done.
  Querying GO_Cellular_Component_2025... Done.
  Querying KEGG_2021_Human... Done.
  Querying Reactome_Pathways_2024... Done.
Parsing results... Done.
Enrichment for ZBTB5 done.
Running enrichment for: ZBTB6 
Uploading data to Enrichr... Done.
  Querying GO_Biological_Process_2025... Done.
  Querying GO_Molecular_Function_2025... Done.
  Querying GO_Cellular_Component_2025... Done.
  Querying KEGG_2021_Human... Done.
  Querying Reactome_Pathways_2024... Done.
Parsing results... Done.
Enrichment for ZBTB6 done.
Running enrichment for: ZBTB7A 
Uploading data to Enrichr... Done.
  Querying GO_Biological_Process_2025... Done.
  Querying GO_Molecular_Function_2025... Done.
  Querying GO_Cellular_Component_2025... Done.
  Querying KEGG_2021_Human... Done.
  Querying Reactome_Pathways_2024... Done.
Parsing results... Done.
Enrichment for ZBTB7A done.
Running enrichment for: ZBTB7B 
Uploading data to Enrichr... Done.
  Querying GO_Biological_Process_2025... Done.
  Querying GO_Molecular_Function_2025... Done.
  Querying GO_Cellular_Component_2025... Done.
  Querying KEGG_2021_Human... Done.
  Querying Reactome_Pathways_2024... Done.
Parsing results... Done.
Enrichment for ZBTB7B done.
Running enrichment for: ZBTB7C 
Uploading data to Enrichr... Done.
  Querying GO_Biological_Process_2025... Done.
  Querying GO_Molecular_Function_2025... Done.
  Querying GO_Cellular_Component_2025... Done.
  Querying KEGG_2021_Human... Done.
  Querying Reactome_Pathways_2024... Done.
Parsing results... Done.
Enrichment for ZBTB7C done.
Running enrichment for: ZBTB8B 
Uploading data to Enrichr... Done.
  Querying GO_Biological_Process_2025... Done.
  Querying GO_Molecular_Function_2025... Done.
  Querying GO_Cellular_Component_2025... Done.
  Querying KEGG_2021_Human... Done.
  Querying Reactome_Pathways_2024... Done.
Parsing results... Done.
Enrichment for ZBTB8B done.
Client error: (429) Too Many Requests (RFC 6585)
Saving 7 x 7 in imageSaving 7 x 7 in imageSaving 7 x 7 in imageSaving 7 x 7 in imageSaving 7 x 7 in imageSaving 7 x 7 in imageSaving 7 x 7 in imageSaving 7 x 7 in imageSaving 7 x 7 in imageSaving 7 x 7 in imageSaving 7 x 7 in imageSaving 7 x 7 in imageSaving 7 x 7 in imageSaving 7 x 7 in imageSaving 7 x 7 in imageSaving 7 x 7 in imageSaving 7 x 7 in imageSaving 7 x 7 in imageSaving 7 x 7 in imageSaving 7 x 7 in imageClient error: (429) Too Many Requests (RFC 6585)
Saving 7 x 7 in imageSaving 7 x 7 in imageSaving 7 x 7 in imageSaving 7 x 7 in imageSaving 7 x 7 in imageSaving 7 x 7 in imageSaving 7 x 7 in imageSaving 7 x 7 in imageSaving 7 x 7 in imageSaving 7 x 7 in imageSaving 7 x 7 in imageSaving 7 x 7 in imageSaving 7 x 7 in imageSaving 7 x 7 in imageSaving 7 x 7 in imageSaving 7 x 7 in imageSaving 7 x 7 in imageSaving 7 x 7 in imageSaving 7 x 7 in imageSaving 7 x 7 in imageSaving 7 x 7 in imageSaving 7 x 7 in imageSaving 7 x 7 in imageSaving 7 x 7 in imageSaving 7 x 7 in imageClient error: (429) Too Many Requests (RFC 6585)
Saving 7 x 7 in imageSaving 7 x 7 in imageSaving 7 x 7 in imageSaving 7 x 7 in imageSaving 7 x 7 in imageSaving 7 x 7 in imageSaving 7 x 7 in imageSaving 7 x 7 in imageSaving 7 x 7 in imageSaving 7 x 7 in imageSaving 7 x 7 in imageSaving 7 x 7 in imageSaving 7 x 7 in imageSaving 7 x 7 in imageSaving 7 x 7 in imageSaving 7 x 7 in imageSaving 7 x 7 in imageSaving 7 x 7 in imageSaving 7 x 7 in imageSaving 7 x 7 in imageClient error: (429) Too Many Requests (RFC 6585)
Saving 7 x 7 in imageSaving 7 x 7 in imageSaving 7 x 7 in imageSaving 7 x 7 in imageSaving 7 x 7 in imageSaving 7 x 7 in imageSaving 7 x 7 in imageSaving 7 x 7 in imageSaving 7 x 7 in imageSaving 7 x 7 in imageSaving 7 x 7 in imageSaving 7 x 7 in imageSaving 7 x 7 in imageSaving 7 x 7 in imageSaving 7 x 7 in imageSaving 7 x 7 in imageSaving 7 x 7 in imageSaving 7 x 7 in imageSaving 7 x 7 in imageSaving 7 x 7 in imageSaving 7 x 7 in imageSaving 7 x 7 in imageSaving 7 x 7 in imageSaving 7 x 7 in imageSaving 7 x 7 in imageSaving 7 x 7 in imageSaving 7 x 7 in imageSaving 7 x 7 in imageSaving 7 x 7 in imageSaving 7 x 7 in imageSaving 7 x 7 in imageSaving 7 x 7 in imageSaving 7 x 7 in imageSaving 7 x 7 in imageSaving 7 x 7 in imageSaving 7 x 7 in imageSaving 7 x 7 in imageSaving 7 x 7 in imageSaving 7 x 7 in imageSaving 7 x 7 in imageSaving 7 x 7 in imageSaving 7 x 7 in imageSaving 7 x 7 in imageSaving 7 x 7 in imageSaving 7 x 7 in imageSaving 7 x 7 in imageSaving 7 x 7 in imageSaving 7 x 7 in imageSaving 7 x 7 in imageSaving 7 x 7 in imageSaving 7 x 7 in imageSaving 7 x 7 in imageSaving 7 x 7 in imageSaving 7 x 7 in imageSaving 7 x 7 in imageClient error: (429) Too Many Requests (RFC 6585)
Saving 7 x 7 in imageSaving 7 x 7 in imageSaving 7 x 7 in imageSaving 7 x 7 in imageSaving 7 x 7 in imageSaving 7 x 7 in imageSaving 7 x 7 in imageSaving 7 x 7 in imageSaving 7 x 7 in imageSaving 7 x 7 in imageSaving 7 x 7 in imageSaving 7 x 7 in imageSaving 7 x 7 in imageSaving 7 x 7 in imageSaving 7 x 7 in imageSaving 7 x 7 in imageSaving 7 x 7 in imageSaving 7 x 7 in imageSaving 7 x 7 in imageSaving 7 x 7 in imageSaving 7 x 7 in imageSaving 7 x 7 in imageSaving 7 x 7 in imageSaving 7 x 7 in imageSaving 7 x 7 in imageSaving 7 x 7 in imageSaving 7 x 7 in imageSaving 7 x 7 in imageSaving 7 x 7 in imageSaving 7 x 7 in imageSaving 7 x 7 in imageSaving 7 x 7 in imageSaving 7 x 7 in imageSaving 7 x 7 in imageSaving 7 x 7 in imageSaving 7 x 7 in imageSaving 7 x 7 in imageSaving 7 x 7 in imageSaving 7 x 7 in imageSaving 7 x 7 in imageSaving 7 x 7 in imageSaving 7 x 7 in imageSaving 7 x 7 in imageSaving 7 x 7 in imageSaving 7 x 7 in imageSaving 7 x 7 in imageSaving 7 x 7 in imageSaving 7 x 7 in imageSaving 7 x 7 in imageSaving 7 x 7 in imageSaving 7 x 7 in imageSaving 7 x 7 in imageSaving 7 x 7 in imageSaving 7 x 7 in imageSaving 7 x 7 in imageSaving 7 x 7 in imageSaving 7 x 7 in imageSaving 7 x 7 in imageSaving 7 x 7 in imageSaving 7 x 7 in imageSaving 7 x 7 in imageSaving 7 x 7 in imageSaving 7 x 7 in imageSaving 7 x 7 in imageSaving 7 x 7 in imageSaving 7 x 7 in imageSaving 7 x 7 in imageSaving 7 x 7 in imageSaving 7 x 7 in imageSaving 7 x 7 in imageSaving 7 x 7 in imageSaving 7 x 7 in imageSaving 7 x 7 in imageSaving 7 x 7 in imageSaving 7 x 7 in imageSaving 7 x 7 in imageSaving 7 x 7 in imageSaving 7 x 7 in imageSaving 7 x 7 in imageSaving 7 x 7 in imageSaving 7 x 7 in imageSaving 7 x 7 in imageSaving 7 x 7 in imageSaving 7 x 7 in imageSaving 7 x 7 in imageSaving 7 x 7 in imageSaving 7 x 7 in imageSaving 7 x 7 in imageSaving 7 x 7 in imageSaving 7 x 7 in imageSaving 7 x 7 in imageSaving 7 x 7 in imageSaving 7 x 7 in imageSaving 7 x 7 in imageSaving 7 x 7 in imageSaving 7 x 7 in imageSaving 7 x 7 in imageSaving 7 x 7 in imageSaving 7 x 7 in imageSaving 7 x 7 in imageSaving 7 x 7 in imageSaving 7 x 7 in imageSaving 7 x 7 in imageSaving 7 x 7 in imageSaving 7 x 7 in imageSaving 7 x 7 in imageSaving 7 x 7 in imageSaving 7 x 7 in imageSaving 7 x 7 in imageSaving 7 x 7 in imageSaving 7 x 7 in imageSaving 7 x 7 in imageSaving 7 x 7 in imageSaving 7 x 7 in imageSaving 7 x 7 in imageSaving 7 x 7 in imageSaving 7 x 7 in imageSaving 7 x 7 in imageSaving 7 x 7 in imageSaving 7 x 7 in imageClient error: (429) Too Many Requests (RFC 6585)
Saving 7 x 7 in imageSaving 7 x 7 in imageSaving 7 x 7 in imageSaving 7 x 7 in imageSaving 7 x 7 in imageSaving 7 x 7 in imageSaving 7 x 7 in imageSaving 7 x 7 in imageSaving 7 x 7 in imageSaving 7 x 7 in imageSaving 7 x 7 in imageSaving 7 x 7 in imageSaving 7 x 7 in imageSaving 7 x 7 in imageSaving 7 x 7 in imageSaving 7 x 7 in imageSaving 7 x 7 in imageSaving 7 x 7 in imageSaving 7 x 7 in imageSaving 7 x 7 in imageSaving 7 x 7 in imageSaving 7 x 7 in imageSaving 7 x 7 in imageSaving 7 x 7 in imageSaving 7 x 7 in imageSaving 7 x 7 in imageSaving 7 x 7 in imageSaving 7 x 7 in imageSaving 7 x 7 in imageSaving 7 x 7 in imageSaving 7 x 7 in imageSaving 7 x 7 in imageSaving 7 x 7 in imageSaving 7 x 7 in imageSaving 7 x 7 in imageSaving 7 x 7 in imageSaving 7 x 7 in imageSaving 7 x 7 in imageSaving 7 x 7 in imageSaving 7 x 7 in imageSaving 7 x 7 in imageSaving 7 x 7 in imageSaving 7 x 7 in imageSaving 7 x 7 in imageSaving 7 x 7 in imageClient error: (429) Too Many Requests (RFC 6585)
Saving 7 x 7 in imageSaving 7 x 7 in imageSaving 7 x 7 in imageSaving 7 x 7 in imageSaving 7 x 7 in imageSaving 7 x 7 in imageSaving 7 x 7 in imageSaving 7 x 7 in imageSaving 7 x 7 in imageSaving 7 x 7 in imageClient error: (429) Too Many Requests (RFC 6585)
Saving 7 x 7 in imageSaving 7 x 7 in imageSaving 7 x 7 in imageSaving 7 x 7 in imageSaving 7 x 7 in imageSaving 7 x 7 in imageSaving 7 x 7 in imageSaving 7 x 7 in imageSaving 7 x 7 in imageSaving 7 x 7 in imageSaving 7 x 7 in imageSaving 7 x 7 in imageSaving 7 x 7 in imageSaving 7 x 7 in imageSaving 7 x 7 in imageSaving 7 x 7 in imageSaving 7 x 7 in imageSaving 7 x 7 in imageSaving 7 x 7 in imageSaving 7 x 7 in imageSaving 7 x 7 in imageSaving 7 x 7 in imageSaving 7 x 7 in imageSaving 7 x 7 in imageSaving 7 x 7 in imageSaving 7 x 7 in imageSaving 7 x 7 in imageSaving 7 x 7 in imageSaving 7 x 7 in imageSaving 7 x 7 in imageSaving 7 x 7 in imageSaving 7 x 7 in imageSaving 7 x 7 in imageSaving 7 x 7 in imageSaving 7 x 7 in imageSaving 7 x 7 in imageSaving 7 x 7 in imageSaving 7 x 7 in imageSaving 7 x 7 in imageSaving 7 x 7 in imageSaving 7 x 7 in imageSaving 7 x 7 in imageSaving 7 x 7 in imageSaving 7 x 7 in imageSaving 7 x 7 in imageClient error: (429) Too Many Requests (RFC 6585)
Saving 7 x 7 in imageSaving 7 x 7 in imageSaving 7 x 7 in imageSaving 7 x 7 in imageSaving 7 x 7 in imageSaving 7 x 7 in imageSaving 7 x 7 in imageSaving 7 x 7 in imageSaving 7 x 7 in imageSaving 7 x 7 in imageSaving 7 x 7 in imageSaving 7 x 7 in imageSaving 7 x 7 in imageSaving 7 x 7 in imageSaving 7 x 7 in imageSaving 7 x 7 in imageSaving 7 x 7 in imageSaving 7 x 7 in imageSaving 7 x 7 in imageSaving 7 x 7 in imageSaving 7 x 7 in imageSaving 7 x 7 in imageSaving 7 x 7 in imageSaving 7 x 7 in imageSaving 7 x 7 in imageSaving 7 x 7 in imageSaving 7 x 7 in imageSaving 7 x 7 in imageSaving 7 x 7 in imageSaving 7 x 7 in imageSaving 7 x 7 in imageSaving 7 x 7 in imageSaving 7 x 7 in imageSaving 7 x 7 in imageSaving 7 x 7 in imageSaving 7 x 7 in imageSaving 7 x 7 in imageSaving 7 x 7 in imageSaving 7 x 7 in imageSaving 7 x 7 in imageRunning enrichment for: ZC3H8 
Uploading data to Enrichr... Done.
  Querying GO_Biological_Process_2025... Done.
  Querying GO_Molecular_Function_2025... Done.
  Querying GO_Cellular_Component_2025... Done.
  Querying KEGG_2021_Human... Done.
  Querying Reactome_Pathways_2024... Done.
Parsing results... Done.
Enrichment for ZC3H8 done.
Running enrichment for: ZEB1 
Uploading data to Enrichr... Done.
  Querying GO_Biological_Process_2025... Done.
  Querying GO_Molecular_Function_2025... Done.
  Querying GO_Cellular_Component_2025... Done.
  Querying KEGG_2021_Human... Done.
  Querying Reactome_Pathways_2024... Done.
Parsing results... Done.
Enrichment for ZEB1 done.
Running enrichment for: ZFHX3 
Uploading data to Enrichr... Done.
  Querying GO_Biological_Process_2025... Done.
  Querying GO_Molecular_Function_2025... Done.
  Querying GO_Cellular_Component_2025... Done.
  Querying KEGG_2021_Human... Done.
  Querying Reactome_Pathways_2024... Done.
Parsing results... Done.
Enrichment for ZFHX3 done.
Running enrichment for: ZFHX4 
Uploading data to Enrichr... Done.
  Querying GO_Biological_Process_2025... Done.
  Querying GO_Molecular_Function_2025... Done.
  Querying GO_Cellular_Component_2025... Done.
  Querying KEGG_2021_Human... Done.
  Querying Reactome_Pathways_2024... Done.
Parsing results... Done.
Enrichment for ZFHX4 done.
Running enrichment for: ZFP2 
Uploading data to Enrichr... Done.
  Querying GO_Biological_Process_2025... Done.
  Querying GO_Molecular_Function_2025... Done.
  Querying GO_Cellular_Component_2025... Done.
  Querying KEGG_2021_Human... Done.
  Querying Reactome_Pathways_2024... Done.
Parsing results... Done.
Enrichment for ZFP2 done.
Running enrichment for: ZGPAT 
Uploading data to Enrichr... Done.
  Querying GO_Biological_Process_2025... Done.
  Querying GO_Molecular_Function_2025... Done.
  Querying GO_Cellular_Component_2025... Done.
  Querying KEGG_2021_Human... Done.
  Querying Reactome_Pathways_2024... Done.
Parsing results... Done.
Enrichment for ZGPAT done.
Running enrichment for: ZHX2 
Uploading data to Enrichr... Done.
  Querying GO_Biological_Process_2025... Done.
  Querying GO_Molecular_Function_2025... Done.
  Querying GO_Cellular_Component_2025... Done.
  Querying KEGG_2021_Human... Done.
  Querying Reactome_Pathways_2024... Done.
Parsing results... Done.
Enrichment for ZHX2 done.
Running enrichment for: ZHX3 
Uploading data to Enrichr... Done.
  Querying GO_Biological_Process_2025... Done.
  Querying GO_Molecular_Function_2025... Done.
  Querying GO_Cellular_Component_2025... Done.
  Querying KEGG_2021_Human... Done.
  Querying Reactome_Pathways_2024... Done.
Parsing results... Done.
Enrichment for ZHX3 done.
Running enrichment for: ZKSCAN2 
Uploading data to Enrichr... Done.
  Querying GO_Biological_Process_2025... Done.
  Querying GO_Molecular_Function_2025... Done.
  Querying GO_Cellular_Component_2025... Done.
  Querying KEGG_2021_Human... Done.
  Querying Reactome_Pathways_2024... Done.
Parsing results... Done.
Enrichment for ZKSCAN2 done.
Running enrichment for: ZKSCAN5 
Uploading data to Enrichr... Done.
  Querying GO_Biological_Process_2025... Done.
  Querying GO_Molecular_Function_2025... Done.
  Querying GO_Cellular_Component_2025... Done.
  Querying KEGG_2021_Human... Done.
  Querying Reactome_Pathways_2024... Done.
Parsing results... Done.
Enrichment for ZKSCAN5 done.
Running enrichment for: ZNF107 
Uploading data to Enrichr... Done.
  Querying GO_Biological_Process_2025... Done.
  Querying GO_Molecular_Function_2025... Done.
  Querying GO_Cellular_Component_2025... Done.
  Querying KEGG_2021_Human... Done.
  Querying Reactome_Pathways_2024... Done.
Parsing results... Done.
Enrichment for ZNF107 done.
Running enrichment for: ZNF112 
Uploading data to Enrichr... Done.
  Querying GO_Biological_Process_2025... Done.
  Querying GO_Molecular_Function_2025... Done.
  Querying GO_Cellular_Component_2025... Done.
  Querying KEGG_2021_Human... Done.
  Querying Reactome_Pathways_2024... Done.
Parsing results... Done.
Enrichment for ZNF112 done.
Running enrichment for: ZNF131 
Uploading data to Enrichr... Done.
  Querying GO_Biological_Process_2025... Done.
  Querying GO_Molecular_Function_2025... Done.
  Querying GO_Cellular_Component_2025... Done.
  Querying KEGG_2021_Human... Done.
  Querying Reactome_Pathways_2024... Done.
Parsing results... Done.
Enrichment for ZNF131 done.
Running enrichment for: ZNF134 
Uploading data to Enrichr... Done.
  Querying GO_Biological_Process_2025... Done.
  Querying GO_Molecular_Function_2025... Done.
  Querying GO_Cellular_Component_2025... Done.
  Querying KEGG_2021_Human... Done.
  Querying Reactome_Pathways_2024... Done.
Parsing results... Done.
Enrichment for ZNF134 done.
Running enrichment for: ZNF14 
Uploading data to Enrichr... Done.
  Querying GO_Biological_Process_2025... Done.
  Querying GO_Molecular_Function_2025... Done.
  Querying GO_Cellular_Component_2025... Done.
  Querying KEGG_2021_Human... Done.
  Querying Reactome_Pathways_2024... Done.
Parsing results... Done.
Enrichment for ZNF14 done.
Running enrichment for: ZNF141 
Uploading data to Enrichr... Done.
  Querying GO_Biological_Process_2025... Done.
  Querying GO_Molecular_Function_2025... Done.
  Querying GO_Cellular_Component_2025... Done.
  Querying KEGG_2021_Human... Done.
  Querying Reactome_Pathways_2024... Done.
Parsing results... Done.
Enrichment for ZNF141 done.
Running enrichment for: ZNF142 
Uploading data to Enrichr... Done.
  Querying GO_Biological_Process_2025... Done.
  Querying GO_Molecular_Function_2025... Done.
  Querying GO_Cellular_Component_2025... Done.
  Querying KEGG_2021_Human... Done.
  Querying Reactome_Pathways_2024... Done.
Parsing results... Done.
Enrichment for ZNF142 done.
Running enrichment for: ZNF146 
Uploading data to Enrichr... Done.
  Querying GO_Biological_Process_2025... Done.
  Querying GO_Molecular_Function_2025... Done.
  Querying GO_Cellular_Component_2025... Done.
  Querying KEGG_2021_Human... Done.
  Querying Reactome_Pathways_2024... Done.
Parsing results... Done.
Enrichment for ZNF146 done.
Running enrichment for: ZNF165 
Uploading data to Enrichr... Done.
  Querying GO_Biological_Process_2025... Done.
  Querying GO_Molecular_Function_2025... Done.
  Querying GO_Cellular_Component_2025... Done.
  Querying KEGG_2021_Human... Done.
  Querying Reactome_Pathways_2024... Done.
Parsing results... Done.
Enrichment for ZNF165 done.
Running enrichment for: ZNF169 
Uploading data to Enrichr... Done.
  Querying GO_Biological_Process_2025... Done.
  Querying GO_Molecular_Function_2025... Done.
  Querying GO_Cellular_Component_2025... Done.
  Querying KEGG_2021_Human... Done.
  Querying Reactome_Pathways_2024... Done.
Parsing results... Done.
Enrichment for ZNF169 done.
Running enrichment for: ZNF17 
Uploading data to Enrichr... Done.
  Querying GO_Biological_Process_2025... Done.
  Querying GO_Molecular_Function_2025... Done.
  Querying GO_Cellular_Component_2025... Done.
  Querying KEGG_2021_Human... Done.
  Querying Reactome_Pathways_2024... Done.
Parsing results... Done.
Enrichment for ZNF17 done.
Running enrichment for: ZNF18 
Uploading data to Enrichr... Done.
  Querying GO_Biological_Process_2025... Done.
  Querying GO_Molecular_Function_2025... Done.
  Querying GO_Cellular_Component_2025... Done.
  Querying KEGG_2021_Human... Done.
  Querying Reactome_Pathways_2024... Done.
Parsing results... Done.
Enrichment for ZNF18 done.
Running enrichment for: ZNF182 
Uploading data to Enrichr... Done.
  Querying GO_Biological_Process_2025... Done.
  Querying GO_Molecular_Function_2025... Done.
  Querying GO_Cellular_Component_2025... Done.
  Querying KEGG_2021_Human... Done.
  Querying Reactome_Pathways_2024... Done.
Parsing results... Done.
Enrichment for ZNF182 done.
Running enrichment for: ZNF19 
Uploading data to Enrichr... Done.
  Querying GO_Biological_Process_2025... Done.
  Querying GO_Molecular_Function_2025... Done.
  Querying GO_Cellular_Component_2025... Done.
  Querying KEGG_2021_Human... Done.
  Querying Reactome_Pathways_2024... Done.
Parsing results... Done.
Enrichment for ZNF19 done.
Running enrichment for: ZNF197 
Uploading data to Enrichr... Done.
  Querying GO_Biological_Process_2025... Done.
  Querying GO_Molecular_Function_2025... Done.
  Querying GO_Cellular_Component_2025... Done.
  Querying KEGG_2021_Human... Done.
  Querying Reactome_Pathways_2024... Done.
Parsing results... Done.
Enrichment for ZNF197 done.
Running enrichment for: ZNF208 
Uploading data to Enrichr... Done.
  Querying GO_Biological_Process_2025... Done.
  Querying GO_Molecular_Function_2025... Done.
  Querying GO_Cellular_Component_2025... Done.
  Querying KEGG_2021_Human... Done.
  Querying Reactome_Pathways_2024... Done.
Parsing results... Done.
Enrichment for ZNF208 done.
Running enrichment for: ZNF211 
Uploading data to Enrichr... Done.
  Querying GO_Biological_Process_2025... Done.
  Querying GO_Molecular_Function_2025... Done.
  Querying GO_Cellular_Component_2025... Done.
  Querying KEGG_2021_Human... Done.
  Querying Reactome_Pathways_2024... Done.
Parsing results... Done.
Enrichment for ZNF211 done.
Running enrichment for: ZNF213 
Uploading data to Enrichr... Done.
  Querying GO_Biological_Process_2025... Done.
  Querying GO_Molecular_Function_2025... Done.
  Querying GO_Cellular_Component_2025... Done.
  Querying KEGG_2021_Human... Done.
  Querying Reactome_Pathways_2024... Done.
Parsing results... Done.
Enrichment for ZNF213 done.
Running enrichment for: ZNF215 
Uploading data to Enrichr... Done.
  Querying GO_Biological_Process_2025... Done.
  Querying GO_Molecular_Function_2025... Done.
  Querying GO_Cellular_Component_2025... Done.
  Querying KEGG_2021_Human... Done.
  Querying Reactome_Pathways_2024... Done.
Parsing results... Done.
Enrichment for ZNF215 done.
Running enrichment for: ZNF217 
Uploading data to Enrichr... Done.
  Querying GO_Biological_Process_2025... Done.
  Querying GO_Molecular_Function_2025... Done.
  Querying GO_Cellular_Component_2025... Done.
  Querying KEGG_2021_Human... Done.
  Querying Reactome_Pathways_2024... Done.
Parsing results... Done.
Enrichment for ZNF217 done.
Running enrichment for: ZNF227 
Uploading data to Enrichr... Done.
  Querying GO_Biological_Process_2025... Done.
  Querying GO_Molecular_Function_2025... Done.
  Querying GO_Cellular_Component_2025... Done.
  Querying KEGG_2021_Human... Done.
  Querying Reactome_Pathways_2024... Done.
Parsing results... Done.
Enrichment for ZNF227 done.
Running enrichment for: ZNF24 
Uploading data to Enrichr... Done.
  Querying GO_Biological_Process_2025... Done.
  Querying GO_Molecular_Function_2025... Done.
  Querying GO_Cellular_Component_2025... Done.
  Querying KEGG_2021_Human... Done.
  Querying Reactome_Pathways_2024... Done.
Parsing results... Done.
Enrichment for ZNF24 done.
Running enrichment for: ZNF248 
Uploading data to Enrichr... Done.
  Querying GO_Biological_Process_2025... Done.
  Querying GO_Molecular_Function_2025... Done.
  Querying GO_Cellular_Component_2025... Done.
  Querying KEGG_2021_Human... Done.
  Querying Reactome_Pathways_2024... Done.
Parsing results... Done.
Enrichment for ZNF248 done.
Running enrichment for: ZNF25 
Uploading data to Enrichr... Done.
  Querying GO_Biological_Process_2025... Done.
  Querying GO_Molecular_Function_2025... Done.
  Querying GO_Cellular_Component_2025... Done.
  Querying KEGG_2021_Human... Done.
  Querying Reactome_Pathways_2024... Done.
Parsing results... Done.
Enrichment for ZNF25 done.
Running enrichment for: ZNF253 
Uploading data to Enrichr... Done.
  Querying GO_Biological_Process_2025... Done.
  Querying GO_Molecular_Function_2025... Done.
  Querying GO_Cellular_Component_2025... Done.
  Querying KEGG_2021_Human... Done.
  Querying Reactome_Pathways_2024... Done.
Parsing results... Done.
Enrichment for ZNF253 done.
Running enrichment for: ZNF254 
Uploading data to Enrichr... Done.
  Querying GO_Biological_Process_2025... Done.
  Querying GO_Molecular_Function_2025... Done.
  Querying GO_Cellular_Component_2025... Done.
  Querying KEGG_2021_Human... Done.
  Querying Reactome_Pathways_2024... Done.
Parsing results... Done.
Enrichment for ZNF254 done.
Running enrichment for: ZNF260 
Uploading data to Enrichr... Done.
  Querying GO_Biological_Process_2025... Done.
  Querying GO_Molecular_Function_2025... Done.
  Querying GO_Cellular_Component_2025... Done.
  Querying KEGG_2021_Human... Done.
  Querying Reactome_Pathways_2024... Done.
Parsing results... Done.
Enrichment for ZNF260 done.
Running enrichment for: ZNF264 
Uploading data to Enrichr... Done.
  Querying GO_Biological_Process_2025... Done.
  Querying GO_Molecular_Function_2025... Done.
  Querying GO_Cellular_Component_2025... Done.
  Querying KEGG_2021_Human... Done.
  Querying Reactome_Pathways_2024... Done.
Parsing results... Done.
Enrichment for ZNF264 done.
Running enrichment for: ZNF266 
Uploading data to Enrichr... Done.
  Querying GO_Biological_Process_2025... Done.
  Querying GO_Molecular_Function_2025... Done.
  Querying GO_Cellular_Component_2025... Done.
  Querying KEGG_2021_Human... Done.
  Querying Reactome_Pathways_2024... Done.
Parsing results... Done.
Enrichment for ZNF266 done.
Running enrichment for: ZNF274 
Uploading data to Enrichr... Done.
  Querying GO_Biological_Process_2025... Done.
  Querying GO_Molecular_Function_2025... Done.
  Querying GO_Cellular_Component_2025... Done.
  Querying KEGG_2021_Human... Done.
  Querying Reactome_Pathways_2024... Done.
Parsing results... Done.
Enrichment for ZNF274 done.
Running enrichment for: ZNF275 
Uploading data to Enrichr... Done.
  Querying GO_Biological_Process_2025... Done.
  Querying GO_Molecular_Function_2025... Done.
  Querying GO_Cellular_Component_2025... Done.
  Querying KEGG_2021_Human... Done.
  Querying Reactome_Pathways_2024... Done.
Parsing results... Done.
Enrichment for ZNF275 done.
Running enrichment for: ZNF283 
Uploading data to Enrichr... Done.
  Querying GO_Biological_Process_2025... Done.
  Querying GO_Molecular_Function_2025... Done.
  Querying GO_Cellular_Component_2025... Done.
  Querying KEGG_2021_Human... Done.
  Querying Reactome_Pathways_2024... Done.
Parsing results... Done.
Enrichment for ZNF283 done.
Running enrichment for: ZNF285 
Uploading data to Enrichr... Done.
  Querying GO_Biological_Process_2025... Done.
  Querying GO_Molecular_Function_2025... Done.
  Querying GO_Cellular_Component_2025... Done.
  Querying KEGG_2021_Human... Done.
  Querying Reactome_Pathways_2024... Done.
Parsing results... Done.
Enrichment for ZNF285 done.
Running enrichment for: ZNF316 
Uploading data to Enrichr... Done.
  Querying GO_Biological_Process_2025... Done.
  Querying GO_Molecular_Function_2025... Done.
  Querying GO_Cellular_Component_2025... Done.
  Querying KEGG_2021_Human... Done.
  Querying Reactome_Pathways_2024... Done.
Parsing results... Done.
Enrichment for ZNF316 done.
Running enrichment for: ZNF317 
Uploading data to Enrichr... Done.
  Querying GO_Biological_Process_2025... Done.
  Querying GO_Molecular_Function_2025... Done.
  Querying GO_Cellular_Component_2025... Done.
  Querying KEGG_2021_Human... Done.
  Querying Reactome_Pathways_2024... Done.
Parsing results... Done.
Enrichment for ZNF317 done.
Running enrichment for: ZNF319 
Uploading data to Enrichr... Done.
  Querying GO_Biological_Process_2025... Done.
  Querying GO_Molecular_Function_2025... Done.
  Querying GO_Cellular_Component_2025... Done.
  Querying KEGG_2021_Human... Done.
  Querying Reactome_Pathways_2024... Done.
Parsing results... Done.
Enrichment for ZNF319 done.
Running enrichment for: ZNF333 
Uploading data to Enrichr... Done.
  Querying GO_Biological_Process_2025... Done.
  Querying GO_Molecular_Function_2025... Done.
  Querying GO_Cellular_Component_2025... Done.
  Querying KEGG_2021_Human... Done.
  Querying Reactome_Pathways_2024... Done.
Parsing results... Done.
Enrichment for ZNF333 done.
Running enrichment for: ZNF334 
Uploading data to Enrichr... Done.
  Querying GO_Biological_Process_2025... Done.
  Querying GO_Molecular_Function_2025... Done.
  Querying GO_Cellular_Component_2025... Done.
  Querying KEGG_2021_Human... Done.
  Querying Reactome_Pathways_2024... Done.
Parsing results... Done.
Enrichment for ZNF334 done.
Running enrichment for: ZNF33A 
Uploading data to Enrichr... Done.
  Querying GO_Biological_Process_2025... Done.
  Querying GO_Molecular_Function_2025... Done.
  Querying GO_Cellular_Component_2025... Done.
  Querying KEGG_2021_Human... Done.
  Querying Reactome_Pathways_2024... Done.
Parsing results... Done.
Enrichment for ZNF33A done.
Running enrichment for: ZNF350 
Uploading data to Enrichr... Done.
  Querying GO_Biological_Process_2025... Done.
  Querying GO_Molecular_Function_2025... Done.
  Querying GO_Cellular_Component_2025... Done.
  Querying KEGG_2021_Human... Done.
  Querying Reactome_Pathways_2024... Done.
Parsing results... Done.
Enrichment for ZNF350 done.
Running enrichment for: ZNF362 
Uploading data to Enrichr... Done.
  Querying GO_Biological_Process_2025... Done.
  Querying GO_Molecular_Function_2025... Done.
  Querying GO_Cellular_Component_2025... Done.
  Querying KEGG_2021_Human... Done.
  Querying Reactome_Pathways_2024... Done.
Parsing results... Done.
Enrichment for ZNF362 done.
Running enrichment for: ZNF366 
Uploading data to Enrichr... Done.
  Querying GO_Biological_Process_2025... Done.
  Querying GO_Molecular_Function_2025... Done.
  Querying GO_Cellular_Component_2025... Done.
  Querying KEGG_2021_Human... Done.
  Querying Reactome_Pathways_2024... Done.
Parsing results... Done.
Enrichment for ZNF366 done.
Running enrichment for: ZNF37A 
Uploading data to Enrichr... Done.
  Querying GO_Biological_Process_2025... Done.
  Querying GO_Molecular_Function_2025... Done.
  Querying GO_Cellular_Component_2025... Done.
  Querying KEGG_2021_Human... Done.
  Querying Reactome_Pathways_2024... Done.
Parsing results... Done.
Enrichment for ZNF37A done.
Running enrichment for: ZNF383 
Uploading data to Enrichr... Done.
  Querying GO_Biological_Process_2025... Done.
  Querying GO_Molecular_Function_2025... Done.
  Querying GO_Cellular_Component_2025... Done.
  Querying KEGG_2021_Human... Done.
  Querying Reactome_Pathways_2024... Done.
Parsing results... Done.
Enrichment for ZNF383 done.
Running enrichment for: ZNF384 
Uploading data to Enrichr... Done.
  Querying GO_Biological_Process_2025... Done.
  Querying GO_Molecular_Function_2025... Done.
  Querying GO_Cellular_Component_2025... Done.
  Querying KEGG_2021_Human... Done.
  Querying Reactome_Pathways_2024... Done.
Parsing results... Done.
Enrichment for ZNF384 done.
Running enrichment for: ZNF395 
Uploading data to Enrichr... Done.
  Querying GO_Biological_Process_2025... Done.
  Querying GO_Molecular_Function_2025... Done.
  Querying GO_Cellular_Component_2025... Done.
  Querying KEGG_2021_Human... Done.
  Querying Reactome_Pathways_2024... Done.
Parsing results... Done.
Enrichment for ZNF395 done.
Running enrichment for: ZNF396 
Uploading data to Enrichr... Done.
  Querying GO_Biological_Process_2025... Done.
  Querying GO_Molecular_Function_2025... Done.
  Querying GO_Cellular_Component_2025... Done.
  Querying KEGG_2021_Human... Done.
  Querying Reactome_Pathways_2024... Done.
Parsing results... Done.
Enrichment for ZNF396 done.
Running enrichment for: ZNF398 
Uploading data to Enrichr... Done.
  Querying GO_Biological_Process_2025... Done.
  Querying GO_Molecular_Function_2025... Done.
  Querying GO_Cellular_Component_2025... Done.
  Querying KEGG_2021_Human... Done.
  Querying Reactome_Pathways_2024... Done.
Parsing results... Done.
Enrichment for ZNF398 done.
Running enrichment for: ZNF404 
Uploading data to Enrichr... Done.
  Querying GO_Biological_Process_2025... Done.
  Querying GO_Molecular_Function_2025... Done.
  Querying GO_Cellular_Component_2025... Done.
  Querying KEGG_2021_Human... Done.
  Querying Reactome_Pathways_2024... Done.
Parsing results... Done.
Enrichment for ZNF404 done.
Running enrichment for: ZNF408 
Uploading data to Enrichr... Done.
  Querying GO_Biological_Process_2025... Done.
  Querying GO_Molecular_Function_2025... Done.
  Querying GO_Cellular_Component_2025... Done.
  Querying KEGG_2021_Human... Done.
  Querying Reactome_Pathways_2024... Done.
Parsing results... Done.
Enrichment for ZNF408 done.
Running enrichment for: ZNF416 
Uploading data to Enrichr... Done.
  Querying GO_Biological_Process_2025... Done.
  Querying GO_Molecular_Function_2025... Done.
  Querying GO_Cellular_Component_2025... Done.
  Querying KEGG_2021_Human... Done.
  Querying Reactome_Pathways_2024... Done.
Parsing results... Done.
Enrichment for ZNF416 done.
Running enrichment for: ZNF417 
Uploading data to Enrichr... Done.
  Querying GO_Biological_Process_2025... Done.
  Querying GO_Molecular_Function_2025... Done.
  Querying GO_Cellular_Component_2025... Done.
  Querying KEGG_2021_Human... Done.
  Querying Reactome_Pathways_2024... Done.
Parsing results... Done.
Enrichment for ZNF417 done.
Running enrichment for: ZNF423 
Uploading data to Enrichr... Done.
  Querying GO_Biological_Process_2025... Done.
  Querying GO_Molecular_Function_2025... Done.
  Querying GO_Cellular_Component_2025... Done.
  Querying KEGG_2021_Human... Done.
  Querying Reactome_Pathways_2024... Done.
Parsing results... Done.
Enrichment for ZNF423 done.
Running enrichment for: ZNF43 
Uploading data to Enrichr... Done.
  Querying GO_Biological_Process_2025... Done.
  Querying GO_Molecular_Function_2025... Done.
  Querying GO_Cellular_Component_2025... Done.
  Querying KEGG_2021_Human... Done.
  Querying Reactome_Pathways_2024... Done.
Parsing results... Done.
Enrichment for ZNF43 done.
Running enrichment for: ZNF431 
Uploading data to Enrichr... Done.
  Querying GO_Biological_Process_2025... Done.
  Querying GO_Molecular_Function_2025... Done.
  Querying GO_Cellular_Component_2025... Done.
  Querying KEGG_2021_Human... Done.
  Querying Reactome_Pathways_2024... Done.
Parsing results... Done.
Enrichment for ZNF431 done.
Running enrichment for: ZNF433 
Uploading data to Enrichr... Done.
  Querying GO_Biological_Process_2025... Done.
  Querying GO_Molecular_Function_2025... Done.
  Querying GO_Cellular_Component_2025... Done.
  Querying KEGG_2021_Human... Done.
  Querying Reactome_Pathways_2024... Done.
Parsing results... Done.
Enrichment for ZNF433 done.
Running enrichment for: ZNF442 
Uploading data to Enrichr... Done.
  Querying GO_Biological_Process_2025... Done.
  Querying GO_Molecular_Function_2025... Done.
  Querying GO_Cellular_Component_2025... Done.
  Querying KEGG_2021_Human... Done.
  Querying Reactome_Pathways_2024... Done.
Parsing results... Done.
Enrichment for ZNF442 done.
Running enrichment for: ZNF444 
Uploading data to Enrichr... Done.
  Querying GO_Biological_Process_2025... Done.
  Querying GO_Molecular_Function_2025... Done.
  Querying GO_Cellular_Component_2025... Done.
  Querying KEGG_2021_Human... Done.
  Querying Reactome_Pathways_2024... Done.
Parsing results... Done.
Enrichment for ZNF444 done.
Running enrichment for: ZNF445 
Uploading data to Enrichr... Done.
  Querying GO_Biological_Process_2025... Done.
  Querying GO_Molecular_Function_2025... Done.
  Querying GO_Cellular_Component_2025... Done.
  Querying KEGG_2021_Human... Done.
  Querying Reactome_Pathways_2024... Done.
Parsing results... Done.
Enrichment for ZNF445 done.
Running enrichment for: ZNF449 
Uploading data to Enrichr... Done.
  Querying GO_Biological_Process_2025... Done.
  Querying GO_Molecular_Function_2025... Done.
  Querying GO_Cellular_Component_2025... Done.
  Querying KEGG_2021_Human... Done.
  Querying Reactome_Pathways_2024... Done.
Parsing results... Done.
Enrichment for ZNF449 done.
Running enrichment for: ZNF45 
Uploading data to Enrichr... Done.
  Querying GO_Biological_Process_2025... Done.
  Querying GO_Molecular_Function_2025... Done.
  Querying GO_Cellular_Component_2025... Done.
  Querying KEGG_2021_Human... Done.
  Querying Reactome_Pathways_2024... Done.
Parsing results... Done.
Enrichment for ZNF45 done.
Running enrichment for: ZNF461 
Uploading data to Enrichr... Done.
  Querying GO_Biological_Process_2025... Done.
  Querying GO_Molecular_Function_2025... Done.
  Querying GO_Cellular_Component_2025... Done.
  Querying KEGG_2021_Human... Done.
  Querying Reactome_Pathways_2024... Done.
Parsing results... Done.
Enrichment for ZNF461 done.
Running enrichment for: ZNF469 
Uploading data to Enrichr... Done.
  Querying GO_Biological_Process_2025... Done.
  Querying GO_Molecular_Function_2025... Done.
  Querying GO_Cellular_Component_2025... Done.
  Querying KEGG_2021_Human... Done.
  Querying Reactome_Pathways_2024... Done.
Parsing results... Done.
Enrichment for ZNF469 done.
Running enrichment for: ZNF483 
Uploading data to Enrichr... Done.
  Querying GO_Biological_Process_2025... Done.
  Querying GO_Molecular_Function_2025... Done.
  Querying GO_Cellular_Component_2025... Done.
  Querying KEGG_2021_Human... Done.
  Querying Reactome_Pathways_2024... Done.
Parsing results... Done.
Enrichment for ZNF483 done.
Running enrichment for: ZNF487 
Uploading data to Enrichr... Done.
  Querying GO_Biological_Process_2025... Done.
  Querying GO_Molecular_Function_2025... Done.
  Querying GO_Cellular_Component_2025... Done.
  Querying KEGG_2021_Human... Done.
  Querying Reactome_Pathways_2024... Done.
Parsing results... Done.
Enrichment for ZNF487 done.
Running enrichment for: ZNF492 
Uploading data to Enrichr... Done.
  Querying GO_Biological_Process_2025... Done.
  Querying GO_Molecular_Function_2025... Done.
  Querying GO_Cellular_Component_2025... Done.
  Querying KEGG_2021_Human... Done.
  Querying Reactome_Pathways_2024... Done.
Parsing results... Done.
Enrichment for ZNF492 done.
Running enrichment for: ZNF493 
Uploading data to Enrichr... Done.
  Querying GO_Biological_Process_2025... Done.
  Querying GO_Molecular_Function_2025... Done.
  Querying GO_Cellular_Component_2025... Done.
  Querying KEGG_2021_Human... Done.
  Querying Reactome_Pathways_2024... Done.
Parsing results... Done.
Enrichment for ZNF493 done.
Saving 7 x 7 in imageSaving 7 x 7 in imageSaving 7 x 7 in imageSaving 7 x 7 in imageSaving 7 x 7 in imageSaving 7 x 7 in imageSaving 7 x 7 in imageSaving 7 x 7 in imageSaving 7 x 7 in imageSaving 7 x 7 in imageSaving 7 x 7 in imageSaving 7 x 7 in imageSaving 7 x 7 in imageSaving 7 x 7 in imageSaving 7 x 7 in imageSaving 7 x 7 in imageSaving 7 x 7 in imageSaving 7 x 7 in imageSaving 7 x 7 in imageSaving 7 x 7 in imageSaving 7 x 7 in imageSaving 7 x 7 in imageSaving 7 x 7 in imageSaving 7 x 7 in imageSaving 7 x 7 in imageSaving 7 x 7 in imageSaving 7 x 7 in imageSaving 7 x 7 in imageSaving 7 x 7 in imageSaving 7 x 7 in imageSaving 7 x 7 in imageSaving 7 x 7 in imageSaving 7 x 7 in imageSaving 7 x 7 in imageSaving 7 x 7 in imageSaving 7 x 7 in imageSaving 7 x 7 in imageSaving 7 x 7 in imageSaving 7 x 7 in imageSaving 7 x 7 in imageSaving 7 x 7 in imageSaving 7 x 7 in imageSaving 7 x 7 in imageSaving 7 x 7 in imageSaving 7 x 7 in imageSaving 7 x 7 in imageSaving 7 x 7 in imageSaving 7 x 7 in imageSaving 7 x 7 in imageSaving 7 x 7 in imageSaving 7 x 7 in imageSaving 7 x 7 in imageSaving 7 x 7 in imageSaving 7 x 7 in imageSaving 7 x 7 in imageSaving 7 x 7 in imageSaving 7 x 7 in imageSaving 7 x 7 in imageSaving 7 x 7 in imageSaving 7 x 7 in imageSaving 7 x 7 in imageSaving 7 x 7 in imageSaving 7 x 7 in imageSaving 7 x 7 in imageSaving 7 x 7 in imageSaving 7 x 7 in imageSaving 7 x 7 in imageSaving 7 x 7 in imageSaving 7 x 7 in imageSaving 7 x 7 in imageSaving 7 x 7 in imageSaving 7 x 7 in imageSaving 7 x 7 in imageSaving 7 x 7 in imageSaving 7 x 7 in imageSaving 7 x 7 in imageSaving 7 x 7 in imageSaving 7 x 7 in imageSaving 7 x 7 in imageSaving 7 x 7 in imageSaving 7 x 7 in imageSaving 7 x 7 in imageSaving 7 x 7 in imageSaving 7 x 7 in imageSaving 7 x 7 in imageSaving 7 x 7 in imageSaving 7 x 7 in imageSaving 7 x 7 in imageSaving 7 x 7 in imageSaving 7 x 7 in imageSaving 7 x 7 in imageSaving 7 x 7 in imageSaving 7 x 7 in imageSaving 7 x 7 in imageSaving 7 x 7 in imageSaving 7 x 7 in imageSaving 7 x 7 in imageSaving 7 x 7 in imageSaving 7 x 7 in imageSaving 7 x 7 in imageSaving 7 x 7 in imageSaving 7 x 7 in imageSaving 7 x 7 in imageSaving 7 x 7 in imageSaving 7 x 7 in imageSaving 7 x 7 in imageSaving 7 x 7 in imageSaving 7 x 7 in imageSaving 7 x 7 in imageSaving 7 x 7 in imageSaving 7 x 7 in imageSaving 7 x 7 in imageSaving 7 x 7 in imageSaving 7 x 7 in imageSaving 7 x 7 in imageSaving 7 x 7 in imageSaving 7 x 7 in imageSaving 7 x 7 in imageSaving 7 x 7 in imageSaving 7 x 7 in imageSaving 7 x 7 in imageSaving 7 x 7 in imageSaving 7 x 7 in imageSaving 7 x 7 in imageSaving 7 x 7 in imageSaving 7 x 7 in imageSaving 7 x 7 in imageSaving 7 x 7 in imageSaving 7 x 7 in imageSaving 7 x 7 in imageSaving 7 x 7 in imageSaving 7 x 7 in imageSaving 7 x 7 in imageSaving 7 x 7 in imageSaving 7 x 7 in imageSaving 7 x 7 in imageSaving 7 x 7 in imageSaving 7 x 7 in imageSaving 7 x 7 in imageSaving 7 x 7 in imageSaving 7 x 7 in imageSaving 7 x 7 in imageSaving 7 x 7 in imageSaving 7 x 7 in imageSaving 7 x 7 in imageSaving 7 x 7 in imageSaving 7 x 7 in imageSaving 7 x 7 in imageSaving 7 x 7 in imageSaving 7 x 7 in imageSaving 7 x 7 in imageSaving 7 x 7 in imageSaving 7 x 7 in imageSaving 7 x 7 in imageSaving 7 x 7 in imageSaving 7 x 7 in imageSaving 7 x 7 in imageSaving 7 x 7 in imageSaving 7 x 7 in imageSaving 7 x 7 in imageSaving 7 x 7 in imageSaving 7 x 7 in imageSaving 7 x 7 in imageSaving 7 x 7 in imageSaving 7 x 7 in imageSaving 7 x 7 in imageSaving 7 x 7 in imageSaving 7 x 7 in imageSaving 7 x 7 in imageSaving 7 x 7 in imageSaving 7 x 7 in imageSaving 7 x 7 in imageSaving 7 x 7 in imageSaving 7 x 7 in imageSaving 7 x 7 in imageSaving 7 x 7 in imageSaving 7 x 7 in imageSaving 7 x 7 in imageSaving 7 x 7 in imageSaving 7 x 7 in imageSaving 7 x 7 in imageSaving 7 x 7 in imageSaving 7 x 7 in imageSaving 7 x 7 in imageSaving 7 x 7 in imageSaving 7 x 7 in imageSaving 7 x 7 in imageSaving 7 x 7 in imageSaving 7 x 7 in imageSaving 7 x 7 in imageSaving 7 x 7 in imageSaving 7 x 7 in imageSaving 7 x 7 in imageSaving 7 x 7 in imageSaving 7 x 7 in imageSaving 7 x 7 in imageSaving 7 x 7 in imageSaving 7 x 7 in imageSaving 7 x 7 in imageSaving 7 x 7 in imageSaving 7 x 7 in imageSaving 7 x 7 in imageSaving 7 x 7 in imageSaving 7 x 7 in imageSaving 7 x 7 in imageSaving 7 x 7 in imageSaving 7 x 7 in imageSaving 7 x 7 in imageSaving 7 x 7 in imageSaving 7 x 7 in imageSaving 7 x 7 in imageSaving 7 x 7 in imageSaving 7 x 7 in imageSaving 7 x 7 in imageSaving 7 x 7 in imageSaving 7 x 7 in imageSaving 7 x 7 in imageSaving 7 x 7 in imageSaving 7 x 7 in imageSaving 7 x 7 in imageSaving 7 x 7 in imageSaving 7 x 7 in imageSaving 7 x 7 in imageSaving 7 x 7 in imageSaving 7 x 7 in imageSaving 7 x 7 in imageSaving 7 x 7 in imageSaving 7 x 7 in imageSaving 7 x 7 in imageSaving 7 x 7 in imageSaving 7 x 7 in imageSaving 7 x 7 in imageSaving 7 x 7 in imageSaving 7 x 7 in imageSaving 7 x 7 in imageSaving 7 x 7 in imageSaving 7 x 7 in imageSaving 7 x 7 in imageSaving 7 x 7 in imageSaving 7 x 7 in imageSaving 7 x 7 in imageSaving 7 x 7 in imageSaving 7 x 7 in imageSaving 7 x 7 in imageSaving 7 x 7 in imageSaving 7 x 7 in imageSaving 7 x 7 in imageSaving 7 x 7 in imageSaving 7 x 7 in imageSaving 7 x 7 in imageSaving 7 x 7 in imageSaving 7 x 7 in imageSaving 7 x 7 in imageSaving 7 x 7 in imageSaving 7 x 7 in imageSaving 7 x 7 in imageSaving 7 x 7 in imageSaving 7 x 7 in imageSaving 7 x 7 in imageSaving 7 x 7 in imageSaving 7 x 7 in imageSaving 7 x 7 in imageSaving 7 x 7 in imageSaving 7 x 7 in imageSaving 7 x 7 in imageSaving 7 x 7 in imageSaving 7 x 7 in imageSaving 7 x 7 in imageSaving 7 x 7 in imageSaving 7 x 7 in imageSaving 7 x 7 in imageSaving 7 x 7 in imageSaving 7 x 7 in imageSaving 7 x 7 in imageSaving 7 x 7 in imageSaving 7 x 7 in imageSaving 7 x 7 in imageSaving 7 x 7 in imageSaving 7 x 7 in imageSaving 7 x 7 in imageSaving 7 x 7 in imageSaving 7 x 7 in imageSaving 7 x 7 in imageSaving 7 x 7 in imageSaving 7 x 7 in imageSaving 7 x 7 in imageSaving 7 x 7 in imageSaving 7 x 7 in imageSaving 7 x 7 in imageSaving 7 x 7 in imageSaving 7 x 7 in imageSaving 7 x 7 in imageSaving 7 x 7 in imageSaving 7 x 7 in imageSaving 7 x 7 in imageSaving 7 x 7 in imageSaving 7 x 7 in imageSaving 7 x 7 in imageSaving 7 x 7 in imageSaving 7 x 7 in imageSaving 7 x 7 in imageSaving 7 x 7 in imageSaving 7 x 7 in imageSaving 7 x 7 in imageSaving 7 x 7 in imageSaving 7 x 7 in imageSaving 7 x 7 in imageSaving 7 x 7 in imageSaving 7 x 7 in imageSaving 7 x 7 in imageSaving 7 x 7 in imageSaving 7 x 7 in imageSaving 7 x 7 in imageSaving 7 x 7 in imageSaving 7 x 7 in imageSaving 7 x 7 in imageSaving 7 x 7 in imageSaving 7 x 7 in imageSaving 7 x 7 in imageSaving 7 x 7 in imageSaving 7 x 7 in imageSaving 7 x 7 in imageSaving 7 x 7 in imageSaving 7 x 7 in imageSaving 7 x 7 in imageSaving 7 x 7 in imageSaving 7 x 7 in imageSaving 7 x 7 in imageSaving 7 x 7 in imageSaving 7 x 7 in imageSaving 7 x 7 in imageSaving 7 x 7 in imageSaving 7 x 7 in imageSaving 7 x 7 in imageSaving 7 x 7 in imageSaving 7 x 7 in imageSaving 7 x 7 in imageSaving 7 x 7 in imageSaving 7 x 7 in imageSaving 7 x 7 in imageSaving 7 x 7 in imageSaving 7 x 7 in imageSaving 7 x 7 in imageSaving 7 x 7 in imageSaving 7 x 7 in imageSaving 7 x 7 in imageSaving 7 x 7 in imageSaving 7 x 7 in imageSaving 7 x 7 in imageSaving 7 x 7 in imageSaving 7 x 7 in imageSaving 7 x 7 in imageSaving 7 x 7 in imageSaving 7 x 7 in imageSaving 7 x 7 in imageSaving 7 x 7 in imageSaving 7 x 7 in imageSaving 7 x 7 in imageSaving 7 x 7 in imageSaving 7 x 7 in imageSaving 7 x 7 in imageSaving 7 x 7 in imageSaving 7 x 7 in imageSaving 7 x 7 in imageSaving 7 x 7 in imageSaving 7 x 7 in imageSaving 7 x 7 in imageSaving 7 x 7 in imageSaving 7 x 7 in imageSaving 7 x 7 in imageSaving 7 x 7 in imageSaving 7 x 7 in imageSaving 7 x 7 in imageSaving 7 x 7 in imageSaving 7 x 7 in imageSaving 7 x 7 in imageSaving 7 x 7 in imageSaving 7 x 7 in imageSaving 7 x 7 in imageSaving 7 x 7 in imageSaving 7 x 7 in imageSaving 7 x 7 in imageSaving 7 x 7 in imageSaving 7 x 7 in imageSaving 7 x 7 in imageRunning enrichment for: ZNF500 
Uploading data to Enrichr... Done.
  Querying GO_Biological_Process_2025... Done.
  Querying GO_Molecular_Function_2025... Done.
  Querying GO_Cellular_Component_2025... Done.
  Querying KEGG_2021_Human... Done.
  Querying Reactome_Pathways_2024... Done.
Parsing results... Done.
Enrichment for ZNF500 done.
Running enrichment for: ZNF510 
Uploading data to Enrichr... Done.
  Querying GO_Biological_Process_2025... Done.
  Querying GO_Molecular_Function_2025... Done.
  Querying GO_Cellular_Component_2025... Done.
  Querying KEGG_2021_Human... Done.
  Querying Reactome_Pathways_2024... Done.
Parsing results... Done.
Enrichment for ZNF510 done.
Running enrichment for: ZNF511 
Uploading data to Enrichr... Done.
  Querying GO_Biological_Process_2025... Done.
  Querying GO_Molecular_Function_2025... Done.
  Querying GO_Cellular_Component_2025... Done.
  Querying KEGG_2021_Human... Done.
  Querying Reactome_Pathways_2024... Done.
Parsing results... Done.
Enrichment for ZNF511 done.
Running enrichment for: ZNF512 
Uploading data to Enrichr... Done.
  Querying GO_Biological_Process_2025... Done.
  Querying GO_Molecular_Function_2025... Done.
  Querying GO_Cellular_Component_2025... Done.
  Querying KEGG_2021_Human... Done.
  Querying Reactome_Pathways_2024... Done.
Parsing results... Done.
Enrichment for ZNF512 done.
Running enrichment for: ZNF517 
Uploading data to Enrichr... Done.
  Querying GO_Biological_Process_2025... Done.
  Querying GO_Molecular_Function_2025... Done.
  Querying GO_Cellular_Component_2025... Done.
  Querying KEGG_2021_Human... Done.
  Querying Reactome_Pathways_2024... Done.
Parsing results... Done.
Enrichment for ZNF517 done.
Running enrichment for: ZNF519 
Uploading data to Enrichr... Done.
  Querying GO_Biological_Process_2025... Done.
  Querying GO_Molecular_Function_2025... Done.
  Querying GO_Cellular_Component_2025... Done.
  Querying KEGG_2021_Human... Done.
  Querying Reactome_Pathways_2024... Done.
Parsing results... Done.
Enrichment for ZNF519 done.
Running enrichment for: ZNF524 
Uploading data to Enrichr... Done.
  Querying GO_Biological_Process_2025... Done.
  Querying GO_Molecular_Function_2025... Done.
  Querying GO_Cellular_Component_2025... Done.
  Querying KEGG_2021_Human... Done.
  Querying Reactome_Pathways_2024... Done.
Parsing results... Done.
Enrichment for ZNF524 done.
Running enrichment for: ZNF527 
Uploading data to Enrichr... Done.
  Querying GO_Biological_Process_2025... Done.
  Querying GO_Molecular_Function_2025... Done.
  Querying GO_Cellular_Component_2025... Done.
  Querying KEGG_2021_Human... Done.
  Querying Reactome_Pathways_2024... Done.
Parsing results... Done.
Enrichment for ZNF527 done.
Running enrichment for: ZNF532 
Uploading data to Enrichr... Done.
  Querying GO_Biological_Process_2025... Done.
  Querying GO_Molecular_Function_2025... Done.
  Querying GO_Cellular_Component_2025... Done.
  Querying KEGG_2021_Human... Done.
  Querying Reactome_Pathways_2024... Done.
Parsing results... Done.
Enrichment for ZNF532 done.
Running enrichment for: ZNF534 
Uploading data to Enrichr... Done.
  Querying GO_Biological_Process_2025... Done.
  Querying GO_Molecular_Function_2025... Done.
  Querying GO_Cellular_Component_2025... Done.
  Querying KEGG_2021_Human... Done.
  Querying Reactome_Pathways_2024... Done.
Parsing results... Done.
Enrichment for ZNF534 done.
Running enrichment for: ZNF536 
Uploading data to Enrichr... Done.
  Querying GO_Biological_Process_2025... Done.
  Querying GO_Molecular_Function_2025... Done.
  Querying GO_Cellular_Component_2025... Done.
  Querying KEGG_2021_Human... Done.
  Querying Reactome_Pathways_2024... Done.
Parsing results... Done.
Enrichment for ZNF536 done.
Running enrichment for: ZNF543 
Uploading data to Enrichr... Done.
  Querying GO_Biological_Process_2025... Done.
  Querying GO_Molecular_Function_2025... Done.
  Querying GO_Cellular_Component_2025... Done.
  Querying KEGG_2021_Human... Done.
  Querying Reactome_Pathways_2024... Done.
Parsing results... Done.
Enrichment for ZNF543 done.
Running enrichment for: ZNF548 
Uploading data to Enrichr... Done.
  Querying GO_Biological_Process_2025... Done.
  Querying GO_Molecular_Function_2025... Done.
  Querying GO_Cellular_Component_2025... Done.
  Querying KEGG_2021_Human... Done.
  Querying Reactome_Pathways_2024... Done.
Parsing results... Done.
Enrichment for ZNF548 done.
Running enrichment for: ZNF549 
Uploading data to Enrichr... Done.
  Querying GO_Biological_Process_2025... Done.
  Querying GO_Molecular_Function_2025... Done.
  Querying GO_Cellular_Component_2025... Done.
  Querying KEGG_2021_Human... Done.
  Querying Reactome_Pathways_2024... Done.
Parsing results... Done.
Enrichment for ZNF549 done.
Running enrichment for: ZNF558 
Uploading data to Enrichr... Done.
  Querying GO_Biological_Process_2025... Done.
  Querying GO_Molecular_Function_2025... Done.
  Querying GO_Cellular_Component_2025... Done.
  Querying KEGG_2021_Human... Done.
  Querying Reactome_Pathways_2024... Done.
Parsing results... Done.
Enrichment for ZNF558 done.
Running enrichment for: ZNF560 
Uploading data to Enrichr... Done.
  Querying GO_Biological_Process_2025... Done.
  Querying GO_Molecular_Function_2025... Done.
  Querying GO_Cellular_Component_2025... Done.
  Querying KEGG_2021_Human... Done.
  Querying Reactome_Pathways_2024... Done.
Parsing results... Done.
Enrichment for ZNF560 done.
Running enrichment for: ZNF566 
Uploading data to Enrichr... Done.
  Querying GO_Biological_Process_2025... Done.
  Querying GO_Molecular_Function_2025... Done.
  Querying GO_Cellular_Component_2025... Done.
  Querying KEGG_2021_Human... Done.
  Querying Reactome_Pathways_2024... Done.
Parsing results... Done.
Enrichment for ZNF566 done.
Running enrichment for: ZNF569 
Uploading data to Enrichr... Done.
  Querying GO_Biological_Process_2025... Done.
  Querying GO_Molecular_Function_2025... Done.
  Querying GO_Cellular_Component_2025... Done.
  Querying KEGG_2021_Human... Done.
  Querying Reactome_Pathways_2024... Done.
Parsing results... Done.
Enrichment for ZNF569 done.
Running enrichment for: ZNF572 
Uploading data to Enrichr... Done.
  Querying GO_Biological_Process_2025... Done.
  Querying GO_Molecular_Function_2025... Done.
  Querying GO_Cellular_Component_2025... Done.
  Querying KEGG_2021_Human... Done.
  Querying Reactome_Pathways_2024... Done.
Parsing results... Done.
Enrichment for ZNF572 done.
Running enrichment for: ZNF573 
Uploading data to Enrichr... Done.
  Querying GO_Biological_Process_2025... Done.
  Querying GO_Molecular_Function_2025... Done.
  Querying GO_Cellular_Component_2025... Done.
  Querying KEGG_2021_Human... Done.
  Querying Reactome_Pathways_2024... Done.
Parsing results... Done.
Enrichment for ZNF573 done.
Running enrichment for: ZNF576 
Uploading data to Enrichr... Done.
  Querying GO_Biological_Process_2025... Done.
  Querying GO_Molecular_Function_2025... Done.
  Querying GO_Cellular_Component_2025... Done.
  Querying KEGG_2021_Human... Done.
  Querying Reactome_Pathways_2024... Done.
Parsing results... Done.
Enrichment for ZNF576 done.
Running enrichment for: ZNF577 
Uploading data to Enrichr... Done.
  Querying GO_Biological_Process_2025... Done.
  Querying GO_Molecular_Function_2025... Done.
  Querying GO_Cellular_Component_2025... Done.
  Querying KEGG_2021_Human... Done.
  Querying Reactome_Pathways_2024... Done.
Parsing results... Done.
Enrichment for ZNF577 done.
Running enrichment for: ZNF578 
Uploading data to Enrichr... Done.
  Querying GO_Biological_Process_2025... Done.
  Querying GO_Molecular_Function_2025... Done.
  Querying GO_Cellular_Component_2025... Done.
  Querying KEGG_2021_Human... Done.
  Querying Reactome_Pathways_2024... Done.
Parsing results... Done.
Enrichment for ZNF578 done.
Running enrichment for: ZNF581 
Uploading data to Enrichr... Done.
  Querying GO_Biological_Process_2025... Done.
  Querying GO_Molecular_Function_2025... Done.
  Querying GO_Cellular_Component_2025... Done.
  Querying KEGG_2021_Human... Done.
  Querying Reactome_Pathways_2024... Done.
Parsing results... Done.
Enrichment for ZNF581 done.
Running enrichment for: ZNF583 
Uploading data to Enrichr... Done.
  Querying GO_Biological_Process_2025... Done.
  Querying GO_Molecular_Function_2025... Done.
  Querying GO_Cellular_Component_2025... Done.
  Querying KEGG_2021_Human... Done.
  Querying Reactome_Pathways_2024... Done.
Parsing results... Done.
Enrichment for ZNF583 done.
Running enrichment for: ZNF585A 
Uploading data to Enrichr... Done.
  Querying GO_Biological_Process_2025... Done.
  Querying GO_Molecular_Function_2025... Done.
  Querying GO_Cellular_Component_2025... Done.
  Querying KEGG_2021_Human... Done.
  Querying Reactome_Pathways_2024... Done.
Parsing results... Done.
Enrichment for ZNF585A done.
Running enrichment for: ZNF592 
Uploading data to Enrichr... Done.
  Querying GO_Biological_Process_2025... Done.
  Querying GO_Molecular_Function_2025... Done.
  Querying GO_Cellular_Component_2025... Done.
  Querying KEGG_2021_Human... Done.
  Querying Reactome_Pathways_2024... Done.
Parsing results... Done.
Enrichment for ZNF592 done.
Running enrichment for: ZNF599 
Uploading data to Enrichr... Done.
  Querying GO_Biological_Process_2025... Done.
  Querying GO_Molecular_Function_2025... Done.
  Querying GO_Cellular_Component_2025... Done.
  Querying KEGG_2021_Human... Done.
  Querying Reactome_Pathways_2024... Done.
Parsing results... Done.
Enrichment for ZNF599 done.
Running enrichment for: ZNF600 
Uploading data to Enrichr... Done.
  Querying GO_Biological_Process_2025... Done.
  Querying GO_Molecular_Function_2025... Done.
  Querying GO_Cellular_Component_2025... Done.
  Querying KEGG_2021_Human... Done.
  Querying Reactome_Pathways_2024... Done.
Parsing results... Done.
Enrichment for ZNF600 done.
Running enrichment for: ZNF606 
Uploading data to Enrichr... Done.
  Querying GO_Biological_Process_2025... Done.
  Querying GO_Molecular_Function_2025... Done.
  Querying GO_Cellular_Component_2025... Done.
  Querying KEGG_2021_Human... Done.
  Querying Reactome_Pathways_2024... Done.
Parsing results... Done.
Enrichment for ZNF606 done.
Running enrichment for: ZNF610 
Uploading data to Enrichr... Done.
  Querying GO_Biological_Process_2025... Done.
  Querying GO_Molecular_Function_2025... Done.
  Querying GO_Cellular_Component_2025... Done.
  Querying KEGG_2021_Human... Done.
  Querying Reactome_Pathways_2024... Done.
Parsing results... Done.
Enrichment for ZNF610 done.
Running enrichment for: ZNF614 
Uploading data to Enrichr... Done.
  Querying GO_Biological_Process_2025... Done.
  Querying GO_Molecular_Function_2025... Done.
  Querying GO_Cellular_Component_2025... Done.
  Querying KEGG_2021_Human... Done.
  Querying Reactome_Pathways_2024... Done.
Parsing results... Done.
Enrichment for ZNF614 done.
Running enrichment for: ZNF615 
Uploading data to Enrichr... Done.
  Querying GO_Biological_Process_2025... Done.
  Querying GO_Molecular_Function_2025... Done.
  Querying GO_Cellular_Component_2025... Done.
  Querying KEGG_2021_Human... Done.
  Querying Reactome_Pathways_2024... Done.
Parsing results... Done.
Enrichment for ZNF615 done.
Running enrichment for: ZNF616 
Uploading data to Enrichr... Done.
  Querying GO_Biological_Process_2025... Done.
  Querying GO_Molecular_Function_2025... Done.
  Querying GO_Cellular_Component_2025... Done.
  Querying KEGG_2021_Human... Done.
  Querying Reactome_Pathways_2024... Done.
Parsing results... Done.
Enrichment for ZNF616 done.
Running enrichment for: ZNF619 
Uploading data to Enrichr... Done.
  Querying GO_Biological_Process_2025... Done.
  Querying GO_Molecular_Function_2025... Done.
  Querying GO_Cellular_Component_2025... Done.
  Querying KEGG_2021_Human... Done.
  Querying Reactome_Pathways_2024... Done.
Parsing results... Done.
Enrichment for ZNF619 done.
Running enrichment for: ZNF625 
Uploading data to Enrichr... Done.
  Querying GO_Biological_Process_2025... Done.
  Querying GO_Molecular_Function_2025... Done.
  Querying GO_Cellular_Component_2025... Done.
  Querying KEGG_2021_Human... Done.
  Querying Reactome_Pathways_2024... Done.
Parsing results... Done.
Enrichment for ZNF625 done.
Running enrichment for: ZNF628 
Uploading data to Enrichr... Done.
  Querying GO_Biological_Process_2025... Done.
  Querying GO_Molecular_Function_2025... Done.
  Querying GO_Cellular_Component_2025... Done.
  Querying KEGG_2021_Human... Done.
  Querying Reactome_Pathways_2024... Done.
Parsing results... Done.
Enrichment for ZNF628 done.
Running enrichment for: ZNF630 
Uploading data to Enrichr... Done.
  Querying GO_Biological_Process_2025... Done.
  Querying GO_Molecular_Function_2025... Done.
  Querying GO_Cellular_Component_2025... Done.
  Querying KEGG_2021_Human... Done.
  Querying Reactome_Pathways_2024... Done.
Parsing results... Done.
Enrichment for ZNF630 done.
Running enrichment for: ZNF641 
Uploading data to Enrichr... Done.
  Querying GO_Biological_Process_2025... Done.
  Querying GO_Molecular_Function_2025... Done.
  Querying GO_Cellular_Component_2025... Done.
  Querying KEGG_2021_Human... Done.
  Querying Reactome_Pathways_2024... Done.
Parsing results... Done.
Enrichment for ZNF641 done.
Running enrichment for: ZNF649 
Uploading data to Enrichr... Done.
  Querying GO_Biological_Process_2025... Done.
  Querying GO_Molecular_Function_2025... Done.
  Querying GO_Cellular_Component_2025... Done.
  Querying KEGG_2021_Human... Done.
  Querying Reactome_Pathways_2024... Done.
Parsing results... Done.
Enrichment for ZNF649 done.
Running enrichment for: ZNF66 
Uploading data to Enrichr... Done.
  Querying GO_Biological_Process_2025... Done.
  Querying GO_Molecular_Function_2025... Done.
  Querying GO_Cellular_Component_2025... Done.
  Querying KEGG_2021_Human... Done.
  Querying Reactome_Pathways_2024... Done.
Parsing results... Done.
Enrichment for ZNF66 done.
Running enrichment for: ZNF670 
Uploading data to Enrichr... Done.
  Querying GO_Biological_Process_2025... Done.
  Querying GO_Molecular_Function_2025... Done.
  Querying GO_Cellular_Component_2025... Done.
  Querying KEGG_2021_Human... Done.
  Querying Reactome_Pathways_2024... Done.
Parsing results... Done.
Enrichment for ZNF670 done.
Running enrichment for: ZNF672 
Uploading data to Enrichr... Done.
  Querying GO_Biological_Process_2025... Done.
  Querying GO_Molecular_Function_2025... Done.
  Querying GO_Cellular_Component_2025... Done.
  Querying KEGG_2021_Human... Done.
  Querying Reactome_Pathways_2024... Done.
Parsing results... Done.
Enrichment for ZNF672 done.
Running enrichment for: ZNF674 
Uploading data to Enrichr... Done.
  Querying GO_Biological_Process_2025... Done.
  Querying GO_Molecular_Function_2025... Done.
  Querying GO_Cellular_Component_2025... Done.
  Querying KEGG_2021_Human... Done.
  Querying Reactome_Pathways_2024... Done.
Parsing results... Done.
Enrichment for ZNF674 done.
Running enrichment for: ZNF69 
Uploading data to Enrichr... Done.
  Querying GO_Biological_Process_2025... Done.
  Querying GO_Molecular_Function_2025... Done.
  Querying GO_Cellular_Component_2025... Done.
  Querying KEGG_2021_Human... Done.
  Querying Reactome_Pathways_2024... Done.
Parsing results... Done.
Enrichment for ZNF69 done.
Running enrichment for: ZNF704 
Uploading data to Enrichr... Done.
  Querying GO_Biological_Process_2025... Done.
  Querying GO_Molecular_Function_2025... Done.
  Querying GO_Cellular_Component_2025... Done.
  Querying KEGG_2021_Human... Done.
  Querying Reactome_Pathways_2024... Done.
Parsing results... Done.
Enrichment for ZNF704 done.
Running enrichment for: ZNF711 
Uploading data to Enrichr... Done.
  Querying GO_Biological_Process_2025... Done.
  Querying GO_Molecular_Function_2025... Done.
  Querying GO_Cellular_Component_2025... Done.
  Querying KEGG_2021_Human... Done.
  Querying Reactome_Pathways_2024... Done.
Parsing results... Done.
Enrichment for ZNF711 done.
Running enrichment for: ZNF713 
Uploading data to Enrichr... Done.
  Querying GO_Biological_Process_2025... Done.
  Querying GO_Molecular_Function_2025... Done.
  Querying GO_Cellular_Component_2025... Done.
  Querying KEGG_2021_Human... Done.
  Querying Reactome_Pathways_2024... Done.
Parsing results... Done.
Enrichment for ZNF713 done.
Running enrichment for: ZNF726 
Uploading data to Enrichr... Done.
  Querying GO_Biological_Process_2025... Done.
  Querying GO_Molecular_Function_2025... Done.
  Querying GO_Cellular_Component_2025... Done.
  Querying KEGG_2021_Human... Done.
  Querying Reactome_Pathways_2024... Done.
Parsing results... Done.
Enrichment for ZNF726 done.
Running enrichment for: ZNF727 
Uploading data to Enrichr... Done.
  Querying GO_Biological_Process_2025... Done.
  Querying GO_Molecular_Function_2025... Done.
  Querying GO_Cellular_Component_2025... Done.
  Querying KEGG_2021_Human... Done.
  Querying Reactome_Pathways_2024... Done.
Parsing results... Done.
Enrichment for ZNF727 done.
Running enrichment for: ZNF730 
Uploading data to Enrichr... Done.
  Querying GO_Biological_Process_2025... Done.
  Querying GO_Molecular_Function_2025... Done.
  Querying GO_Cellular_Component_2025... Done.
  Querying KEGG_2021_Human... Done.
  Querying Reactome_Pathways_2024... Done.
Parsing results... Done.
Enrichment for ZNF730 done.
Running enrichment for: ZNF774 
Uploading data to Enrichr... Done.
  Querying GO_Biological_Process_2025... Done.
  Querying GO_Molecular_Function_2025... Done.
  Querying GO_Cellular_Component_2025... Done.
  Querying KEGG_2021_Human... Done.
  Querying Reactome_Pathways_2024... Done.
Parsing results... Done.
Enrichment for ZNF774 done.
Running enrichment for: ZNF775 
Uploading data to Enrichr... Done.
  Querying GO_Biological_Process_2025... Done.
  Querying GO_Molecular_Function_2025... Done.
  Querying GO_Cellular_Component_2025... Done.
  Querying KEGG_2021_Human... Done.
  Querying Reactome_Pathways_2024... Done.
Parsing results... Done.
Enrichment for ZNF775 done.
Running enrichment for: ZNF776 
Uploading data to Enrichr... Done.
  Querying GO_Biological_Process_2025... Done.
  Querying GO_Molecular_Function_2025... Done.
  Querying GO_Cellular_Component_2025... Done.
  Querying KEGG_2021_Human... Done.
  Querying Reactome_Pathways_2024... Done.
Parsing results... Done.
Enrichment for ZNF776 done.
Running enrichment for: ZNF778 
Uploading data to Enrichr... Done.
  Querying GO_Biological_Process_2025... Done.
  Querying GO_Molecular_Function_2025... Done.
  Querying GO_Cellular_Component_2025... Done.
  Querying KEGG_2021_Human... Done.
  Querying Reactome_Pathways_2024... Done.
Parsing results... Done.
Enrichment for ZNF778 done.
Running enrichment for: ZNF780A 
Uploading data to Enrichr... Done.
  Querying GO_Biological_Process_2025... Done.
  Querying GO_Molecular_Function_2025... Done.
  Querying GO_Cellular_Component_2025... Done.
  Querying KEGG_2021_Human... Done.
  Querying Reactome_Pathways_2024... Done.
Parsing results... Done.
Enrichment for ZNF780A done.
Running enrichment for: ZNF780B 
Uploading data to Enrichr... Done.
  Querying GO_Biological_Process_2025... Done.
  Querying GO_Molecular_Function_2025... Done.
  Querying GO_Cellular_Component_2025... Done.
  Querying KEGG_2021_Human... Done.
  Querying Reactome_Pathways_2024... Done.
Parsing results... Done.
Enrichment for ZNF780B done.
Running enrichment for: ZNF782 
Uploading data to Enrichr... Done.
  Querying GO_Biological_Process_2025... Done.
  Querying GO_Molecular_Function_2025... Done.
  Querying GO_Cellular_Component_2025... Done.
  Querying KEGG_2021_Human... Done.
  Querying Reactome_Pathways_2024... Done.
Parsing results... Done.
Enrichment for ZNF782 done.
Running enrichment for: ZNF786 
Uploading data to Enrichr... Done.
  Querying GO_Biological_Process_2025... Done.
  Querying GO_Molecular_Function_2025... Done.
  Querying GO_Cellular_Component_2025... Done.
  Querying KEGG_2021_Human... Done.
  Querying Reactome_Pathways_2024... Done.
Parsing results... Done.
Enrichment for ZNF786 done.
Running enrichment for: ZNF787 
Uploading data to Enrichr... Done.
  Querying GO_Biological_Process_2025... Done.
  Querying GO_Molecular_Function_2025... Done.
  Querying GO_Cellular_Component_2025... Done.
  Querying KEGG_2021_Human... Done.
  Querying Reactome_Pathways_2024... Done.
Parsing results... Done.
Enrichment for ZNF787 done.
Running enrichment for: ZNF793 
Uploading data to Enrichr... Done.
  Querying GO_Biological_Process_2025... Done.
  Querying GO_Molecular_Function_2025... Done.
  Querying GO_Cellular_Component_2025... Done.
  Querying KEGG_2021_Human... Done.
  Querying Reactome_Pathways_2024... Done.
Parsing results... Done.
Enrichment for ZNF793 done.
Running enrichment for: ZNF808 
Uploading data to Enrichr... Done.
  Querying GO_Biological_Process_2025... Done.
  Querying GO_Molecular_Function_2025... Done.
  Querying GO_Cellular_Component_2025... Done.
  Querying KEGG_2021_Human... Done.
  Querying Reactome_Pathways_2024... Done.
Parsing results... Done.
Enrichment for ZNF808 done.
Running enrichment for: ZNF814 
Uploading data to Enrichr... Done.
  Querying GO_Biological_Process_2025... Done.
  Querying GO_Molecular_Function_2025... Done.
  Querying GO_Cellular_Component_2025... Done.
  Querying KEGG_2021_Human... Done.
  Querying Reactome_Pathways_2024... Done.
Parsing results... Done.
Enrichment for ZNF814 done.
Running enrichment for: ZNF83 
Uploading data to Enrichr... Done.
  Querying GO_Biological_Process_2025... Done.
  Querying GO_Molecular_Function_2025... Done.
  Querying GO_Cellular_Component_2025... Done.
  Querying KEGG_2021_Human... Done.
  Querying Reactome_Pathways_2024... Done.
Parsing results... Done.
Enrichment for ZNF83 done.
Running enrichment for: ZNF835 
Uploading data to Enrichr... Done.
  Querying GO_Biological_Process_2025... Done.
  Querying GO_Molecular_Function_2025... Done.
  Querying GO_Cellular_Component_2025... Done.
  Querying KEGG_2021_Human... Done.
  Querying Reactome_Pathways_2024... Done.
Parsing results... Done.
Enrichment for ZNF835 done.
Running enrichment for: ZNF837 
Uploading data to Enrichr... Done.
  Querying GO_Biological_Process_2025... Done.
  Querying GO_Molecular_Function_2025... Done.
  Querying GO_Cellular_Component_2025... Done.
  Querying KEGG_2021_Human... Done.
  Querying Reactome_Pathways_2024... Done.
Parsing results... Done.
Enrichment for ZNF837 done.
Running enrichment for: ZNF84 
Uploading data to Enrichr... Done.
  Querying GO_Biological_Process_2025... Done.
  Querying GO_Molecular_Function_2025... Done.
  Querying GO_Cellular_Component_2025... Done.
  Querying KEGG_2021_Human... Done.
  Querying Reactome_Pathways_2024... Done.
Parsing results... Done.
Enrichment for ZNF84 done.
Running enrichment for: ZNF841 
Uploading data to Enrichr... Done.
  Querying GO_Biological_Process_2025... Done.
  Querying GO_Molecular_Function_2025... Done.
  Querying GO_Cellular_Component_2025... Done.
  Querying KEGG_2021_Human... Done.
  Querying Reactome_Pathways_2024... Done.
Parsing results... Done.
Enrichment for ZNF841 done.
Running enrichment for: ZNF853 
Uploading data to Enrichr... Done.
  Querying GO_Biological_Process_2025... Done.
  Querying GO_Molecular_Function_2025... Done.
  Querying GO_Cellular_Component_2025... Done.
  Querying KEGG_2021_Human... Done.
  Querying Reactome_Pathways_2024... Done.
Parsing results... Done.
Enrichment for ZNF853 done.
Running enrichment for: ZNF878 
Uploading data to Enrichr... Done.
  Querying GO_Biological_Process_2025... Done.
  Querying GO_Molecular_Function_2025... Done.
  Querying GO_Cellular_Component_2025... Done.
  Querying KEGG_2021_Human... Done.
  Querying Reactome_Pathways_2024... Done.
Parsing results... Done.
Enrichment for ZNF878 done.
Running enrichment for: ZNF880 
Uploading data to Enrichr... Done.
  Querying GO_Biological_Process_2025... Done.
  Querying GO_Molecular_Function_2025... Done.
  Querying GO_Cellular_Component_2025... Done.
  Querying KEGG_2021_Human... Done.
  Querying Reactome_Pathways_2024... Done.
Parsing results... Done.
Enrichment for ZNF880 done.
Running enrichment for: ZNF891 
Uploading data to Enrichr... Done.
  Querying GO_Biological_Process_2025... Done.
  Querying GO_Molecular_Function_2025... Done.
  Querying GO_Cellular_Component_2025... Done.
  Querying KEGG_2021_Human... Done.
  Querying Reactome_Pathways_2024... Done.
Parsing results... Done.
Enrichment for ZNF891 done.
Running enrichment for: ZNF93 
Uploading data to Enrichr... Done.
  Querying GO_Biological_Process_2025... Done.
  Querying GO_Molecular_Function_2025... Done.
  Querying GO_Cellular_Component_2025... Done.
  Querying KEGG_2021_Human... Done.
  Querying Reactome_Pathways_2024... Done.
Parsing results... Done.
Enrichment for ZNF93 done.
Running enrichment for: ZSCAN16 
Uploading data to Enrichr... Done.
  Querying GO_Biological_Process_2025... Done.
  Querying GO_Molecular_Function_2025... Done.
  Querying GO_Cellular_Component_2025... Done.
  Querying KEGG_2021_Human... Done.
  Querying Reactome_Pathways_2024... Done.
Parsing results... Done.
Enrichment for ZSCAN16 done.
Running enrichment for: ZSCAN21 
Uploading data to Enrichr... Done.
  Querying GO_Biological_Process_2025... Done.
  Querying GO_Molecular_Function_2025... Done.
  Querying GO_Cellular_Component_2025... Done.
  Querying KEGG_2021_Human... Done.
  Querying Reactome_Pathways_2024... Done.
Parsing results... Done.
Enrichment for ZSCAN21 done.
Running enrichment for: ZSCAN25 
Uploading data to Enrichr... Done.
  Querying GO_Biological_Process_2025... Done.
  Querying GO_Molecular_Function_2025... Done.
  Querying GO_Cellular_Component_2025... Done.
  Querying KEGG_2021_Human... Done.
  Querying Reactome_Pathways_2024... Done.
Parsing results... Done.
Enrichment for ZSCAN25 done.
Running enrichment for: ZSCAN26 
Uploading data to Enrichr... Done.
  Querying GO_Biological_Process_2025... Done.
  Querying GO_Molecular_Function_2025... Done.
  Querying GO_Cellular_Component_2025... Done.
  Querying KEGG_2021_Human... Done.
  Querying Reactome_Pathways_2024... Done.
Parsing results... Done.
Enrichment for ZSCAN26 done.
Saving 7 x 7 in imageSaving 7 x 7 in imageSaving 7 x 7 in imageSaving 7 x 7 in imageSaving 7 x 7 in imageSaving 7 x 7 in imageSaving 7 x 7 in imageSaving 7 x 7 in imageSaving 7 x 7 in imageSaving 7 x 7 in imageSaving 7 x 7 in imageSaving 7 x 7 in imageSaving 7 x 7 in imageSaving 7 x 7 in imageSaving 7 x 7 in imageSaving 7 x 7 in imageSaving 7 x 7 in imageSaving 7 x 7 in imageSaving 7 x 7 in imageSaving 7 x 7 in imageSaving 7 x 7 in imageSaving 7 x 7 in imageSaving 7 x 7 in imageSaving 7 x 7 in imageSaving 7 x 7 in imageSaving 7 x 7 in imageSaving 7 x 7 in imageSaving 7 x 7 in imageSaving 7 x 7 in imageSaving 7 x 7 in imageSaving 7 x 7 in imageSaving 7 x 7 in imageSaving 7 x 7 in imageSaving 7 x 7 in imageSaving 7 x 7 in imageSaving 7 x 7 in imageSaving 7 x 7 in imageSaving 7 x 7 in imageSaving 7 x 7 in imageSaving 7 x 7 in imageSaving 7 x 7 in imageSaving 7 x 7 in imageSaving 7 x 7 in imageSaving 7 x 7 in imageSaving 7 x 7 in imageSaving 7 x 7 in imageSaving 7 x 7 in imageSaving 7 x 7 in imageSaving 7 x 7 in imageSaving 7 x 7 in imageSaving 7 x 7 in imageSaving 7 x 7 in imageSaving 7 x 7 in imageSaving 7 x 7 in imageSaving 7 x 7 in imageSaving 7 x 7 in imageSaving 7 x 7 in imageSaving 7 x 7 in imageSaving 7 x 7 in imageSaving 7 x 7 in imageSaving 7 x 7 in imageSaving 7 x 7 in imageSaving 7 x 7 in imageSaving 7 x 7 in imageSaving 7 x 7 in imageSaving 7 x 7 in imageSaving 7 x 7 in imageSaving 7 x 7 in imageSaving 7 x 7 in imageSaving 7 x 7 in imageSaving 7 x 7 in imageSaving 7 x 7 in imageSaving 7 x 7 in imageSaving 7 x 7 in imageSaving 7 x 7 in imageSaving 7 x 7 in imageSaving 7 x 7 in imageSaving 7 x 7 in imageSaving 7 x 7 in imageSaving 7 x 7 in imageSaving 7 x 7 in imageSaving 7 x 7 in imageSaving 7 x 7 in imageSaving 7 x 7 in imageSaving 7 x 7 in imageSaving 7 x 7 in imageSaving 7 x 7 in imageSaving 7 x 7 in imageSaving 7 x 7 in imageSaving 7 x 7 in imageSaving 7 x 7 in imageSaving 7 x 7 in imageSaving 7 x 7 in imageSaving 7 x 7 in imageSaving 7 x 7 in imageSaving 7 x 7 in imageSaving 7 x 7 in imageSaving 7 x 7 in imageSaving 7 x 7 in imageSaving 7 x 7 in imageSaving 7 x 7 in imageSaving 7 x 7 in imageSaving 7 x 7 in imageSaving 7 x 7 in imageSaving 7 x 7 in imageSaving 7 x 7 in imageSaving 7 x 7 in imageSaving 7 x 7 in imageSaving 7 x 7 in imageSaving 7 x 7 in imageSaving 7 x 7 in imageSaving 7 x 7 in imageSaving 7 x 7 in imageSaving 7 x 7 in imageSaving 7 x 7 in imageSaving 7 x 7 in imageSaving 7 x 7 in imageSaving 7 x 7 in imageSaving 7 x 7 in imageSaving 7 x 7 in imageSaving 7 x 7 in imageSaving 7 x 7 in imageSaving 7 x 7 in imageSaving 7 x 7 in imageSaving 7 x 7 in imageSaving 7 x 7 in imageSaving 7 x 7 in imageSaving 7 x 7 in imageSaving 7 x 7 in imageSaving 7 x 7 in imageSaving 7 x 7 in imageSaving 7 x 7 in imageSaving 7 x 7 in imageSaving 7 x 7 in imageSaving 7 x 7 in imageSaving 7 x 7 in imageSaving 7 x 7 in imageSaving 7 x 7 in imageSaving 7 x 7 in imageSaving 7 x 7 in imageSaving 7 x 7 in imageSaving 7 x 7 in imageSaving 7 x 7 in imageSaving 7 x 7 in imageSaving 7 x 7 in imageSaving 7 x 7 in imageSaving 7 x 7 in imageSaving 7 x 7 in imageSaving 7 x 7 in imageSaving 7 x 7 in imageSaving 7 x 7 in imageSaving 7 x 7 in imageSaving 7 x 7 in imageSaving 7 x 7 in imageSaving 7 x 7 in imageSaving 7 x 7 in imageSaving 7 x 7 in imageSaving 7 x 7 in imageSaving 7 x 7 in imageSaving 7 x 7 in imageSaving 7 x 7 in imageSaving 7 x 7 in imageSaving 7 x 7 in imageSaving 7 x 7 in imageSaving 7 x 7 in imageSaving 7 x 7 in imageSaving 7 x 7 in imageSaving 7 x 7 in imageSaving 7 x 7 in imageSaving 7 x 7 in imageSaving 7 x 7 in imageSaving 7 x 7 in imageSaving 7 x 7 in imageSaving 7 x 7 in imageSaving 7 x 7 in imageSaving 7 x 7 in imageSaving 7 x 7 in imageSaving 7 x 7 in imageSaving 7 x 7 in imageSaving 7 x 7 in imageSaving 7 x 7 in imageSaving 7 x 7 in imageSaving 7 x 7 in imageSaving 7 x 7 in imageSaving 7 x 7 in imageSaving 7 x 7 in imageSaving 7 x 7 in imageSaving 7 x 7 in imageSaving 7 x 7 in imageSaving 7 x 7 in imageSaving 7 x 7 in imageSaving 7 x 7 in imageSaving 7 x 7 in imageSaving 7 x 7 in imageSaving 7 x 7 in imageSaving 7 x 7 in imageSaving 7 x 7 in imageSaving 7 x 7 in imageSaving 7 x 7 in imageSaving 7 x 7 in imageSaving 7 x 7 in imageSaving 7 x 7 in imageSaving 7 x 7 in imageSaving 7 x 7 in imageSaving 7 x 7 in imageSaving 7 x 7 in imageSaving 7 x 7 in imageSaving 7 x 7 in imageSaving 7 x 7 in imageSaving 7 x 7 in imageSaving 7 x 7 in imageSaving 7 x 7 in imageSaving 7 x 7 in imageSaving 7 x 7 in imageSaving 7 x 7 in imageSaving 7 x 7 in imageSaving 7 x 7 in imageSaving 7 x 7 in imageSaving 7 x 7 in imageSaving 7 x 7 in imageSaving 7 x 7 in imageSaving 7 x 7 in imageSaving 7 x 7 in imageSaving 7 x 7 in imageSaving 7 x 7 in imageSaving 7 x 7 in imageSaving 7 x 7 in imageSaving 7 x 7 in imageSaving 7 x 7 in imageSaving 7 x 7 in imageSaving 7 x 7 in imageSaving 7 x 7 in imageSaving 7 x 7 in imageSaving 7 x 7 in imageSaving 7 x 7 in imageSaving 7 x 7 in imageSaving 7 x 7 in imageSaving 7 x 7 in imageSaving 7 x 7 in imageSaving 7 x 7 in imageSaving 7 x 7 in imageSaving 7 x 7 in imageSaving 7 x 7 in imageSaving 7 x 7 in imageSaving 7 x 7 in imageSaving 7 x 7 in imageSaving 7 x 7 in imageSaving 7 x 7 in imageSaving 7 x 7 in imageSaving 7 x 7 in imageSaving 7 x 7 in imageSaving 7 x 7 in imageSaving 7 x 7 in imageSaving 7 x 7 in imageSaving 7 x 7 in imageSaving 7 x 7 in imageSaving 7 x 7 in imageSaving 7 x 7 in imageSaving 7 x 7 in imageSaving 7 x 7 in imageSaving 7 x 7 in imageSaving 7 x 7 in imageSaving 7 x 7 in imageSaving 7 x 7 in imageSaving 7 x 7 in imageSaving 7 x 7 in imageSaving 7 x 7 in imageSaving 7 x 7 in imageSaving 7 x 7 in imageSaving 7 x 7 in imageSaving 7 x 7 in imageSaving 7 x 7 in imageSaving 7 x 7 in imageSaving 7 x 7 in imageSaving 7 x 7 in imageSaving 7 x 7 in imageSaving 7 x 7 in imageSaving 7 x 7 in imageSaving 7 x 7 in imageSaving 7 x 7 in imageSaving 7 x 7 in imageSaving 7 x 7 in imageSaving 7 x 7 in imageSaving 7 x 7 in imageSaving 7 x 7 in imageSaving 7 x 7 in imageSaving 7 x 7 in imageSaving 7 x 7 in imageSaving 7 x 7 in imageSaving 7 x 7 in imageSaving 7 x 7 in imageSaving 7 x 7 in imageSaving 7 x 7 in imageSaving 7 x 7 in imageSaving 7 x 7 in imageSaving 7 x 7 in imageSaving 7 x 7 in imageSaving 7 x 7 in imageSaving 7 x 7 in imageSaving 7 x 7 in imageSaving 7 x 7 in imageSaving 7 x 7 in imageSaving 7 x 7 in imageSaving 7 x 7 in imageSaving 7 x 7 in imageSaving 7 x 7 in imageSaving 7 x 7 in imageSaving 7 x 7 in imageSaving 7 x 7 in imageSaving 7 x 7 in imageSaving 7 x 7 in imageSaving 7 x 7 in imageSaving 7 x 7 in imageSaving 7 x 7 in imageSaving 7 x 7 in imageSaving 7 x 7 in imageSaving 7 x 7 in imageSaving 7 x 7 in imageSaving 7 x 7 in imageSaving 7 x 7 in imageSaving 7 x 7 in imageSaving 7 x 7 in imageSaving 7 x 7 in imageSaving 7 x 7 in imageSaving 7 x 7 in imageSaving 7 x 7 in imageSaving 7 x 7 in imageSaving 7 x 7 in imageSaving 7 x 7 in imageSaving 7 x 7 in imageSaving 7 x 7 in imageSaving 7 x 7 in imageSaving 7 x 7 in imageSaving 7 x 7 in imageSaving 7 x 7 in imageSaving 7 x 7 in imageSaving 7 x 7 in imageSaving 7 x 7 in imageSaving 7 x 7 in imageSaving 7 x 7 in imageSaving 7 x 7 in imageSaving 7 x 7 in imageSaving 7 x 7 in imageSaving 7 x 7 in imageSaving 7 x 7 in imageSaving 7 x 7 in imageSaving 7 x 7 in imageSaving 7 x 7 in imageSaving 7 x 7 in imageSaving 7 x 7 in imageSaving 7 x 7 in imageSaving 7 x 7 in imageSaving 7 x 7 in imageSaving 7 x 7 in imageSaving 7 x 7 in imageSaving 7 x 7 in imageSaving 7 x 7 in imageSaving 7 x 7 in imageSaving 7 x 7 in imageSaving 7 x 7 in imageSaving 7 x 7 in imageSaving 7 x 7 in imageSaving 7 x 7 in imageSaving 7 x 7 in imageSaving 7 x 7 in imageSaving 7 x 7 in imageSaving 7 x 7 in imageSaving 7 x 7 in imageSaving 7 x 7 in imageSaving 7 x 7 in imageSaving 7 x 7 in imageSaving 7 x 7 in imageSaving 7 x 7 in imageSaving 7 x 7 in imageSaving 7 x 7 in imageSaving 7 x 7 in imageSaving 7 x 7 in imageSaving 7 x 7 in imageSaving 7 x 7 in imageSaving 7 x 7 in imageSaving 7 x 7 in imageSaving 7 x 7 in imageSaving 7 x 7 in imageSaving 7 x 7 in imageSaving 7 x 7 in imageUsing Metabolites targets file: Metabolites2targets_top2.0pct_75_modules.txt 
Processing 63 regulators using 5 threads
Connection changed to https://maayanlab.cloud/Enrichr/
Connection is Live!
Running enrichment for: 2_hydroxyglutaric_acid 
Uploading data to Enrichr... Done.
  Querying GO_Biological_Process_2025... Done.
  Querying GO_Molecular_Function_2025... Done.
  Querying GO_Cellular_Component_2025... Done.
  Querying KEGG_2021_Human... Done.
  Querying Reactome_Pathways_2024... Done.
Parsing results... Done.
Enrichment for 2_hydroxyglutaric_acid done.
Running enrichment for: 3_phosphoglycerate 
Uploading data to Enrichr... Done.
  Querying GO_Biological_Process_2025... Done.
  Querying GO_Molecular_Function_2025... Done.
  Querying GO_Cellular_Component_2025... Done.
  Querying KEGG_2021_Human... Done.
  Querying Reactome_Pathways_2024... Done.
Parsing results... Done.
Enrichment for 3_phosphoglycerate done.
Running enrichment for: capricacid 
Uploading data to Enrichr... Done.
  Querying GO_Biological_Process_2025... Done.
  Querying GO_Molecular_Function_2025... Done.
  Querying GO_Cellular_Component_2025... Done.
  Querying KEGG_2021_Human... Done.
  Querying Reactome_Pathways_2024... Done.
Parsing results... Done.
Enrichment for capricacid done.
Running enrichment for: cholesterol_(spectral_match) 
Uploading data to Enrichr... Done.
  Querying GO_Biological_Process_2025... Done.
  Querying GO_Molecular_Function_2025... Done.
  Querying GO_Cellular_Component_2025... Done.
  Querying KEGG_2021_Human... Done.
  Querying Reactome_Pathways_2024... Done.
Parsing results... Done.
Enrichment for cholesterol_(spectral_match) done.
Running enrichment for: creatinine 
Uploading data to Enrichr... Done.
  Querying GO_Biological_Process_2025... Done.
  Querying GO_Molecular_Function_2025... Done.
  Querying GO_Cellular_Component_2025... Done.
  Querying KEGG_2021_Human... Done.
  Querying Reactome_Pathways_2024... Done.
Parsing results... Done.
Enrichment for creatinine done.
Running enrichment for: D_fructose_6_phosphate 
Uploading data to Enrichr... Done.
  Querying GO_Biological_Process_2025... Done.
  Querying GO_Molecular_Function_2025... Done.
  Querying GO_Cellular_Component_2025... Done.
  Querying KEGG_2021_Human... Done.
  Querying Reactome_Pathways_2024... Done.
Parsing results... Done.
Enrichment for D_fructose_6_phosphate done.
Running enrichment for: D_glucose_6_phosphate 
Uploading data to Enrichr... Done.
  Querying GO_Biological_Process_2025... Done.
  Querying GO_Molecular_Function_2025... Done.
  Querying GO_Cellular_Component_2025... Done.
  Querying KEGG_2021_Human... Done.
  Querying Reactome_Pathways_2024... Done.
Parsing results... Done.
Enrichment for D_glucose_6_phosphate done.
Running enrichment for: D_mannose 
Uploading data to Enrichr... Done.
  Querying GO_Biological_Process_2025... Done.
  Querying GO_Molecular_Function_2025... Done.
  Querying GO_Cellular_Component_2025... Done.
  Querying KEGG_2021_Human... Done.
  Querying Reactome_Pathways_2024... Done.
Parsing results... Done.
Enrichment for D_mannose done.
Running enrichment for: D_ribose_5_phosphate 
Uploading data to Enrichr... Done.
  Querying GO_Biological_Process_2025... Done.
  Querying GO_Molecular_Function_2025... Done.
  Querying GO_Cellular_Component_2025... Done.
  Querying KEGG_2021_Human... Done.
  Querying Reactome_Pathways_2024... Done.
Parsing results... Done.
Enrichment for D_ribose_5_phosphate done.
Running enrichment for: D_ribulose_5_phosphate 
Uploading data to Enrichr... Done.
  Querying GO_Biological_Process_2025... Done.
  Querying GO_Molecular_Function_2025... Done.
  Querying GO_Cellular_Component_2025... Done.
  Querying KEGG_2021_Human... Done.
  Querying Reactome_Pathways_2024... Done.
Parsing results... Done.
Enrichment for D_ribulose_5_phosphate done.
Running enrichment for: DL_2_Aminoadipic_acid_(spectral_match) 
Uploading data to Enrichr... Done.
  Querying GO_Biological_Process_2025... Done.
  Querying GO_Molecular_Function_2025... Done.
  Querying GO_Cellular_Component_2025... Done.
  Querying KEGG_2021_Human... Done.
  Querying Reactome_Pathways_2024... Done.
Parsing results... Done.
Enrichment for DL_2_Aminoadipic_acid_(spectral_match) done.
Running enrichment for: DL_3_aminoisobutyric_acid__(spectral_match) 
Uploading data to Enrichr... Done.
  Querying GO_Biological_Process_2025... Done.
  Querying GO_Molecular_Function_2025... Done.
  Querying GO_Cellular_Component_2025... Done.
  Querying KEGG_2021_Human... Done.
  Querying Reactome_Pathways_2024... Done.
Parsing results... Done.
Enrichment for DL_3_aminoisobutyric_acid__(spectral_match) done.
Running enrichment for: DL_isoleucine 
Uploading data to Enrichr... Done.
  Querying GO_Biological_Process_2025... Done.
  Querying GO_Molecular_Function_2025... Done.
  Querying GO_Cellular_Component_2025... Done.
  Querying KEGG_2021_Human... Done.
  Querying Reactome_Pathways_2024... Done.
Parsing results... Done.
Enrichment for DL_isoleucine done.
Saving 7 x 7 in imageSaving 7 x 7 in imageSaving 7 x 7 in imageSaving 7 x 7 in imageSaving 7 x 7 in imageSaving 7 x 7 in imageSaving 7 x 7 in imageSaving 7 x 7 in imageSaving 7 x 7 in imageSaving 7 x 7 in imageSaving 7 x 7 in imageSaving 7 x 7 in imageSaving 7 x 7 in imageSaving 7 x 7 in imageSaving 7 x 7 in imageSaving 7 x 7 in imageSaving 7 x 7 in imageSaving 7 x 7 in imageSaving 7 x 7 in imageSaving 7 x 7 in imageSaving 7 x 7 in imageSaving 7 x 7 in imageSaving 7 x 7 in imageSaving 7 x 7 in imageSaving 7 x 7 in imageSaving 7 x 7 in imageSaving 7 x 7 in imageSaving 7 x 7 in imageSaving 7 x 7 in imageSaving 7 x 7 in imageSaving 7 x 7 in imageSaving 7 x 7 in imageSaving 7 x 7 in imageSaving 7 x 7 in imageSaving 7 x 7 in imageSaving 7 x 7 in imageSaving 7 x 7 in imageSaving 7 x 7 in imageSaving 7 x 7 in imageSaving 7 x 7 in imageSaving 7 x 7 in imageSaving 7 x 7 in imageSaving 7 x 7 in imageSaving 7 x 7 in imageSaving 7 x 7 in imageSaving 7 x 7 in imageSaving 7 x 7 in imageSaving 7 x 7 in imageSaving 7 x 7 in imageSaving 7 x 7 in imageSaving 7 x 7 in imageSaving 7 x 7 in imageSaving 7 x 7 in imageSaving 7 x 7 in imageSaving 7 x 7 in imageSaving 7 x 7 in imageSaving 7 x 7 in imageSaving 7 x 7 in imageSaving 7 x 7 in imageSaving 7 x 7 in imageSaving 7 x 7 in imageSaving 7 x 7 in imageSaving 7 x 7 in imageSaving 7 x 7 in imageSaving 7 x 7 in imageRunning enrichment for: fructose 
Uploading data to Enrichr... Done.
  Querying GO_Biological_Process_2025... Done.
  Querying GO_Molecular_Function_2025... Done.
  Querying GO_Cellular_Component_2025... Done.
  Querying KEGG_2021_Human... Done.
  Querying Reactome_Pathways_2024... Done.
Parsing results... Done.
Enrichment for fructose done.
Running enrichment for: fumaric_acid 
Uploading data to Enrichr... Done.
  Querying GO_Biological_Process_2025... Done.
  Querying GO_Molecular_Function_2025... Done.
  Querying GO_Cellular_Component_2025... Done.
  Querying KEGG_2021_Human... Done.
  Querying Reactome_Pathways_2024... Done.
Parsing results... Done.
Enrichment for fumaric_acid done.
Running enrichment for: galactitol 
Uploading data to Enrichr... Done.
  Querying GO_Biological_Process_2025... Done.
  Querying GO_Molecular_Function_2025... Done.
  Querying GO_Cellular_Component_2025... Done.
  Querying KEGG_2021_Human... Done.
  Querying Reactome_Pathways_2024... Done.
Parsing results... Done.
Enrichment for galactitol done.
Running enrichment for: glycerol_3_phosphate 
Uploading data to Enrichr... Done.
  Querying GO_Biological_Process_2025... Done.
  Querying GO_Molecular_Function_2025... Done.
  Querying GO_Cellular_Component_2025... Done.
  Querying KEGG_2021_Human... Done.
  Querying Reactome_Pathways_2024... Done.
Parsing results... Done.
Enrichment for glycerol_3_phosphate done.
Running enrichment for: heptadecanoic_acid 
Uploading data to Enrichr... Done.
  Querying GO_Biological_Process_2025... Done.
  Querying GO_Molecular_Function_2025... Done.
  Querying GO_Cellular_Component_2025... Done.
  Querying KEGG_2021_Human... Done.
  Querying Reactome_Pathways_2024... Done.
Parsing results... Done.
Enrichment for heptadecanoic_acid done.
Running enrichment for: homocysteine 
Uploading data to Enrichr... Done.
  Querying GO_Biological_Process_2025... Done.
  Querying GO_Molecular_Function_2025... Done.
  Querying GO_Cellular_Component_2025... Done.
  Querying KEGG_2021_Human... Done.
  Querying Reactome_Pathways_2024... Done.
Parsing results... Done.
Enrichment for homocysteine done.
Running enrichment for: hypotaurine 
Uploading data to Enrichr... Done.
  Querying GO_Biological_Process_2025... Done.
  Querying GO_Molecular_Function_2025... Done.
  Querying GO_Cellular_Component_2025... Done.
  Querying KEGG_2021_Human... Done.
  Querying Reactome_Pathways_2024... Done.
Parsing results... Done.
Enrichment for hypotaurine done.
Running enrichment for: L_2_aminoadipic_acid 
Uploading data to Enrichr... Done.
  Querying GO_Biological_Process_2025... Done.
  Querying GO_Molecular_Function_2025... Done.
  Querying GO_Cellular_Component_2025... Done.
  Querying KEGG_2021_Human... Done.
  Querying Reactome_Pathways_2024... Done.
Parsing results... Done.
Enrichment for L_2_aminoadipic_acid done.
Running enrichment for: L_alanine 
Uploading data to Enrichr... Done.
  Querying GO_Biological_Process_2025... Done.
  Querying GO_Molecular_Function_2025... Done.
  Querying GO_Cellular_Component_2025... Done.
  Querying KEGG_2021_Human... Done.
  Querying Reactome_Pathways_2024... Done.
Parsing results... Done.
Enrichment for L_alanine done.
Running enrichment for: L_aspartic_acid 
Uploading data to Enrichr... Done.
  Querying GO_Biological_Process_2025... Done.
  Querying GO_Molecular_Function_2025... Done.
  Querying GO_Cellular_Component_2025... Done.
  Querying KEGG_2021_Human... Done.
  Querying Reactome_Pathways_2024... Done.
Parsing results... Done.
Enrichment for L_aspartic_acid done.
Running enrichment for: L_cysteine 
Uploading data to Enrichr... Done.
  Querying GO_Biological_Process_2025... Done.
  Querying GO_Molecular_Function_2025... Done.
  Querying GO_Cellular_Component_2025... Done.
  Querying KEGG_2021_Human... Done.
  Querying Reactome_Pathways_2024... Done.
Parsing results... Done.
Enrichment for L_cysteine done.
Running enrichment for: L_glutamic_acid 
Uploading data to Enrichr... Done.
  Querying GO_Biological_Process_2025... Done.
  Querying GO_Molecular_Function_2025... Done.
  Querying GO_Cellular_Component_2025... Done.
  Querying KEGG_2021_Human... Done.
  Querying Reactome_Pathways_2024... Done.
Parsing results... Done.
Enrichment for L_glutamic_acid done.
Client error: (429) Too Many Requests (RFC 6585)
Saving 7 x 7 in imageSaving 7 x 7 in imageSaving 7 x 7 in imageSaving 7 x 7 in imageSaving 7 x 7 in imageSaving 7 x 7 in imageSaving 7 x 7 in imageSaving 7 x 7 in imageSaving 7 x 7 in imageSaving 7 x 7 in imageSaving 7 x 7 in imageSaving 7 x 7 in imageSaving 7 x 7 in imageSaving 7 x 7 in imageSaving 7 x 7 in imageSaving 7 x 7 in imageSaving 7 x 7 in imageSaving 7 x 7 in imageSaving 7 x 7 in imageSaving 7 x 7 in imageSaving 7 x 7 in imageSaving 7 x 7 in imageSaving 7 x 7 in imageSaving 7 x 7 in imageSaving 7 x 7 in imageSaving 7 x 7 in imageSaving 7 x 7 in imageSaving 7 x 7 in imageSaving 7 x 7 in imageSaving 7 x 7 in imageSaving 7 x 7 in imageSaving 7 x 7 in imageSaving 7 x 7 in imageSaving 7 x 7 in imageSaving 7 x 7 in imageSaving 7 x 7 in imageSaving 7 x 7 in imageSaving 7 x 7 in imageSaving 7 x 7 in imageSaving 7 x 7 in imageSaving 7 x 7 in imageSaving 7 x 7 in imageSaving 7 x 7 in imageSaving 7 x 7 in imageSaving 7 x 7 in imageClient error: (429) Too Many Requests (RFC 6585)
Saving 7 x 7 in imageSaving 7 x 7 in imageSaving 7 x 7 in imageSaving 7 x 7 in imageSaving 7 x 7 in imageClient error: (429) Too Many Requests (RFC 6585)
Saving 7 x 7 in imageSaving 7 x 7 in imageSaving 7 x 7 in imageSaving 7 x 7 in imageSaving 7 x 7 in imageSaving 7 x 7 in imageSaving 7 x 7 in imageSaving 7 x 7 in imageSaving 7 x 7 in imageSaving 7 x 7 in imageRunning enrichment for: L_leucine 
Uploading data to Enrichr... Done.
  Querying GO_Biological_Process_2025... Done.
  Querying GO_Molecular_Function_2025... Done.
  Querying GO_Cellular_Component_2025... Done.
  Querying KEGG_2021_Human... Done.
  Querying Reactome_Pathways_2024... Done.
Parsing results... Done.
Enrichment for L_leucine done.
Running enrichment for: L_methionine 
Uploading data to Enrichr... Done.
  Querying GO_Biological_Process_2025... Done.
  Querying GO_Molecular_Function_2025... Done.
  Querying GO_Cellular_Component_2025... Done.
  Querying KEGG_2021_Human... Done.
  Querying Reactome_Pathways_2024... Done.
Parsing results... Done.
Enrichment for L_methionine done.
Running enrichment for: L_mimosine 
Uploading data to Enrichr... Done.
  Querying GO_Biological_Process_2025... Done.
  Querying GO_Molecular_Function_2025... Done.
  Querying GO_Cellular_Component_2025... Done.
  Querying KEGG_2021_Human... Done.
  Querying Reactome_Pathways_2024... Done.
Parsing results... Done.
Enrichment for L_mimosine done.
Running enrichment for: L_serine 
Uploading data to Enrichr... Done.
  Querying GO_Biological_Process_2025... Done.
  Querying GO_Molecular_Function_2025... Done.
  Querying GO_Cellular_Component_2025... Done.
  Querying KEGG_2021_Human... Done.
  Querying Reactome_Pathways_2024... Done.
Parsing results... Done.
Enrichment for L_serine done.
Running enrichment for: L_threonine 
Uploading data to Enrichr... Done.
  Querying GO_Biological_Process_2025... Done.
  Querying GO_Molecular_Function_2025... Done.
  Querying GO_Cellular_Component_2025... Done.
  Querying KEGG_2021_Human... Done.
  Querying Reactome_Pathways_2024... Done.
Parsing results... Done.
Enrichment for L_threonine done.
Running enrichment for: linoleic_acid 
Uploading data to Enrichr... Done.
  Querying GO_Biological_Process_2025... Done.
  Querying GO_Molecular_Function_2025... Done.
  Querying GO_Cellular_Component_2025... Done.
  Querying KEGG_2021_Human... Done.
  Querying Reactome_Pathways_2024... Done.
Parsing results... Done.
Enrichment for linoleic_acid done.
Running enrichment for: myo_inositol 
Uploading data to Enrichr... Done.
  Querying GO_Biological_Process_2025... Done.
  Querying GO_Molecular_Function_2025... Done.
  Querying GO_Cellular_Component_2025... Done.
  Querying KEGG_2021_Human... Done.
  Querying Reactome_Pathways_2024... Done.
Parsing results... Done.
Enrichment for myo_inositol done.
Running enrichment for: N_formylglycine 
Uploading data to Enrichr... Done.
  Querying GO_Biological_Process_2025... Done.
  Querying GO_Molecular_Function_2025... Done.
  Querying GO_Cellular_Component_2025... Done.
  Querying KEGG_2021_Human... Done.
  Querying Reactome_Pathways_2024... Done.
Parsing results... Done.
Enrichment for N_formylglycine done.
Running enrichment for: O_phosphocolamine 
Uploading data to Enrichr... Done.
  Querying GO_Biological_Process_2025... Done.
  Querying GO_Molecular_Function_2025... Done.
  Querying GO_Cellular_Component_2025... Done.
  Querying KEGG_2021_Human... Done.
  Querying Reactome_Pathways_2024... Done.
Parsing results... Done.
Enrichment for O_phosphocolamine done.
Running enrichment for: pantothenic_acid 
Uploading data to Enrichr... Done.
  Querying GO_Biological_Process_2025... Done.
  Querying GO_Molecular_Function_2025... Done.
  Querying GO_Cellular_Component_2025... Done.
  Querying KEGG_2021_Human... Done.
  Querying Reactome_Pathways_2024... Done.
Parsing results... Done.
Enrichment for pantothenic_acid done.
Running enrichment for: phosphoenolpyruvic_acid 
Uploading data to Enrichr... Done.
  Querying GO_Biological_Process_2025... Done.
  Querying GO_Molecular_Function_2025... Done.
  Querying GO_Cellular_Component_2025... Done.
  Querying KEGG_2021_Human... Done.
  Querying Reactome_Pathways_2024... Done.
Parsing results... Done.
Enrichment for phosphoenolpyruvic_acid done.
Running enrichment for: phosphoric_acid_(spectral_match) 
Uploading data to Enrichr... Done.
  Querying GO_Biological_Process_2025... Done.
  Querying GO_Molecular_Function_2025... Done.
  Querying GO_Cellular_Component_2025... Done.
  Querying KEGG_2021_Human... Done.
  Querying Reactome_Pathways_2024... Done.
Parsing results... Done.
Enrichment for phosphoric_acid_(spectral_match) done.
Running enrichment for: porphine 
Uploading data to Enrichr... Done.
  Querying GO_Biological_Process_2025... Done.
  Querying GO_Molecular_Function_2025... Done.
  Querying GO_Cellular_Component_2025... Done.
  Querying KEGG_2021_Human... Done.
  Querying Reactome_Pathways_2024... Done.
Parsing results... Done.
Enrichment for porphine done.
Saving 7 x 7 in imageSaving 7 x 7 in imageSaving 7 x 7 in imageSaving 7 x 7 in imageSaving 7 x 7 in imageSaving 7 x 7 in imageSaving 7 x 7 in imageSaving 7 x 7 in imageSaving 7 x 7 in imageSaving 7 x 7 in imageClient error: (429) Too Many Requests (RFC 6585)
Saving 7 x 7 in imageSaving 7 x 7 in imageSaving 7 x 7 in imageSaving 7 x 7 in imageSaving 7 x 7 in imageSaving 7 x 7 in imageSaving 7 x 7 in imageSaving 7 x 7 in imageSaving 7 x 7 in imageSaving 7 x 7 in imageSaving 7 x 7 in imageSaving 7 x 7 in imageSaving 7 x 7 in imageSaving 7 x 7 in imageSaving 7 x 7 in imageClient error: (429) Too Many Requests (RFC 6585)
Saving 7 x 7 in imageSaving 7 x 7 in imageSaving 7 x 7 in imageSaving 7 x 7 in imageSaving 7 x 7 in imageSaving 7 x 7 in imageSaving 7 x 7 in imageSaving 7 x 7 in imageSaving 7 x 7 in imageSaving 7 x 7 in imageSaving 7 x 7 in imageSaving 7 x 7 in imageSaving 7 x 7 in imageSaving 7 x 7 in imageSaving 7 x 7 in imageSaving 7 x 7 in imageSaving 7 x 7 in imageSaving 7 x 7 in imageSaving 7 x 7 in imageSaving 7 x 7 in imageSaving 7 x 7 in imageSaving 7 x 7 in imageSaving 7 x 7 in imageSaving 7 x 7 in imageSaving 7 x 7 in imageSaving 7 x 7 in imageSaving 7 x 7 in imageSaving 7 x 7 in imageSaving 7 x 7 in imageSaving 7 x 7 in imageSaving 7 x 7 in imageSaving 7 x 7 in imageSaving 7 x 7 in imageSaving 7 x 7 in imageSaving 7 x 7 in imageSaving 7 x 7 in imageSaving 7 x 7 in imageSaving 7 x 7 in imageSaving 7 x 7 in imageSaving 7 x 7 in imageRunning enrichment for: propylene_glycol 
Uploading data to Enrichr... Done.
  Querying GO_Biological_Process_2025... Done.
  Querying GO_Molecular_Function_2025... Done.
  Querying GO_Cellular_Component_2025... Done.
  Querying KEGG_2021_Human... Done.
  Querying Reactome_Pathways_2024... Done.
Parsing results... Done.
Enrichment for propylene_glycol done.
Running enrichment for: putrescine 
Uploading data to Enrichr... Done.
  Querying GO_Biological_Process_2025... Done.
  Querying GO_Molecular_Function_2025... Done.
  Querying GO_Cellular_Component_2025... Done.
  Querying KEGG_2021_Human... Done.
  Querying Reactome_Pathways_2024... Done.
Parsing results... Done.
Enrichment for putrescine done.
Running enrichment for: pyrophosphate 
Uploading data to Enrichr... Done.
  Querying GO_Biological_Process_2025... Done.
  Querying GO_Molecular_Function_2025... Done.
  Querying GO_Cellular_Component_2025... Done.
  Querying KEGG_2021_Human... Done.
  Querying Reactome_Pathways_2024... Done.
Parsing results... Done.
Enrichment for pyrophosphate done.
Running enrichment for: scyllo_inositol 
Uploading data to Enrichr... Done.
  Querying GO_Biological_Process_2025... Done.
  Querying GO_Molecular_Function_2025... Done.
  Querying GO_Cellular_Component_2025... Done.
  Querying KEGG_2021_Human... Done.
  Querying Reactome_Pathways_2024... Done.
Parsing results... Done.
Enrichment for scyllo_inositol done.
Running enrichment for: sucrose 
Uploading data to Enrichr... Done.
  Querying GO_Biological_Process_2025... Done.
  Querying GO_Molecular_Function_2025... Done.
  Querying GO_Cellular_Component_2025... Done.
  Querying KEGG_2021_Human... Done.
  Querying Reactome_Pathways_2024... Done.
Parsing results... Done.
Enrichment for sucrose done.
Running enrichment for: Unknown_002 
Uploading data to Enrichr... Done.
  Querying GO_Biological_Process_2025... Done.
  Querying GO_Molecular_Function_2025... Done.
  Querying GO_Cellular_Component_2025... Done.
  Querying KEGG_2021_Human... Done.
  Querying Reactome_Pathways_2024... Done.
Parsing results... Done.
Enrichment for Unknown_002 done.
Running enrichment for: Unknown_004 
Uploading data to Enrichr... Done.
  Querying GO_Biological_Process_2025... Done.
  Querying GO_Molecular_Function_2025... Done.
  Querying GO_Cellular_Component_2025... Done.
  Querying KEGG_2021_Human... Done.
  Querying Reactome_Pathways_2024... Done.
Parsing results... Done.
Enrichment for Unknown_004 done.
Running enrichment for: Unknown_006 
Uploading data to Enrichr... Done.
  Querying GO_Biological_Process_2025... Done.
  Querying GO_Molecular_Function_2025... Done.
  Querying GO_Cellular_Component_2025... Done.
  Querying KEGG_2021_Human... Done.
  Querying Reactome_Pathways_2024... Done.
Parsing results... Done.
Enrichment for Unknown_006 done.
Running enrichment for: Unknown_010 
Uploading data to Enrichr... Done.
  Querying GO_Biological_Process_2025... Done.
  Querying GO_Molecular_Function_2025... Done.
  Querying GO_Cellular_Component_2025... Done.
  Querying KEGG_2021_Human... Done.
  Querying Reactome_Pathways_2024... Done.
Parsing results... Done.
Enrichment for Unknown_010 done.
Running enrichment for: Unknown_011 
Uploading data to Enrichr... Done.
  Querying GO_Biological_Process_2025... Done.
  Querying GO_Molecular_Function_2025... Done.
  Querying GO_Cellular_Component_2025... Done.
  Querying KEGG_2021_Human... Done.
  Querying Reactome_Pathways_2024... Done.
Parsing results... Done.
Enrichment for Unknown_011 done.
Running enrichment for: Unknown_013 
Uploading data to Enrichr... Done.
  Querying GO_Biological_Process_2025... Done.
  Querying GO_Molecular_Function_2025... Done.
  Querying GO_Cellular_Component_2025... Done.
  Querying KEGG_2021_Human... Done.
  Querying Reactome_Pathways_2024... Done.
Parsing results... Done.
Enrichment for Unknown_013 done.
Running enrichment for: Unknown_015 
Uploading data to Enrichr... Done.
  Querying GO_Biological_Process_2025... Done.
  Querying GO_Molecular_Function_2025... Done.
  Querying GO_Cellular_Component_2025... Done.
  Querying KEGG_2021_Human... Done.
  Querying Reactome_Pathways_2024... Done.
Parsing results... Done.
Enrichment for Unknown_015 done.
Saving 7 x 7 in imageSaving 7 x 7 in imageSaving 7 x 7 in imageSaving 7 x 7 in imageSaving 7 x 7 in imageSaving 7 x 7 in imageSaving 7 x 7 in imageSaving 7 x 7 in imageSaving 7 x 7 in imageSaving 7 x 7 in imageSaving 7 x 7 in imageSaving 7 x 7 in imageSaving 7 x 7 in imageSaving 7 x 7 in imageSaving 7 x 7 in imageSaving 7 x 7 in imageSaving 7 x 7 in imageSaving 7 x 7 in imageSaving 7 x 7 in imageSaving 7 x 7 in imageSaving 7 x 7 in imageSaving 7 x 7 in imageSaving 7 x 7 in imageSaving 7 x 7 in imageSaving 7 x 7 in imageSaving 7 x 7 in imageSaving 7 x 7 in imageSaving 7 x 7 in imageSaving 7 x 7 in imageSaving 7 x 7 in imageSaving 7 x 7 in imageSaving 7 x 7 in imageSaving 7 x 7 in imageSaving 7 x 7 in imageSaving 7 x 7 in imageSaving 7 x 7 in imageSaving 7 x 7 in imageSaving 7 x 7 in imageSaving 7 x 7 in imageSaving 7 x 7 in imageSaving 7 x 7 in imageSaving 7 x 7 in imageSaving 7 x 7 in imageSaving 7 x 7 in imageSaving 7 x 7 in imageSaving 7 x 7 in imageSaving 7 x 7 in imageSaving 7 x 7 in imageSaving 7 x 7 in imageSaving 7 x 7 in imageSaving 7 x 7 in imageSaving 7 x 7 in imageSaving 7 x 7 in imageSaving 7 x 7 in imageSaving 7 x 7 in imageSaving 7 x 7 in imageSaving 7 x 7 in imageSaving 7 x 7 in imageSaving 7 x 7 in imageSaving 7 x 7 in imageRunning enrichment for: Unknown_017 
Uploading data to Enrichr... Done.
  Querying GO_Biological_Process_2025... Done.
  Querying GO_Molecular_Function_2025... Done.
  Querying GO_Cellular_Component_2025... Done.
  Querying KEGG_2021_Human... Done.
  Querying Reactome_Pathways_2024... Done.
Parsing results... Done.
Enrichment for Unknown_017 done.
Running enrichment for: Unknown_019 
Uploading data to Enrichr... Done.
  Querying GO_Biological_Process_2025... Done.
  Querying GO_Molecular_Function_2025... Done.
  Querying GO_Cellular_Component_2025... Done.
  Querying KEGG_2021_Human... Done.
  Querying Reactome_Pathways_2024... Done.
Parsing results... Done.
Enrichment for Unknown_019 done.
Running enrichment for: Unknown_021 
Uploading data to Enrichr... Done.
  Querying GO_Biological_Process_2025... Done.
  Querying GO_Molecular_Function_2025... Done.
  Querying GO_Cellular_Component_2025... Done.
  Querying KEGG_2021_Human... Done.
  Querying Reactome_Pathways_2024... Done.
Parsing results... Done.
Enrichment for Unknown_021 done.
Running enrichment for: Unknown_022 
Uploading data to Enrichr... Done.
  Querying GO_Biological_Process_2025... Done.
  Querying GO_Molecular_Function_2025... Done.
  Querying GO_Cellular_Component_2025... Done.
  Querying KEGG_2021_Human... Done.
  Querying Reactome_Pathways_2024... Done.
Parsing results... Done.
Enrichment for Unknown_022 done.
Running enrichment for: Unknown_023 
Uploading data to Enrichr... Done.
  Querying GO_Biological_Process_2025... Done.
  Querying GO_Molecular_Function_2025... Done.
  Querying GO_Cellular_Component_2025... Done.
  Querying KEGG_2021_Human... Done.
  Querying Reactome_Pathways_2024... Done.
Parsing results... Done.
Enrichment for Unknown_023 done.
Running enrichment for: Unknown_027 
Uploading data to Enrichr... Done.
  Querying GO_Biological_Process_2025... Done.
  Querying GO_Molecular_Function_2025... Done.
  Querying GO_Cellular_Component_2025... Done.
  Querying KEGG_2021_Human... Done.
  Querying Reactome_Pathways_2024... Done.
Parsing results... Done.
Enrichment for Unknown_027 done.
Running enrichment for: Unknown_028 
Uploading data to Enrichr... Done.
  Querying GO_Biological_Process_2025... Done.
  Querying GO_Molecular_Function_2025... Done.
  Querying GO_Cellular_Component_2025... Done.
  Querying KEGG_2021_Human... Done.
  Querying Reactome_Pathways_2024... Done.
Parsing results... Done.
Enrichment for Unknown_028 done.
Running enrichment for: Unknown_031 
Uploading data to Enrichr... Done.
  Querying GO_Biological_Process_2025... Done.
  Querying GO_Molecular_Function_2025... Done.
  Querying GO_Cellular_Component_2025... Done.
  Querying KEGG_2021_Human... Done.
  Querying Reactome_Pathways_2024... Done.
Parsing results... Done.
Enrichment for Unknown_031 done.
Running enrichment for: Unknown_035 
Uploading data to Enrichr... Done.
  Querying GO_Biological_Process_2025... Done.
  Querying GO_Molecular_Function_2025... Done.
  Querying GO_Cellular_Component_2025... Done.
  Querying KEGG_2021_Human... Done.
  Querying Reactome_Pathways_2024... Done.
Parsing results... Done.
Enrichment for Unknown_035 done.
Running enrichment for: Unknown_042 
Uploading data to Enrichr... Done.
  Querying GO_Biological_Process_2025... Done.
  Querying GO_Molecular_Function_2025... Done.
  Querying GO_Cellular_Component_2025... Done.
  Querying KEGG_2021_Human... Done.
  Querying Reactome_Pathways_2024... Done.
Parsing results... Done.
Enrichment for Unknown_042 done.
Running enrichment for: Unknown_044 
Uploading data to Enrichr... Done.
  Querying GO_Biological_Process_2025... Done.
  Querying GO_Molecular_Function_2025... Done.
  Querying GO_Cellular_Component_2025... Done.
  Querying KEGG_2021_Human... Done.
  Querying Reactome_Pathways_2024... Done.
Parsing results... Done.
Enrichment for Unknown_044 done.
Running enrichment for: Unknown_046 
Uploading data to Enrichr... Done.
  Querying GO_Biological_Process_2025... Done.
  Querying GO_Molecular_Function_2025... Done.
  Querying GO_Cellular_Component_2025... Done.
  Querying KEGG_2021_Human... Done.
  Querying Reactome_Pathways_2024... Done.
Parsing results... Done.
Enrichment for Unknown_046 done.
Running enrichment for: Unknown_050 
Uploading data to Enrichr... Done.
  Querying GO_Biological_Process_2025... Done.
  Querying GO_Molecular_Function_2025... Done.
  Querying GO_Cellular_Component_2025... Done.
  Querying KEGG_2021_Human... Done.
  Querying Reactome_Pathways_2024... Done.
Parsing results... Done.
Enrichment for Unknown_050 done.
Saving 7 x 7 in imageSaving 7 x 7 in imageSaving 7 x 7 in imageSaving 7 x 7 in imageSaving 7 x 7 in imageSaving 7 x 7 in imageSaving 7 x 7 in imageSaving 7 x 7 in imageSaving 7 x 7 in imageSaving 7 x 7 in imageSaving 7 x 7 in imageSaving 7 x 7 in imageSaving 7 x 7 in imageSaving 7 x 7 in imageSaving 7 x 7 in imageSaving 7 x 7 in imageSaving 7 x 7 in imageSaving 7 x 7 in imageSaving 7 x 7 in imageSaving 7 x 7 in imageSaving 7 x 7 in imageSaving 7 x 7 in imageSaving 7 x 7 in imageSaving 7 x 7 in imageSaving 7 x 7 in imageSaving 7 x 7 in imageSaving 7 x 7 in imageSaving 7 x 7 in imageSaving 7 x 7 in imageSaving 7 x 7 in imageSaving 7 x 7 in imageSaving 7 x 7 in imageSaving 7 x 7 in imageSaving 7 x 7 in imageSaving 7 x 7 in imageSaving 7 x 7 in imageSaving 7 x 7 in imageSaving 7 x 7 in imageSaving 7 x 7 in imageSaving 7 x 7 in imageSaving 7 x 7 in imageSaving 7 x 7 in imageSaving 7 x 7 in imageSaving 7 x 7 in imageSaving 7 x 7 in imageSaving 7 x 7 in imageSaving 7 x 7 in imageSaving 7 x 7 in imageSaving 7 x 7 in imageSaving 7 x 7 in imageSaving 7 x 7 in imageSaving 7 x 7 in imageSaving 7 x 7 in imageSaving 7 x 7 in imageSaving 7 x 7 in imageSaving 7 x 7 in imageSaving 7 x 7 in imageSaving 7 x 7 in imageSaving 7 x 7 in imageSaving 7 x 7 in imageSaving 7 x 7 in imageSaving 7 x 7 in imageSaving 7 x 7 in imageSaving 7 x 7 in imageSaving 7 x 7 in imageThere were 50 or more warnings (use warnings() to see the first 50)
