source	target	mor
AAK1	AP1M1_T144	1
AAK1	AP2M1_T154	1
AAK1	AP2M1_T156	1
AAK1	ATP1A3_T705	1
AAK1	NUMB_T102	1
AASDHPPT	FASN_S2156	1
ABI1	ABL1_Y393	1
ABI1	CRK_Y251	1
ABI3BP	PXN_Y118	1
ABL1	ABI1_Y213	1
ABL1	ABL2_Y261	1
ABL1	ACAP2_Y742	1
ABL1	AHSA1_Y223	1
ABL1	ANXA1_Y21	1
ABL1	APBB1_Y547	1
ABL1	APP_Y682	1
ABL1	ARHGDIB_Y130	1
ABL1	ARHGDIB_Y24	1
ABL1	ATR_Y291	1
ABL1	ATR_Y310	1
ABL1	BCAR1_Y249	1
ABL1	BCR_Y177	1
ABL1	BCR_Y246	1
ABL1	BCR_Y360	1
ABL1	BTK_Y223	1
ABL1	CASP9_Y153	1
ABL1	CASP9_Y397	1
ABL1	CAT_Y231	1
ABL1	CAT_Y386	1
ABL1	CAV1_Y14	1
ABL1	CBL_Y700	1
ABL1	CBL_Y774	1
ABL1	CD19_Y508	1
ABL1	CD19_Y509	1
ABL1	CDC73_Y290	1
ABL1	CDC73_Y293	1
ABL1	CDC73_Y315	1
ABL1	CDK5_Y15	1
ABL1	CDKN1A_Y77	1
ABL1	CDKN1B_Y88	1
ABL1	CDKN1B_Y89	1
ABL1	CDKN1C_Y91	1
ABL1	CEBPB_Y78	1
ABL1	CHCHD2_Y99	1
ABL1	CKMT1A_Y153	1
ABL1	CRKL_Y207	1
ABL1	CRK_Y221	1
ABL1	CRK_Y239	1
ABL1	CRK_Y251	1
ABL1	CTNNB1_Y489	1
ABL1	CTNNB1_Y654	1
ABL1	CTNNB1_Y86	1
ABL1	CTNND2_Y292	1
ABL1	CTNND2_Y429	1
ABL1	CTTN_Y449	1
ABL1	CTTN_Y486	1
ABL1	DAB1_Y220	1
ABL1	DCBLD1_S513	1
ABL1	DCBLD1_S535	1
ABL1	DCBLD1_S556	1
ABL1	DCBLD1_S657	1
ABL1	DCBLD1_S693	1
ABL1	DCBLD1_S695	1
ABL1	DCBLD1_S697	1
ABL1	DCBLD1_Y540	1
ABL1	DCBLD1_Y578	1
ABL1	DCBLD1_Y589	1
ABL1	DCBLD1_Y600	1
ABL1	DCBLD1_Y621	1
ABL1	DCBLD1_Y652	1
ABL1	DCBLD1_Y665	1
ABL1	DCBLD1_Y696	1
ABL1	DCBLD2_S598	1
ABL1	DCBLD2_S599	1
ABL1	DCBLD2_S600	1
ABL1	DCBLD2_S618	1
ABL1	DCBLD2_S760	1
ABL1	DCBLD2_T593	1
ABL1	DCBLD2_T679	1
ABL1	DCBLD2_T714	1
ABL1	DCBLD2_T756	1
ABL1	DCBLD2_Y565	1
ABL1	DCBLD2_Y597	1
ABL1	DCBLD2_Y621	1
ABL1	DCBLD2_Y649	1
ABL1	DCBLD2_Y655	1
ABL1	DCBLD2_Y663	1
ABL1	DCBLD2_Y666	1
ABL1	DCBLD2_Y677	1
ABL1	DCBLD2_Y715	1
ABL1	DCBLD2_Y750	1
ABL1	DCX_Y70	1
ABL1	DDB1_Y182	1
ABL1	DDB1_Y316	1
ABL1	DDB1_Y718	1
ABL1	DDX5_Y593	1
ABL1	DGCR8_Y267	1
ABL1	DGKA_Y218	1
ABL1	DLG4_Y533	1
ABL1	DNM1L_Y266	1
ABL1	DNM1L_Y368	1
ABL1	DNM1L_Y449	1
ABL1	DOK1_Y362	1
ABL1	EGFR_Y1016	1
ABL1	EGFR_Y1092	1
ABL1	EGFR_Y1172	1
ABL1	EGFR_Y1197	1
ABL1	EMD_Y105	1
ABL1	EMD_Y155	1
ABL1	EMD_Y161	1
ABL1	EMD_Y167	1
ABL1	EMD_Y19	1
ABL1	EMD_Y41	1
ABL1	EMD_Y59	1
ABL1	EMD_Y74	1
ABL1	EMD_Y85	1
ABL1	EMD_Y90	1
ABL1	EMD_Y94	1
ABL1	EMD_Y95	1
ABL1	EMD_Y99	1
ABL1	ERCC6_Y932	1
ABL1	ERRFI1_Y394	1
ABL1	ERRFI1_Y395	1
ABL1	ESR1_Y219	1
ABL1	ESR1_Y52	1
ABL1	ESR2_Y36	1
ABL1	FHL2_Y176	1
ABL1	FHL2_Y217	1
ABL1	FHL2_Y236	1
ABL1	FHL2_Y97	1
ABL1	FOXA1_Y429	1
ABL1	FOXA1_Y464	1
ABL1	GMFG_Y104	1
ABL1	GMNN_Y150	1
ABL1	GPX1_Y98	1
ABL1	GRB2_Y168	1
ABL1	GRB2_Y209	1
ABL1	HDAC2_Y222	1
ABL1	HIPK2_Y361	1
ABL1	HIPK2_Y367	1
ABL1	HRAS_Y137	1
ABL1	IRF3_Y292	1
ABL1	JAK2_Y1007	1
ABL1	JAK2_Y1008	1
ABL1	JUNB_Y173	1
ABL1	JUNB_Y182	1
ABL1	JUNB_Y188	1
ABL1	JUN_Y170	1
ABL1	KAT5_Y294	1
ABL1	KAT5_Y376	1
ABL1	KAT5_Y44	1
ABL1	LASP1_Y171	1
ABL1	LAT_Y161	1
ABL1	LGALS3_Y107	1
ABL1	LGALS3_Y118	1
ABL1	LGALS3_Y79	1
ABL1	MAP4K1_Y232	1
ABL1	MAPT_Y18	1
ABL1	MAPT_Y305	1
ABL1	MAPT_Y336	1
ABL1	MAPT_Y394	1
ABL1	MAPT_Y711	1
ABL1	MAPT_Y729	1
ABL1	MAVS_Y30	1
ABL1	MAVS_Y71	1
ABL1	MAVS_Y9	1
ABL1	MDM2_S394	1
ABL1	MDM2_S395	1
ABL1	MDM2_Y276	1
ABL1	MDM2_Y282	1
ABL1	MDM2_Y394	1
ABL1	MDM2_Y400	1
ABL1	MDM2_Y405	1
ABL1	MDM2_Y411	1
ABL1	MDM4_Y55	1
ABL1	MDM4_Y99	1
ABL1	MET_Y1349	1
ABL1	MET_Y1356	1
ABL1	MET_Y1367	1
ABL1	MET_Y1374	1
ABL1	MSH5_Y742	1
ABL1	MUC1_Y1243	1
ABL1	MYC_S62	1
ABL1	MYC_T58	1
ABL1	MYC_Y32	1
ABL1	MYC_Y74	1
ABL1	MYLK_Y1449	1
ABL1	MYLK_Y1575	1
ABL1	MYLK_Y1635	1
ABL1	MYLK_Y231	1
ABL1	MYLK_Y464	1
ABL1	MYLK_Y556	1
ABL1	MYLK_Y611	1
ABL1	MYLK_Y792	1
ABL1	MYLK_Y846	1
ABL1	MYOD1_Y30	1
ABL1	NCK1_Y105	1
ABL1	NCOA3_Y1357	1
ABL1	NFAT5_Y143	1
ABL1	NFAT5_Y161	1
ABL1	NFKBIA_Y305	1
ABL1	NOS3_Y81	1
ABL1	NOX5_Y476	1
ABL1	NOX5_Y478	1
ABL1	NUMA1_Y1774	1
ABL1	OTULIN_Y56	1
ABL1	PCNA_Y211	1
ABL1	PDGFRB_Y686	1
ABL1	PDGFRB_Y934	1
ABL1	PDGFRB_Y970	1
ABL1	PDHA1_Y301	1
ABL1	PDK1_Y243	1
ABL1	PIK3AP1_Y513	1
ABL1	PIK3AP1_Y553	1
ABL1	PIK3AP1_Y570	1
ABL1	PIK3AP1_Y594	1
ABL1	PIK3AP1_Y694	1
ABL1	PKP4_Y478	1
ABL1	PLCG1_Y1003	1
ABL1	PLCG1_Y771	1
ABL1	PLEKHG2_Y489	1
ABL1	PLK1_Y217	1
ABL1	PLK1_Y425	1
ABL1	PLK1_Y445	1
ABL1	PLSCR1_Y69	1
ABL1	PLSCR1_Y74	1
ABL1	PLSCR4_Y83	1
ABL1	PLSCR4_Y88	1
ABL1	PPARG_Y102	1
ABL1	PPARG_Y78	1
ABL1	PPM1B_Y367	1
ABL1	PRKCD_Y155	1
ABL1	PRKCD_Y313	1
ABL1	PRKCD_Y334	1
ABL1	PRKCD_Y64	1
ABL1	PRKD1_S742	1
ABL1	PRKD1_Y432	1
ABL1	PRKD1_Y463	1
ABL1	PRKD1_Y502	1
ABL1	PRKD2_Y438	1
ABL1	PRKN_Y143	1
ABL1	PSMA7_Y106	1
ABL1	PSMA7_Y153	1
ABL1	PSTPIP1_Y345	1
ABL1	PTPN11_Y279	1
ABL1	PTPN11_Y584	1
ABL1	PTPN11_Y63	1
ABL1	PTPN6_Y536	1
ABL1	PTPN6_Y538	1
ABL1	PTPN6_Y564	1
ABL1	PTPN6_Y566	1
ABL1	PXN_Y118	1
ABL1	PXN_Y31	1
ABL1	PYCARD_Y146	1
ABL1	RACK1_Y52	1
ABL1	RAD51_Y218	1
ABL1	RAD51_Y315	1
ABL1	RAD51_Y316	1
ABL1	RAD51_Y54	1
ABL1	RAD52_Y104	1
ABL1	RAD9A_Y28	1
ABL1	RAPGEF1_Y504	1
ABL1	RAPGEF1_Y522	1
ABL1	RAPH1_Y1226	1
ABL1	RAPH1_Y426	1
ABL1	RAPH1_Y456	1
ABL1	RAPH1_Y513	1
ABL1	RB1_Y805	1
ABL1	RBM39_Y95	1
ABL1	RBM39_Y99	1
ABL1	RIN1_Y36	1
ABL1	ROBO1_Y1038	1
ABL1	ROBO1_Y1073	1
ABL1	ROBO1_Y1114	1
ABL1	SNCA_Y125	1
ABL1	SNCA_Y39	1
ABL1	SNW1_Y292	1
ABL1	SNW1_Y430	1
ABL1	SNW1_Y433	1
ABL1	SORBS1_Y536	1
ABL1	SORBS2_Y164	1
ABL1	SORBS2_Y175	1
ABL1	SORBS2_Y50	1
ABL1	SORBS2_Y573	1
ABL1	SORBS2_Y59	1
ABL1	SPTLC1_Y164	1
ABL1	SRCIN1_Y264	1
ABL1	SRCIN1_Y396	1
ABL1	STAT3_S727	1
ABL1	STAT5A_Y682	1
ABL1	STK3_Y109	1
ABL1	STK3_Y81	1
ABL1	STK4_Y433	1
ABL1	STX17_Y157	1
ABL1	SYK_Y352	1
ABL1	SYK_Y525	1
ABL1	SYK_Y526	1
ABL1	TBX21_Y220	1
ABL1	TBX21_Y266	1
ABL1	TBX21_Y305	1
ABL1	TOP1_Y268	1
ABL1	TP63_Y149	1
ABL1	TP63_Y171	1
ABL1	TP63_Y290	1
ABL1	TP73_Y99	1
ABL1	TRIM33_Y1048	1
ABL1	TRIM33_Y524	1
ABL1	TRIM33_Y610	1
ABL1	UBE3A_Y636	1
ABL1	UBE3A_Y659	1
ABL1	VASP_Y39	1
ABL1	VAV1_Y174	1
ABL1	VAV1_Y267	1
ABL1	VCL_Y822	1
ABL1	WASF1_Y151	1
ABL1	WASF2_Y150	1
ABL1	WASF3_Y151	1
ABL1	WASF3_Y248	1
ABL1	WASF3_Y337	1
ABL1	WASF3_Y486	1
ABL1	WASL_Y175	1
ABL1	WASL_Y256	1
ABL1	WAS_Y291	1
ABL1	YAP1_Y357	1
ABL1	YAP1_Y407	1
ABL1	YY1_Y254	1
ABL1	ZAP70_Y12	1
ABL1	ZAP70_Y319	1
ABL1	ZNF746_Y137	1
ABL2	ARHGAP35_Y1105	1
ABL2	CAT_Y231	1
ABL2	CAT_Y386	1
ABL2	CBL_Y337	1
ABL2	CBL_Y700	1
ABL2	CBL_Y774	1
ABL2	CEBPB_Y78	1
ABL2	CRK_Y221	1
ABL2	GPX1_Y98	1
ABL2	HRAS_Y137	1
ABL2	IRF3_Y292	1
ABL2	ITGB1_Y783	1
ABL2	LGALS3_Y118	1
ABL2	LGALS3_Y79	1
ABL2	MAPT_Y197	1
ABL2	MAPT_Y310	1
ABL2	MAPT_Y394	1
ABL2	MAPT_Y532	1
ABL2	MAPT_Y645	1
ABL2	MAPT_Y711	1
ABL2	MAPT_Y729	1
ABL2	NFKBIB_Y161	1
ABL2	PDGFRB_Y686	1
ABL2	PSMA7_Y153	1
ABL2	RIN1_Y36	1
ABL2	SIVA1_Y34	1
ABL2	WWTR1_Y321	1
ACACB	ACACA_S80	1
ACKR3	EGFR_Y1110	1
ACP1	AKT1_S473	-1
ACP1	AKT2_S474	-1
ACP1	AKT3_S472	-1
ACP1	EPHA2_Y575	-1
ACP1	EPHA2_Y588	-1
ACP1	EPHA2_Y594	-1
ACP1	EPHA2_Y772	-1
ACP1	EPHA2_Y960	-1
ACP1	PDGFRB_Y1021	1
ACP1	PDGFRB_Y857	-1
ACP1	SRC_Y419	1
ACP1	SRC_Y530	1
ACP1	ZAP70_Y292	-1
ACP3	ERBB2_Y1218	-1
ACP3	ERBB2_Y1248	-1
ACP5	HSPB1_S78	1
ACR	SYN1_S605	1
ACR	SYN1_S9	1
ACSL3	PTPN11_Y584	1
ACSL4	PTK2_Y397	1
ACSL4	RPS6KB1_T412	1
ACSM3	NOS1_S852	1
ACTB	STAT6_Y641	1
ACVR1	CDH5_Y685	1
ACVR1	ETS1_S251	1
ACVR1	FGR_S27	1
ACVR1	MDM2_S269	1
ACVR1	NFATC4_S272	1
ACVR1	NFATC4_S334	1
ACVR1	RPS6KA2_S218	1
ACVR1	RPS6KA2_T471	1
ACVR1	SMAD1_S462	1
ACVR1	SMAD1_S463	1
ACVR1	SMAD1_S465	1
ACVR1	SMAD5_S463	1
ACVR1	SMAD5_S465	1
ACVR1	SMAD9_S467	1
ACVR1B	MAPK8_T367	1
ACVR1B	SMAD2_S464	1
ACVR1B	SMAD2_S465	1
ACVR1B	SMAD2_S467	1
ACVR1B	TDP2_T88	1
ACVR1B	TDP2_T92	1
ACVR2B	ACVR1B_T206	1
ACVR2B	PRKCB_T642	1
ACVRL1	ENG_S646	1
ACVRL1	ENG_S649	1
ACVRL1	ENG_T640	1
ACVRL1	ENG_T654	1
ADA	CDK2_T160	1
ADA	RB1_S795	1
ADAM10	RELA_S536	1
ADAM10	TAB1_S438	1
ADAM17	ERBB4_Y1035	1
ADAM17	ERBB4_Y1056	1
ADAM17	ERBB4_Y1128	1
ADAM17	ERBB4_Y1188	1
ADAM17	ERBB4_Y1242	1
ADCK5	SOX9_S181	1
ADCY1	CD300LF_Y236	1
ADCY1	GRIA4_S862	1
ADCY10	BAX_T167	1
ADCYAP1	BAD_S75	1
ADCYAP1	GSK3B_S9	1
ADH5	TP53_S6	1
ADIPOQ	APPL1_S401	1
ADIPOQ	JAK2_S523	1
ADIPOQ	LIPE_S565	1
ADIPOQ	NOS3_S633	1
ADM	NOS1_S1417	1
ADM	NOS1_S852	1
ADORA2B	VASP_S157	1
AFAP1L2	FOXO3_T32	1
AGA	GJA1_S368	1
AGER	GSK3B_S9	1
AGER	SOX10_S45	1
AGPAT5	STAT3_S727	1
AGT	ABL1_Y226	1
AGT	ABL1_Y393	1
AGT	AKT1_T308	1
AGT	BECN1_T119	1
AGT	EGFR_Y1197	1
AGT	GJA1_S262	1
AGT	HDAC2_S394	1
AGT	HDAC4_S632	1
AGT	HDAC5_S259	1
AGT	HDAC5_S498	1
AGT	HNRNPK_S302	1
AGT	HSF1_S303	1
AGT	IKBKB_S177	1
AGT	IKBKB_S181	1
AGT	IRS1_S307	1
AGT	IRS1_S312	1
AGT	IRS1_S616	1
AGT	IRS1_S636	1
AGT	IRS2_S306	1
AGT	IRS2_S679	1
AGT	MAP3K7_S439	1
AGT	MAPK7_Y221	1
AGT	MTOR_S2448	1
AGT	MYL9_T19	1
AGT	NOS3_S1179	1
AGT	NOS3_T495	1
AGT	NOS3_Y657	1
AGT	PIK3R1_T86	1
AGT	PPARGC1A_S571	1
AGT	PPP1R12A_T696	1
AGT	PRKCD_Y313	1
AGT	PRKCE_S729	1
AGT	PRKD1_S910	1
AGT	PTK2B_Y402	1
AGT	PTK2_S843	1
AGT	PTK2_S910	1
AGT	PTK2_Y397	1
AGT	PTK2_Y861	1
AGT	PTK2_Y925	1
AGT	RB1_S780	1
AGT	RELA_S536	1
AGT	RET_Y1062	1
AGT	RPS6KB1_S447	1
AGT	RPS6_S235	1
AGT	RPS6_S236	1
AGT	SGK1_S422	1
AGT	SLC2A1_S226	1
AGT	SLC9A1_S703	1
AGT	SRC_Y419	1
AGT	STAT3_S727	1
AGT	STAT3_Y705	1
AGT	TAGLN_S181	1
AGT	TSC2_T1462	1
AGT	ULK1_S556	1
AGTR1	AP2B1_Y737	1
AHCTF1	LBR_S71	1
AHCTF1	LBR_S86	1
AHR	EGFR_Y1125	1
AIFM1	H2AX_S140	1
AIFM1	TP53_T55	1
AK6	LDHA_Y10	1
AKAP1	DNM1L_S637	1
AKAP12	ATR_S435	1
AKAP12	RHOA_S188	1
AKAP13	AQP2_S256	1
AKAP13	AQP2_T269	1
AKAP13	ESR1_S305	1
AKAP13	KSR1_S888	1
AKAP13	PTPN11_S189	1
AKAP13	PTPN11_T73	1
AKAP4	NTRK2_Y516	1
AKR1A1	H2AC20_T121	1
AKT1	ACAP1_S554	1
AKT1	ACIN1_S1180	1
AKT1	ACLY_S451	1
AKT1	ACLY_S455	1
AKT1	ACLY_T447	1
AKT1	ACOT4_S392	1
AKT1	ADARB1_T553	1
AKT1	ADAR_T1033	1
AKT1	ADRB2_S204	1
AKT1	ADRB2_S345	1
AKT1	ADRB2_S346	1
AKT1	AGAP2_S472	1
AKT1	AGAP2_S629	1
AKT1	AGAP2_S985	1
AKT1	AKT1S1_S183	1
AKT1	AKT1S1_S221	1
AKT1	AKT1S1_T246	1
AKT1	AKT1S1_T266	1
AKT1	ALYREF_S34	1
AKT1	ALYREF_T219	1
AKT1	ANKRD2_S99	1
AKT1	ARFIP2_S260	1
AKT1	ARHGAP19_S422	1
AKT1	ARHGAP22_S16	1
AKT1	AR_S208	1
AKT1	AR_S215	1
AKT1	AR_S260	1
AKT1	AR_S792	1
AKT1	ATG4B_S34	1
AKT1	ATXN1_S775	1
AKT1	AURKB_T73	1
AKT1	BABAM1_S29	1
AKT1	BAD_S118	1
AKT1	BAD_S134	1
AKT1	BAD_S75	1
AKT1	BAD_S99	1
AKT1	BAX_S184	1
AKT1	BCL10_S218	1
AKT1	BCL10_S231	1
AKT1	BCL2L11_S87	1
AKT1	BCL3_S41	1
AKT1	BECN1_S234	1
AKT1	BECN1_S295	1
AKT1	BMI1_S316	1
AKT1	BRAF_S364	1
AKT1	BRAF_S365	1
AKT1	BRAF_S428	1
AKT1	BRAF_S429	1
AKT1	BRCA1_S1634	1
AKT1	BRCA1_S694	1
AKT1	BRCA1_T462	1
AKT1	BRCA1_T509	1
AKT1	BTK_S51	1
AKT1	BTK_T495	1
AKT1	CABLES1_T309	1
AKT1	CABLES1_T415	1
AKT1	CARD11_S558	1
AKT1	CARD11_S644	1
AKT1	CARD11_S652	1
AKT1	CARHSP1_S41	1
AKT1	CARHSP1_S52	1
AKT1	CASP9_S183	1
AKT1	CASP9_S196	1
AKT1	CASTOR1_S14	1
AKT1	CBX3_T55	1
AKT1	CBX3_T89	1
AKT1	CBY1_S20	1
AKT1	CCDC88A_S1416	1
AKT1	CCDC88A_S1417	1
AKT1	CCNF_S577	1
AKT1	CCNF_T31	1
AKT1	CCT2_S260	1
AKT1	CDC25B_S353	1
AKT1	CDCA7_T163	1
AKT1	CDCA7_T242	1
AKT1	CDK13_S317	1
AKT1	CDK13_S437	1
AKT1	CDK2_T39	1
AKT1	CDK9_S175	1
AKT1	CDK9_S347	1
AKT1	CDKN1A_S146	1
AKT1	CDKN1A_T145	1
AKT1	CDKN1A_T57	1
AKT1	CDKN1B_S10	1
AKT1	CDKN1B_T157	1
AKT1	CDKN1B_T187	1
AKT1	CDKN1B_T198	1
AKT1	CDKN1C_S282	1
AKT1	CDKN1C_T310	1
AKT1	CELF1_S28	1
AKT1	CELF1_S55	1
AKT1	CFLAR_S273	1
AKT1	CGAS_S305	1
AKT1	CHEK1_S280	1
AKT1	CHGB_S617	1
AKT1	CHUK_T23	1
AKT1	CLK2_S34	1
AKT1	CLK2_T127	1
AKT1	COPS6_S60	1
AKT1	CREB1_S133	1
AKT1	CREBBP_T1871	1
AKT1	CSNK2A1_T13	1
AKT1	CTNNB1_S552	1
AKT1	CTNNB1_S675	1
AKT1	CTTN_S405	1
AKT1	CTTN_T362	1
AKT1	CYCS_Y47	1
AKT1	CYTH2_T276	1
AKT1	DAB2IP_S971	1
AKT1	DAXX_S97	1
AKT1	DENND1A_S536	1
AKT1	DENND1A_S538	1
AKT1	DIABLO_S67	1
AKT1	DLC1_S1004	1
AKT1	DLC1_S327	1
AKT1	DLC1_S329	1
AKT1	DLC1_S567	1
AKT1	DLC1_S764	1
AKT1	DLGAP2_S440	1
AKT1	DNAJB2_S15	1
AKT1	DNM1L_S616	1
AKT1	DNMT1_S143	1
AKT1	DOCK6_S1194	1
AKT1	EDC3_S161	1
AKT1	EEF2K_S366	1
AKT1	EGFR_S229	1
AKT1	EIF4B_S422	1
AKT1	EIF4EBP1_S65	1
AKT1	EIF4EBP1_T37	1
AKT1	EIF4EBP1_T46	1
AKT1	EMSY_S209	1
AKT1	EMSY_T207	1
AKT1	EP300_S1734	1
AKT1	EP300_S1834	1
AKT1	EPHA2_S897	1
AKT1	ESR1_S104	1
AKT1	ESR1_S106	1
AKT1	ESR1_S118	1
AKT1	ESR1_S167	1
AKT1	ESR1_S305	1
AKT1	EYA1_S299	1
AKT1	EZH2_S21	1
AKT1	FAF1_S582	1
AKT1	FANCA_S1149	1
AKT1	FBXO31_S33	1
AKT1	FBXW7_S227	1
AKT1	FIP1L1_S289	1
AKT1	FLII_S436	1
AKT1	FLNA_S2152	1
AKT1	FLNC_S2233	1
AKT1	FOXA2_T156	1
AKT1	FOXA2_T162	1
AKT1	FOXG1_T279	1
AKT1	FOXO1_S256	1
AKT1	FOXO1_S319	1
AKT1	FOXO1_T24	1
AKT1	FOXO3_S253	1
AKT1	FOXO3_S315	1
AKT1	FOXO3_T32	1
AKT1	FOXO4_S197	1
AKT1	FOXO4_S262	1
AKT1	FOXO4_T32	1
AKT1	FOXO4_T451	1
AKT1	FOXO4_T455	1
AKT1	GAB2_S121	1
AKT1	GAB2_S159	1
AKT1	GAPDH_T237	1
AKT1	GATA1_S310	1
AKT1	GATA2_S401	1
AKT1	GJA1_S373	1
AKT1	GSK3A_S21	1
AKT1	GSK3B_S9	1
AKT1	GTF3C1_S1062	1
AKT1	H2BC3_S37	1
AKT1	H3-3B_S11	1
AKT1	H3C1_T46	1
AKT1	HAND1_S109	1
AKT1	HBP1_S380	1
AKT1	HBP1_S509	1
AKT1	HBP1_T484	1
AKT1	HES5_S34	1
AKT1	HES5_S35	1
AKT1	HIRIP3_S136	1
AKT1	HIRIP3_S196	1
AKT1	HIRIP3_S357	1
AKT1	HIRIP3_S370	1
AKT1	HIRIP3_S98	1
AKT1	HIRIP3_T84	1
AKT1	HJURP_S486	1
AKT1	HK2_T473	1
AKT1	HMOX1_S188	1
AKT1	HNRNPA1_S199	1
AKT1	HNRNPK_S302	1
AKT1	HNRNPK_S417	1
AKT1	HSF1_S230	1
AKT1	HSF1_S326	1
AKT1	HSPA1A_S631	1
AKT1	HSPB1_S82	1
AKT1	HTRA2_S212	1
AKT1	HTT_S419	1
AKT1	ILF3_S647	1
AKT1	ILF3_S651	1
AKT1	INVS_S865	1
AKT1	INVS_T864	1
AKT1	INVS_T866	1
AKT1	IRAK1_T100	1
AKT1	IRAK1_T66	1
AKT1	IRS1_S270	1
AKT1	IRS1_S307	1
AKT1	IRS1_S330	1
AKT1	IRS1_S527	1
AKT1	IRS1_S629	1
AKT1	IRS2_S306	1
AKT1	IRS2_S577	1
AKT1	ITCH_S257	1
AKT1	ITGB3_T779	1
AKT1	ITSN1_S315	1
AKT1	IWS1_S720	1
AKT1	IWS1_T721	1
AKT1	KAT6A_T369	1
AKT1	KDM5A_S1255	1
AKT1	KDM5A_S225	1
AKT1	KDM5A_S287	1
AKT1	KDM5A_T1225	1
AKT1	KDM5A_T285	1
AKT1	KHSRP_S193	1
AKT1	KMT2D_S1331	1
AKT1	KRT19_S35	1
AKT1	KRT8_S432	1
AKT1	LARP1_S1056	1
AKT1	LARP1_S847	1
AKT1	LARP6_S451	1
AKT1	LBR_S80	1
AKT1	LMNA_S301	1
AKT1	LMNA_S404	1
AKT1	LMNA_S458	1
AKT1	LMO7_S1493	1
AKT1	LONP1_S173	1
AKT1	LONP1_S181	1
AKT1	LTB4R2_T324	1
AKT1	LUC7L2_S273	1
AKT1	LUC7L2_S281	1
AKT1	LUC7L2_S283	1
AKT1	LUC7L2_S285	1
AKT1	LUC7L2_S305	1
AKT1	LUC7L2_S307	1
AKT1	LUC7L2_S309	1
AKT1	LUC7L2_S323	1
AKT1	LUC7L2_S327	1
AKT1	LUC7L2_S353	1
AKT1	LUC7L2_S384	1
AKT1	MAP2K4_S80	1
AKT1	MAP2_S823	1
AKT1	MAP3K11_S674	1
AKT1	MAP3K11_T477	1
AKT1	MAP3K3_S166	1
AKT1	MAP3K3_S337	1
AKT1	MAP3K5_S83	1
AKT1	MAP3K8_S400	1
AKT1	MAP3K8_S413	1
AKT1	MAPKAP1_T86	1
AKT1	MASTL_T299	1
AKT1	MAZ_T385	1
AKT1	MDM2_S166	1
AKT1	MDM2_S172	1
AKT1	MDM2_S186	1
AKT1	MDM2_S188	1
AKT1	MDM2_S192	1
AKT1	MDM2_S194	1
AKT1	MDM4_S342	1
AKT1	MDM4_S367	1
AKT1	MEF2C_S192	1
AKT1	METTL1_S27	1
AKT1	MISP_S156	1
AKT1	MISP_S394	1
AKT1	MISP_S471	1
AKT1	MISP_T377	1
AKT1	MITF_S516	1
AKT1	MKRN1_S109	1
AKT1	MST1R_S1394	1
AKT1	MTOR_S2448	1
AKT1	MTOR_T2446	1
AKT1	MVD_S96	1
AKT1	MXD1_S145	1
AKT1	NCF1_S304	1
AKT1	NCF1_S328	1
AKT1	NCF4_T154	1
AKT1	NCL_S460	1
AKT1	NCL_T641	1
AKT1	NCL_T707	1
AKT1	NCOR1_S1450	1
AKT1	NDRG2_S332	1
AKT1	NDRG2_T348	1
AKT1	NEDD4L_T367	1
AKT1	NF2_S10	1
AKT1	NF2_S315	1
AKT1	NF2_S518	1
AKT1	NF2_T230	1
AKT1	NFATC3_S731	1
AKT1	NHEJ1_T181	1
AKT1	NIBAN1_S602	1
AKT1	NLRP3_S5	1
AKT1	NOC2L_S691	1
AKT1	NOS3_S1177	1
AKT1	NOS3_S1179	1
AKT1	NOS3_S615	1
AKT1	NOS3_S633	1
AKT1	NPM1_S48	1
AKT1	NQO1_S40	1
AKT1	NQO1_T128	1
AKT1	NR3C1_S134	1
AKT1	NR4A1_S351	1
AKT1	NR4A1_S364	1
AKT1	NRIP1_T207	1
AKT1	NSD2_S172	1
AKT1	NUAK1_S600	1
AKT1	NUP133_S33	1
AKT1	NUP133_S57	1
AKT1	OTUD7B_S100	1
AKT1	PACS2_S437	1
AKT1	PAK1_S199	1
AKT1	PAK1_S204	1
AKT1	PALLD_S1118	1
AKT1	PALLD_S911	1
AKT1	PARK7_T125	1
AKT1	PCGF2_T334	1
AKT1	PCK1_S90	1
AKT1	PDCD4_S457	1
AKT1	PDCD4_S67	1
AKT1	PDE3B_S295	1
AKT1	PDE3B_S318	1
AKT1	PDE3B_S442	1
AKT1	PDK1_T346	1
AKT1	PEA15_S116	1
AKT1	PFKFB2_S466	1
AKT1	PFKFB2_S483	1
AKT1	PFKFB3_S461	1
AKT1	PHB1_T258	1
AKT1	PHB2_S176	1
AKT1	PHB2_S91	1
AKT1	PHF20_S265	1
AKT1	PHF20_S291	1
AKT1	PIK3R6_T607	1
AKT1	PIKFYVE_S307	1
AKT1	PIKFYVE_S318	1
AKT1	PIP5K1C_S555	1
AKT1	PKMYT1_S83	1
AKT1	PKM_S202	1
AKT1	PKM_S37	1
AKT1	PKM_S97	1
AKT1	PLCB3_S1105	1
AKT1	PLCG1_S1248	1
AKT1	PLCG1_S1249	1
AKT1	PLD2_T175	1
AKT1	PLN_T17	1
AKT1	PNISR_S211	1
AKT1	POP7_S128	1
AKT1	POU5F1_T235	1
AKT1	PPARGC1A_S571	1
AKT1	PPARGC1B_S570	1
AKT1	PPAT_T397	1
AKT1	PPP1CA_T320	1
AKT1	PPP1CA_T331	1
AKT1	PPP1R13L_S102	1
AKT1	PPP1R13L_S158	1
AKT1	PPP1R13L_S183	1
AKT1	PPP1R13L_S280	1
AKT1	PPP1R13L_S526	1
AKT1	PPP1R1A_T35	1
AKT1	PRICKLE3_S502	1
AKT1	PRKAA1_S494	1
AKT1	PRKAA1_S496	1
AKT1	PRKAA2_S491	1
AKT1	PRKACA_T198	1
AKT1	PRKACA_T49	1
AKT1	PRKCD_S304	1
AKT1	PRKCD_T43	1
AKT1	PRKCD_T507	1
AKT1	PRKD1_S205	1
AKT1	PRPF19_T193	1
AKT1	PTEN_S380	1
AKT1	PTEN_S385	1
AKT1	PTK2_S695	1
AKT1	PTK2_T700	1
AKT1	PTPN12_S39	1
AKT1	PTPN1_S50	1
AKT1	PYGO2_S48	1
AKT1	RAC1_S71	1
AKT1	RAF1_S259	1
AKT1	RALGAPA2_S486	1
AKT1	RALGAPA2_S696	1
AKT1	RALGAPA2_T715	1
AKT1	RANBP3_S126	1
AKT1	RARA_S96	1
AKT1	RARG_S371	1
AKT1	RBL2_S941	1
AKT1	RBM8A_S168	1
AKT1	RGCC_S45	1
AKT1	RGCC_S65	1
AKT1	RICTOR_T1135	1
AKT1	RNF11_T135	1
AKT1	RPL13_S106	1
AKT1	RPL7A_T106	1
AKT1	RPS3A_S112	1
AKT1	RPS3A_T10	1
AKT1	RPS3A_T88	1
AKT1	RPS3_T70	1
AKT1	RPS6KA3_S19	1
AKT1	RPS6KB1_T412	1
AKT1	RPS6KB2_S15	1
AKT1	RPS6KB2_S356	1
AKT1	RPS6_S236	1
AKT1	RUNX1T1_T592	1
AKT1	RUNX2_S196	1
AKT1	RUNX2_S28	1
AKT1	RUNX2_T198	1
AKT1	RUNX2_T200	1
AKT1	RYR2_S2808	1
AKT1	S1PR1_T236	1
AKT1	SAP30_S131	1
AKT1	SCYL1_T469	1
AKT1	SH2B2_S598	1
AKT1	SH2B2_S641	1
AKT1	SH3BP4_S246	1
AKT1	SH3RF1_S304	1
AKT1	SIRT6_S338	1
AKT1	SKI_T458	1
AKT1	SKP2_S64	1
AKT1	SKP2_S72	1
AKT1	SLC7A11_S26	1
AKT1	SLC9A1_S648	1
AKT1	SLC9A1_S703	1
AKT1	SLC9A1_S796	1
AKT1	SLC9A3R1_T156	1
AKT1	SMAD3_T179	1
AKT1	SMARCC1_S328	1
AKT1	SMARCC2_S304	1
AKT1	SMURF1_T145	1
AKT1	SNIP1_S153	1
AKT1	SNIP1_S74	1
AKT1	SNIP1_S91	1
AKT1	SNIP1_S99	1
AKT1	SNRNP70_S266	1
AKT1	SNRNP70_S268	1
AKT1	SNRNP70_S357	1
AKT1	SOX2_T118	1
AKT1	SOX9_S181	1
AKT1	SP1_S42	1
AKT1	SP1_S698	1
AKT1	SP1_T679	1
AKT1	SREK1_S404	1
AKT1	SREK1_S408	1
AKT1	SRPK2_T492	1
AKT1	SRPK2_T503	1
AKT1	SRRM2_S1103	1
AKT1	SRRM2_S1421	1
AKT1	SRRM2_S1499	1
AKT1	SRRM2_S1501	1
AKT1	SRRM2_S1519	1
AKT1	SRRM2_S1579	1
AKT1	SRRM2_S1581	1
AKT1	SRRM2_S1600	1
AKT1	SRRM2_S2046	1
AKT1	SRRM2_S250	1
AKT1	SRRM2_S745	1
AKT1	SRRM2_S931	1
AKT1	SRRM2_S954	1
AKT1	SRRM2_T1844	1
AKT1	SRRM2_T1880	1
AKT1	SRRM2_T1962	1
AKT1	SRRM2_T2092	1
AKT1	SRRM2_T2409	1
AKT1	SRRM2_T252	1
AKT1	SRSF10_S133	1
AKT1	SRSF1_S201	1
AKT1	SRSF1_S225	1
AKT1	SRSF1_S227	1
AKT1	SRSF2_S188	1
AKT1	SRSF2_S190	1
AKT1	SRSF3_S122	1
AKT1	SRSF3_S128	1
AKT1	SRSF3_S130	1
AKT1	SRSF3_S138	1
AKT1	SRSF3_S140	1
AKT1	SRSF7_S183	1
AKT1	SRSF7_S225	1
AKT1	SSB_T389	1
AKT1	SSH1_T826	1
AKT1	STK3_T117	1
AKT1	STK3_T145	1
AKT1	STK3_T384	1
AKT1	STK3_T412	1
AKT1	STK4_T120	1
AKT1	STK4_T183	1
AKT1	STK4_T387	1
AKT1	SYN1_S427	1
AKT1	SYTL1_S241	1
AKT1	TAL1_T90	1
AKT1	TARBP2_S283	1
AKT1	TBC1D1_T596	1
AKT1	TBC1D4_S318	1
AKT1	TBC1D4_S341	1
AKT1	TBC1D4_S570	1
AKT1	TBC1D4_S588	1
AKT1	TBC1D4_S666	1
AKT1	TBC1D4_S751	1
AKT1	TBC1D4_T568	1
AKT1	TBC1D4_T642	1
AKT1	TBC1D4_T752	1
AKT1	TBC1D7_S124	1
AKT1	TENT2_S110	1
AKT1	TENT2_S116	1
AKT1	TERF1_T273	1
AKT1	TERF1_T330	1
AKT1	TERF1_T358	1
AKT1	TERT_S227	1
AKT1	TERT_S824	1
AKT1	TFEB_S467	1
AKT1	TIAM1_S231	1
AKT1	TIFA_T9	1
AKT1	TJP2_S244	1
AKT1	TKT_S387	1
AKT1	TKT_T382	1
AKT1	TMIGD2_S220	1
AKT1	TOPBP1_S1159	1
AKT1	TP53RK_S250	1
AKT1	TRA2B_S266	1
AKT1	TRAF2_S11	1
AKT1	TRAF2_S55	1
AKT1	TRIP10_S296	1
AKT1	TRIP10_S426	1
AKT1	TSC2_S1130	1
AKT1	TSC2_S939	1
AKT1	TSC2_S981	1
AKT1	TSC2_T1418	1
AKT1	TSC2_T1419	1
AKT1	TSC2_T1462	1
AKT1	TSPYL5_T120	1
AKT1	TTC3_S378	1
AKT1	TWIST1_S123	1
AKT1	TWIST1_S42	1
AKT1	TWIST1_T121	1
AKT1	UBE2S_T152	1
AKT1	UBN1_S493	1
AKT1	USP14_S432	1
AKT1	USP35_S613	1
AKT1	USP4_S445	1
AKT1	USP8_T945	1
AKT1	VCP_S352	1
AKT1	VCP_S746	1
AKT1	VCP_S748	1
AKT1	VIM_S39	1
AKT1	WEE1_S642	1
AKT1	WNK1_T60	1
AKT1	WT1_S67	1
AKT1	XIAP_S87	1
AKT1	YAP1_S127	1
AKT1	YBX1_S102	1
AKT1	YWHAZ_S184	1
AKT1	YWHAZ_S58	1
AKT1	ZFP36L1_S203	1
AKT1	ZFP36L1_S92	1
AKT1	ZHX1_S45	1
AKT1	ZHX1_T8	1
AKT1	ZNF322_S224	1
AKT1	ZNF322_T150	1
AKT1	ZNF322_T234	1
AKT1	ZNF322_T262	1
AKT1	ZRANB1_S78	1
AKT1	ZRANB1_T117	1
AKT1	ZRANB2_S245	1
AKT1	ZRANB2_S249	1
AKT1	ZRANB2_S275	1
AKT1	ZRANB2_S290	1
AKT1	ZRANB2_S294	1
AKT1	ZRANB2_S305	1
AKT1	ZRANB2_S307	1
AKT1	ZYX_S142	1
AKT1S1	EIF4EBP1_S65	1
AKT1S1	EIF4EBP1_T36	1
AKT1S1	EIF4EBP1_T37	1
AKT1S1	EIF4EBP1_T45	1
AKT1S1	EIF4EBP1_T46	1
AKT1S1	EIF4EBP1_T70	1
AKT1S1	ISCU_S14	1
AKT1S1	JMJD1C_T505	1
AKT1S1	MAF1_S60	1
AKT1S1	MAF1_S68	1
AKT1S1	MAF1_S75	1
AKT1S1	NRBF2_S113	1
AKT1S1	NRBF2_S120	1
AKT1S1	RPS6KB1_T390	1
AKT1S1	RPS6KB1_T412	1
AKT1S1	SGK1_S422	1
AKT1S1	TFEB_S142	1
AKT1S1	TFEB_S211	1
AKT1S1	TSC2_T1462	1
AKT2	ACLY_S455	1
AKT2	ADARB1_T553	1
AKT2	ADAR_T1033	1
AKT2	AKT1S1_S183	1
AKT2	AKT1S1_T246	1
AKT2	AKT1S1_T266	1
AKT2	ANKRD2_S99	1
AKT2	ATP7A_S1424	1
AKT2	ATP7A_S1463	1
AKT2	ATP7A_S1466	1
AKT2	BABAM1_S29	1
AKT2	BAD_S118	1
AKT2	BAD_S75	1
AKT2	BAD_S99	1
AKT2	BMI1_S316	1
AKT2	BRAF_S364	1
AKT2	BRAF_S428	1
AKT2	BRAF_T440	1
AKT2	C2CD5_S197	1
AKT2	CASP9_S196	1
AKT2	CBY1_S20	1
AKT2	CDKN1A_T145	1
AKT2	CDKN1B_T157	1
AKT2	CHEK1_S345	1
AKT2	CHUK_T23	1
AKT2	CREB1_S133	1
AKT2	CTNNB1_S552	1
AKT2	CYCS_Y47	1
AKT2	DENND1A_S536	1
AKT2	DENND1A_S538	1
AKT2	EDC3_S161	1
AKT2	EGFR_S229	1
AKT2	EMSY_S209	1
AKT2	EP300_S1834	1
AKT2	ESR1_S167	1
AKT2	EZR_T567	1
AKT2	FLNC_S2233	1
AKT2	FOXO1_S256	1
AKT2	FOXO1_S319	1
AKT2	FOXO1_T24	1
AKT2	FOXO3_S253	1
AKT2	FOXO3_S315	1
AKT2	FOXO3_T32	1
AKT2	FOXO4_S197	1
AKT2	FOXO4_S262	1
AKT2	FOXO4_T32	1
AKT2	GAPDH_T237	1
AKT2	GATA6_S290	1
AKT2	GSK3A_S21	1
AKT2	GSK3B_S21	1
AKT2	GSK3B_S9	1
AKT2	H3C1_S11	1
AKT2	H3C1_S29	1
AKT2	H3C1_T46	1
AKT2	HK2_T473	1
AKT2	HSF1_S230	1
AKT2	HSPB1_S82	1
AKT2	HTRA2_S212	1
AKT2	IRS2_S1149	1
AKT2	IRS2_S306	1
AKT2	IRS2_S365	1
AKT2	IRS2_S577	1
AKT2	KAT6A_T369	1
AKT2	KHSRP_S193	1
AKT2	MAP3K5_S83	1
AKT2	MAP3K8_S400	1
AKT2	MAT1A_S180	1
AKT2	MAT1A_T202	1
AKT2	MDM2_S166	1
AKT2	MDM2_S186	1
AKT2	MDM2_S188	1
AKT2	MKRN1_S109	1
AKT2	MYC_S62	1
AKT2	MYO5A_S1652	1
AKT2	MYO5A_T1650	1
AKT2	NF2_S10	1
AKT2	NOS1_S1417	1
AKT2	NOS3_S615	1
AKT2	NR4A1_S351	1
AKT2	PCBP1_S43	1
AKT2	PDE3B_S295	1
AKT2	PDK1_T346	1
AKT2	PDPK1_T346	1
AKT2	PHB2_S176	1
AKT2	PHB2_S91	1
AKT2	PHF20_S291	1
AKT2	PIP5K1C_S555	1
AKT2	PKP1_S118	1
AKT2	PKP1_S119	1
AKT2	PKP1_S121	1
AKT2	PKP1_S127	1
AKT2	PKP1_S174	1
AKT2	PKP1_S185	1
AKT2	PKP1_S188	1
AKT2	PKP1_S191	1
AKT2	PKP1_S54	1
AKT2	PKP1_S56	1
AKT2	PKP1_S57	1
AKT2	PKP1_S59	1
AKT2	PKP1_S60	1
AKT2	PKP1_S63	1
AKT2	PKP1_S65	1
AKT2	PKP1_S69	1
AKT2	PKP1_S84	1
AKT2	PKP1_T166	1
AKT2	PKP1_T171	1
AKT2	PKP1_T179	1
AKT2	PKP1_T180	1
AKT2	PKP1_T189	1
AKT2	PKP1_T61	1
AKT2	PKP1_T82	1
AKT2	POU5F1_T235	1
AKT2	PPARGC1A_S571	1
AKT2	PPIF_S31	1
AKT2	PTPN1_S50	1
AKT2	RACGAP1_T249	1
AKT2	RALGAPA2_S486	1
AKT2	RALGAPA2_S696	1
AKT2	RALGAPA2_T715	1
AKT2	RPS6KB2_S15	1
AKT2	RPS6KB2_S356	1
AKT2	RUNX2_S196	1
AKT2	RUNX2_T198	1
AKT2	RUNX2_T200	1
AKT2	SGTA_S305	1
AKT2	SH3RF1_S304	1
AKT2	SIK2_S358	1
AKT2	SRSF5_S86	1
AKT2	STK3_T117	1
AKT2	STK4_T387	1
AKT2	STXBP4_S99	1
AKT2	TBC1D4_S318	1
AKT2	TBC1D4_S341	1
AKT2	TBC1D4_S570	1
AKT2	TBC1D4_S588	1
AKT2	TBC1D4_S751	1
AKT2	TBC1D4_T642	1
AKT2	TBC1D4_T752	1
AKT2	TMOD3_S71	1
AKT2	TP53RK_S250	1
AKT2	TSC2_S1130	1
AKT2	TSC2_S939	1
AKT2	TSC2_T1462	1
AKT2	TWIST1_S42	1
AKT2	USP8_T945	1
AKT2	WIPF1_S154	1
AKT2	WIPF1_T398	1
AKT2	XIAP_S87	1
AKT2	ZNF106_S861	1
AKT3	ADARB1_T553	1
AKT3	ADAR_T1033	1
AKT3	AGO1_S385	1
AKT3	AGO2_S387	1
AKT3	AKT1S1_S183	1
AKT3	AKT1S1_T246	1
AKT3	BABAM1_S29	1
AKT3	BAD_S118	1
AKT3	BAD_S99	1
AKT3	BMI1_S316	1
AKT3	BRAF_S364	1
AKT3	BRAF_S365	1
AKT3	BRAF_S428	1
AKT3	BRAF_S429	1
AKT3	CASP9_S196	1
AKT3	CDKN1A_T145	1
AKT3	CDKN1B_T157	1
AKT3	CHUK_T23	1
AKT3	CREB1_S133	1
AKT3	CYCS_Y47	1
AKT3	DENND1A_S536	1
AKT3	DENND1A_S538	1
AKT3	EMSY_S209	1
AKT3	EMSY_T207	1
AKT3	FOXO1_S256	1
AKT3	FOXO1_S319	1
AKT3	FOXO1_T24	1
AKT3	FOXO3_S253	1
AKT3	FOXO3_S315	1
AKT3	FOXO3_T32	1
AKT3	FOXO4_S197	1
AKT3	FOXO4_S262	1
AKT3	FOXO4_T32	1
AKT3	GSK3A_S21	1
AKT3	GSK3B_S9	1
AKT3	HSF1_S230	1
AKT3	HSPB1_S82	1
AKT3	IRF3_S385	1
AKT3	IWS1_S720	1
AKT3	IWS1_T721	1
AKT3	KAT6A_T369	1
AKT3	MAP3K8_S400	1
AKT3	MDM2_S166	1
AKT3	MDM2_S188	1
AKT3	MKRN1_S109	1
AKT3	NCF1_S304	1
AKT3	NCF1_S328	1
AKT3	NF2_S10	1
AKT3	NOS3_S615	1
AKT3	NR4A1_S351	1
AKT3	PHF20_S291	1
AKT3	POU5F1_T235	1
AKT3	RPS6KB2_S15	1
AKT3	RPS6KB2_S356	1
AKT3	RUNX2_S196	1
AKT3	RUNX2_T198	1
AKT3	RUNX2_T200	1
AKT3	STK3_T117	1
AKT3	STK4_T387	1
AKT3	STXBP4_S99	1
AKT3	TBX3_S719	1
AKT3	TSC2_S939	1
AKT3	TSC2_T1462	1
AKT3	USP8_T945	1
AKT3	WNK1_T60	1
ALDH1L1	BID_T59	1
ALDH2	FOXO3_S413	1
ALDH2	FOXO3_T32	1
ALK	ATIC_Y104	1
ALK	ELP3_Y202	1
ALK	GRB2_Y160	1
ALK	GSK3B_S9	1
ALK	MSH2_Y238	1
ALK	NPM1_Y17	1
ALK	NPM1_Y29	1
ALK	NPM1_Y67	1
ALK	PKM_Y105	1
ALK	PTPN11_Y546	1
ALK	PTPN11_Y584	1
ALK	SFPQ_Y293	1
ALK	SMAD4_Y95	1
ALK	SRCIN1_Y396	1
ALK	STAT1_Y701	1
ALK	STAT3_Y705	1
ALK	VASP_Y39	1
ALK	WAS_Y102	1
ALK	WAS_Y291	1
ALK	ZC3HC1_Y105	1
ALK	ZC3HC1_Y137	1
ALPK1	TIFA_T9	1
AMOT	YAP1_S127	1
AMOTL1	YAP1_S127	1
AMPH	GRIA1_S863	1
AMPH	STX1A_S14	1
ANG	EGFR_Y869	1
ANGPT1	FOXO1_S256	1
ANGPT1	HDAC7_S155	1
ANGPT1	HDAC7_S358	1
ANGPT1	HDAC7_S486	1
ANGPT1	MAP2K4_S80	1
ANGPT1	NCF1_S304	1
ANGPT1	NOS3_S1177	1
ANGPT1	TEK_Y1102	1
ANGPT2	CDH5_Y685	1
ANGPT2	PTK2_S910	1
ANO7	RB1_S780	1
ANPEP	EPHA2_S897	1
ANTXR1	PKM_Y105	1
ANXA1	CDKN1B_S10	1
ANXA1	DAB1_S524	1
ANXA1	DPYSL2_S522	1
ANXA1	ERBB4_T1152	1
ANXA1	GRIN2A_S1232	1
ANXA1	H1-5_T11	1
ANXA1	LMTK2_S1450	1
ANXA1	NFE2L2_S433	1
ANXA1	NFE2L2_T395	1
ANXA1	NFE2L2_T439	1
ANXA1	PAK1_T212	1
ANXA1	PXN_S85	1
ANXA1	RAPGEF2_S1124	1
ANXA1	SIRT2_S368	1
ANXA1	STAT3_S727	1
ANXA1	VRK3_S108	1
ANXA6	TRIB2_S83	1
ANXA7	ITGB4_Y1564	1
AOC3	DUSP1_S334	1
APC	CTNNB1_S33	1
APC	CTNNB1_S37	1
APC	CTNNB1_S45	1
APC	CTNNB1_T41	1
APC	H2AX_S140	1
APC	LRP6_S1490	1
APC	MCL1_T92	1
APC	NOS3_T495	1
APC	PSEN1_S353	1
APC	PSEN1_S357	1
APC	ROR2_S864	1
APCS	MAPT_S739	1
APEX1	CHEK1_S345	1
APLN	IRS1_S794	1
APLN	RPS6KB1_S447	1
APOE	MAPT_S235	-1
APOE	MAPT_S396	-1
APP	CDK5_Y15	1
APP	CTNNB1_S37	1
APP	CTNNB1_T41	1
APP	DPYSL2_T555	1
APP	FCGR2B_Y292	1
APP	GSK3B_S9	1
APP	MAPT_S396	1
APP	MAPT_S730	1
APP	MAPT_T529	1
APP	MAPT_Y18	1
APP	MARCKS_S46	1
APP	MTOR_S2448	1
APP	NOS3_S1179	1
APP	PDPK1_S241	1
APP	SRPK2_T492	1
APPL1	RAF1_S259	1
AR	CREB1_S133	1
AR	EGFR_Y1016	1
AR	EGFR_Y1069	1
AR	EPHA2_S897	1
AR	PLN_S16	1
AR	RYR2_S2814	1
AR	STAT3_Y705	1
AR	TRHR_S355	1
ARAF	AGGF1_S338	1
ARAF	BAD_S118	1
ARAF	BAD_S75	1
ARAF	BAD_S99	1
ARAF	BRAF_S602	1
ARAF	BRAF_T599	1
ARAF	KHDRBS1_T317	1
ARAF	MAP2K1_S218	1
ARAF	MAP2K1_S222	1
ARAF	MCM7_S113	1
ARAF	MPRIP_T491	1
ARAF	PCBP2_S173	1
ARAF	RAF1_S338	1
ARAF	RAF1_S494	1
ARAF	RAF1_T491	1
ARAF	RAF1_Y341	1
ARAF	SAFB2_S349	1
ARAF	SAFB2_S372	1
ARAF	SAFB2_S8	1
ARAF	SAFB2_T100	1
ARAF	SAFB2_T244	1
ARAF	SLC9A3R2_S303	1
ARAF	SRSF1_S199	1
ARAF	ZYX_S303	1
AREG	CHUK_S176	1
AREG	CHUK_S180	1
AREG	CHUK_S536	1
AREG	EGFR_Y1016	1
AREG	EGFR_Y1069	1
AREG	NFKBIA_S32	1
AREG	RELA_S180	1
ARF6	MAPK1_T185	1
ARF6	MAPK1_Y187	1
ARF6	MAPK3_T202	1
ARF6	MAPK3_Y204	1
ARFRP1	SRC_Y530	1
ARG1	STAT6_Y641	1
ARHGEF2	RIPK2_Y381	1
ARHGEF4	CTTN_Y421	1
ARL15	PDPK1_S241	1
ARPC4	ACTR2_T237	1
ARPC4	ACTR2_T238	1
ARRB2	ARRB1_S412	1
ASGR1	NOS1_S1417	1
ASPN	CTTN_Y421	1
ATAD2	CDK2_Y15	1
ATF2	AKT1S1_T246	1
ATF2	GSK3B_S9	1
ATF2	RAF1_S259	1
ATF2	RICTOR_S9	1
ATG13	EIF2S1_S52	1
ATG14	BECN1_S93	1
ATG7	PKM_Y105	1
ATG9A	CBL_Y774	1
ATIC	OGT_T454	1
ATL1	CHEK1_S345	1
ATM	AATF_S189	1
ATM	ABL1_S446	1
ATM	ABL1_S465	1
ATM	ABLIM1_S452	1
ATM	ABRAXAS1_S404	1
ATM	ABRAXAS1_S406	1
ATM	ACLY_S455	1
ATM	ACTR8_S412	1
ATM	ADRB2_S401	1
ATM	AGER_S391	1
ATM	AICDA_S38	1
ATM	AKT1_S473	1
ATM	ANAPC5_S217	1
ATM	APBB1_S228	1
ATM	APLF_S116	1
ATM	ATF1_S51	1
ATM	ATF2_S472	1
ATM	ATF2_S480	1
ATM	ATF2_S490	1
ATM	ATF2_S498	1
ATM	ATR_S20	1
ATM	AVEN_S135	1
ATM	AVEN_S308	1
ATM	BAG6_S218	1
ATM	BAG6_S26	1
ATM	BCL10_T91	1
ATM	BECN1_T57	1
ATM	BID_S64	1
ATM	BID_S78	1
ATM	BLM_T122	1
ATM	BLM_T99	1
ATM	BORA_T501	1
ATM	BRCA1_S1127	1
ATM	BRCA1_S1142	1
ATM	BRCA1_S1161	1
ATM	BRCA1_S1170	1
ATM	BRCA1_S1189	1
ATM	BRCA1_S1228	1
ATM	BRCA1_S1289	1
ATM	BRCA1_S1330	1
ATM	BRCA1_S1340	1
ATM	BRCA1_S1346	1
ATM	BRCA1_S1387	1
ATM	BRCA1_S1410	1
ATM	BRCA1_S1423	1
ATM	BRCA1_S1457	1
ATM	BRCA1_S1466	1
ATM	BRCA1_S1477	1
ATM	BRCA1_S1483	1
ATM	BRCA1_S1487	1
ATM	BRCA1_S1495	1
ATM	BRCA1_S1497	1
ATM	BRCA1_S1501	1
ATM	BRCA1_S1518	1
ATM	BRCA1_S1524	1
ATM	BRCA1_S1542	1
ATM	BRCA1_S1545	1
ATM	BRCA1_S1563	1
ATM	BRCA1_S245	1
ATM	BRCA1_S274	1
ATM	BRCA1_S281	1
ATM	BRCA1_S283	1
ATM	BRCA1_S284	1
ATM	BRCA1_S315	1
ATM	BRCA1_S320	1
ATM	BRCA1_S324	1
ATM	BRCA1_S341	1
ATM	BRCA1_S353	1
ATM	BRCA1_S362	1
ATM	BRCA1_S380	1
ATM	BRCA1_S382	1
ATM	BRCA1_S398	1
ATM	BRCA1_S400	1
ATM	BRCA1_S420	1
ATM	BRCA1_S438	1
ATM	BRCA1_S988	1
ATM	BTRC_S158	1
ATM	BUB1_S314	1
ATM	CACNB2_S514	1
ATM	CANX_S564	1
ATM	CBL_S866	1
ATM	CBL_T640	1
ATM	CCAR2_T454	1
ATM	CCDC6_T434	1
ATM	CCND1_T286	1
ATM	CDC25A_S124	1
ATM	CDC25A_S279	1
ATM	CDC25A_S76	1
ATM	CDK2_Y15	1
ATM	CDKN1B_S140	1
ATM	CDS1_T68	1
ATM	CEP164_S186	1
ATM	CFTR_S813	1
ATM	CGGBP1_S164	1
ATM	CHD4_S1349	1
ATM	CHEK1_S317	1
ATM	CHEK1_S345	1
ATM	CHEK2_S15	1
ATM	CHEK2_S19	1
ATM	CHEK2_S28	1
ATM	CHEK2_S33	1
ATM	CHEK2_S35	1
ATM	CHEK2_S50	1
ATM	CHEK2_S516	1
ATM	CHEK2_T26	1
ATM	CHEK2_T383	1
ATM	CHEK2_T387	1
ATM	CHEK2_T68	1
ATM	CHUK_S473	1
ATM	COP1_S387	1
ATM	COPS3_S410	1
ATM	COPS5_S320	1
ATM	CREB1_S111	1
ATM	CREB1_S121	1
ATM	CREB1_S133	1
ATM	CREB1_T100	1
ATM	CROCC_S922	1
ATM	CSH2_S158	1
ATM	CTNNB1_T112	1
ATM	CTTN_S113	1
ATM	DAXX_S564	1
ATM	DAXX_S712	1
ATM	DBF4_S502	1
ATM	DBF4_S539	1
ATM	DBF4_T449	1
ATM	DBN1_S647	1
ATM	DCK_S74	1
ATM	DCLRE1C_S396	1
ATM	DCLRE1C_S401	1
ATM	DCLRE1C_S414	1
ATM	DCLRE1C_S418	1
ATM	DCLRE1C_S419	1
ATM	DCLRE1C_S423	1
ATM	DCLRE1C_S433	1
ATM	DCLRE1C_S438	1
ATM	DCLRE1C_S442	1
ATM	DCLRE1C_S447	1
ATM	DCLRE1C_S503	1
ATM	DCLRE1C_S516	1
ATM	DCLRE1C_S525	1
ATM	DCLRE1C_S530	1
ATM	DCLRE1C_S534	1
ATM	DCLRE1C_S538	1
ATM	DCLRE1C_S553	1
ATM	DCLRE1C_S562	1
ATM	DCLRE1C_S645	1
ATM	DCLRE1C_S647	1
ATM	DCLRE1C_S648	1
ATM	DCLRE1C_S649	1
ATM	DCLRE1C_T131	1
ATM	DCLRE1C_T136	1
ATM	DCLRE1C_T251	1
ATM	DCLRE1C_T656	1
ATM	DCLRE1C_T91	1
ATM	DCX_S322	1
ATM	DDX1_S377	1
ATM	DDX1_S671	1
ATM	DGCR8_S677	1
ATM	DTYMK_S88	1
ATM	DYRK2_S442	1
ATM	DYRK2_T106	1
ATM	E2F1_S31	1
ATM	E2F1_S364	1
ATM	EHMT2_S569	1
ATM	EIF4EBP1_S112	1
ATM	EIF4EBP1_S12	1
ATM	EIF4EBP1_S8	1
ATM	EIF4EBP1_S94	1
ATM	ELF4_S369	1
ATM	ELF4_S472	1
ATM	ELF4_T70	1
ATM	EP300_S106	1
ATM	EPN2_S173	1
ATM	ERBIN_S1271	1
ATM	ESPL1_S1660	1
ATM	EWSR1_T79	1
ATM	EXO1_S714	1
ATM	EYA3_S266	1
ATM	EZH2_S734	1
ATM	F5_S692	1
ATM	FANCA_S1449	1
ATM	FANCD2_S1257	1
ATM	FANCD2_S1401	1
ATM	FANCD2_S1404	1
ATM	FANCD2_S1407	1
ATM	FANCD2_S1418	1
ATM	FANCD2_S222	1
ATM	FANCD2_S717	1
ATM	FANCD2_T691	1
ATM	FANCI_S556	1
ATM	FANCI_S559	1
ATM	FANCI_S730	1
ATM	FBXO31_S278	1
ATM	FBXO5_S278	1
ATM	FBXW7_S26	1
ATM	FUS_S42	1
ATM	GABRB2_S434	1
ATM	GIT2_S384	1
ATM	GIT2_T195	1
ATM	GPS1_S474	1
ATM	H2AX_S131	1
ATM	H2AX_S140	1
ATM	H2AX_S17	1
ATM	HIC1_S713	1
ATM	HIF1A_S696	1
ATM	HIF1A_S720	1
ATM	HMGA1_S98	1
ATM	HMGA1_S99	1
ATM	HNF1A_S249	1
ATM	HSP90AA1_T5	1
ATM	HSP90AA1_T7	1
ATM	HUWE1_S2339	1
ATM	HUWE1_S2636	1
ATM	HUWE1_S3377	1
ATM	HUWE1_S3695	1
ATM	HUWE1_S3797	1
ATM	HUWE1_S927	1
ATM	ID3_S65	1
ATM	IKBKB_S682	1
ATM	IKBKG_S153	1
ATM	IKBKG_S85	1
ATM	ING2_S148	1
ATM	ITCH_S161	1
ATM	ITGB2_S745	1
ATM	JUN_S249	1
ATM	KAT7_S50	1
ATM	KAT7_S53	1
ATM	KAT8_T392	1
ATM	KDM2A_T632	1
ATM	KHDC3L_T145	1
ATM	KHDC3L_T156	1
ATM	KHSRP_S274	1
ATM	KHSRP_S670	1
ATM	KIFC1_S26	1
ATM	KLF1_T23	1
ATM	L3MBTL2_S335	1
ATM	LAMTOR5_S26	1
ATM	LARP7_T440	1
ATM	LASP1_S146	1
ATM	LAT_S224	1
ATM	LIG4_S199	1
ATM	LIPE_S660	1
ATM	LMNA_S407	1
ATM	MAD1L1_S214	1
ATM	MAGED2_S265	1
ATM	MATR3_S208	1
ATM	MAZ_S469	1
ATM	MCM3_S535	1
ATM	MCM3_S580	1
ATM	MCM3_S728	1
ATM	MCPH1_S322	1
ATM	MDC1_T4	1
ATM	MDC1_T98	1
ATM	MDM2_S386	1
ATM	MDM2_S392	1
ATM	MDM2_S395	1
ATM	MDM2_S401	1
ATM	MDM2_S407	1
ATM	MDM2_S425	1
ATM	MDM2_S429	1
ATM	MDM2_S435	1
ATM	MDM2_T419	1
ATM	MDM2_Y394	1
ATM	MDM4_S342	1
ATM	MDM4_S367	1
ATM	MDM4_S403	1
ATM	MED1_S1134	1
ATM	MED1_S1141	1
ATM	MED1_S1147	1
ATM	MED1_S816	1
ATM	MED1_S872	1
ATM	MED1_S874	1
ATM	MED1_S887	1
ATM	MED1_S953	1
ATM	MEN1_S394	1
ATM	MEN1_S399	1
ATM	METTL3_S43	1
ATM	MLH1_S406	1
ATM	MLLT1_S394	1
ATM	MLLT1_S398	1
ATM	MPG_S172	1
ATM	MRE11_S264	1
ATM	MRE11_S676	1
ATM	MRE11_S678	1
ATM	MTOR_S2481	1
ATM	NABP2_T117	1
ATM	NASP_S421	1
ATM	NBN_S278	1
ATM	NBN_S343	1
ATM	NBN_S397	1
ATM	NBN_S615	1
ATM	NFAT5_S1197	1
ATM	NFAT5_S1215	1
ATM	NFAT5_S1247	1
ATM	NFAT5_S1265	1
ATM	NFAT5_S1367	1
ATM	NFAT5_S1385	1
ATM	NFE2L2_S40	1
ATM	NFKB2_S869	1
ATM	NHEJ1_S245	1
ATM	NHEJ1_S251	1
ATM	NKX3-1_T134	1
ATM	NKX3-1_T166	1
ATM	NOP53_S233	1
ATM	NOP53_T289	1
ATM	NOS3_S1179	1
ATM	NR3C1_S508	1
ATM	NRF1_T259	1
ATM	NSD2_S102	1
ATM	NUSAP1_S124	1
ATM	PALB2_S157	1
ATM	PALB2_S376	1
ATM	PALB2_S59	1
ATM	PAN2_S1003	1
ATM	PAPOLB_S552	1
ATM	PBRM1_S948	1
ATM	PELP1_S1033	1
ATM	PEX5_S141	1
ATM	PIDD1_T788	1
ATM	PKM_T328	1
ATM	PLEC_T4402	1
ATM	PNKP_S114	1
ATM	PNKP_S126	1
ATM	POLE_S1940	1
ATM	POLL_T204	1
ATM	POP1_S367	1
ATM	PPL_S1331	1
ATM	PPM1G_S183	1
ATM	PPP1R2_S44	1
ATM	PPP2R5C_S520	1
ATM	PPP6R3_S537	1
ATM	PRKAA2_T172	1
ATM	PRKD1_S249	1
ATM	PRKDC_S2056	1
ATM	PRKDC_S2612	1
ATM	PRKDC_S3205	1
ATM	PRKDC_T2609	1
ATM	PRKDC_T2638	1
ATM	PRKDC_T2647	1
ATM	PRPF19_S149	1
ATM	PRPF4B_S36	1
ATM	PSEN2_S330	1
ATM	PTEN_S113	1
ATM	PTEN_S380	1
ATM	PTEN_T398	1
ATM	RAD17_S470	1
ATM	RAD17_S480	1
ATM	RAD17_S549	1
ATM	RAD17_S559	1
ATM	RAD17_S635	1
ATM	RAD17_S645	1
ATM	RAD17_S646	1
ATM	RAD17_S656	1
ATM	RAD17_T633	1
ATM	RAD18_S403	1
ATM	RAD50_S635	1
ATM	RAD9A_S272	1
ATM	RAG2_S365	1
ATM	RANBP9_S181	1
ATM	RANBP9_S550	1
ATM	RANBP9_S603	1
ATM	RASSF1_S131	1
ATM	RASSF1_S135	1
ATM	RBBP8_S664	1
ATM	RBBP8_S745	1
ATM	RBBP8_S750	1
ATM	RBBP8_T859	1
ATM	RELA_S547	1
ATM	RFWD3_S46	1
ATM	RFWD3_S63	1
ATM	RIF1_S1851	1
ATM	RIMS1_S346	1
ATM	RNF138_S124	1
ATM	RNF20_S172	1
ATM	RNF20_S522	1
ATM	RNF20_S545	1
ATM	RNF20_S553	1
ATM	RNF40_S114	1
ATM	RNF40_S819	1
ATM	RNF40_S853	1
ATM	RPA2_S12	1
ATM	RPA2_S23	1
ATM	RPA2_S29	1
ATM	RPA2_S33	1
ATM	RPA2_S4	1
ATM	RPA2_T21	1
ATM	RPS6_S247	1
ATM	RRM2B_S144	1
ATM	RRM2B_S72	1
ATM	RYR2_S2808	1
ATM	SARS1_S101	1
ATM	SARS1_S241	1
ATM	SFSWAP_S866	1
ATM	SIAH1_S19	1
ATM	SIAH1_S50	1
ATM	SIM2_S115	1
ATM	SLC2A1_S490	1
ATM	SLC4A1_S29	1
ATM	SLX4_S1138	1
ATM	SLX4_S1271	1
ATM	SLX4_S1631	1
ATM	SLX4_S1716	1
ATM	SMAD1_S239	1
ATM	SMARCA4_S721	1
ATM	SMARCC2_S969	1
ATM	SMC1A_S957	1
ATM	SMC1A_S966	1
ATM	SMC3_S1065	1
ATM	SMC3_S1067	1
ATM	SMC3_S1083	1
ATM	SMURF2_S384	1
ATM	SNAI1_S100	1
ATM	SNAPIN_S50	1
ATM	SP1_S101	1
ATM	SP1_S56	1
ATM	SPOP_S119	1
ATM	SPTBN1_S2115	1
ATM	SPTBN1_S2128	1
ATM	SRC_S104	1
ATM	SRF_S435	1
ATM	SRF_S446	1
ATM	SRPK1_S408	1
ATM	SRPK1_T326	1
ATM	SRRM2_S387	1
ATM	STAT3_S727	1
ATM	STK11_T363	1
ATM	STK11_T367	1
ATM	STXBP1_S142	1
ATM	SYN1_S605	1
ATM	TAOK1_S990	1
ATM	TAOK1_T643	1
ATM	TAOK1_T785	1
ATM	TAOK3_S324	1
ATM	TAOK3_S359	1
ATM	TAOK3_S551	1
ATM	TDP1_S365	1
ATM	TDP1_S563	1
ATM	TDP1_S81	1
ATM	TERF1_S219	1
ATM	TERF1_S367	1
ATM	THOC5_S307	1
ATM	THOC5_S312	1
ATM	THOC5_S314	1
ATM	THRAP3_S211	1
ATM	TOP2B_S1134	1
ATM	TOPBP1_S1138	1
ATM	TOPBP1_S492	1
ATM	TOPBP1_S554	1
ATM	TOPBP1_S853	1
ATM	TOPBP1_T1062	1
ATM	TP53BP1_S1219	1
ATM	TP53BP1_S1224	1
ATM	TP53BP1_S1778	1
ATM	TP53BP1_S1783	1
ATM	TP53BP1_S25	1
ATM	TP53BP1_S29	1
ATM	TP53BP1_S30	1
ATM	TP53BP1_S34	1
ATM	TP53BP1_S6	1
ATM	TP53BP1_S784	1
ATM	TP53BP1_S789	1
ATM	TP53BP1_S831	1
ATM	TP53BP1_T302	1
ATM	TP53_S15	1
ATM	TP53_S20	1
ATM	TP53_S33	1
ATM	TP53_S37	1
ATM	TP53_S392	1
ATM	TP53_S46	1
ATM	TP53_S6	1
ATM	TP53_S9	1
ATM	TP63_S43	1
ATM	TP63_S477	1
ATM	TP63_S479	1
ATM	TP63_S560	1
ATM	TP63_T491	1
ATM	TRIM24_S768	1
ATM	TRIM28_S473	1
ATM	TRIM28_S824	1
ATM	TRIM29_S550	1
ATM	TTC5_S203	1
ATM	UBQLN4_S318	1
ATM	UBR5_S1532	1
ATM	UBR5_S1679	1
ATM	UBR5_S174	1
ATM	UBR5_S191	1
ATM	UBR5_S2586	1
ATM	UCHL3_S75	1
ATM	UFL1_S462	1
ATM	UIMC1_S140	1
ATM	UIMC1_S205	1
ATM	UIMC1_S402	1
ATM	UIMC1_S419	1
ATM	USP10_S337	1
ATM	USP10_S341	1
ATM	USP10_T42	1
ATM	USP10_T46	1
ATM	USP13_T196	1
ATM	USP15_S678	1
ATM	USP28_S495	1
ATM	USP28_S67	1
ATM	USP28_S714	1
ATM	USP28_S720	1
ATM	USP34_S1751	1
ATM	USP34_S718	1
ATM	VCP_S326	1
ATM	VIM_S56	1
ATM	VIM_S83	1
ATM	VPS72_T168	1
ATM	WDHD1_S1041	1
ATM	WRAP53_S64	1
ATM	WRN_S1141	1
ATM	WRN_S1292	1
ATM	WWC1_T1006	1
ATM	XPA_S173	1
ATM	XPA_S196	1
ATM	XRCC6_S27	1
ATM	XRCC6_S33	1
ATM	YAP1_Y391	1
ATM	ZBTB2_S115	1
ATM	ZEB1_S585	1
ATM	ZFHX3_S1180	1
ATM	ZNF148_S202	1
ATM	ZNF420_S68	1
ATM	ZNF506_T140	1
ATMIN	DPYSL2_S522	1
ATP5F1A	ANKRD2_S99	1
ATP7A	EIF4E_S209	1
ATP8A1	LATS1_S909	1
ATR	AICDA_S38	1
ATR	AKAP12_S732	1
ATR	APBB1_S228	1
ATR	ATM_S1981	1
ATR	ATRIP_S68	1
ATR	ATRIP_S72	1
ATR	BAX_T167	1
ATR	BID_S64	1
ATR	BID_S78	1
ATR	BLM_T122	1
ATR	BLM_T99	1
ATR	BORA_T501	1
ATR	BRCA1_S1127	1
ATR	BRCA1_S1143	1
ATR	BRCA1_S1161	1
ATR	BRCA1_S1228	1
ATR	BRCA1_S1239	1
ATR	BRCA1_S1280	1
ATR	BRCA1_S1346	1
ATR	BRCA1_S1387	1
ATR	BRCA1_S1423	1
ATR	BRCA1_S1457	1
ATR	BRCA1_S1483	1
ATR	BRCA1_S1524	1
ATR	BRCA1_S1545	1
ATR	BRCA1_S245	1
ATR	BRCA1_S274	1
ATR	BRCA1_S281	1
ATR	BRCA1_S284	1
ATR	BRCA1_S315	1
ATR	BRCA1_S320	1
ATR	BRCA1_S341	1
ATR	BRCA1_S353	1
ATR	BRCA1_S380	1
ATR	BRCA1_S382	1
ATR	BRCA1_S420	1
ATR	BRCA1_S847	1
ATR	BRCA1_T1394	1
ATR	BRCA1_T252	1
ATR	BRCA1_T291	1
ATR	CCAR2_T454	1
ATR	CCDC82_S154	1
ATR	CDC25C_S216	1
ATR	CDC6_S6	1
ATR	CDKN1A_S114	1
ATR	CDKN2A_S140	1
ATR	CDKN2A_S152	1
ATR	CDKN2A_S7	1
ATR	CDKN2A_S8	1
ATR	CDS1_T68	1
ATR	CEP164_S186	1
ATR	CGGBP1_S164	1
ATR	CHEK1_S280	1
ATR	CHEK1_S296	1
ATR	CHEK1_S317	1
ATR	CHEK1_S343	1
ATR	CHEK1_S345	1
ATR	CHEK2_S19	1
ATR	CHEK2_S28	1
ATR	CHEK2_S33	1
ATR	CHEK2_S35	1
ATR	CHEK2_S50	1
ATR	CHEK2_T26	1
ATR	CHEK2_T68	1
ATR	CHTF18_S74	1
ATR	CLSPN_T916	1
ATR	CNOT2_S101	1
ATR	CREB1_S121	1
ATR	CUX1_S1357	1
ATR	CUX1_S1368	1
ATR	DAXX_S424	1
ATR	DAXX_S712	1
ATR	DBF4_S502	1
ATR	DBF4_S539	1
ATR	DBF4_T449	1
ATR	DCK_S74	1
ATR	DCLRE1C_S516	1
ATR	DCLRE1C_S645	1
ATR	E2F1_S31	1
ATR	EWSR1_T79	1
ATR	EXO1_S714	1
ATR	FANCA_S1449	1
ATR	FANCD2_S1401	1
ATR	FANCD2_S1404	1
ATR	FANCD2_S1418	1
ATR	FANCD2_S222	1
ATR	FANCD2_S717	1
ATR	FANCD2_T596	1
ATR	FANCD2_T608	1
ATR	FANCD2_T691	1
ATR	FANCG_S7	1
ATR	FANCI_S556	1
ATR	FANCI_S559	1
ATR	FANCI_S565	1
ATR	FANCM_S1045	1
ATR	FARSA_S301	1
ATR	GINS2_S182	1
ATR	GPS1_S474	1
ATR	GPS1_S510	1
ATR	H2AX_S131	1
ATR	H2AX_S140	1
ATR	HUWE1_S2391	1
ATR	IRS1_S270	1
ATR	KAT2B_S264	1
ATR	KAT7_S50	1
ATR	KAT7_S53	1
ATR	KIFC1_S26	1
ATR	KMT2A_S516	1
ATR	MARCKSL1_S71	1
ATR	MCC_S118	1
ATR	MCC_S120	1
ATR	MCM2_S108	1
ATR	MCM3_S535	1
ATR	MCM3_S580	1
ATR	MCPH1_S322	1
ATR	MDC1_S513	1
ATR	MDM2_S395	1
ATR	MDM2_S407	1
ATR	MDM2_S413	1
ATR	MDM4_S15	1
ATR	MLH1_S406	1
ATR	NBN_S343	1
ATR	NBN_S615	1
ATR	NOS3_S1177	1
ATR	NPM1_S125	1
ATR	NUSAP1_S124	1
ATR	PALB2_S157	1
ATR	PALB2_S376	1
ATR	PALB2_S59	1
ATR	PARP1_S179	1
ATR	PELP1_S1033	1
ATR	PHF14_S294	1
ATR	POLE_S1940	1
ATR	POLH_S601	1
ATR	PRKDC_S2612	1
ATR	PRKDC_T2609	1
ATR	PRKDC_T2647	1
ATR	RAD17_S470	1
ATR	RAD17_S480	1
ATR	RAD17_S549	1
ATR	RAD17_S559	1
ATR	RAD17_S635	1
ATR	RAD17_S645	1
ATR	RAD17_S646	1
ATR	RAD17_S656	1
ATR	RAD50_S635	1
ATR	RAD51AP1_S120	1
ATR	RAD51_T309	1
ATR	RASSF1_S131	1
ATR	RBBP8_T859	1
ATR	RFWD3_S46	1
ATR	RFWD3_S63	1
ATR	RPA2_S174	1
ATR	RPA2_S23	1
ATR	RPA2_S29	1
ATR	RPA2_S33	1
ATR	RPA2_S4	1
ATR	RPA2_S52	1
ATR	RPA2_S72	1
ATR	RPA2_S8	1
ATR	RPA2_T21	1
ATR	SARS1_S101	1
ATR	SARS1_S241	1
ATR	SIAH1_S19	1
ATR	SIAH1_S50	1
ATR	SIRT7_S134	1
ATR	SIRT7_S136	1
ATR	SMARCAL1_S652	1
ATR	SMARCC2_S969	1
ATR	SMC1A_S957	1
ATR	SMC1A_S966	1
ATR	SP1_S101	1
ATR	SRPK1_S408	1
ATR	SRPK1_T326	1
ATR	STAT3_S727	1
ATR	STK11_T363	1
ATR	SUGP2_T7	1
ATR	SUN2_S12	1
ATR	TP53BP1_S166	1
ATR	TP53BP1_S176	1
ATR	TP53BP1_S178	1
ATR	TP53BP1_S452	1
ATR	TP53BP1_S831	1
ATR	TP53BP1_T302	1
ATR	TP53_S15	1
ATR	TP53_S20	1
ATR	TP53_S37	1
ATR	TP53_S46	1
ATR	TP53_T18	1
ATR	TREX1_S68	1
ATR	TREX1_S72	1
ATR	TRIM28_S824	1
ATR	TUT1_S750	1
ATR	UIMC1_S205	1
ATR	USP28_S67	1
ATR	USP28_S714	1
ATR	VCP_S784	1
ATR	WDHD1_T826	1
ATR	WRN_S1141	1
ATR	WRN_S1292	1
ATR	XPA_S173	1
ATR	XPA_S196	1
ATR	XRCC2_S247	1
ATR	XRCC3_S225	1
ATR	ZDHHC13_S8	1
ATR	ZNF830_S362	1
ATR	ZSCAN5A_T422	1
AURKA	AKT1_S473	1
AURKA	AKT1_T308	1
AURKA	AKT1_Y474	1
AURKA	ALDH1A1_T267	1
AURKA	ALDH1A1_T442	1
AURKA	ALDH1A1_T493	1
AURKA	ARHGEF2_S886	1
AURKA	ARPC1B_T21	1
AURKA	AR_S215	1
AURKA	AR_S293	1
AURKA	AR_S792	1
AURKA	AR_T282	1
AURKA	AURKAIP1_S70	1
AURKA	AURKB_T232	1
AURKA	BCL2L11_S93	1
AURKA	BCL2L11_S94	1
AURKA	BCL2L11_S98	1
AURKA	BRCA1_S12	1
AURKA	BRCA1_S267	1
AURKA	BRCA1_S308	1
AURKA	CDC25B_S312	1
AURKA	CDC25B_S339	1
AURKA	CDC25B_S353	1
AURKA	CENPA_S7	1
AURKA	CENPJ_S467	1
AURKA	CETN2_S170	1
AURKA	CRMP1_T101	1
AURKA	CRMP1_T102	1
AURKA	CRMP1_T215	1
AURKA	CRMP1_T216	1
AURKA	CTNNB1_S552	1
AURKA	CTNNB1_S675	1
AURKA	DCTN1_S19	1
AURKA	DLGAP5_S627	1
AURKA	DLGAP5_S725	1
AURKA	DLGAP5_S757	1
AURKA	DLGAP5_S830	1
AURKA	E2F4_S75	1
AURKA	EGFR_S1070	1
AURKA	EGFR_T678	1
AURKA	ESR1_S167	1
AURKA	ESR1_S212	1
AURKA	ESR1_S305	1
AURKA	FADD_S203	1
AURKA	FAF1_S289	1
AURKA	FAF1_S291	1
AURKA	FANCA_S165	1
AURKA	FOXP1_S440	1
AURKA	GMNN_T25	1
AURKA	GSK3B_S9	1
AURKA	H3C14_S11	1
AURKA	H3C1_S11	1
AURKA	HAUS8_S19	1
AURKA	HAUS8_S20	1
AURKA	HCG22_T210	1
AURKA	HNRNPK_S379	1
AURKA	KCTD12_S200	1
AURKA	KCTD12_S243	1
AURKA	KIF15_S1169	1
AURKA	KIF2C_S719	1
AURKA	KIF4A_T799	1
AURKA	LATS2_S380	1
AURKA	LATS2_S83	1
AURKA	LDHB_S162	1
AURKA	LIMK1_S307	1
AURKA	LIMK1_T508	1
AURKA	LIMK2_S283	1
AURKA	LIMK2_T494	1
AURKA	LIMK2_T505	1
AURKA	MAP9_S305	1
AURKA	MAP9_S625	1
AURKA	MAPRE3_S176	1
AURKA	MBD3_S24	1
AURKA	MBD3_S85	1
AURKA	MCM2_S220	1
AURKA	MCRS1_S35	1
AURKA	MCRS1_S36	1
AURKA	MYBBP1A_S1303	1
AURKA	NDC80_S44	1
AURKA	NDC80_S55	1
AURKA	NDC80_S69	1
AURKA	NDEL1_S251	1
AURKA	NEDD1_S405	1
AURKA	NEDD9_S296	1
AURKA	NEDD9_S298	1
AURKA	NFKBIA_S262	1
AURKA	NFKBIA_S32	1
AURKA	NFKBIA_S36	1
AURKA	NFKBIA_S63	1
AURKA	NPM1_S125	1
AURKA	NUMA1_S1883	1
AURKA	NUMA1_S1887	1
AURKA	NUMA1_S1969	1
AURKA	NUMA1_S1991	1
AURKA	NUMA1_S2047	1
AURKA	NUMA1_S2087	1
AURKA	NUMA1_T1804	1
AURKA	NUMA1_T1811	1
AURKA	NUMA1_T1812	1
AURKA	NUMA1_T2084	1
AURKA	NUSAP1_S240	1
AURKA	PARD3_S962	1
AURKA	PHB2_S39	1
AURKA	PHLDA1_S95	1
AURKA	PIN1_S16	1
AURKA	PKD2_S829	1
AURKA	PLK1_T210	1
AURKA	POU6F1_S197	1
AURKA	PSEN2_S19	1
AURKA	RALA_S194	1
AURKA	RASSF1_S203	1
AURKA	RASSF1_S207	1
AURKA	RASSF1_T202	1
AURKA	RASSF1_T206	1
AURKA	RBBP8_S327	1
AURKA	RBBP8_S593	1
AURKA	RUNX3_T14	1
AURKA	RUNX3_T173	1
AURKA	SDCBP_S131	1
AURKA	SDCBP_T200	1
AURKA	SECISBP2L_T573	1
AURKA	SIRT1_T344	1
AURKA	SKI_S326	1
AURKA	SKI_S383	1
AURKA	SOX8_S327	1
AURKA	SPAG5_S115	1
AURKA	SPIN1_S109	1
AURKA	SPIN1_S124	1
AURKA	STAT3_Y705	1
AURKA	STUB1_S273	1
AURKA	TACC3_S34	1
AURKA	TACC3_S552	1
AURKA	TACC3_S558	1
AURKA	TIFA_T9	1
AURKA	TP53_S106	1
AURKA	TP53_S215	1
AURKA	TP53_S315	1
AURKA	TP73_S235	1
AURKA	TPX2_S121	1
AURKA	TPX2_S125	1
AURKA	VHL_S72	1
AURKA	WDR62_S32	1
AURKA	WDR62_S33	1
AURKA	WDR62_S49	1
AURKA	WDR62_T50	1
AURKA	WWC1_S539	1
AURKA	YAP1_S397	1
AURKA	YY1_S184	1
AURKA	YY1_S365	1
AURKB	AHNAK_T158	1
AURKB	ARHGAP21_S131	1
AURKB	ARHGAP23_S127	1
AURKB	ATM_S1403	1
AURKB	ATP2A2_S663	1
AURKB	ATXN10_S12	1
AURKB	ATXN10_S77	1
AURKB	BIRC5_T117	1
AURKB	BIRC5_T140	1
AURKB	BIRC5_T34	1
AURKB	CAMKK1_T108	1
AURKB	CAVIN1_S300	1
AURKB	CBL_S619	1
AURKB	CBX5_S92	1
AURKB	CCDC86_S255	1
AURKB	CDCA2_S893	1
AURKB	CDCA2_S977	1
AURKB	CDCA2_S981	1
AURKB	CDCA5_S126	1
AURKB	CDCA5_S139	1
AURKB	CDCA5_S164	1
AURKB	CDCA5_S33	1
AURKB	CDCA5_S79	1
AURKB	CDCA5_S83	1
AURKB	CDCA5_T111	1
AURKB	CDCA5_T115	1
AURKB	CDCA5_T151	1
AURKB	CDCA5_T159	1
AURKB	CDCA8_S154	1
AURKB	CDCA8_S165	1
AURKB	CDCA8_S219	1
AURKB	CDCA8_S275	1
AURKB	CDCA8_T278	1
AURKB	CDT1_S143	1
AURKB	CDT1_T102	1
AURKB	CDT1_T358	1
AURKB	CDT1_T7	1
AURKB	CENPA_S7	1
AURKB	CHMP4C_S210	1
AURKB	CHMP4C_S214	1
AURKB	CHMP4C_S215	1
AURKB	CKAP2_S628	1
AURKB	CKAP2_T39	1
AURKB	COBLL1_S876	1
AURKB	COBLL1_S914	1
AURKB	CRYBG1_T232	1
AURKB	DAPK2_S299	1
AURKB	DDA1_S33	1
AURKB	DDX3X_S594	1
AURKB	DDX3Y_S592	1
AURKB	DDX52_S22	1
AURKB	DEK_T67	1
AURKB	DES_S12	1
AURKB	DES_S60	1
AURKB	DES_T17	1
AURKB	DIAPH2_S189	1
AURKB	DIAPH2_S196	1
AURKB	DIAPH2_S813	1
AURKB	DIAPH2_T66	1
AURKB	DIAPH2_T875	1
AURKB	DSN1_S100	1
AURKB	DSN1_S109	1
AURKB	GBF1_S174	1
AURKB	GFAP_S13	1
AURKB	GFAP_S38	1
AURKB	GFAP_T7	1
AURKB	H1-4_S27	1
AURKB	H2AX_S122	1
AURKB	H2BC11_S79	1
AURKB	H2BC11_Y84	1
AURKB	H2BC12_S79	1
AURKB	H2BC12_Y84	1
AURKB	H2BC14_S79	1
AURKB	H2BC14_Y84	1
AURKB	H2BC15_S79	1
AURKB	H2BC15_Y84	1
AURKB	H2BC17_S79	1
AURKB	H2BC17_Y84	1
AURKB	H2BC18_S79	1
AURKB	H2BC18_Y84	1
AURKB	H2BC19P_S79	1
AURKB	H2BC19P_Y84	1
AURKB	H2BC20P_S79	1
AURKB	H2BC20P_Y84	1
AURKB	H2BC21_S79	1
AURKB	H2BC21_Y84	1
AURKB	H2BC3_S79	1
AURKB	H2BC3_Y84	1
AURKB	H2BC5_S79	1
AURKB	H2BC5_Y84	1
AURKB	H2BC7_S79	1
AURKB	H2BC7_Y84	1
AURKB	H2BC9_S79	1
AURKB	H2BC9_Y84	1
AURKB	H3-3B_S11	1
AURKB	H3-3B_S29	1
AURKB	H3-3B_S32	1
AURKB	H3-3B_T119	1
AURKB	H3-4_S29	1
AURKB	H3C14_S11	1
AURKB	H3C14_S29	1
AURKB	H3C1_S11	1
AURKB	H3C1_S29	1
AURKB	H3C1_T119	1
AURKB	H3C1_T4	1
AURKB	HASPIN_S108	1
AURKB	HASPIN_S143	1
AURKB	HASPIN_S4	1
AURKB	HASPIN_S93	1
AURKB	HDAC4_S265	1
AURKB	HDAC5_S278	1
AURKB	HDAC5_S279	1
AURKB	HDAC9_S239	1
AURKB	HMGN2_S25	1
AURKB	HMGN2_S29	1
AURKB	HMGN5_S20	1
AURKB	HMGN5_S24	1
AURKB	HNRNPU_S14	1
AURKB	HNRNPU_S26	1
AURKB	HSP90AB1_S255	1
AURKB	HSP90AB1_S452	1
AURKB	INCENP_S518	1
AURKB	INCENP_S72	1
AURKB	INCENP_S889	1
AURKB	INCENP_S890	1
AURKB	INCENP_S893	1
AURKB	INCENP_S894	1
AURKB	INCENP_S895	1
AURKB	INCENP_S899	1
AURKB	INCENP_S91	1
AURKB	INCENP_S94	1
AURKB	INCENP_T232	1
AURKB	INCENP_T412	1
AURKB	INCENP_T494	1
AURKB	INCENP_T524	1
AURKB	INCENP_T59	1
AURKB	INCENP_T888	1
AURKB	INCENP_T892	1
AURKB	KIF20A_S878	1
AURKB	KIF23_S708	1
AURKB	KIF23_S714	1
AURKB	KIF23_S812	1
AURKB	KIF23_S911	1
AURKB	KIF2C_S109	1
AURKB	KIF2C_S111	1
AURKB	KIF2C_S115	1
AURKB	KIF2C_S179	1
AURKB	KIF2C_S192	1
AURKB	KIF2C_S95	1
AURKB	KIF4A_S801	1
AURKB	KIF4A_T799	1
AURKB	KNL1_S24	1
AURKB	KNL1_S60	1
AURKB	KRT8_T6	1
AURKB	LMO7_S15	1
AURKB	LMO7_S300	1
AURKB	LMO7_S466	1
AURKB	LMO7_S751	1
AURKB	MAPRE3_S176	1
AURKB	MCL1_T301	1
AURKB	MDM4_T365	1
AURKB	MECP2_S423	1
AURKB	MIS18A_S36	1
AURKB	MIS18BP1_S134	1
AURKB	MISP_S348	1
AURKB	MKI67_S374	1
AURKB	MKI67_S538	1
AURKB	MPHOSPH10_T332	1
AURKB	MYBBP1A_S1303	1
AURKB	MYH10_T1847	1
AURKB	MYL12B_S20	1
AURKB	MYL2_Y118	1
AURKB	MYL9_S20	1
AURKB	NAGK_S122	1
AURKB	NAGK_S76	1
AURKB	NDC80_S15	1
AURKB	NDC80_S44	1
AURKB	NDC80_S5	1
AURKB	NDC80_S55	1
AURKB	NDC80_S69	1
AURKB	NDC80_T49	1
AURKB	NELFE_S131	1
AURKB	NFKBIA_S262	1
AURKB	NFKBIA_S32	1
AURKB	NFKBIA_S63	1
AURKB	NINL_S185	1
AURKB	NINL_S448	1
AURKB	NINL_S585	1
AURKB	NPM1_S125	1
AURKB	NSUN2_S139	1
AURKB	NUDC_T40	1
AURKB	NUMA1_S1969	1
AURKB	NUMA1_S2047	1
AURKB	NUMA1_T1811	1
AURKB	NUMA1_T2055	1
AURKB	NUSAP1_S240	1
AURKB	PARD3_S962	1
AURKB	PER1_S979	1
AURKB	PHB2_S291	1
AURKB	PKM_T45	1
AURKB	PLEC_T2886	1
AURKB	PLEKHG6_S543	1
AURKB	PLEKHG6_S546	1
AURKB	PLEKHG6_S645	1
AURKB	PLEKHG6_S697	1
AURKB	PLEKHG6_T540	1
AURKB	PLEKHG6_T544	1
AURKB	PLEKHG6_T620	1
AURKB	PLK1_T210	1
AURKB	PPHLN1_S110	1
AURKB	PPP1R13L_S119	1
AURKB	PPP1R13L_S187	1
AURKB	PPP1R13L_S332	1
AURKB	PPP1R13L_S526	1
AURKB	PPP1R13L_S84	1
AURKB	PRKACA_S140	1
AURKB	PRKACA_S339	1
AURKB	PRKDC_S511	1
AURKB	PRRC2C_S1013	1
AURKB	RACGAP1_S144	1
AURKB	RACGAP1_S185	1
AURKB	RACGAP1_S187	1
AURKB	RACGAP1_S387	1
AURKB	RACGAP1_S410	1
AURKB	RACGAP1_T145	1
AURKB	RACGAP1_T186	1
AURKB	RACGAP1_T249	1
AURKB	RACGAP1_T601	1
AURKB	RASSF1_S203	1
AURKB	RASSF1_S207	1
AURKB	RB1_S780	1
AURKB	RBM14_S618	1
AURKB	RBM14_S649	1
AURKB	RBM3_S147	1
AURKB	RBMXL1_S326	1
AURKB	RBMX_S326	1
AURKB	RIF1_S2205	1
AURKB	RPA1_S384	1
AURKB	RPL21_S104	1
AURKB	RPL8_S130	1
AURKB	RPRD1B_S145	1
AURKB	RPS10_T118	1
AURKB	RSL1D1_T312	1
AURKB	RUNX3_T14	1
AURKB	RUNX3_T173	1
AURKB	SEPTIN1_S253	1
AURKB	SEPTIN1_S312	1
AURKB	SEPTIN1_S320	1
AURKB	SH2D4A_S261	1
AURKB	SHCBP1_S634	1
AURKB	SKA3_S159	1
AURKB	SOX10_S45	1
AURKB	SSH3_S37	1
AURKB	SSU72_S19	1
AURKB	SSU72_S3	1
AURKB	SSU72_S4	1
AURKB	STMN1_S16	1
AURKB	SUPT16H_T494	1
AURKB	TERF1_S404	1
AURKB	TP53BP1_S1342	1
AURKB	TP53_S183	1
AURKB	TP53_S215	1
AURKB	TP53_S269	1
AURKB	TP53_T211	1
AURKB	TP53_T284	1
AURKB	USP13_S114	1
AURKB	UTP3_S462	1
AURKB	VIM_S25	1
AURKB	VIM_S412	1
AURKB	VIM_S47	1
AURKB	VIM_S66	1
AURKB	VIM_S72	1
AURKB	VIM_S73	1
AURKB	WWC1_S539	1
AURKB	YY1_S180	1
AURKB	YY1_S184	1
AURKB	ZFYVE19_S22	1
AURKB	ZWINT_S250	1
AURKB	ZWINT_S262	1
AURKB	ZWINT_T251	1
AURKB	ZYX_S169	1
AURKC	AURKB_T232	1
AURKC	BIRC5_S20	1
AURKC	H3C1_S11	1
AURKC	INCENP_S893	1
AURKC	INCENP_S894	1
AURKC	INCENP_T892	1
AURKC	NFKBIA_S262	1
AURKC	NFKBIA_S32	1
AURKC	NFKBIA_S63	1
AURKC	TACC1_S228	1
AVP	AQP2_S256	1
AVP	AQP2_S261	1
AVP	AQP2_S264	1
AVP	AQP2_T269	1
AVP	BAD_S99	1
AVP	HSPB1_S15	1
AVP	HSPB1_S86	1
AVP	PRKD1_S910	1
AVP	SLC12A1_S130	1
AVP	YAP1_S127	1
AXIN1	CTNNB1_S33	1
AXIN1	CTNNB1_S37	1
AXIN1	CTNNB1_S45	1
AXIN1	CTNNB1_T41	1
AXIN1	LRP6_S1490	1
AXIN1	PSEN1_S353	1
AXIN1	PSEN1_S357	1
AXIN1	ROR2_S864	1
AXIN2	CTNNB1_S37	1
AXL	AKT1_S473	1
AXL	AKT1_T308	1
AXL	ELMO1_Y720	1
AXL	ELMO1_Y724	1
AXL	ELMO2_Y713	1
AXL	FYN_Y420	1
AXL	HCK_Y411	1
AXL	LCK_Y394	1
AXL	LYN_Y397	1
AXL	MLKL_Y376	1
AXL	PLCG1_Y771	1
AXL	PTK2_Y397	1
AXL	SMAD3_S213	1
AXL	SRC_Y419	1
AXL	STAT3_Y705	1
AXL	STAT5A_Y694	1
AXL	STAT5B_Y699	1
AXL	YES1_Y426	1
AZU1	CYP3A4_S420	1
AZU1	CYP3A4_T264	1
AZU1	STAT1_S727	1
BACE2	APP_T668	1
BACE2	APP_T724	1
BACE2	APP_T743	1
BAD	AKT1_S137	1
BAG3	AGO2_S387	1
BAG3	FXYD1_S83	1
BAG3	FXYD1_S88	1
BAG3	MAP1A_T188	1
BAG3	MAP7_Y190	1
BAZ1B	H2AX_Y143	1
BCAR1	RBL2_S941	1
BCKDK	BCKDHA_S337	1
BCKDK	BCKDHA_S343	1
BCKDK	BCKDHA_S347	1
BCKDK	BCKDHB_S318	1
BCKDK	MAP2K1_S222	1
BCL2	JUN_S73	1
BCL2	MYC_T58	1
BCL2	NFKBIA_S32	1
BCL2	NFKBIA_S36	1
BCL2L1	BAD_S75	1
BCL2L1	BCL2L11_S69	1
BCL2L11	PEA15_S104	1
BCL2L11	PXN_S178	1
BCR	AFDN_T893	1
BCR	AFDN_T908	1
BCR	AFDN_T909	1
BCR	BTK_Y223	1
BCR	BTK_Y551	1
BCR	CRKL_Y207	1
BCR	CRK_Y251	1
BCR	CTNNB1_Y86	1
BCR	EZR_Y354	1
BCR	GRB2_Y209	1
BCR	HCLS1_Y378	1
BCR	HCLS1_Y397	1
BCR	HSPB1_S82	1
BCR	LYN_Y397	1
BCR	MAP4K1_Y381	1
BCR	MYC_Y74	1
BCR	PLCG2_Y1217	1
BCR	PLCG2_Y753	1
BCR	PPARG_S112	1
BCR	PRKD1_S910	1
BCR	RAB7A_S72	1
BCR	RAD51_Y315	1
BCR	RAF1_S338	1
BCR	STAT3_S727	1
BCR	SYK_Y352	1
BCR	YWHAQ_S232	1
BCR	YWHAZ_T232	1
BDKRB1	TP53_T18	1
BDNF	CDK1_Y15	1
BDNF	CDK5_Y15	1
BDNF	FOXO3_T32	1
BDNF	GRIA1_S849	1
BDNF	GRIN2A_Y1325	1
BDNF	GRIN2B_Y1474	1
BDNF	GSK3B_S9	1
BDNF	MECP2_S274	1
BDNF	MECP2_S86	1
BDNF	MTOR_S2481	1
BDNF	NTRK2_Y516	1
BDNF	NTRK2_Y817	1
BDNF	RPS6KB1_S447	1
BDNF	RPS6KB1_T412	1
BDNF	RPS6KB1_T444	1
BDNF	RPS6_S235	1
BDNF	RPS6_S236	1
BDNF	SIK1_T182	1
BDNF	SRC_Y419	1
BDNF	STAT3_S727	1
BDNF	STAT3_Y705	1
BDNF	STMN1_S16	1
BDNF	SYN1_S551	1
BDNF	SYN1_S67	1
BECN1	PIK3C3_S165	1
BECN1	PIK3C3_T163	1
BGLAP	RPS6KB1_T412	1
BIRC2	AQP2_T269	1
BIRC2	MCL1_S159	1
BIRC5	CCNB1_T34	1
BLK	ABL1_Y226	1
BLK	ABL1_Y393	1
BLK	BANK1_Y146	1
BLK	BANK1_Y484	1
BLK	CD79A_Y188	1
BLK	CD79A_Y199	1
BLK	CD79B_Y196	1
BLK	CD79B_Y207	1
BLK	CGAS_Y215	1
BLK	DAPP1_Y139	1
BLK	DOK1_Y449	1
BLK	EGFR_Y1016	1
BLK	EGFR_Y1069	1
BLK	EGFR_Y1092	1
BLK	EGFR_Y1110	1
BLK	EGFR_Y1172	1
BLK	EGFR_Y1197	1
BLK	FCGR2A_Y280	1
BLK	FCGR2A_Y281	1
BLK	FCGR2A_Y287	1
BLK	FCGR2A_Y288	1
BLK	FCGR2A_Y303	1
BLK	FCGR2A_Y304	1
BLK	FCGR2B_Y272	1
BLK	FCGR2B_Y273	1
BLK	FCGR2B_Y291	1
BLK	FCGR2B_Y292	1
BLK	FCGR2C_Y294	1
BLK	FCGR2C_Y310	1
BLK	NGEF_Y179	1
BLK	PRKCD_Y313	1
BLK	PTK2_Y397	1
BLK	SNCA_S129	1
BLK	SNCA_Y125	1
BLK	SOCS1_Y80	1
BLK	STAT3_Y705	1
BLNK	BTK_Y551	1
BLVRA	PRKCB_T500	1
BLVRB	GRIA1_S863	1
BMP1	PPP1R1B_T34	1
BMP2	LIMK1_T508	1
BMP2K	AP2M1_T156	1
BMP2K	ZYX_S142	1
BMP2K	ZYX_S150	1
BMP2K	ZYX_T159	1
BMP4	ACACA_S80	1
BMP6	CDH5_Y685	1
BMP7	PTK2_Y925	1
BMPR1A	FAM83G_S610	1
BMPR1A	FAM83G_S614	1
BMPR1A	FAM83G_S616	1
BMPR1A	HLCS_S79	1
BMPR1A	PRKACB_S140	1
BMPR1A	PRKACB_T198	1
BMPR1A	PRKCD_S304	1
BMPR1A	PRKCD_S306	1
BMPR1A	PRKCD_T43	1
BMPR1A	PRKCD_T507	1
BMPR1A	RUVBL1_T163	1
BMPR1A	RUVBL1_T363	1
BMPR1A	SMAD1_S462	1
BMPR1A	SMAD1_S463	1
BMPR1A	SMAD1_S465	1
BMPR1A	SMAD9_S465	1
BMPR1A	ZAP70_S289	1
BMPR1B	CEP43_S182	1
BMPR1B	CEP43_S259	1
BMPR1B	CEP43_T184	1
BMPR1B	CSNK1G2_S32	1
BMPR1B	CTTN_S150	1
BMPR1B	CTTN_T182	1
BMPR1B	MDFI_S141	1
BMPR1B	NEUROD1_S335	1
BMPR1B	NFATC4_S168	1
BMPR1B	NFATC4_S170	1
BMPR1B	OTUD7B_S100	1
BMPR1B	PHB2_S286	1
BMPR1B	SMAD1_S195	1
BMPR1B	SMAD1_S462	1
BMPR1B	SMAD1_S463	1
BMPR1B	SMAD1_S465	1
BMPR1B	SMAD2_S464	1
BMPR1B	SMAD2_S465	1
BMPR1B	SMAD2_S467	1
BMPR1B	SMAD5_S463	1
BMPR1B	SMAD5_S465	1
BMPR1B	SMAD9_S465	1
BMPR1B	SMAD9_S467	1
BMPR1B	STAMBP_S2	1
BMPR1B	STAMBP_S243	1
BMPR1B	STAMBP_S245	1
BMPR1B	STAMBP_S247	1
BMPR1B	STAMBP_S48	1
BMPR2	GNA12_S40	1
BMPR2	SMAD1_S463	1
BMPR2	SMAD1_S465	1
BMX	ANXA2_Y275	1
BMX	ANXA2_Y318	1
BMX	AR_Y535	1
BMX	ASAP3_Y733	1
BMX	AXL_Y821	1
BMX	BAK1_Y108	1
BMX	BCAR1_Y12	1
BMX	CBL_Y368	1
BMX	CTTN_Y433	1
BMX	EIF4B_Y593	1
BMX	FGFR1_Y653	1
BMX	FGFR1_Y654	1
BMX	FGFR1_Y684	1
BMX	FGFR1_Y685	1
BMX	HNRNPK_Y230	1
BMX	MET_Y1235	1
BMX	MET_Y1253	1
BMX	PAK1_Y153	1
BMX	PIM1_Y309	1
BMX	PPP1R13L_Y109	1
BMX	PTK2_Y1007	1
BMX	PTK2_Y194	1
BMX	PTK2_Y441	1
BMX	PTK2_Y576	1
BMX	PTK2_Y577	1
BMX	PTK2_Y742	1
BMX	PTK2_Y861	1
BMX	PTK2_Y898	1
BMX	PTK2_Y925	1
BMX	RUFY1_Y389	1
BMX	RUFY1_Y400	1
BMX	TNK2_Y859	1
BMX	TNK2_Y860	1
BNIP3L	BECN1_S30	1
BORA	PLK1_T210	1
BPNT1	WASL_Y256	1
BRAF	AGGF1_S338	1
BRAF	ARAF_S299	1
BRAF	ARAF_T452	1
BRAF	ARAF_T455	1
BRAF	ARAF_Y302	1
BRAF	BAD_S118	1
BRAF	BAD_S134	1
BRAF	BAD_S75	1
BRAF	BAD_S99	1
BRAF	EEF1A1_S21	1
BRAF	EEF1A1_T88	1
BRAF	EEF1A2_S21	1
BRAF	MAP2K1_S218	1
BRAF	MAP2K1_S222	1
BRAF	MAP2K1_S248	1
BRAF	MAP2K1_S252	1
BRAF	MAP2K2_S222	1
BRAF	MAP2K2_S226	1
BRAF	MAP2K3_S218	1
BRAF	MAP2K3_T222	1
BRAF	MAP2K6_S207	1
BRAF	MAP2K6_T211	1
BRAF	MAPK1_T185	1
BRAF	MAPK1_Y187	1
BRAF	MAPK3_T202	1
BRAF	MAPK3_Y204	1
BRAF	MAPK7_S754	1
BRAF	MAPK7_T733	1
BRAF	MAPK7_Y221	1
BRAF	MPRIP_T491	1
BRAF	NANOG_S68	1
BRAF	PAX3_S205	1
BRAF	PAX3_S222	1
BRAF	RAF1_S338	1
BRAF	RAF1_S494	1
BRAF	RAF1_T491	1
BRAF	RAF1_Y341	1
BRAF	SLC9A1_T653	1
BRAF	TPR_S2155	1
BRAF	TTK_S281	1
BRAF	TTK_S436	1
BRCA1	CHEK1_S345	1
BRCA1	PRKDC_S2056	1
BRCA2	CHEK1_S317	1
BRD1	NOS1_S1417	1
BRD1	NOS1_S852	1
BRD4	AR_S83	1
BRD4	CDK9_T186	1
BRD4	CDK9_T29	1
BRD4	MYC_T58	1
BRD4	POLR2A_S1616	1
BRS3	EGFR_Y1092	1
BRS3	ELK1_S383	1
BRS3	PTK2_S910	1
BRS3	PTK2_Y397	1
BRS3	PTK2_Y577	1
BRSK1	CAST_S45	1
BRSK1	CDC25B_S334	1
BRSK1	CDC25B_S361	1
BRSK1	CDC25B_S375	1
BRSK1	CDC25C_S216	1
BRSK1	MAPT_S579	1
BRSK1	PRKAA1_T183	1
BRSK1	PRKAA1_T198	1
BRSK1	TUBG1_S131	1
BRSK1	TUBG1_S385	1
BRSK1	WEE1_S642	1
BRSK2	ARHGDIA_S174	1
BRSK2	CDC25C_S216	1
BRSK2	CDK16_S12	1
BRSK2	MAPT_S579	1
BRSK2	PAK1_T423	1
BRSK2	PRKAA1_T183	1
BRSK2	PRKAA1_T198	1
BRSK2	TSC2_S1387	1
BRSK2	WEE1_S642	1
BSG	ATF2_T69	1
BSG	ATF2_T71	1
BSG	ITPR1_Y353	1
BSG	PTK2_Y397	1
BSG	SRC_Y419	1
BST2	H2AX_S140	1
BST2	STAT1_S727	1
BST2	STAT6_Y641	1
BTC	EGFR_Y1092	1
BTC	ERBB2_Y1112	1
BTC	ERBB2_Y1248	1
BTC	ERBB2_Y877	1
BTC	GSK3A_S21	1
BTC	GSK3B_S9	1
BTK	BCAR1_Y410	1
BTK	BMX_Y216	1
BTK	BMX_Y224	1
BTK	CD19_Y500	1
BTK	CD19_Y531	1
BTK	CD19_Y532	1
BTK	DAPP1_Y139	1
BTK	DDX41_Y364	1
BTK	DDX41_Y414	1
BTK	DOK2_Y299	1
BTK	EFS_Y253	1
BTK	GTF2I_Y248	1
BTK	GTF2I_Y357	1
BTK	GTF2I_Y377	1
BTK	GTF2I_Y378	1
BTK	GTF2I_Y398	1
BTK	GTF2I_Y462	1
BTK	GTF2I_Y482	1
BTK	GTF2I_Y483	1
BTK	GTF2I_Y503	1
BTK	HNRNPK_Y230	1
BTK	HNRNPK_Y234	1
BTK	HNRNPK_Y280	1
BTK	IKZF1_S214	1
BTK	IKZF1_S215	1
BTK	ITK_Y180	1
BTK	MAPK8_T183	1
BTK	MAPK8_Y185	1
BTK	NFKBIA_Y289	1
BTK	NFKBIA_Y305	1
BTK	PLCG1_Y1253	1
BTK	PLCG1_Y783	1
BTK	PLCG2_Y1197	1
BTK	PLCG2_Y1217	1
BTK	PLCG2_Y1245	1
BTK	PLCG2_Y753	1
BTK	PLCG2_Y759	1
BTK	PXN_Y181	1
BTK	RAD51_Y315	1
BTK	RELA_S536	1
BTK	SLC4A1AP_Y464	1
BTK	SRSF10_Y110	1
BTK	STAT5A_Y694	1
BTK	STAT5B_Y98	1
BTK	TEC_Y206	1
BTK	TIRAP_Y106	1
BTK	TIRAP_Y187	1
BTK	TIRAP_Y86	1
BTK	TLR3_Y759	1
BTK	TP53_S15	1
BTK	WASL_Y256	1
BTK	WAS_Y291	1
BTK	WIPF1_Y468	1
BTK	WWTR1_Y118	1
BUB1	BUB3_S19	1
BUB1	CDC20_S153	1
BUB1	CDC20_S161	1
BUB1	CDC20_S41	1
BUB1	CDC20_S72	1
BUB1	CDC20_S92	1
BUB1	CDC20_T157	1
BUB1	H2AC13_T121	1
BUB1	H2AC20_T121	1
BUB1	H2AX_T121	1
BUB1	LAS1L_S127	1
BUB1	LAS1L_S404	1
BUB1	LIG1_S141	1
BUB1	LIG1_S201	1
BUB1	LIG1_S47	1
BUB1	LIG1_S66	1
BUB1	LIG1_T197	1
BUB1	MDM2_S166	1
BUB1	MDM2_S262	1
BUB1	MDM2_S269	1
BUB1	MDM4_S161	1
BUB1	NCL_S145	1
BUB1	NCL_S153	1
BUB1	NCL_S184	1
BUB1	NCL_S206	1
BUB1	NCL_S28	1
BUB1	NCL_S34	1
BUB1	NCL_S580	1
BUB1	NCL_S619	1
BUB1	NCL_T301	1
BUB1	NCL_T498	1
BUB1	NOC2L_S102	1
BUB1	NOC2L_S103	1
BUB1	NOC2L_S121	1
BUB1	NOC2L_S26	1
BUB1	NOC2L_S28	1
BUB1	NOC2L_S30	1
BUB1	NOC2L_S32	1
BUB1	NOC2L_S67	1
BUB1	NOC2L_S673	1
BUB1	NOC2L_S682	1
BUB1	NOC2L_S713	1
BUB1	NOC2L_S746	1
BUB1	NOC2L_T678	1
BUB1	NUP35_S15	1
BUB1	PAXBP1_S158	1
BUB1	PAXBP1_S16	1
BUB1	PAXBP1_S191	1
BUB1	PHAX_S66	1
BUB1	PPP1R13L_T570	1
BUB1	PPP1R8_S204	1
BUB1	PPP1R8_T161	1
BUB1	PPP2R5D_S573	1
BUB1	PPP2R5D_T553	1
BUB1	SMARCA4_S1570	1
BUB1	SMARCA4_S1575	1
BUB1	SMARCA4_S1586	1
BUB1	SMARCA4_S1631	1
BUB1	SMARCA4_S1644	1
BUB1	SMARCA4_S657	1
BUB1	SMARCA4_S662	1
BUB1	SMARCA4_S699	1
BUB1	SMARCA4_T1384	1
BUB1	TERF1_S296	1
BUB1	TP53_S37	1
BUB1	XRCC1_S410	1
BUB1	XRCC1_S475	1
BUB1	XRCC1_S525	1
BUB1	XRCC1_T488	1
BUB1	ZFP36_S169	1
C1QBP	NOS3_S1177	1
C1QL1	GRIA1_S849	1
C1QL1	GRIA1_S863	1
C1QL1	MAPT_S396	1
C1QTNF4	STAT3_Y705	1
CA1	MARCKS_S159	1
CA1	MARCKS_S163	1
CA2	EEF2_T57	1
CA9	PTK2_Y397	1
CAB39	PRKAA1_T183	1
CABLES1	CDK2_Y15	1
CABLES1	CDK5_Y15	1
CACNA2D3	ULK1_S556	1
CALB2	AKT1_S473	1
CALB2	RPS6KB1_T412	1
CALB2	ULK1_S556	1
CALM1	NOS3_S633	1
CAMK1	ACACA_S25	1
CAMK1	ACACA_S62	1
CAMK1	ARHGEF2_T103	1
CAMK1	ATF1_S63	1
CAMK1	CAMK2A_S332	1
CAMK1	CAMK4_T200	1
CAMK1	CAMKK1_T108	1
CAMK1	CDKN1B_T157	1
CAMK1	CDKN1B_T170	1
CAMK1	CDKN1B_T198	1
CAMK1	CREB1_S133	1
CAMK1	DNM1L_S637	1
CAMK1	EIF4G3_S1156	1
CAMK1	EP300_S89	1
CAMK1	GCM1_S177	1
CAMK1	GCM1_S178	1
CAMK1	GCM1_S269	1
CAMK1	GCM1_S47	1
CAMK1	GCM1_T174	1
CAMK1	GRIA1_S836	1
CAMK1	HDAC4_S246	1
CAMK1	HDAC5_S259	1
CAMK1	HDAC5_S260	1
CAMK1	HDAC5_S498	1
CAMK1	HDAC5_S499	1
CAMK1	HDAC9_S220	1
CAMK1	HDAC9_S223	1
CAMK1	HDAC9_S451	1
CAMK1	HDAC9_S454	1
CAMK1	KRT18_S53	1
CAMK1	LIPE_S855	1
CAMK1	MYL9_S20	1
CAMK1	NOS1_S746	1
CAMK1	NOS1_S852	1
CAMK1	NOS1_S886	1
CAMK1	NUMB_S276	1
CAMK1	PLN_T17	1
CAMK1	PPME1_S15	1
CAMK1	RPS19_S59	1
CAMK1	STMN1_S16	1
CAMK1	SYN1_S9	1
CAMK1D	ACACA_S25	1
CAMK1D	ACACA_S62	1
CAMK1D	CAMK1_T177	1
CAMK1D	CDK9_T186	1
CAMK1D	EP300_S89	1
CAMK1D	PHB2_S286	1
CAMK1G	ACACA_S25	1
CAMK1G	ACACA_S62	1
CAMK1G	CAMK1_T177	1
CAMK1G	EIF4G3_S1156	1
CAMK1G	EP300_S89	1
CAMK2A	ADCY3_S1076	1
CAMK2A	AKAP5_S92	1
CAMK2A	AKAP5_T87	1
CAMK2A	ALOX5_S272	1
CAMK2A	ATP2A2_S38	1
CAMK2A	BECN1_S90	1
CAMK2A	BECN1_S93	1
CAMK2A	BECN1_S96	1
CAMK2A	CACNA1B_S2120	1
CAMK2A	CACNA1H_S1198	1
CAMK2A	CACNA1S_S1575	1
CAMK2A	CALD1_S643	1
CAMK2A	CALD1_S656	1
CAMK2A	CAMK4_S337	1
CAMK2A	CAMK4_S341	1
CAMK2A	CAMK4_S345	1
CAMK2A	CARD11_S116	1
CAMK2A	CD44_S706	1
CAMK2A	CDKN1B_S10	1
CAMK2A	CEBPB_S325	1
CAMK2A	CFL2_S24	1
CAMK2A	CHAT_T456	1
CAMK2A	CHAT_T574	1
CAMK2A	CLCN3_S109	1
CAMK2A	CLCN3_S51	1
CAMK2A	CREB1_S133	1
CAMK2A	CREB1_S142	1
CAMK2A	CTNNB1_S552	1
CAMK2A	CTNNB1_T332	1
CAMK2A	CTNNB1_T472	1
CAMK2A	CYLD_S362	1
CAMK2A	CYLD_S418	1
CAMK2A	CYLD_S772	1
CAMK2A	DAGLA_S782	1
CAMK2A	DAGLA_S808	1
CAMK2A	DLG1_S232	1
CAMK2A	DLG4_S73	1
CAMK2A	DLGAP1_S44	1
CAMK2A	EGFR_S1064	1
CAMK2A	EGFR_S1070	1
CAMK2A	EGFR_S1071	1
CAMK2A	EGFR_S1081	1
CAMK2A	EGFR_S1120	1
CAMK2A	EGFR_S1166	1
CAMK2A	EGFR_S768	1
CAMK2A	ERBB2_T1142	1
CAMK2A	ERBB2_T1172	1
CAMK2A	ESPL1_S1501	1
CAMK2A	ETS1_S251	1
CAMK2A	ETS1_S257	1
CAMK2A	ETS1_S282	1
CAMK2A	ETS1_S285	1
CAMK2A	ETS1_S295	1
CAMK2A	ETS1_S301	1
CAMK2A	ETS1_S326	1
CAMK2A	ETS1_S329	1
CAMK2A	ETS2_S246	1
CAMK2A	ETS2_S310	1
CAMK2A	ETS2_S313	1
CAMK2A	FBXO43_S192	1
CAMK2A	FBXO43_T234	1
CAMK2A	FLNA_S2523	1
CAMK2A	GABBR1_S868	1
CAMK2A	GABRB1_S409	1
CAMK2A	GABRB1_S434	1
CAMK2A	GABRG2_T395	1
CAMK2A	GFAP_S13	1
CAMK2A	GFAP_S17	1
CAMK2A	GFAP_S38	1
CAMK2A	GFAP_S393	1
CAMK2A	GFPT1_S261	1
CAMK2A	GLO1_T107	1
CAMK2A	GRIA1_S567	1
CAMK2A	GRIA1_S577	1
CAMK2A	GRIA1_S849	1
CAMK2A	GRIA4_S862	1
CAMK2A	GRIN2A_S1291	1
CAMK2A	GRIN2A_S1459	1
CAMK2A	GRIN2B_S1303	1
CAMK2A	GRIN2B_S383	1
CAMK2A	HDAC5_S259	1
CAMK2A	HDAC5_S498	1
CAMK2A	HOMER3_S120	1
CAMK2A	HOMER3_S159	1
CAMK2A	HOMER3_S176	1
CAMK2A	HRH1_S396	1
CAMK2A	HRH1_S398	1
CAMK2A	HRH1_T140	1
CAMK2A	HRH1_T142	1
CAMK2A	HSF1_S230	1
CAMK2A	ID1_S36	1
CAMK2A	IL6ST_S780	1
CAMK2A	IL6ST_S782	1
CAMK2A	ITGB1BP1_T38	1
CAMK2A	ITGB1_T788	1
CAMK2A	ITGB1_T789	1
CAMK2A	ITPKA_T311	1
CAMK2A	KCND1_S555	1
CAMK2A	KCND2_S438	1
CAMK2A	KCND2_S459	1
CAMK2A	KCNJ11_T180	1
CAMK2A	KCNJ11_T224	1
CAMK2A	KCNQ2_S438	1
CAMK2A	KIF3A_S687	1
CAMK2A	KRT18_S53	1
CAMK2A	KRT8_S432	1
CAMK2A	LIPE_S855	1
CAMK2A	LRRC7_S1439	1
CAMK2A	MAPT_S204	1
CAMK2A	MAPT_S262	1
CAMK2A	MAPT_S267	1
CAMK2A	MAPT_S298	1
CAMK2A	MAPT_S356	1
CAMK2A	MAPT_S416	1
CAMK2A	MAPT_S552	1
CAMK2A	MAPT_S579	1
CAMK2A	MAPT_S597	1
CAMK2A	MAPT_S673	1
CAMK2A	MAPT_S691	1
CAMK2A	MAPT_S751	1
CAMK2A	MAPT_T548	1
CAMK2A	MYOG_T87	1
CAMK2A	NCOR2_S2426	1
CAMK2A	NCOR2_S2453	1
CAMK2A	NOS1_S852	1
CAMK2A	NOS1_S886	1
CAMK2A	NOX5_S475	1
CAMK2A	NOX5_S498	1
CAMK2A	NOX5_S502	1
CAMK2A	NOX5_S659	1
CAMK2A	NOX5_T494	1
CAMK2A	NR1H2_S426	1
CAMK2A	NR1I2_T290	1
CAMK2A	OPRM1_S268	1
CAMK2A	OPRM1_S270	1
CAMK2A	OPRM1_S361	1
CAMK2A	OPRM1_T372	1
CAMK2A	PDC_S2	1
CAMK2A	PDC_S21	1
CAMK2A	PDC_S54	1
CAMK2A	PDC_S73	1
CAMK2A	PEA15_S116	1
CAMK2A	PLA2G4A_S515	1
CAMK2A	PLCB3_S537	1
CAMK2A	PLN_S16	1
CAMK2A	PLN_T17	1
CAMK2A	PPP1R14A_S130	1
CAMK2A	PPP1R14A_T38	1
CAMK2A	PPP2R2B_S20	1
CAMK2A	PPP2R2B_S21	1
CAMK2A	PPP2R2B_S22	1
CAMK2A	PRKAR1A_S77	1
CAMK2A	PRKCD_S304	1
CAMK2A	PRKCD_T43	1
CAMK2A	PRKCD_T507	1
CAMK2A	PTK2_S843	1
CAMK2A	PTTG1_S31	1
CAMK2A	PTTG1_S87	1
CAMK2A	PTTG1_S89	1
CAMK2A	PTTG1_T66	1
CAMK2A	QDPR_S223	1
CAMK2A	RCHY1_S155	1
CAMK2A	RCHY1_T154	1
CAMK2A	RIMS1_S242	1
CAMK2A	RIMS1_S288	1
CAMK2A	RRAD_S273	1
CAMK2A	RYR2_S2808	1
CAMK2A	RYR2_S2814	1
CAMK2A	SCN5A_S1003	1
CAMK2A	SCN5A_S11	1
CAMK2A	SCN5A_S12	1
CAMK2A	SCN5A_S1503	1
CAMK2A	SCN5A_S1865	1
CAMK2A	SCN5A_S1885	1
CAMK2A	SCN5A_S1920	1
CAMK2A	SCN5A_S1925	1
CAMK2A	SCN5A_S1934	1
CAMK2A	SCN5A_S1937	1
CAMK2A	SCN5A_S1998	1
CAMK2A	SCN5A_S20	1
CAMK2A	SCN5A_S2007	1
CAMK2A	SCN5A_S42	1
CAMK2A	SCN5A_S457	1
CAMK2A	SCN5A_S460	1
CAMK2A	SCN5A_S464	1
CAMK2A	SCN5A_S471	1
CAMK2A	SCN5A_S483	1
CAMK2A	SCN5A_S484	1
CAMK2A	SCN5A_S497	1
CAMK2A	SCN5A_S499	1
CAMK2A	SCN5A_S510	1
CAMK2A	SCN5A_S516	1
CAMK2A	SCN5A_S528	1
CAMK2A	SCN5A_S539	1
CAMK2A	SCN5A_S571	1
CAMK2A	SCN5A_S577	1
CAMK2A	SCN5A_S61	1
CAMK2A	SCN5A_S664	1
CAMK2A	SCN5A_S667	1
CAMK2A	SCN5A_T17	1
CAMK2A	SCN5A_T455	1
CAMK2A	SCN5A_T570	1
CAMK2A	SCN8A_S541	1
CAMK2A	SCN8A_S561	1
CAMK2A	SCN8A_S641	1
CAMK2A	SCN8A_T642	1
CAMK2A	SLC1A3_T26	1
CAMK2A	SLC1A3_T37	1
CAMK2A	SLC6A4_S13	1
CAMK2A	SLN_T5	1
CAMK2A	SMAD2_S110	1
CAMK2A	SMAD2_S240	1
CAMK2A	SMAD2_S260	1
CAMK2A	SNCA_S129	1
CAMK2A	SPR_S213	1
CAMK2A	SPTBN4_S2254	1
CAMK2A	SRF_S103	1
CAMK2A	SRF_T160	1
CAMK2A	STMN1_S16	1
CAMK2A	STUB1_S122	1
CAMK2A	SYNGAP1_S1073	1
CAMK2A	SYNGAP1_S1138	1
CAMK2A	SYNGAP1_S779	1
CAMK2A	SYNGAP1_S780	1
CAMK2A	SYNGAP1_T1077	1
CAMK2A	TCAP_S157	1
CAMK2A	TCAP_S161	1
CAMK2A	TH_S19	1
CAMK2A	TH_S35	1
CAMK2A	TH_S40	1
CAMK2A	TH_S44	1
CAMK2A	TH_S67	1
CAMK2A	TH_S71	1
CAMK2A	VIM_S83	1
CAMK2A	VPS72_T137	1
CAMK2A	VPS72_T168	1
CAMK2A	VPS72_T86	1
CAMK2A	YWHAB_S64	1
CAMK2B	ADCY3_S1076	1
CAMK2B	ATP2A2_S38	1
CAMK2B	CAMK2G_T287	1
CAMK2B	CEBPB_S325	1
CAMK2B	CFL2_S24	1
CAMK2B	COL4A3_T1612	1
CAMK2B	CREB1_S133	1
CAMK2B	CREB1_S142	1
CAMK2B	CTNNB1_S552	1
CAMK2B	CTNNB1_T332	1
CAMK2B	CTNNB1_T472	1
CAMK2B	CYLD_S362	1
CAMK2B	CYLD_S418	1
CAMK2B	CYLD_S772	1
CAMK2B	DLG1_S232	1
CAMK2B	DLGAP1_S349	1
CAMK2B	DLGAP1_S393	1
CAMK2B	ETS1_S251	1
CAMK2B	ETS1_S257	1
CAMK2B	ETS1_S282	1
CAMK2B	ETS1_S285	1
CAMK2B	ETS1_S295	1
CAMK2B	ETS1_S301	1
CAMK2B	ETS1_S326	1
CAMK2B	ETS1_S329	1
CAMK2B	FLNA_S2523	1
CAMK2B	GFAP_S13	1
CAMK2B	GFAP_S17	1
CAMK2B	GFAP_S38	1
CAMK2B	GRIA1_S849	1
CAMK2B	GRIN2A_S1291	1
CAMK2B	GRIN2B_S1303	1
CAMK2B	GRIN2B_S383	1
CAMK2B	GSK3A_S21	1
CAMK2B	HSF1_S230	1
CAMK2B	ITGB1_T788	1
CAMK2B	ITGB1_T789	1
CAMK2B	KCND2_S438	1
CAMK2B	KCND2_S459	1
CAMK2B	KRT18_S53	1
CAMK2B	KRT8_S432	1
CAMK2B	MYLK_S815	1
CAMK2B	OCLN_S471	1
CAMK2B	PEA15_S116	1
CAMK2B	PLA2G4A_S515	1
CAMK2B	PLCB3_S537	1
CAMK2B	PPP1R14A_T38	1
CAMK2B	PRKAA1_T183	1
CAMK2B	PRKAA1_T198	1
CAMK2B	PRKACA_T198	1
CAMK2B	PRKACA_T49	1
CAMK2B	QDPR_S223	1
CAMK2B	RETREG1_S151	1
CAMK2B	SMAD2_S240	1
CAMK2B	STAT1_S727	1
CAMK2B	STMN1_S16	1
CAMK2B	TH_S19	1
CAMK2B	TH_S71	1
CAMK2B	VPS72_T137	1
CAMK2B	VPS72_T168	1
CAMK2B	VPS72_T86	1
CAMK2D	ADCY3_S1076	1
CAMK2D	ATP2A2_S38	1
CAMK2D	CACNB2_T499	1
CAMK2D	CACNB2_T554	1
CAMK2D	CEACAM1_S459	1
CAMK2D	CEACAM1_T457	1
CAMK2D	CEBPB_S325	1
CAMK2D	CFL2_S24	1
CAMK2D	CREB1_S133	1
CAMK2D	CREB1_S142	1
CAMK2D	CREM_S87	1
CAMK2D	CTTN_S380	1
CAMK2D	CTTN_T362	1
CAMK2D	DLG1_S232	1
CAMK2D	FLNA_S2523	1
CAMK2D	GFAP_S13	1
CAMK2D	GFAP_S17	1
CAMK2D	GFAP_S38	1
CAMK2D	GLO1_T107	1
CAMK2D	GRIA1_S849	1
CAMK2D	HDAC4_S210	1
CAMK2D	HSF1_S230	1
CAMK2D	HSF1_S320	1
CAMK2D	ITPR2_S150	1
CAMK2D	KCND2_S438	1
CAMK2D	KCND2_S459	1
CAMK2D	KCNJ11_T224	1
CAMK2D	KCNQ1_S484	1
CAMK2D	KCNQ1_T482	1
CAMK2D	KRT18_S53	1
CAMK2D	KRT8_S432	1
CAMK2D	LIMA1_S132	1
CAMK2D	LIMA1_S369	1
CAMK2D	LIMA1_T592	1
CAMK2D	OCLN_S471	1
CAMK2D	PEA15_S116	1
CAMK2D	PLCB3_S537	1
CAMK2D	PPP1R14A_T38	1
CAMK2D	PRKACA_T198	1
CAMK2D	PRKACA_T49	1
CAMK2D	PRKCD_T43	1
CAMK2D	PRKCD_T507	1
CAMK2D	QDPR_S223	1
CAMK2D	RYR2_S2808	1
CAMK2D	RYR2_S2814	1
CAMK2D	SCN5A_S516	1
CAMK2D	SCN5A_T594	1
CAMK2D	TH_S19	1
CAMK2D	TPD52_S176	1
CAMK2D	TTN_S11878	1
CAMK2D	TTN_S12022	1
CAMK2D	TTN_T11922	1
CAMK2D	TTN_T11932	1
CAMK2D	TTN_T11969	1
CAMK2D	VIM_S83	1
CAMK2D	VPS72_T137	1
CAMK2D	VPS72_T168	1
CAMK2D	VPS72_T86	1
CAMK2D	YWHAB_S59	1
CAMK2D	YWHAB_S65	1
CAMK2G	ADCY3_S1076	1
CAMK2G	ATF1_S63	1
CAMK2G	ATP2A2_S38	1
CAMK2G	CACNA1H_S1198	1
CAMK2G	CAMKK1_S458	1
CAMK2G	CAMKK1_S475	1
CAMK2G	CAMKK1_S74	1
CAMK2G	CAMKK1_T108	1
CAMK2G	CEBPB_S325	1
CAMK2G	CFL2_S24	1
CAMK2G	CHAT_T456	1
CAMK2G	CHAT_T574	1
CAMK2G	CREB1_S133	1
CAMK2G	CREB1_S142	1
CAMK2G	CREM_S87	1
CAMK2G	DAB2_S723	1
CAMK2G	DLG1_S232	1
CAMK2G	DLG4_S73	1
CAMK2G	EEF2_T57	1
CAMK2G	EGFR_S1070	1
CAMK2G	EGFR_S1071	1
CAMK2G	FLNA_S2515	1
CAMK2G	FLNA_S2523	1
CAMK2G	GFAP_S13	1
CAMK2G	GFAP_S17	1
CAMK2G	GFAP_S38	1
CAMK2G	GRIA1_S645	1
CAMK2G	GRIA1_S655	1
CAMK2G	GRIA1_S849	1
CAMK2G	GRIA1_S859	1
CAMK2G	GRIA1_S880	1
CAMK2G	GRIA4_S862	1
CAMK2G	HDAC5_S259	1
CAMK2G	HDAC5_S498	1
CAMK2G	HSF1_S230	1
CAMK2G	IL6ST_S782	1
CAMK2G	KCND2_S438	1
CAMK2G	KCND2_S459	1
CAMK2G	KRT18_S53	1
CAMK2G	KRT8_S432	1
CAMK2G	MYLK_S1760	1
CAMK2G	NCOR2_S2407	1
CAMK2G	NOS1_S852	1
CAMK2G	NR1H2_S426	1
CAMK2G	OCLN_S471	1
CAMK2G	PEA15_S116	1
CAMK2G	PLCB3_S537	1
CAMK2G	PLN_S16	1
CAMK2G	PLN_T17	1
CAMK2G	PPP1R14A_S128	1
CAMK2G	PPP1R14A_S130	1
CAMK2G	PPP1R14A_T38	1
CAMK2G	PRKACA_T198	1
CAMK2G	PRKACA_T49	1
CAMK2G	QDPR_S223	1
CAMK2G	RAF1_S338	1
CAMK2G	RCHY1_S155	1
CAMK2G	RRAD_S273	1
CAMK2G	RYR1_S2843	1
CAMK2G	RYR2_S2808	1
CAMK2G	SPR_S213	1
CAMK2G	STAT1_S727	1
CAMK2G	SYN1_S568	1
CAMK2G	SYN1_S605	1
CAMK2G	TH_S19	1
CAMK2G	VIM_S83	1
CAMK2G	VPS72_T137	1
CAMK2G	VPS72_T168	1
CAMK2G	VPS72_T86	1
CAMK4	ATP2A2_S178	1
CAMK4	CAMK1_T177	1
CAMK4	CAMK2A_S332	1
CAMK4	CEBPB_S325	1
CAMK4	CREB1_S133	1
CAMK4	CREBBP_S302	1
CAMK4	DLG1_S232	1
CAMK4	DLG1_S301	1
CAMK4	EP300_S24	1
CAMK4	GRIA1_S849	1
CAMK4	HDAC4_S246	1
CAMK4	HDAC4_S467	1
CAMK4	HDAC4_S632	1
CAMK4	HDAC5_S259	1
CAMK4	HDAC5_S260	1
CAMK4	HDAC5_S498	1
CAMK4	HDAC5_S499	1
CAMK4	HNRNPL_S544	1
CAMK4	HSF1_S419	1
CAMK4	KRT18_S100	1
CAMK4	KRT18_S177	1
CAMK4	KRT18_S401	1
CAMK4	KRT18_S53	1
CAMK4	KRT8_S251	1
CAMK4	KRT8_S400	1
CAMK4	LIMK1_T508	1
CAMK4	NFATC4_S289	1
CAMK4	NOS1_S852	1
CAMK4	NOS1_S886	1
CAMK4	NOS3_S1177	1
CAMK4	NOS3_S615	1
CAMK4	NOVA2_S194	1
CAMK4	NOVA2_S25	1
CAMK4	NOVA2_T27	1
CAMK4	NUMB_S276	1
CAMK4	PEA15_S104	1
CAMK4	PEA15_S25	1
CAMK4	PHB2_S91	1
CAMK4	PLCB3_S537	1
CAMK4	PLN_T17	1
CAMK4	PPP2R5D_S573	1
CAMK4	RELA_S536	1
CAMK4	SPR_S213	1
CAMK4	SPR_S32	1
CAMK4	STMN1_S16	1
CAMK4	STMN1_S63	1
CAMK4	VPS72_S127	1
CAMKK1	AKT1_T308	1
CAMKK1	BRSK1_T189	1
CAMKK1	BRSK1_T205	1
CAMKK1	CAMK1D_S122	1
CAMKK1	CAMK1D_T180	1
CAMKK1	CAMK1_T177	1
CAMKK1	CAMK4_S12	1
CAMKK1	CAMK4_S13	1
CAMKK1	CAMK4_T200	1
CAMKK1	CLK1_T338	1
CAMKK1	CREB1_S133	1
CAMKK1	CREBBP_S302	1
CAMKK1	EP300_S24	1
CAMKK1	HDAC4_S467	1
CAMKK1	HDAC4_S632	1
CAMKK1	HDAC5_S260	1
CAMKK1	HDAC5_S499	1
CAMKK1	PASK_T642	1
CAMKK1	PPP1R13L_S102	1
CAMKK1	PPP1R13L_S113	1
CAMKK1	PPP1R13L_S119	1
CAMKK1	PPP1R13L_S183	1
CAMKK1	PRKAA1_T183	1
CAMKK1	PRKAA1_T198	1
CAMKK1	PSPC1_S473	1
CAMKK1	PSPC1_T196	1
CAMKK2	AKT1_T308	1
CAMKK2	CAMK1D_T180	1
CAMKK2	CAMK1_T177	1
CAMKK2	CAMK4_S15	1
CAMKK2	CAMK4_S8	1
CAMKK2	CAMK4_T200	1
CAMKK2	CAMKK1_S82	1
CAMKK2	LIMK1_T508	1
CAMKK2	PIK3C3_S455	1
CAMKK2	PRKAA1_T183	1
CAMKK2	PRKAA1_T198	1
CAMKK2	PRKAA2_T172	1
CAMKK2	PRKACA_S140	1
CAMKK2	SIRT1_S27	1
CAMKK2	SIRT1_S47	1
CANX	BAD_S75	1
CANX	NFKBIA_S32	1
CANX	SLC9A1_S703	1
CANX	YBX1_S102	1
CAPNS1	RB1_T821	1
CASK	NRXN1_S1529	1
CASK	NRXN1_S1530	1
CASK	NRXN1_S1533	1
CASK	NRXN1_S424	1
CASK	NRXN1_S425	1
CASK	NRXN1_S428	1
CASP1	NCOR2_S2452	1
CASP3	ACIN1_S573	1
CASP3	CDK1_Y15	1
CASP3	GRIA2_S880	1
CASP3	LIMK1_T508	1
CASP3	NFKBIA_S32	1
CASP4	CDK1_Y19	1
CASR	FYN_Y420	1
CAT	CDK1_Y15	1
CAT	CRYAB_S59	1
CAV1	KDR_Y951	1
CBL	EGFR_Y1110	1
CBL	EGFR_Y1197	1
CBL	ERBB2_Y1112	1
CBL	MET_Y1003	1
CBL	SRC_Y419	1
CBS	CDK2_T160	1
CBX1	GJA1_S368	1
CCAR1	TP53_S20	1
CCAR2	TRIM28_S473	1
CCDC6	H2AX_S140	1
CCK	PAK2_T402	1
CCK	PRKCQ_T538	1
CCKBR	PKD2_S244	1
CCKBR	PRKD2_S244	1
CCL18	NDRG1_T346	1
CCL2	CTTN_S405	1
CCL2	CTTN_S418	1
CCL2	CTTN_Y421	1
CCL2	CTTN_Y446	1
CCL2	PXN_Y118	1
CCL5	CCR5_S349	1
CCN4	BAX_S163	1
CCN4	MAP3K5_T838	1
CCN4	TSC2_S1387	1
CCN4	TSC2_T1462	1
CCNA2	AKT1_S477	1
CCNA2	AKT1_T479	1
CCNA2	BAD_S75	1
CCNA2	BTG1_T158	1
CCNA2	CABLES1_S273	1
CCNA2	CDC6_S106	1
CCNA2	CDC6_S54	1
CCNA2	CDC6_S74	1
CCNA2	CDC7_T376	1
CCNA2	CDK7_S164	1
CCNA2	CDK7_T170	1
CCNA2	CEBPB_S231	1
CCNA2	CEBPB_T235	1
CCNA2	CEP76_S83	1
CCNA2	ESR1_S104	1
CCNA2	ESR1_S106	1
CCNA2	ESR1_S118	1
CCNA2	ID2_S5	1
CCNA2	ID3_S5	1
CCNA2	IDH1_T157	1
CCNA2	IDH2_T197	1
CCNA2	MCM4_S32	1
CCNA2	MCM4_S54	1
CCNA2	MCM4_T110	1
CCNA2	MYBL2_S577	1
CCNA2	MYBL2_T444	1
CCNA2	MYBL2_T487	1
CCNA2	MYBL2_T494	1
CCNA2	ORC2_T116	1
CCNA2	ORC2_T226	1
CCNA2	RAD9A_S328	1
CCNA2	RAG2_T490	1
CCNA2	RB1_T821	1
CCNA2	RB1_T826	1
CCNA2	RBBP8_S327	1
CCNA2	RUNX1_S276	1
CCNA2	SAMHD1_T592	1
CCNA2	SLBP_T61	1
CCNA2	SLBP_T62	1
CCNA2	SP1_S59	1
CCNA2	TP53_S315	1
CCNA2	TP53_S378	1
CCNA2	TP53_S392	1
CCNA2	TSPYL2_S20	1
CCNA2	TSPYL2_T340	1
CCNA2	UBTF_S389	1
CCNA2	UHRF1_S661	1
CCNA2	USP37_S628	1
CCNB1	ABI1_S216	1
CCNB1	AKAP12_T767	1
CCNB1	AMPH_S272	1
CCNB1	AMPH_S276	1
CCNB1	AMPH_S285	1
CCNB1	ATF2_T69	1
CCNB1	ATF2_T71	1
CCNB1	BCL2_S70	1
CCNB1	BIRC5_T34	1
CCNB1	CASP8_S387	1
CCNB1	CASP9_T125	1
CCNB1	CC2D1A_S208	1
CCNB1	CDC25A_S116	1
CCNB1	CDC25A_S18	1
CCNB1	CDC25B_S160	1
CCNB1	CDC25C_S122	1
CCNB1	CDC25C_S214	1
CCNB1	CDC25C_S216	1
CCNB1	CDC25C_T130	1
CCNB1	CDC25C_T48	1
CCNB1	CDC25C_T67	1
CCNB1	CDC7_T376	1
CCNB1	CDKN1A_S130	1
CCNB1	CKAP2_T623	1
CCNB1	DDX3X_T204	1
CCNB1	DDX3X_T323	1
CCNB1	DNM1L_S616	1
CCNB1	ECT2_T373	1
CCNB1	ECT2_T846	1
CCNB1	EGFR_S1071	1
CCNB1	ESPL1_S1126	1
CCNB1	FMNL2_S1016	1
CCNB1	FOXM1_S251	1
CCNB1	FOXM1_T611	1
CCNB1	GORASP1_S373	1
CCNB1	IREB2_S157	1
CCNB1	KAT5_S119	1
CCNB1	KAT5_S123	1
CCNB1	KAT5_S86	1
CCNB1	KAT5_S90	1
CCNB1	KIF22_T463	1
CCNB1	KIF4A_T1161	1
CCNB1	KMT5A_S100	1
CCNB1	LATS1_S613	1
CCNB1	MAPK6_S684	1
CCNB1	MAPK6_S688	1
CCNB1	MAPK6_S705	1
CCNB1	MAPK6_T698	1
CCNB1	MASTL_T194	1
CCNB1	MASTL_T207	1
CCNB1	MCL1_S64	1
CCNB1	MCL1_T92	1
CCNB1	MEF2C_S396	1
CCNB1	MEF2C_S406	1
CCNB1	MTHFR_T34	1
CCNB1	MYCN_S62	1
CCNB1	MYOD1_S200	1
CCNB1	NCOA3_S728	1
CCNB1	NINL_S185	1
CCNB1	NINL_S589	1
CCNB1	NME1_S120	1
CCNB1	NPM1_T199	1
CCNB1	NPM1_T234	1
CCNB1	NPM1_T237	1
CCNB1	PAK1_T212	1
CCNB1	PBK_T9	1
CCNB1	PIK3C3_T159	1
CCNB1	PLEC_T4539	1
CCNB1	PPP1R13L_S113	1
CCNB1	PPP1R13L_S84	1
CCNB1	PTPN1_S386	1
CCNB1	RANGAP1_S428	1
CCNB1	RANGAP1_S442	1
CCNB1	RANGAP1_T409	1
CCNB1	RGCC_T111	1
CCNB1	RNMT_T77	1
CCNB1	RUNX1_S21	1
CCNB1	RUNX1_S397	1
CCNB1	SIRT1_S540	1
CCNB1	SP1_T739	1
CCNB1	SQSTM1_S272	1
CCNB1	SQSTM1_T269	1
CCNB1	SREBF1_S439	1
CCNB1	TP53BP1_S1678	1
CCNB1	TP53_S315	1
CCNB1	TP73_T86	1
CCNB1	TSC1_S584	1
CCNB1	TSC1_T1047	1
CCNB1	TSC1_T417	1
CCNB1	UIMC1_S677	1
CCNB1	WEE1_S123	1
CCNB1	XIAP_S40	1
CCNB1	ZC3HC1_S395	1
CCND1	BRCA1_S632	1
CCND1	BRCA2_S3291	1
CCND1	CTNNB1_S45	1
CCND1	GSK3B_S9	1
CCND1	PXN_S178	1
CCND1	PXN_S83	1
CCND1	RASSF1_S207	1
CCND1	RB1_S780	1
CCND1	RB1_S788	1
CCND1	RB1_S795	1
CCND1	RB1_T356	1
CCND1	RB1_T826	1
CCND1	RUNX3_S356	1
CCND1	SPOP_S6	1
CCND1	STK11_S325	1
CCND1	UBTF_S484	1
CCND2	RB1_S780	1
CCND3	CELF1_S302	1
CCND3	IRS2_S388	1
CCNE1	CABLES1_S313	1
CCNE1	CABLES1_S48	1
CCNE1	LIN9_T96	1
CCNE2	CDC25C_S214	1
CCNE2	CDC7_T376	1
CCNE2	COIL_S184	1
CCNE2	E2F5_T261	1
CCNE2	HIRA_T555	1
CCNE2	ID2_S5	1
CCNE2	MCM3_T722	1
CCNE2	MYOD1_S200	1
CCNE2	NPM1_T199	1
CCNE2	NPM1_T234	1
CCNE2	POU5F1_S12	1
CCNE2	PRC1_T470	1
CCNE2	PRC1_T481	1
CCNE2	PRKAR1A_S83	1
CCNE2	RB1_S608	1
CCNE2	RB1_S612	1
CCNE2	RRN3_S44	1
CCNE2	SF3B1_T244	1
CCNE2	SF3B1_T248	1
CCNE2	SF3B1_T313	1
CCNE2	SIRT2_S368	1
CCNE2	TFCP2_S309	1
CCNE2	TP73_T86	1
CCNE2	UBTF_S389	1
CCNE2	UBTF_S484	1
CCNE2	USP37_S628	1
CCNG1	MYC_S62	1
CCNH	AR_S516	1
CCNH	CDK1_T161	1
CCNH	CDK2_T160	1
CCNH	CDK4_T172	1
CCNH	CDK9_T186	1
CCNH	E2F1_S403	1
CCNH	E2F1_T433	1
CCNH	ESR1_S118	1
CCNH	NR5A1_S203	1
CCNH	POLR2A_S1619	1
CCNH	POLR2A_S1626	1
CCNH	POLR2A_S1647	1
CCNH	POLR2A_S1654	1
CCNH	POLR2A_S1668	1
CCNH	POLR2A_S1675	1
CCNH	POLR2A_S1696	1
CCNH	POLR2A_S1717	1
CCNH	POLR2A_S1724	1
CCNH	POLR2A_S1738	1
CCNH	POLR2A_S1766	1
CCNH	POLR2A_S1787	1
CCNH	POLR2A_S1864	1
CCNH	POLR2A_S1871	1
CCNH	POLR2A_S1882	1
CCNH	POLR2A_S1892	1
CCNH	POLR2A_S1899	1
CCNH	POLR2A_S1913	1
CCNH	POLR2A_S1920	1
CCNH	POLR2A_S1927	1
CCNH	POLR2A_S1934	1
CCNH	POLR2A_S1944	1
CCNH	POLR2A_S1951	1
CCNH	RARA_S77	1
CCNH	TP53_S33	1
CCNH	TP53_S371	1
CCNH	TP53_S376	1
CCNH	TP53_S378	1
CCNQ	PKN2_T124	1
CCR7	LCK_Y505	1
CD177	FOXO3_T32	1
CD209	RAF1_S338	1
CD209	RAF1_Y340	1
CD209	RAF1_Y341	1
CD209	RELA_S276	1
CD226	FES_S716	1
CD226	FGR_Y412	1
CD226	PAK4_S181	1
CD226	VAV1_Y160	1
CD24	SRC_Y419	1
CD24	STAT3_Y705	1
CD244	FES_S716	1
CD244	FGR_Y412	1
CD244	LCP2_Y113	1
CD244	PAK4_S181	1
CD244	VAV1_Y160	1
CD244	VAV1_Y174	1
CD247	LCP2_Y113	1
CD247	LCP2_Y128	1
CD28	ATF2_T71	1
CD28	BCL10_S231	1
CD28	ILF3_S647	1
CD28	PDPK1_T513	1
CD28	STAT3_Y705	1
CD36	SYK_Y525	1
CD36	SYK_Y526	1
CD3E	ZAP70_Y319	1
CD4	CDK2_T39	1
CD40	BTK_Y223	1
CD40	PLCG1_Y783	1
CD40	PLCG2_Y1217	1
CD44	GSK3B_S9	1
CD44	PTK2_Y576	1
CD55	AKT1_S473	1
CD55	RPS6KB1_T412	1
CD55	ULK1_S556	1
CD81	EZR_Y354	1
CD8A	AQP2_S256	1
CD93	CBL_Y774	1
CD99	PTPN11_Y546	1
CDC14A	CDC25A_S116	-1
CDC14A	CDC25A_S321	-1
CDC14A	IREB2_S157	-1
CDC14A	KIF23_T450	-1
CDC14A	KIF23_T8	-1
CDC14A	KMT5A_S100	-1
CDC14A	MAPK6_S684	-1
CDC14A	MAPK6_S688	-1
CDC14A	MAPK6_S705	-1
CDC14A	MAPK6_T698	-1
CDC14A	SIRT2_S368	-1
CDC14A	TP53_S315	-1
CDC14A	WEE1_S123	-1
CDC14A	WEE1_S139	-1
CDC14B	AR_S651	1
CDC14B	FOXO3_T32	1
CDC14B	FZR1_S151	1
CDC14B	FZR1_S163	1
CDC14B	FZR1_S40	1
CDC14B	FZR1_T121	1
CDC14B	KMT5A_S100	-1
CDC14B	MAPK6_S684	-1
CDC14B	MAPK6_S688	-1
CDC14B	MAPK6_S705	-1
CDC14B	MAPK6_T698	-1
CDC14B	SIRT2_S368	-1
CDC14B	SKP2_S64	-1
CDC14B	TP53_S315	-1
CDC25A	CDK1_T14	-1
CDC25A	CDK1_Y15	-1
CDC25A	CDK2_T14	-1
CDC25A	CDK2_Y15	-1
CDC25A	CDK4_Y17	-1
CDC25A	CDK6_Y24	-1
CDC25A	RAF1_Y340	-1
CDC25A	RB1_S795	1
CDC25B	CDK1_T14	-1
CDC25B	CDK1_Y15	-1
CDC25B	CDK2_Y15	1
CDC25C	BCL2_S216	1
CDC25C	CDK1_T14	-1
CDC25C	CDK1_Y15	-1
CDC25C	NPM1_T199	1
CDC25C	TP53_S15	-1
CDC37	IRF3_S396	1
CDC42	ADD1_T445	1
CDC42	CDC42BPA_S222	1
CDC42	CDC42BPA_S234	1
CDC42	CDC42BPA_T240	1
CDC42	HACE1_S385	1
CDC42	MAP2K3_S218	1
CDC42	MAP2K3_T222	1
CDC42	MAP3K11_S281	1
CDC42	MAP3K11_T277	1
CDC42	MAP3K1_T1400	1
CDC42	MAP3K1_T1412	1
CDC42	MAPK10_T221	1
CDC42	MAPK10_Y223	1
CDC42	MAPK8_T183	1
CDC42	MAPK8_Y185	1
CDC42	MAPK9_T183	1
CDC42	MAPK9_Y185	1
CDC42	PAK1_S199	1
CDC42	PAK1_S204	1
CDC42	PAK1_T423	1
CDC42	PAK2_S192	1
CDC42	PAK2_S197	1
CDC42	TNK2_Y284	1
CDC42	WAS_Y291	1
CDC42	WWOX_Y287	1
CDC42	WWOX_Y33	1
CDC42BPA	ARHGEF2_S885	1
CDC42BPA	CDC25B_S353	1
CDC42BPA	CIITA_S1050	1
CDC42BPA	IL1R1_T556	1
CDC42BPA	LIMK1_T508	1
CDC42BPA	LIMK2_T484	1
CDC42BPA	LIMK2_T505	1
CDC42BPA	LIMK2_T526	1
CDC42BPA	MYL12B_T19	1
CDC42BPA	MYL2_S19	1
CDC42BPA	MYL9_S20	1
CDC42BPA	MYL9_T19	1
CDC42BPA	PPP1R12C_T560	1
CDC42BPA	SRRM2_S778	1
CDC42BPB	MSN_T558	1
CDC42BPB	SIAH2_S6	1
CDC42BPB	SIAH2_T279	1
CDC42BPG	SRF_T159	1
CDC5L	ORC2_S188	1
CDC5L	SNCA_S129	1
CDC6	CDK2_T160	1
CDC6	CDK2_Y15	1
CDC7	AURKB_T236	1
CDC7	CLSPN_S110	1
CDC7	CLSPN_S1129	1
CDC7	CLSPN_S1147	1
CDC7	CLSPN_S260	1
CDC7	CLSPN_S265	1
CDC7	CLSPN_S67	1
CDC7	CLSPN_S704	1
CDC7	CLSPN_S721	1
CDC7	CLSPN_S744	1
CDC7	DBF4_S312	1
CDC7	DBF4_T273	1
CDC7	DBF4_T281	1
CDC7	DTD1_S179	1
CDC7	DTD1_S181	1
CDC7	DTD1_S182	1
CDC7	DTD1_S194	1
CDC7	DTD1_S196	1
CDC7	DTD1_S197	1
CDC7	DTD1_S204	1
CDC7	DTD1_S205	1
CDC7	DTD1_T187	1
CDC7	MCM2_S108	1
CDC7	MCM2_S13	1
CDC7	MCM2_S139	1
CDC7	MCM2_S220	1
CDC7	MCM2_S27	1
CDC7	MCM2_S31	1
CDC7	MCM2_S4	1
CDC7	MCM2_S40	1
CDC7	MCM2_S41	1
CDC7	MCM2_S5	1
CDC7	MCM2_S53	1
CDC7	MCM2_S7	1
CDC7	MCM2_T59	1
CDC7	MFAP1_S116	1
CDC7	NCL_T121	1
CDC7	NCL_T76	1
CDC7	NPM1_S137	1
CDC7	NPM1_T199	1
CDC7	PSIP1_S206	1
CDC7	RAD18_S434	1
CDC7	TARDBP_S409	1
CDC7	TARDBP_S410	1
CDC7	TOP2A_S1213	1
CDC7	TOP2A_S1525	1
CDCA8	CHMP4C_S210	1
CDH1	CTNNB1_S45	1
CDH1	CTNNB1_Y654	1
CDH1	VIM_S39	1
CDK1	AAK1_T389	1
CDK1	ABCB9_S530	1
CDK1	ABI1_S216	1
CDK1	ABL1_S569	1
CDK1	ABL1_S588	1
CDK1	ADCY6_S54	1
CDK1	ADD1_S12	1
CDK1	ADD1_S355	1
CDK1	AFDN_S1156	1
CDK1	AFDN_S1165	1
CDK1	AHNAK_S5763	1
CDK1	AJUBA_S119	1
CDK1	AJUBA_S175	1
CDK1	AKAP12_T618	1
CDK1	AKAP12_T767	1
CDK1	AKT1S1_S212	1
CDK1	AKT1_S473	1
CDK1	AKT1_T308	1
CDK1	AMPH_S272	1
CDK1	AMPH_S276	1
CDK1	AMPH_S285	1
CDK1	ANAPC1_S355	1
CDK1	ANAPC1_S364	1
CDK1	ANAPC1_S373	1
CDK1	ANAPC1_S377	1
CDK1	ANAPC1_S547	1
CDK1	ANAPC1_S555	1
CDK1	ANAPC1_S688	1
CDK1	ANAPC1_T291	1
CDK1	ANAPC1_T530	1
CDK1	ANAPC1_T537	1
CDK1	ANAPC1_T701	1
CDK1	ANAPC4_S779	1
CDK1	ANLN_S99	1
CDK1	APLP2_T736	1
CDK1	APP_T743	1
CDK1	ARHGAP19_T404	1
CDK1	ARHGAP19_T476	1
CDK1	ARHGEF12_S341	1
CDK1	ARHGEF2_S960	1
CDK1	AR_S310	1
CDK1	AR_S516	1
CDK1	AR_S83	1
CDK1	ASPH_S29	1
CDK1	ATAD5_S653	1
CDK1	ATF2_T69	1
CDK1	ATF2_T71	1
CDK1	ATF7_T53	1
CDK1	ATG13_S224	1
CDK1	ATG13_S44	1
CDK1	ATG13_T332	1
CDK1	ATG13_T342	1
CDK1	ATN1_S34	1
CDK1	ATR_S428	1
CDK1	BAD_S75	1
CDK1	BAD_S91	1
CDK1	BAD_S99	1
CDK1	BAG3_S279	1
CDK1	BAG3_S284	1
CDK1	BAG3_S289	1
CDK1	BAG3_S291	1
CDK1	BAG3_S377	1
CDK1	BAG3_T285	1
CDK1	BARD1_S148	1
CDK1	BARD1_S251	1
CDK1	BARD1_S288	1
CDK1	BARD1_T299	1
CDK1	BCL2L11_S104	1
CDK1	BCL2L11_S118	1
CDK1	BCL2L11_S44	1
CDK1	BCL2L11_S55	1
CDK1	BCL2L11_T56	1
CDK1	BCL2L1_S62	1
CDK1	BCL2_S70	1
CDK1	BCL2_S87	1
CDK1	BCL2_T56	1
CDK1	BCL2_T69	1
CDK1	BCL2_T74	1
CDK1	BCL7C_S126	1
CDK1	BCL9_T172	1
CDK1	BCLAF1_S222	1
CDK1	BCLAF1_S760	1
CDK1	BCR_S463	1
CDK1	BIN1_S298	1
CDK1	BIN1_S303	1
CDK1	BIRC5_T34	1
CDK1	BLM_S1296	1
CDK1	BLM_S714	1
CDK1	BLM_T766	1
CDK1	BORA_S112	1
CDK1	BORA_S137	1
CDK1	BORA_S252	1
CDK1	BORA_S41	1
CDK1	BRCA1_S114	1
CDK1	BRCA1_S1189	1
CDK1	BRCA1_S1191	1
CDK1	BRCA1_S1497	1
CDK1	BRCA1_S1518	1
CDK1	BRCA2_S3291	1
CDK1	BTG1_S159	1
CDK1	BUB1B_S1043	1
CDK1	BUB1B_S543	1
CDK1	BUB1B_S670	1
CDK1	BUB1B_T620	1
CDK1	BUB1_S459	1
CDK1	BUB1_S593	1
CDK1	BUB1_T461	1
CDK1	BUB1_T609	1
CDK1	CACNA1G_S467	1
CDK1	CACNB2_T219	1
CDK1	CACNB4_S474	1
CDK1	CACNB4_T377	1
CDK1	CACNG2_S253	1
CDK1	CALD1_S463	1
CDK1	CALD1_S469	1
CDK1	CALD1_S483	1
CDK1	CALD1_S489	1
CDK1	CALD1_S494	1
CDK1	CALD1_S495	1
CDK1	CALD1_S498	1
CDK1	CALD1_S504	1
CDK1	CALD1_S509	1
CDK1	CALD1_S515	1
CDK1	CALD1_S524	1
CDK1	CALD1_S529	1
CDK1	CALD1_S530	1
CDK1	CALD1_S724	1
CDK1	CALD1_S744	1
CDK1	CALD1_S759	1
CDK1	CALD1_T377	1
CDK1	CALD1_T383	1
CDK1	CALD1_T403	1
CDK1	CALD1_T409	1
CDK1	CALD1_T469	1
CDK1	CALD1_T475	1
CDK1	CALD1_T495	1
CDK1	CALD1_T500	1
CDK1	CALD1_T501	1
CDK1	CALD1_T638	1
CDK1	CALD1_T730	1
CDK1	CANX_S583	1
CDK1	CARHSP1_T23	1
CDK1	CASP2_S157	1
CDK1	CASP2_S164	1
CDK1	CASP2_S340	1
CDK1	CASP8_S387	1
CDK1	CASP8_S446	1
CDK1	CASP9_T125	1
CDK1	CBFA2T2_S33	1
CDK1	CC2D1A_S208	1
CDK1	CCNB1_S126	1
CDK1	CCNB1_S128	1
CDK1	CCNB1_T34	1
CDK1	CCNE1_S399	1
CDK1	CCNT2_S480	1
CDK1	CDC14A_S411	1
CDK1	CDC14A_S453	1
CDK1	CDC14A_S549	1
CDK1	CDC16_S112	1
CDK1	CDC16_S559	1
CDK1	CDC16_S560	1
CDK1	CDC16_T580	1
CDK1	CDC16_T581	1
CDK1	CDC20_T70	1
CDK1	CDC23_T562	1
CDK1	CDC23_T565	1
CDK1	CDC23_T582	1
CDK1	CDC25A_S116	1
CDK1	CDC25A_S18	1
CDK1	CDC25A_S283	1
CDK1	CDC25A_S320	1
CDK1	CDC25B_S146	1
CDK1	CDC25B_S160	1
CDK1	CDC25B_S307	1
CDK1	CDC25B_S321	1
CDK1	CDC25B_S50	1
CDK1	CDC25C_S122	1
CDK1	CDC25C_S168	1
CDK1	CDC25C_S214	1
CDK1	CDC25C_S287	1
CDK1	CDC25C_T130	1
CDK1	CDC25C_T48	1
CDK1	CDC25C_T67	1
CDK1	CDC27_S222	1
CDK1	CDC27_S291	1
CDK1	CDC27_S312	1
CDK1	CDC27_S364	1
CDK1	CDC27_S370	1
CDK1	CDC27_S426	1
CDK1	CDC27_S432	1
CDK1	CDC27_S434	1
CDK1	CDC27_S435	1
CDK1	CDC27_S440	1
CDK1	CDC27_S441	1
CDK1	CDC27_T205	1
CDK1	CDC27_T209	1
CDK1	CDC27_T289	1
CDK1	CDC27_T329	1
CDK1	CDC27_T335	1
CDK1	CDC27_T343	1
CDK1	CDC27_T349	1
CDK1	CDC27_T366	1
CDK1	CDC27_T430	1
CDK1	CDC27_T436	1
CDK1	CDC27_T446	1
CDK1	CDC27_T452	1
CDK1	CDC5L_T396	1
CDK1	CDC7_T376	1
CDK1	CDCA2_T412	1
CDK1	CDCA5_S126	1
CDK1	CDCA5_S139	1
CDK1	CDCA5_S164	1
CDK1	CDCA5_S181	1
CDK1	CDCA5_S209	1
CDK1	CDCA5_S21	1
CDK1	CDCA5_S33	1
CDK1	CDCA5_S75	1
CDK1	CDCA5_S79	1
CDK1	CDCA5_S83	1
CDK1	CDCA5_T111	1
CDK1	CDCA5_T115	1
CDK1	CDCA5_T151	1
CDK1	CDCA5_T159	1
CDK1	CDCA5_T48	1
CDK1	CDCA8_S219	1
CDK1	CDCA8_T106	1
CDK1	CDK13_S367	1
CDK1	CDK16_S169	1
CDK1	CDK16_S95	1
CDK1	CDK7_S164	1
CDK1	CDK7_T170	1
CDK1	CDKN1A_S130	1
CDK1	CDKN1B_T187	1
CDK1	CDKN2D_S76	1
CDK1	CDT1_S411	1
CDK1	CDT1_T402	1
CDK1	CDT1_T406	1
CDK1	CEBPA_S21	1
CDK1	CEBPB_S230	1
CDK1	CEBPB_T226	1
CDK1	CENPA_S68	1
CDK1	CENPC_T734	1
CDK1	CENPT_S201	1
CDK1	CENPT_T195	1
CDK1	CEP43_S160	1
CDK1	CEP55_S425	1
CDK1	CEP55_S428	1
CDK1	CGAS_S305	1
CDK1	CHAF1B_S429	1
CDK1	CHAF1B_S538	1
CDK1	CHEK1_S286	1
CDK1	CHEK1_S301	1
CDK1	CHEK2_T387	1
CDK1	CHMP7_S3	1
CDK1	CHMP7_S441	1
CDK1	CIC_S1409	1
CDK1	CKAP2_T623	1
CDK1	CLASP2_S1012	1
CDK1	CLASP2_S1013	1
CDK1	CLASP2_S1029	1
CDK1	CLASP2_S1234	1
CDK1	CLASP2_S507	1
CDK1	CLASP2_S541	1
CDK1	CLASP2_S741	1
CDK1	CLASP2_S775	1
CDK1	CLIP1_T287	1
CDK1	CNOT4_S301	1
CDK1	COASY_S178	1
CDK1	CREB1_S270	1
CDK1	CREB1_S271	1
CDK1	CREM_S110	1
CDK1	CREM_S271	1
CDK1	CREM_S277	1
CDK1	CREM_S87	1
CDK1	CRKL_S107	1
CDK1	CRYAA_S45	1
CDK1	CSNK2A1_S226	1
CDK1	CSNK2A1_S234	1
CDK1	CSNK2A1_S362	1
CDK1	CSNK2A1_S370	1
CDK1	CSNK2A1_T208	1
CDK1	CSNK2A1_T224	1
CDK1	CSNK2A1_T344	1
CDK1	CSNK2A1_T360	1
CDK1	CSNK2B_S209	1
CDK1	CTPS1_S575	1
CDK1	CTR9_S1072	1
CDK1	CTTN_S368	1
CDK1	CTTN_S405	1
CDK1	CTTN_T401	1
CDK1	CUEDC2_S110	1
CDK1	CUX1_S1237	1
CDK1	CUX1_S1248	1
CDK1	CUX1_S1270	1
CDK1	CUX1_S1281	1
CDK1	CXADR_S332	1
CDK1	DAB1_S491	1
CDK1	DAB1_S515	1
CDK1	DBN1_S141	1
CDK1	DCTN1_S212	1
CDK1	DCTN6_T186	1
CDK1	DCX_S306	1
CDK1	DDHD1_S11	1
CDK1	DDHD1_S727	1
CDK1	DDHD1_S8	1
CDK1	DDIT3_S82	1
CDK1	DDX23_S14	1
CDK1	DDX3X_T204	1
CDK1	DDX3X_T323	1
CDK1	DDX42_S754	1
CDK1	DDX42_S96	1
CDK1	DEPDC1_S110	1
CDK1	DES_S31	1
CDK1	DES_S6	1
CDK1	DHX29_S200	1
CDK1	DHX9_S87	1
CDK1	DIAPH1_T768	1
CDK1	DIDO1_S1040	1
CDK1	DIDO1_S523	1
CDK1	DISC1_S713	1
CDK1	DLG1_S158	1
CDK1	DLG1_S443	1
CDK1	DLGAP5_S618	1
CDK1	DLGAP5_S642	1
CDK1	DLGAP5_S67	1
CDK1	DLGAP5_S839	1
CDK1	DLGAP5_T329	1
CDK1	DLGAP5_T401	1
CDK1	DLGAP5_T402	1
CDK1	DLGAP5_T639	1
CDK1	DLGAP5_T759	1
CDK1	DNM1L_S572	1
CDK1	DNM1L_S616	1
CDK1	DNM1_S778	1
CDK1	DNM1_T780	1
CDK1	DNM2_S764	1
CDK1	DNM2_T766	1
CDK1	DNMT1_S154	1
CDK1	DPYSL2_T514	1
CDK1	DSN1_S331	1
CDK1	DTL_T464	1
CDK1	DUSP1_S359	1
CDK1	DUSP1_S364	1
CDK1	DUT_S11	1
CDK1	DUT_S99	1
CDK1	DYNC1LI1_S207	1
CDK1	DYNC1LI1_S405	1
CDK1	E2F1_S332	1
CDK1	E2F1_S337	1
CDK1	ECT2_T342	1
CDK1	ECT2_T373	1
CDK1	ECT2_T413	1
CDK1	ECT2_T444	1
CDK1	ECT2_T815	1
CDK1	ECT2_T846	1
CDK1	EEF1D_S133	1
CDK1	EEF1D_S499	1
CDK1	EEF2K_S359	1
CDK1	EEF2_S360	1
CDK1	EEF2_S595	1
CDK1	EFHD2_S74	1
CDK1	EGFR_S1026	1
CDK1	EIF2D_S184	1
CDK1	EIF4A3_T163	1
CDK1	EIF4EBP1_S83	1
CDK1	EIF4EBP1_T36	1
CDK1	EIF4EBP1_T45	1
CDK1	EIF4EBP1_T70	1
CDK1	EIF4G1_S1231	1
CDK1	EIF4G2_T508	1
CDK1	ELAVL1_S202	1
CDK1	ELF1_S168	1
CDK1	EML3_T881	1
CDK1	EMSY_S1213	1
CDK1	EP300_S1038	1
CDK1	EP300_S2039	1
CDK1	EP400_S736	1
CDK1	EPB41L1_T475	1
CDK1	EPB41L1_T550	1
CDK1	EPB41L2_S499	1
CDK1	EPB41_S679	1
CDK1	EPB41_S712	1
CDK1	EPB41_T60	1
CDK1	EPN1_S357	1
CDK1	EPN1_S468	1
CDK1	EPS15_S563	1
CDK1	ERBIN_S857	1
CDK1	ERCC6L_T1063	1
CDK1	ESPL1_S1126	1
CDK1	ESR1_S104	1
CDK1	ESR1_S106	1
CDK1	ESR1_S118	1
CDK1	EVPL_S2025	1
CDK1	EXO1_S598	1
CDK1	EZH2_T345	1
CDK1	EZH2_T350	1
CDK1	EZH2_T487	1
CDK1	EZH2_T492	1
CDK1	FADD_S194	1
CDK1	FANCG_S387	1
CDK1	FEN1_S187	1
CDK1	FIP1L1_S259	1
CDK1	FLII_S856	1
CDK1	FLNA_S1084	1
CDK1	FLNA_S1436	1
CDK1	FLNA_S1459	1
CDK1	FLNA_S1533	1
CDK1	FLNA_S1630	1
CDK1	FMNL2_S1016	1
CDK1	FOSL2_S230	1
CDK1	FOXK2_S373	1
CDK1	FOXK2_S428	1
CDK1	FOXM1_S251	1
CDK1	FOXM1_S693	1
CDK1	FOXM1_T596	1
CDK1	FOXM1_T600	1
CDK1	FOXM1_T611	1
CDK1	FOXM1_T620	1
CDK1	FOXM1_T649	1
CDK1	FOXO1_S249	1
CDK1	FUBP1_S629	1
CDK1	FZR1_S151	1
CDK1	FZR1_S163	1
CDK1	GAPVD1_S950	1
CDK1	GAPVD1_S977	1
CDK1	GATA2_T176	1
CDK1	GBF1_S1784	1
CDK1	GFAP_S13	1
CDK1	GFAP_S8	1
CDK1	GFAP_T7	1
CDK1	GIGYF2_S30	1
CDK1	GJA1_S255	1
CDK1	GJA1_S262	1
CDK1	GMPS_T318	1
CDK1	GOLGA2_S37	1
CDK1	GORASP1_S189	1
CDK1	GORASP1_S274	1
CDK1	GORASP1_S373	1
CDK1	GPHN_S270	1
CDK1	GRIN2A_S1232	1
CDK1	GRIN2A_S917	1
CDK1	GRM5_S135	1
CDK1	GYS1_S645	1
CDK1	GYS1_S652	1
CDK1	H1-1_S2	1
CDK1	H1-1_T4	1
CDK1	H1-4_T18	1
CDK1	HASPIN_T128	1
CDK1	HELB_S967	1
CDK1	HIF1A_S668	1
CDK1	HIF1A_S692	1
CDK1	HJURP_S412	1
CDK1	HJURP_S448	1
CDK1	HJURP_S473	1
CDK1	HMGA1_S36	1
CDK1	HMGA1_T42	1
CDK1	HMGA1_T53	1
CDK1	HMGA1_T67	1
CDK1	HMGA1_T77	1
CDK1	HMGA1_T78	1
CDK1	HMGA2_S44	1
CDK1	HMGA2_S59	1
CDK1	HMGCS1_S495	1
CDK1	HMGN5_T31	1
CDK1	HNRNPD_S83	1
CDK1	HNRNPK_S216	1
CDK1	HNRNPK_S284	1
CDK1	HNRNPUL1_S718	1
CDK1	HSPB8_T87	1
CDK1	ID2_S5	1
CDK1	IFNAR2_S400	1
CDK1	IKBKB_S672	1
CDK1	IL16_T56	1
CDK1	IL16_T757	1
CDK1	INCENP_T412	1
CDK1	INCENP_T59	1
CDK1	ING1_S126	1
CDK1	ING1_S269	1
CDK1	IREB2_S157	1
CDK1	IRS1_S345	1
CDK1	IRS1_S531	1
CDK1	IRS2_S1100	1
CDK1	IRS2_S388	1
CDK1	IRS2_S391	1
CDK1	ISL1_S269	1
CDK1	ISL2_S157	1
CDK1	ITPR1_S406	1
CDK1	ITPR1_S421	1
CDK1	ITPR1_T785	1
CDK1	ITPR1_T800	1
CDK1	JUNB_S186	1
CDK1	JUND_S259	1
CDK1	KAT5_S119	1
CDK1	KAT5_S123	1
CDK1	KAT5_S86	1
CDK1	KAT5_S90	1
CDK1	KAT7_T85	1
CDK1	KAT7_T88	1
CDK1	KDM4B_S622	1
CDK1	KDM5A_S1331	1
CDK1	KDM5B_S1328	1
CDK1	KDM5B_S1456	1
CDK1	KDM6A_S761	1
CDK1	KDM6A_S818	1
CDK1	KHDRBS1_T317	1
CDK1	KIF11_T926	1
CDK1	KIF18A_S674	1
CDK1	KIF18A_S684	1
CDK1	KIF1B_S1454	1
CDK1	KIF20A_S21	1
CDK1	KIF20A_S532	1
CDK1	KIF20A_S7	1
CDK1	KIF20A_S867	1
CDK1	KIF20A_S878	1
CDK1	KIF20A_T198	1
CDK1	KIF20A_T857	1
CDK1	KIF20B_T1604	1
CDK1	KIF20B_T1644	1
CDK1	KIF22_S427	1
CDK1	KIF22_T463	1
CDK1	KIF2C_T537	1
CDK1	KIF4A_T1161	1
CDK1	KIFC1_S26	1
CDK1	KIFC1_S31	1
CDK1	KIFC1_S6	1
CDK1	KMT2A_S2151	1
CDK1	KMT2A_S3511	1
CDK1	KMT2B_T159	1
CDK1	KMT2E_T912	1
CDK1	KMT5A_S100	1
CDK1	KMT5A_S59	1
CDK1	KPNA2_S62	1
CDK1	KPNA2_T9	1
CDK1	KRT18_S34	1
CDK1	KRT18_S53	1
CDK1	KRT8_S432	1
CDK1	KRT8_S460	1
CDK1	LATS1_S613	1
CDK1	LATS1_T490	1
CDK1	LAT_S84	1
CDK1	LBR_S71	1
CDK1	LBR_S80	1
CDK1	LBR_S86	1
CDK1	LCP2_S207	1
CDK1	LDHA_T248	1
CDK1	LDHA_T277	1
CDK1	LEF1_S166	1
CDK1	LEF1_T155	1
CDK1	LIG1_S76	1
CDK1	LIG3_S210	1
CDK1	LIG3_S913	1
CDK1	LIG3_T191	1
CDK1	LIMD1_S272	1
CDK1	LIMD1_S277	1
CDK1	LIMD1_S421	1
CDK1	LIMD1_S424	1
CDK1	LMNA_S22	1
CDK1	LMNA_S390	1
CDK1	LMNA_S392	1
CDK1	LMNA_T19	1
CDK1	LMNB1_S23	1
CDK1	LMNB1_S393	1
CDK1	LMNB1_T20	1
CDK1	LRRK1_T1427	1
CDK1	MAP1B_S1260	1
CDK1	MAP1B_S1793	1
CDK1	MAP2K1_S218	1
CDK1	MAP2K1_S222	1
CDK1	MAP2K1_T286	1
CDK1	MAP2K1_T292	1
CDK1	MAP2_S1783	1
CDK1	MAP4K4_S631	1
CDK1	MAP4_S431	1
CDK1	MAP4_S522	1
CDK1	MAP4_S696	1
CDK1	MAP4_S787	1
CDK1	MAP4_T892	1
CDK1	MAP4_T901	1
CDK1	MAP4_T917	1
CDK1	MAP7_S209	1
CDK1	MAP7_S231	1
CDK1	MAPK10_T221	1
CDK1	MAPK3_S343	1
CDK1	MAPK6_S684	1
CDK1	MAPK6_S688	1
CDK1	MAPK6_S705	1
CDK1	MAPK6_T698	1
CDK1	MAPK7_S754	1
CDK1	MAPK8IP1_S15	1
CDK1	MAPK8IP1_S341	1
CDK1	MAPK8IP3_S583	1
CDK1	MAPK8_T183	1
CDK1	MAPKAPK2_T334	1
CDK1	MAPT_S202	1
CDK1	MAPT_S235	1
CDK1	MAPT_S404	1
CDK1	MAPT_S518	1
CDK1	MAPT_S526	1
CDK1	MAPT_S537	1
CDK1	MAPT_S570	1
CDK1	MAPT_S687	1
CDK1	MAPT_S731	1
CDK1	MAPT_S739	1
CDK1	MAPT_T153	1
CDK1	MAPT_T205	1
CDK1	MAPT_T212	1
CDK1	MAPT_T231	1
CDK1	MAPT_T470	1
CDK1	MAPT_T540	1
CDK1	MAPT_T547	1
CDK1	MAPT_T548	1
CDK1	MAPT_T552	1
CDK1	MAPT_T566	1
CDK1	MAPT_T708	1
CDK1	MAPT_T95	1
CDK1	MARCKS_S26	1
CDK1	MASTL_S875	1
CDK1	MASTL_S90	1
CDK1	MASTL_T194	1
CDK1	MASTL_T207	1
CDK1	MCL1_S121	1
CDK1	MCL1_S159	1
CDK1	MCL1_S64	1
CDK1	MCL1_T163	1
CDK1	MCL1_T92	1
CDK1	MCM3_S112	1
CDK1	MCM3_S611	1
CDK1	MCM3_T719	1
CDK1	MCM3_T722	1
CDK1	MCM4_S32	1
CDK1	MCM4_S87	1
CDK1	MCM4_S88	1
CDK1	MCM4_T110	1
CDK1	MCM4_T19	1
CDK1	MCM4_T7	1
CDK1	MCM7_S121	1
CDK1	MCTS1_S118	1
CDK1	MCTS1_S119	1
CDK1	MDM4_S96	1
CDK1	MED1_T805	1
CDK1	MEF2A_S408	1
CDK1	MEF2A_T312	1
CDK1	MEF2A_T319	1
CDK1	MEF2C_S396	1
CDK1	MEF2C_S406	1
CDK1	MIR9-1HG_S60	1
CDK1	MIS18BP1_S110	1
CDK1	MIS18BP1_T40	1
CDK1	MKI67_S579	1
CDK1	MKI67_T1943	1
CDK1	MKI67_T761	1
CDK1	MPLKIP_S104	1
CDK1	MPLKIP_S93	1
CDK1	MPLKIP_T120	1
CDK1	MTHFR_T34	1
CDK1	MUC1_S1227	1
CDK1	MYBBP1A_S1163	1
CDK1	MYBL2_T487	1
CDK1	MYB_T355	1
CDK1	MYCN_S62	1
CDK1	MYC_T58	1
CDK1	MYOD1_S200	1
CDK1	MYOD1_S201	1
CDK1	MYOD1_S5	1
CDK1	NAGK_S122	1
CDK1	NAGK_S76	1
CDK1	NANOG_S65	1
CDK1	NANOG_S71	1
CDK1	NASP_T390	1
CDK1	NBN_S432	1
CDK1	NCAPD3_T1415	1
CDK1	NCAPG_T308	1
CDK1	NCAPG_T332	1
CDK1	NCAPG_T931	1
CDK1	NCK2_S90	1
CDK1	NCKAP5L_S440	1
CDK1	NCKAP5L_S451	1
CDK1	NCKAP5L_S470	1
CDK1	NCKAP5L_S477	1
CDK1	NCKAP5L_S571	1
CDK1	NCKAP5L_S577	1
CDK1	NCKAP5L_S767	1
CDK1	NCL_T121	1
CDK1	NCL_T641	1
CDK1	NCL_T707	1
CDK1	NCOA1_S1185	1
CDK1	NCOA1_S395	1
CDK1	NCOA1_S517	1
CDK1	NCOA1_T1426	1
CDK1	NCOA3_S728	1
CDK1	NCOA3_S867	1
CDK1	NDE1_S239	1
CDK1	NDE1_S282	1
CDK1	NDE1_T191	1
CDK1	NDE1_T215	1
CDK1	NDE1_T228	1
CDK1	NDE1_T243	1
CDK1	NDE1_T246	1
CDK1	NDEL1_S231	1
CDK1	NDEL1_S242	1
CDK1	NDEL1_S251	1
CDK1	NDEL1_T219	1
CDK1	NDEL1_T245	1
CDK1	NDUFA12_T120	1
CDK1	NDUFA12_T142	1
CDK1	NDUFB6_S29	1
CDK1	NDUFB6_S55	1
CDK1	NDUFB6_T5	1
CDK1	NDUFS2_S364	1
CDK1	NDUFV1_T383	1
CDK1	NDUFV3_S105	1
CDK1	NEDD1_S411	1
CDK1	NEDD1_S460	1
CDK1	NEDD1_T550	1
CDK1	NEDD1_T557	1
CDK1	NEFH_S61	1
CDK1	NEK9_S869	1
CDK1	NEK9_T210	1
CDK1	NES_T1299	1
CDK1	NES_T315	1
CDK1	NEUROD1_S274	1
CDK1	NF1_S2515	1
CDK1	NF1_S864	1
CDK1	NFAT5_T135	1
CDK1	NFATC2_S270	1
CDK1	NFATC2_S276	1
CDK1	NFATC3_S207	1
CDK1	NFIB_S295	1
CDK1	NFRKB_S1291	1
CDK1	NFRKB_S226	1
CDK1	NFRKB_S228	1
CDK1	NFRKB_S376	1
CDK1	NIFK_T238	1
CDK1	NINL_S185	1
CDK1	NINL_S589	1
CDK1	NME1_S120	1
CDK1	NME1_S145	1
CDK1	NME1_T119	1
CDK1	NME1_T94	1
CDK1	NME2_T94	1
CDK1	NOLC1_T607	1
CDK1	NOLC1_T610	1
CDK1	NOTCH2_T1808	1
CDK1	NPM1_S4	1
CDK1	NPM1_S70	1
CDK1	NPM1_T199	1
CDK1	NPM1_T205	1
CDK1	NPM1_T208	1
CDK1	NPM1_T219	1
CDK1	NPM1_T234	1
CDK1	NPM1_T237	1
CDK1	NR5A1_S203	1
CDK1	NSFL1C_S140	1
CDK1	NSFL1C_S29	1
CDK1	NUAK1_S445	1
CDK1	NUCKS1_S181	1
CDK1	NUMA1_S2087	1
CDK1	NUMA1_T2015	1
CDK1	NUMA1_T2055	1
CDK1	NUMA1_T2106	1
CDK1	NUP153_S534	1
CDK1	NUP210_S1881	1
CDK1	NUP214_S430	1
CDK1	NUP214_T437	1
CDK1	NUP50_S221	1
CDK1	NUP98_S595	1
CDK1	NUP98_S606	1
CDK1	NUP98_S608	1
CDK1	NUP98_S612	1
CDK1	NUP98_S623	1
CDK1	NUP98_T529	1
CDK1	NUP98_T536	1
CDK1	NUP98_T653	1
CDK1	NUP98_T670	1
CDK1	NUSAP1_T300	1
CDK1	NUSAP1_T338	1
CDK1	ODF2_S754	1
CDK1	ODF2_S796	1
CDK1	ODF2_S820	1
CDK1	OGFR_S378	1
CDK1	ORC1_S258	1
CDK1	ORC1_S273	1
CDK1	ORC1_T375	1
CDK1	ORC6_T195	1
CDK1	OSBP2_S762	1
CDK1	OSBP2_S763	1
CDK1	OSBP2_S766	1
CDK1	OSBP2_S768	1
CDK1	OSBPL11_S181	1
CDK1	PAICS_S27	1
CDK1	PAK1IP1_S320	1
CDK1	PAK1_T212	1
CDK1	PAK5_S104	1
CDK1	PAK6_S165	1
CDK1	PAK6_T564	1
CDK1	PALLD_S641	1
CDK1	PALLD_S766	1
CDK1	PAPOLA_S537	1
CDK1	PAPOLA_S545	1
CDK1	PAPOLA_S558	1
CDK1	PARD3_S383	1
CDK1	PBK_T9	1
CDK1	PCDH1_S962	1
CDK1	PCYT1A_S319	1
CDK1	PCYT1A_S323	1
CDK1	PCYT1A_S331	1
CDK1	PCYT1A_S347	1
CDK1	PDIA3_S456	1
CDK1	PDPK1_T354	1
CDK1	PDS5B_T1370	1
CDK1	PEX14_S232	1
CDK1	PHACTR1_T104	1
CDK1	PHC3_S263	1
CDK1	PHC3_T609	1
CDK1	PHF12_T880	1
CDK1	PHF8_S120	1
CDK1	PHF8_S69	1
CDK1	PHLPP1_S317	1
CDK1	PHLPP1_S321	1
CDK1	PHLPP1_S323	1
CDK1	PHLPP1_S324	1
CDK1	PHLPP1_S335	1
CDK1	PHLPP1_S336	1
CDK1	PHLPP1_S345	1
CDK1	PHLPP1_S411	1
CDK1	PHLPP1_S412	1
CDK1	PHLPP1_S425	1
CDK1	PHLPP1_S450	1
CDK1	PHLPP1_T409	1
CDK1	PHLPP1_T451	1
CDK1	PI4KB_S266	1
CDK1	PIK3C2A_S259	1
CDK1	PIK3C3_T159	1
CDK1	PIP5K1C_S650	1
CDK1	PITPNM1_S382	1
CDK1	PITPNM1_T287	1
CDK1	PKM_S37	1
CDK1	PKN1_S533	1
CDK1	PKN1_S537	1
CDK1	PKN1_S562	1
CDK1	PKN1_S916	1
CDK1	PKN2_S535	1
CDK1	PLEC_S4613	1
CDK1	PLEC_T4370	1
CDK1	PLEC_T4380	1
CDK1	PLEC_T4388	1
CDK1	PLEC_T4402	1
CDK1	PLEC_T4406	1
CDK1	PLEC_T4539	1
CDK1	PLK1_T214	1
CDK1	PML_S518	1
CDK1	PNISR_S211	1
CDK1	PNISR_S311	1
CDK1	PNISR_S313	1
CDK1	POGZ_S1338	1
CDK1	POLR1G_S285	1
CDK1	POLR2A_S1616	1
CDK1	POLR2A_S1619	1
CDK1	POLR2A_S1896	1
CDK1	POLR2A_S1920	1
CDK1	POLR2A_S1934	1
CDK1	POM121_T203	1
CDK1	POU2F1_S448	1
CDK1	PPARGC1A_T299	1
CDK1	PPFIA1_S741	1
CDK1	PPP1CA_T320	1
CDK1	PPP1CA_T331	1
CDK1	PPP1R12A_S473	1
CDK1	PPP1R13L_S113	1
CDK1	PPP1R13L_S84	1
CDK1	PPP1R1A_S67	1
CDK1	PPP1R1A_T35	1
CDK1	PPP1R1B_T75	1
CDK1	PPP2CA_T304	1
CDK1	PPP4R2_S159	1
CDK1	PPP6R2_S771	1
CDK1	PRC1_T470	1
CDK1	PRC1_T481	1
CDK1	PRDM2_S643	1
CDK1	PRDX1_T90	1
CDK1	PRKAB1_S181	1
CDK1	PRPF4B_S294	1
CDK1	PRPF4B_S578	1
CDK1	PRPF4B_S580	1
CDK1	PRPS1_S103	1
CDK1	PSEN1_T354	1
CDK1	PTBP2_S27	1
CDK1	PTBP2_S308	1
CDK1	PTHLH_T108	1
CDK1	PTHLH_T121	1
CDK1	PTK2_S722	1
CDK1	PTPN1_S386	1
CDK1	PTPN2_S304	1
CDK1	PTTG1_S165	1
CDK1	PTTG2_S165	1
CDK1	PXN_S244	1
CDK1	PYCR2_S304	1
CDK1	RAB11FIP3_S102	1
CDK1	RAB4A_S204	1
CDK1	RAB5B_S123	1
CDK1	RACGAP1_T588	1
CDK1	RAD9A_S277	1
CDK1	RAD9A_S328	1
CDK1	RAD9A_S336	1
CDK1	RAD9A_T292	1
CDK1	RAD9A_T355	1
CDK1	RANBP2_S2246	1
CDK1	RANBP2_S2251	1
CDK1	RANBP2_S2276	1
CDK1	RANBP2_S2280	1
CDK1	RANBP2_S788	1
CDK1	RANBP2_T2153	1
CDK1	RANGAP1_S428	1
CDK1	RANGAP1_S442	1
CDK1	RANGAP1_T409	1
CDK1	RAP1GAP_S484	1
CDK1	RAP1GAP_S548	1
CDK1	RARA_S77	1
CDK1	RB1_S249	1
CDK1	RB1_S807	1
CDK1	RB1_S811	1
CDK1	RB1_T252	1
CDK1	RB1_T373	1
CDK1	RBBP5_S497	1
CDK1	RBBP5_T252	1
CDK1	RBBP6_S516	1
CDK1	RBBP6_S772	1
CDK1	RBBP8_S327	1
CDK1	RBBP8_T847	1
CDK1	RBL2_S1044	1
CDK1	RBL2_S1068	1
CDK1	RBL2_S1080	1
CDK1	RBL2_S1112	1
CDK1	RBL2_S413	1
CDK1	RBL2_S662	1
CDK1	RBL2_S688	1
CDK1	RBL2_T1097	1
CDK1	RBL2_T417	1
CDK1	RBL2_T642	1
CDK1	RBL2_T694	1
CDK1	RBM6_T923	1
CDK1	RCC1_S11	1
CDK1	RCC1_S2	1
CDK1	RCC1_S387	1
CDK1	RCC1_S418	1
CDK1	RCC1_T274	1
CDK1	RCC1_T305	1
CDK1	RECQL4_S251	1
CDK1	RECQL4_S89	1
CDK1	RECQL5_S727	1
CDK1	REPS2_S463	1
CDK1	RERE_S613	1
CDK1	RFC1_S518	1
CDK1	RFC1_T506	1
CDK1	RGCC_T111	1
CDK1	RGPD3_S1276	1
CDK1	RGPD4_S1276	1
CDK1	RGPD6_S1275	1
CDK1	RGPD8_S1275	1
CDK1	RIT1_S209	1
CDK1	RNMT_T77	1
CDK1	RPA2_S23	1
CDK1	RPA2_S29	1
CDK1	RPA2_S33	1
CDK1	RPRD1B_S166	1
CDK1	RPS3_T221	1
CDK1	RPS3_T237	1
CDK1	RPS6KA3_S369	1
CDK1	RPS6KA4_T568	1
CDK1	RPS6KB1_S394	1
CDK1	RPS6KB1_S434	1
CDK1	RPS6KB1_S441	1
CDK1	RPS6KB1_S447	1
CDK1	RPS6KB1_T444	1
CDK1	RPS6KB1_T470	1
CDK1	RPTOR_S696	1
CDK1	RPTOR_T706	1
CDK1	RRM2_S20	1
CDK1	RRM2_S80	1
CDK1	RRM2_T33	1
CDK1	RSF1_S1375	1
CDK1	RUNX1_S21	1
CDK1	RUNX1_S249	1
CDK1	RUNX1_S266	1
CDK1	RUNX1_S276	1
CDK1	RUNX1_S293	1
CDK1	RUNX1_S303	1
CDK1	RUNX1_S397	1
CDK1	RUNX1_S424	1
CDK1	RUNX1_S48	1
CDK1	RUNX1_T273	1
CDK1	RUNX1_T300	1
CDK1	RUNX2_S451	1
CDK1	RUNX2_S465	1
CDK1	RXRA_S21	1
CDK1	RXRA_T82	1
CDK1	SAMHD1_T592	1
CDK1	SCML2_S267	1
CDK1	SCML2_S511	1
CDK1	SCML2_S590	1
CDK1	SCML2_T305	1
CDK1	SEPTIN9_T24	1
CDK1	SET_S7	1
CDK1	SF3B1_T354	1
CDK1	SFSWAP_S834	1
CDK1	SFSWAP_S870	1
CDK1	SGO1_T346	1
CDK1	SGTA_T303	1
CDK1	SIRT1_S47	1
CDK1	SIRT1_S540	1
CDK1	SIRT1_T530	1
CDK1	SIRT2_S368	1
CDK1	SIRT3_S159	1
CDK1	SIRT3_T150	1
CDK1	SKA3_S283	1
CDK1	SKA3_T203	1
CDK1	SKA3_T217	1
CDK1	SKA3_T291	1
CDK1	SKA3_T358	1
CDK1	SKA3_T360	1
CDK1	SKIC2_S245	1
CDK1	SLBP_T61	1
CDK1	SLBP_T62	1
CDK1	SLC9A1_S726	1
CDK1	SLC9A3R1_S280	1
CDK1	SLC9A3R1_S302	1
CDK1	SMARCAD1_S34	1
CDK1	SMARCC1_S328	1
CDK1	SMARCC1_T335	1
CDK1	SMARCC2_S283	1
CDK1	SMARCC2_S302	1
CDK1	SMARCC2_S304	1
CDK1	SMTN_S245	1
CDK1	SNAP91_S313	1
CDK1	SNRNP70_S226	1
CDK1	SNTA1_S193	1
CDK1	SNW1_S232	1
CDK1	SOD2_S106	1
CDK1	SON_S1769	1
CDK1	SON_S2013	1
CDK1	SORBS1_S345	1
CDK1	SOS1_S1082	1
CDK1	SP1_S720	1
CDK1	SP1_T723	1
CDK1	SP1_T737	1
CDK1	SP1_T739	1
CDK1	SPAG5_S135	1
CDK1	SPAG5_S249	1
CDK1	SPAST_S101	1
CDK1	SPEN_S2101	1
CDK1	SPEN_S2120	1
CDK1	SPEN_S736	1
CDK1	SPEN_S740	1
CDK1	SPIB_T56	1
CDK1	SPTBN1_S2164	1
CDK1	SPTBN1_S2165	1
CDK1	SQSTM1_S272	1
CDK1	SQSTM1_T269	1
CDK1	SRC_S75	1
CDK1	SRC_Y530	1
CDK1	SREBF1_S439	1
CDK1	SREBF1_S469	1
CDK1	SRRM1_S389	1
CDK1	SRRM1_S393	1
CDK1	SRRM1_S402	1
CDK1	SRRM1_S532	1
CDK1	SRRM1_S541	1
CDK1	SRRM1_S549	1
CDK1	SRRM1_S551	1
CDK1	SRRM1_S560	1
CDK1	SRRM1_S562	1
CDK1	SRRM1_S583	1
CDK1	SRRM1_S605	1
CDK1	SRRM1_S607	1
CDK1	SRRM1_S616	1
CDK1	SRRM1_S626	1
CDK1	SRRM1_S628	1
CDK1	SRRM1_S665	1
CDK1	SRRM1_S675	1
CDK1	SRRM1_S740	1
CDK1	SRRM1_S756	1
CDK1	SRRM1_S769	1
CDK1	SRRM1_S781	1
CDK1	SRRM1_S791	1
CDK1	SRRM1_S795	1
CDK1	SRRM1_S797	1
CDK1	SRRM1_T406	1
CDK1	SRRM1_T572	1
CDK1	SRRM1_T574	1
CDK1	SRRM1_T581	1
CDK1	SRRM2_T1413	1
CDK1	SRRM2_T866	1
CDK1	SRRT_T544	1
CDK1	SRSF5_S233	1
CDK1	SRSF9_S211	1
CDK1	SSBP4_T333	1
CDK1	SSR1_S268	1
CDK1	STAT3_S727	1
CDK1	STIM1_S668	1
CDK1	STIP1_S189	1
CDK1	STIP1_T198	1
CDK1	STIP1_T332	1
CDK1	STK3_S385	1
CDK1	STMN1_S25	1
CDK1	STMN1_S38	1
CDK1	STMN2_S65	1
CDK1	STMN2_S73	1
CDK1	STUB1_S19	1
CDK1	STUB1_S23	1
CDK1	SUN1_S333	1
CDK1	SUN1_S48	1
CDK1	SUPT5H_S666	1
CDK1	SUV39H1_S391	1
CDK1	SYN1_S39	1
CDK1	SYN1_S510	1
CDK1	SYN1_S551	1
CDK1	SYN1_S62	1
CDK1	SYN3_S470	1
CDK1	TAF2_S1194	1
CDK1	TAF3_S229	1
CDK1	TAF3_S297	1
CDK1	TCF20_T1671	1
CDK1	TCOF1_S1034	1
CDK1	TCOF1_S1151	1
CDK1	TCOF1_S1301	1
CDK1	TCOF1_S156	1
CDK1	TCOF1_S583	1
CDK1	TCOF1_S890	1
CDK1	TCOF1_T983	1
CDK1	TERF1_T344	1
CDK1	TERF1_T371	1
CDK1	TERT_T249	1
CDK1	TEX14_T618	1
CDK1	TEX14_T727	1
CDK1	TEX14_T728	1
CDK1	TFCP2L1_T177	1
CDK1	TFPT_S180	1
CDK1	TH_S31	1
CDK1	TIAM1_S1466	1
CDK1	TK1_S13	1
CDK1	TLE3_S267	1
CDK1	TMEM245_S332	1
CDK1	TMPO_S424	1
CDK1	TNFRSF1B_T436	1
CDK1	TOB2_S254	1
CDK1	TOP1_S112	1
CDK1	TOP1_S394	1
CDK1	TOP2A_S1213	1
CDK1	TOP2A_S1247	1
CDK1	TOP2A_S1354	1
CDK1	TOP2A_S1361	1
CDK1	TOP2A_S1393	1
CDK1	TOP2B_S1419	1
CDK1	TOP2B_S1424	1
CDK1	TP53BP1_S1635	1
CDK1	TP53BP1_S1678	1
CDK1	TP53BP1_S380	1
CDK1	TP53BP1_S552	1
CDK1	TP53BP1_T1056	1
CDK1	TP53BP1_T1609	1
CDK1	TP53_S313	1
CDK1	TP53_S315	1
CDK1	TP53_S33	1
CDK1	TP53_S392	1
CDK1	TP73_T86	1
CDK1	TPP1_T201	1
CDK1	TPR_S2073	1
CDK1	TPX2_S738	1
CDK1	TPX2_T72	1
CDK1	TRA2B_S266	1
CDK1	TRERF1_S491	1
CDK1	TREX1_S261	1
CDK1	TREX1_S78	1
CDK1	TRIM32_S328	1
CDK1	TRIM32_S335	1
CDK1	TRIM32_S339	1
CDK1	TSC1_S584	1
CDK1	TSC1_T1047	1
CDK1	TSC1_T417	1
CDK1	TSSC4_S321	1
CDK1	TTK_S281	1
CDK1	TTK_S821	1
CDK1	TUBB3_S172	1
CDK1	U2AF2_S79	1
CDK1	UBA1_S4	1
CDK1	UBA1_S835	1
CDK1	UBAP2L_S454	1
CDK1	UBE2A_S120	1
CDK1	UBE2A_S45	1
CDK1	UBE2A_S90	1
CDK1	UBE2I_S71	1
CDK1	UBR1_T21	1
CDK1	UBXN2B_S56	1
CDK1	UBXN2B_T59	1
CDK1	UGDH_T461	1
CDK1	UHRF1_S639	1
CDK1	UIMC1_S677	1
CDK1	UNG_S64	1
CDK1	USP14_T235	1
CDK1	USP16_S552	1
CDK1	USP17L2_S41	1
CDK1	USP1_S313	1
CDK1	USP22_S237	1
CDK1	USP24_S1616	1
CDK1	USP24_S2047	1
CDK1	USP24_S2604	1
CDK1	USP9X_S2547	1
CDK1	VCPIP1_S131	1
CDK1	VCPIP1_S768	1
CDK1	VCPIP1_T761	1
CDK1	VGLL4_S155	1
CDK1	VGLL4_S280	1
CDK1	VGLL4_S58	1
CDK1	VGLL4_T159	1
CDK1	VIM_S42	1
CDK1	VIM_S51	1
CDK1	VIM_S55	1
CDK1	VIM_S56	1
CDK1	VIM_S83	1
CDK1	WAC_T244	1
CDK1	WAC_T457	1
CDK1	WAC_T471	1
CDK1	WAC_T482	1
CDK1	WEE1_S121	1
CDK1	WEE1_S123	1
CDK1	WEE1_S139	1
CDK1	WEE1_S53	1
CDK1	WRNIP1_S65	1
CDK1	WRN_S1133	1
CDK1	WWC1_S542	1
CDK1	WWC1_S931	1
CDK1	WWTR1_S105	1
CDK1	WWTR1_S90	1
CDK1	WWTR1_T285	1
CDK1	WWTR1_T326	1
CDK1	WWTR1_T346	1
CDK1	XIAP_S40	1
CDK1	XPO1_S391	1
CDK1	YAP1_S128	1
CDK1	YAP1_S138	1
CDK1	YAP1_S217	1
CDK1	YAP1_S289	1
CDK1	YAP1_S367	1
CDK1	YAP1_T119	1
CDK1	YAP1_T143	1
CDK1	ZBTB21_S983	1
CDK1	ZC3H11A_T321	1
CDK1	ZC3HC1_S395	1
CDK1	ZEB1_S679	1
CDK1	ZFPM1_S666	1
CDK1	ZHX1_T36	1
CDK1	ZMYM3_T826	1
CDK1	ZNF335_S976	1
CDK1	ZNF516_S116	1
CDK1	ZYX_S202	1
CDK1	ZYX_S259	1
CDK1	ZYX_S267	1
CDK1	ZYX_S308	1
CDK1	ZYX_S344	1
CDK1	ZYX_T179	1
CDK1	ZYX_T270	1
CDK1	ZYX_T274	1
CDK10	AMPH_S272	1
CDK10	AMPH_S276	1
CDK10	AMPH_S285	1
CDK10	CDK16_S169	1
CDK10	CSNK2A1_S362	1
CDK10	CSNK2A1_S370	1
CDK10	CSNK2A1_T344	1
CDK10	CSNK2A1_T360	1
CDK10	CSNK2B_S209	1
CDK10	DAB1_S491	1
CDK10	DAB1_S515	1
CDK10	ESR1_S104	1
CDK10	ESR1_S106	1
CDK10	ETS2_S220	1
CDK10	ETS2_S225	1
CDK10	FZR1_S151	1
CDK10	FZR1_S163	1
CDK10	GRIN2A_S1232	1
CDK10	KIF11_T926	1
CDK10	LMNA_S22	1
CDK10	LMNA_T19	1
CDK10	LMNB1_S23	1
CDK10	LMNB1_S393	1
CDK10	MAP2K1_T286	1
CDK10	MAPT_S537	1
CDK10	MAPT_S570	1
CDK10	MAPT_S731	1
CDK10	MAPT_S739	1
CDK10	MAPT_T540	1
CDK10	MAPT_T547	1
CDK10	MAPT_T552	1
CDK10	MAPT_T566	1
CDK10	MAPT_T708	1
CDK10	MIR9-1HG_S60	1
CDK10	MYOD1_S201	1
CDK10	NES_T1299	1
CDK10	NES_T315	1
CDK10	PAK1_T212	1
CDK10	PPP1CA_T331	1
CDK10	PPP1R1B_T75	1
CDK10	PSEN1_T354	1
CDK10	PTPN1_S386	1
CDK10	RAB4A_S204	1
CDK10	RB1_S249	1
CDK10	RB1_S807	1
CDK10	RB1_S811	1
CDK10	RB1_T252	1
CDK10	RB1_T373	1
CDK10	RBL2_S1044	1
CDK10	RBL2_S1068	1
CDK10	RBL2_S1080	1
CDK10	RBL2_S1112	1
CDK10	RBL2_S413	1
CDK10	RBL2_S662	1
CDK10	RBL2_S688	1
CDK10	RBL2_T1097	1
CDK10	RBL2_T417	1
CDK10	RBL2_T642	1
CDK10	RBL2_T694	1
CDK10	SRC_S75	1
CDK10	STMN1_S38	1
CDK10	SYN1_S551	1
CDK10	TP53_S33	1
CDK11A	CDK11B_T370	1
CDK11A	CDK11B_T726	1
CDK11A	EIF3F_S46	1
CDK11A	SPDEF_S238	1
CDK11A	SPDEF_S242	1
CDK11A	SPDEF_S243	1
CDK11B	AMPH_S272	1
CDK11B	AMPH_S276	1
CDK11B	AMPH_S285	1
CDK11B	AR_S310	1
CDK11B	CDK16_S169	1
CDK11B	CSNK2A1_S362	1
CDK11B	CSNK2A1_S370	1
CDK11B	CSNK2A1_T344	1
CDK11B	CSNK2A1_T360	1
CDK11B	CSNK2B_S209	1
CDK11B	DAB1_S491	1
CDK11B	DAB1_S515	1
CDK11B	EIF3F_S46	1
CDK11B	EIF3F_T119	1
CDK11B	ESR1_S104	1
CDK11B	ESR1_S106	1
CDK11B	FZR1_S151	1
CDK11B	FZR1_S163	1
CDK11B	GRIN2A_S1232	1
CDK11B	KIF11_T926	1
CDK11B	LMNA_S22	1
CDK11B	LMNA_T19	1
CDK11B	LMNB1_S23	1
CDK11B	LMNB1_S393	1
CDK11B	MAP2K1_T286	1
CDK11B	MAPT_S537	1
CDK11B	MAPT_S570	1
CDK11B	MAPT_S731	1
CDK11B	MAPT_S739	1
CDK11B	MAPT_T540	1
CDK11B	MAPT_T547	1
CDK11B	MAPT_T552	1
CDK11B	MAPT_T566	1
CDK11B	MAPT_T708	1
CDK11B	MIR9-1HG_S60	1
CDK11B	MYOD1_S201	1
CDK11B	NES_T1299	1
CDK11B	NES_T315	1
CDK11B	PAK1_S174	1
CDK11B	PAK1_T212	1
CDK11B	PPP1CA_T331	1
CDK11B	PPP1R1B_T75	1
CDK11B	PSEN1_T354	1
CDK11B	PTPN1_S386	1
CDK11B	RAB4A_S204	1
CDK11B	RB1_S249	1
CDK11B	RB1_S807	1
CDK11B	RB1_S811	1
CDK11B	RB1_T252	1
CDK11B	RB1_T373	1
CDK11B	RBL2_S1044	1
CDK11B	RBL2_S1068	1
CDK11B	RBL2_S1080	1
CDK11B	RBL2_S1112	1
CDK11B	RBL2_S413	1
CDK11B	RBL2_S662	1
CDK11B	RBL2_S688	1
CDK11B	RBL2_T1097	1
CDK11B	RBL2_T417	1
CDK11B	RBL2_T642	1
CDK11B	RBL2_T694	1
CDK11B	SRC_S75	1
CDK11B	STMN1_S38	1
CDK11B	SYN1_S551	1
CDK11B	TP53_S33	1
CDK12	AMPH_S272	1
CDK12	AMPH_S276	1
CDK12	AMPH_S285	1
CDK12	CDK16_S169	1
CDK12	CSNK2A1_S362	1
CDK12	CSNK2A1_S370	1
CDK12	CSNK2A1_T344	1
CDK12	CSNK2A1_T360	1
CDK12	CSNK2B_S209	1
CDK12	DAB1_S491	1
CDK12	DAB1_S515	1
CDK12	ESR1_S104	1
CDK12	ESR1_S106	1
CDK12	FOXO1_S249	1
CDK12	FZR1_S151	1
CDK12	FZR1_S163	1
CDK12	GRIN2A_S1232	1
CDK12	KIF11_T926	1
CDK12	LMNA_S22	1
CDK12	LMNA_T19	1
CDK12	LMNB1_S23	1
CDK12	LMNB1_S393	1
CDK12	MAP2K1_T286	1
CDK12	MAPT_S537	1
CDK12	MAPT_S570	1
CDK12	MAPT_S731	1
CDK12	MAPT_S739	1
CDK12	MAPT_T540	1
CDK12	MAPT_T547	1
CDK12	MAPT_T552	1
CDK12	MAPT_T566	1
CDK12	MAPT_T708	1
CDK12	MIR9-1HG_S60	1
CDK12	MYOD1_S201	1
CDK12	NES_T1299	1
CDK12	NES_T315	1
CDK12	NUMA1_T2055	1
CDK12	PAK1_T212	1
CDK12	PAK2_T134	1
CDK12	PAK2_T169	1
CDK12	PML_S518	1
CDK12	POLR2A_S1616	1
CDK12	POLR2A_S1619	1
CDK12	POLR2A_S1861	1
CDK12	POLR2A_S1868	1
CDK12	POLR2A_S1875	1
CDK12	POLR2A_S1878	1
CDK12	POLR2A_S1882	1
CDK12	POLR2A_S1889	1
CDK12	POLR2A_S1896	1
CDK12	POLR2A_S1910	1
CDK12	POLR2A_S1917	1
CDK12	POLR2A_S1924	1
CDK12	POLR2A_S1931	1
CDK12	POLR2A_S1941	1
CDK12	POLR2A_S1948	1
CDK12	PPP1CA_T331	1
CDK12	PPP1R1B_T75	1
CDK12	PSEN1_T354	1
CDK12	PTPN1_S386	1
CDK12	RAB4A_S204	1
CDK12	RB1_S249	1
CDK12	RB1_S807	1
CDK12	RB1_S811	1
CDK12	RB1_T252	1
CDK12	RB1_T373	1
CDK12	RBL2_S1044	1
CDK12	RBL2_S1068	1
CDK12	RBL2_S1080	1
CDK12	RBL2_S1112	1
CDK12	RBL2_S413	1
CDK12	RBL2_S662	1
CDK12	RBL2_S688	1
CDK12	RBL2_T1097	1
CDK12	RBL2_T417	1
CDK12	RBL2_T642	1
CDK12	RBL2_T694	1
CDK12	RECQL4_S251	1
CDK12	RECQL4_S89	1
CDK12	SAMHD1_T592	1
CDK12	SRC_S75	1
CDK12	STMN1_S38	1
CDK12	SYN1_S551	1
CDK12	TP53_S33	1
CDK13	AMPH_S272	1
CDK13	AMPH_S276	1
CDK13	AMPH_S285	1
CDK13	CDK16_S169	1
CDK13	CSNK2A1_S362	1
CDK13	CSNK2A1_S370	1
CDK13	CSNK2A1_T344	1
CDK13	CSNK2A1_T360	1
CDK13	CSNK2B_S209	1
CDK13	DAB1_S491	1
CDK13	DAB1_S515	1
CDK13	ESR1_S104	1
CDK13	ESR1_S106	1
CDK13	FZR1_S151	1
CDK13	FZR1_S163	1
CDK13	GRIN2A_S1232	1
CDK13	KIF11_T926	1
CDK13	LMNA_S22	1
CDK13	LMNA_T19	1
CDK13	LMNB1_S23	1
CDK13	LMNB1_S393	1
CDK13	MAP2K1_T286	1
CDK13	MAPT_S537	1
CDK13	MAPT_S570	1
CDK13	MAPT_S731	1
CDK13	MAPT_S739	1
CDK13	MAPT_T540	1
CDK13	MAPT_T547	1
CDK13	MAPT_T552	1
CDK13	MAPT_T566	1
CDK13	MAPT_T708	1
CDK13	MIR9-1HG_S60	1
CDK13	MYOD1_S201	1
CDK13	NES_T1299	1
CDK13	NES_T315	1
CDK13	PAK1_T212	1
CDK13	POLR2A_S1616	1
CDK13	POLR2A_S1619	1
CDK13	PPP1CA_T331	1
CDK13	PPP1R1B_T75	1
CDK13	PSEN1_T354	1
CDK13	PTPN1_S386	1
CDK13	RAB4A_S204	1
CDK13	RB1_S249	1
CDK13	RB1_S807	1
CDK13	RB1_S811	1
CDK13	RB1_T252	1
CDK13	RB1_T373	1
CDK13	RBL2_S1044	1
CDK13	RBL2_S1068	1
CDK13	RBL2_S1080	1
CDK13	RBL2_S1112	1
CDK13	RBL2_S413	1
CDK13	RBL2_S662	1
CDK13	RBL2_S688	1
CDK13	RBL2_T1097	1
CDK13	RBL2_T417	1
CDK13	RBL2_T642	1
CDK13	RBL2_T694	1
CDK13	SERINC5_S360	1
CDK13	SRC_S75	1
CDK13	STMN1_S38	1
CDK13	SYN1_S551	1
CDK13	TP53_S33	1
CDK14	CCNY_S288	1
CDK14	CCNY_S295	1
CDK14	CCNY_S33	1
CDK14	CCNY_S71	1
CDK14	CCNY_S73	1
CDK14	CCNY_S83	1
CDK14	CCNY_T37	1
CDK14	CCNY_T67	1
CDK14	LRP6_S1490	1
CDK14	PPP1R2_S87	1
CDK14	TAGLN2_S163	1
CDK14	TAGLN2_S83	1
CDK15	PAK4_S291	1
CDK16	AMPH_S272	1
CDK16	AMPH_S276	1
CDK16	AMPH_S285	1
CDK16	CCNY_S12	1
CDK16	CCNY_S336	1
CDK16	CDKN1B_S10	1
CDK16	CRK_S125	1
CDK16	CSNK2A1_S362	1
CDK16	CSNK2A1_S370	1
CDK16	CSNK2A1_T344	1
CDK16	CSNK2A1_T360	1
CDK16	CSNK2B_S209	1
CDK16	DAB1_S491	1
CDK16	DAB1_S515	1
CDK16	ESR1_S104	1
CDK16	ESR1_S106	1
CDK16	FZR1_S151	1
CDK16	FZR1_S163	1
CDK16	GRIN2A_S1232	1
CDK16	KIF11_T926	1
CDK16	LMNA_S22	1
CDK16	LMNA_T19	1
CDK16	LMNB1_S23	1
CDK16	LMNB1_S393	1
CDK16	MAP2K1_T286	1
CDK16	MAPT_S537	1
CDK16	MAPT_S570	1
CDK16	MAPT_S731	1
CDK16	MAPT_S739	1
CDK16	MAPT_T540	1
CDK16	MAPT_T547	1
CDK16	MAPT_T552	1
CDK16	MAPT_T566	1
CDK16	MAPT_T708	1
CDK16	MIR9-1HG_S60	1
CDK16	MYOD1_S201	1
CDK16	NES_T1299	1
CDK16	NES_T315	1
CDK16	NSF_S569	1
CDK16	PAK1_T212	1
CDK16	PPP1CA_T331	1
CDK16	PPP1R1B_T75	1
CDK16	PRC1_T481	1
CDK16	PRKAR1A_S83	1
CDK16	PSEN1_T354	1
CDK16	PTPN1_S386	1
CDK16	RAB4A_S204	1
CDK16	RB1_S249	1
CDK16	RB1_S807	1
CDK16	RB1_S811	1
CDK16	RB1_T252	1
CDK16	RB1_T373	1
CDK16	RBL2_S1044	1
CDK16	RBL2_S1068	1
CDK16	RBL2_S1080	1
CDK16	RBL2_S1112	1
CDK16	RBL2_S413	1
CDK16	RBL2_S662	1
CDK16	RBL2_S688	1
CDK16	RBL2_T1097	1
CDK16	RBL2_T417	1
CDK16	RBL2_T642	1
CDK16	RBL2_T694	1
CDK16	SRC_S75	1
CDK16	STMN1_S38	1
CDK16	SYN1_S551	1
CDK16	TP53_S315	1
CDK16	TP53_S33	1
CDK17	AMPH_S272	1
CDK17	AMPH_S276	1
CDK17	AMPH_S285	1
CDK17	CDK16_S169	1
CDK17	CSNK2A1_S362	1
CDK17	CSNK2A1_S370	1
CDK17	CSNK2A1_T344	1
CDK17	CSNK2A1_T360	1
CDK17	CSNK2B_S209	1
CDK17	DAB1_S491	1
CDK17	DAB1_S515	1
CDK17	ESR1_S104	1
CDK17	ESR1_S106	1
CDK17	FZR1_S151	1
CDK17	FZR1_S163	1
CDK17	GRIN2A_S1232	1
CDK17	GSK3A_S21	1
CDK17	KIF11_T926	1
CDK17	LMNA_S22	1
CDK17	LMNA_T19	1
CDK17	LMNB1_S23	1
CDK17	LMNB1_S393	1
CDK17	MAP2K1_T286	1
CDK17	MAPT_S537	1
CDK17	MAPT_S570	1
CDK17	MAPT_S731	1
CDK17	MAPT_S739	1
CDK17	MAPT_T540	1
CDK17	MAPT_T547	1
CDK17	MAPT_T552	1
CDK17	MAPT_T566	1
CDK17	MAPT_T708	1
CDK17	MIR9-1HG_S60	1
CDK17	MYOD1_S201	1
CDK17	NES_T1299	1
CDK17	NES_T315	1
CDK17	PAK1_T212	1
CDK17	PPP1CA_T331	1
CDK17	PPP1R1B_T75	1
CDK17	PSEN1_T354	1
CDK17	PTPN1_S386	1
CDK17	RAB4A_S204	1
CDK17	RB1_S249	1
CDK17	RB1_S807	1
CDK17	RB1_S811	1
CDK17	RB1_T252	1
CDK17	RB1_T373	1
CDK17	RBL2_S1044	1
CDK17	RBL2_S1068	1
CDK17	RBL2_S1080	1
CDK17	RBL2_S1112	1
CDK17	RBL2_S413	1
CDK17	RBL2_S662	1
CDK17	RBL2_S688	1
CDK17	RBL2_T1097	1
CDK17	RBL2_T417	1
CDK17	RBL2_T642	1
CDK17	RBL2_T694	1
CDK17	SRC_S75	1
CDK17	STMN1_S38	1
CDK17	SYN1_S551	1
CDK17	TP53_S33	1
CDK18	AMPH_S272	1
CDK18	AMPH_S276	1
CDK18	AMPH_S285	1
CDK18	AQP2_S261	1
CDK18	CDK16_S169	1
CDK18	CSNK2A1_S362	1
CDK18	CSNK2A1_S370	1
CDK18	CSNK2A1_T344	1
CDK18	CSNK2A1_T360	1
CDK18	CSNK2B_S209	1
CDK18	DAB1_S491	1
CDK18	DAB1_S515	1
CDK18	ESR1_S104	1
CDK18	ESR1_S106	1
CDK18	FZR1_S151	1
CDK18	FZR1_S163	1
CDK18	GRIN2A_S1232	1
CDK18	KIF11_T926	1
CDK18	LMNA_S22	1
CDK18	LMNA_T19	1
CDK18	LMNB1_S23	1
CDK18	LMNB1_S393	1
CDK18	MAP2K1_T286	1
CDK18	MAPT_S537	1
CDK18	MAPT_S570	1
CDK18	MAPT_S731	1
CDK18	MAPT_S739	1
CDK18	MAPT_T540	1
CDK18	MAPT_T547	1
CDK18	MAPT_T552	1
CDK18	MAPT_T566	1
CDK18	MAPT_T708	1
CDK18	MIR9-1HG_S60	1
CDK18	MYOD1_S201	1
CDK18	NES_T1299	1
CDK18	NES_T315	1
CDK18	PAK1_T212	1
CDK18	PPP1CA_T331	1
CDK18	PPP1R1B_T75	1
CDK18	PSEN1_T354	1
CDK18	PTPN1_S386	1
CDK18	RAB4A_S204	1
CDK18	RB1_S249	1
CDK18	RB1_S795	1
CDK18	RB1_S807	1
CDK18	RB1_S811	1
CDK18	RB1_T252	1
CDK18	RB1_T373	1
CDK18	RBL2_S1044	1
CDK18	RBL2_S1068	1
CDK18	RBL2_S1080	1
CDK18	RBL2_S1112	1
CDK18	RBL2_S413	1
CDK18	RBL2_S662	1
CDK18	RBL2_S688	1
CDK18	RBL2_T1097	1
CDK18	RBL2_T417	1
CDK18	RBL2_T642	1
CDK18	RBL2_T694	1
CDK18	SRC_S75	1
CDK18	STMN1_S38	1
CDK18	SYN1_S551	1
CDK18	TP53_S33	1
CDK18	TRIP10_T302	1
CDK18	ZYX_S202	1
CDK19	AMPH_S272	1
CDK19	AMPH_S276	1
CDK19	AMPH_S285	1
CDK19	AR_S310	1
CDK19	CDK16_S169	1
CDK19	CSNK2A1_S362	1
CDK19	CSNK2A1_S370	1
CDK19	CSNK2A1_T344	1
CDK19	CSNK2A1_T360	1
CDK19	CSNK2B_S209	1
CDK19	DAB1_S491	1
CDK19	DAB1_S515	1
CDK19	EIF3F_S46	1
CDK19	EIF3F_T119	1
CDK19	ESR1_S104	1
CDK19	ESR1_S106	1
CDK19	FZR1_S151	1
CDK19	FZR1_S163	1
CDK19	GRIN2A_S1232	1
CDK19	KIF11_T926	1
CDK19	LMNA_S22	1
CDK19	LMNA_T19	1
CDK19	LMNB1_S23	1
CDK19	LMNB1_S393	1
CDK19	MAP2K1_T286	1
CDK19	MAPT_S537	1
CDK19	MAPT_S570	1
CDK19	MAPT_S731	1
CDK19	MAPT_S739	1
CDK19	MAPT_T540	1
CDK19	MAPT_T547	1
CDK19	MAPT_T552	1
CDK19	MAPT_T566	1
CDK19	MAPT_T708	1
CDK19	MIR9-1HG_S60	1
CDK19	MYOD1_S201	1
CDK19	NES_T1299	1
CDK19	NES_T315	1
CDK19	NOTCH1_S2513	1
CDK19	NOTCH1_S2516	1
CDK19	NOTCH1_T2511	1
CDK19	PAK1_S174	1
CDK19	PAK1_T212	1
CDK19	PPP1CA_T331	1
CDK19	PPP1R1B_T75	1
CDK19	PSEN1_T354	1
CDK19	PTPN1_S386	1
CDK19	RAB4A_S204	1
CDK19	RB1_S249	1
CDK19	RB1_S807	1
CDK19	RB1_S811	1
CDK19	RB1_T252	1
CDK19	RB1_T373	1
CDK19	RBL2_S1044	1
CDK19	RBL2_S1068	1
CDK19	RBL2_S1080	1
CDK19	RBL2_S1112	1
CDK19	RBL2_S413	1
CDK19	RBL2_S662	1
CDK19	RBL2_S688	1
CDK19	RBL2_T1097	1
CDK19	RBL2_T417	1
CDK19	RBL2_T642	1
CDK19	RBL2_T694	1
CDK19	SRC_S75	1
CDK19	STMN1_S38	1
CDK19	SYN1_S551	1
CDK19	TP53_S33	1
CDK2	AAK1_T640	1
CDK2	AARS2_T673	1
CDK2	ABLIM1_S431	1
CDK2	ABLIM2_S294	1
CDK2	ACLY_T447	1
CDK2	ADAM17_T735	1
CDK2	ADCY9_S610	1
CDK2	ADD1_S358	1
CDK2	ADD1_S644	1
CDK2	ADD1_T645	1
CDK2	ADD3_S423	1
CDK2	ADD3_S681	1
CDK2	AFDN_T1335	1
CDK2	AFDN_T1352	1
CDK2	AFF1_S588	1
CDK2	AKAP1_T533	1
CDK2	AKIRIN2_S18	1
CDK2	AKIRIN2_S21	1
CDK2	AKT1_S477	1
CDK2	AKT1_T479	1
CDK2	AKT2_S478	1
CDK2	ALDH5A1_T181	1
CDK2	AMOT_S847	1
CDK2	AMOT_S852	1
CDK2	AMOT_S855	1
CDK2	AMOT_T848	1
CDK2	AMPH_S272	1
CDK2	AMPH_S276	1
CDK2	AMPH_S285	1
CDK2	ANAPC1_S202	1
CDK2	ANAPC1_S731	1
CDK2	ANAPC1_T530	1
CDK2	ANK2_S309	1
CDK2	ANKLE2_S528	1
CDK2	ANKRD17_S2042	1
CDK2	ANKRD17_S2044	1
CDK2	ANKRD17_S2045	1
CDK2	ANKRD17_S2401	1
CDK2	AP2A1_T653	1
CDK2	APC_S1360	1
CDK2	API5_S464	1
CDK2	ARHGAP12_T231	1
CDK2	ARHGAP19_T476	1
CDK2	ARHGAP19_T478	1
CDK2	ARID1A_S1320	1
CDK2	ARID1A_S1322	1
CDK2	ARID1A_S1755	1
CDK2	ARID1A_S363	1
CDK2	ARID1A_S696	1
CDK2	ARID1A_S772	1
CDK2	ARID4A_S1007	1
CDK2	ARID4A_S1140	1
CDK2	ARID4A_S1145	1
CDK2	ARID4A_S864	1
CDK2	ARID4A_T1124	1
CDK2	ARID4B_S943	1
CDK2	ARID4B_T936	1
CDK2	AR_S83	1
CDK2	AR_S96	1
CDK2	ATF2_T116	1
CDK2	ATM_S794	1
CDK2	ATN1_S101	1
CDK2	ATRIP_S224	1
CDK2	ATRIP_S239	1
CDK2	ATRX_S34	1
CDK2	ATXN7_S840	1
CDK2	BAG6_S1117	1
CDK2	BAP18_S106	1
CDK2	BAP18_S110	1
CDK2	BAP18_S96	1
CDK2	BARD1_S148	1
CDK2	BARD1_S251	1
CDK2	BARD1_S288	1
CDK2	BARD1_T299	1
CDK2	BAZ2A_S1183	1
CDK2	BAZ2A_S1184	1
CDK2	BAZ2A_S469	1
CDK2	BAZ2A_S509	1
CDK2	BCL2L11_S44	1
CDK2	BCL2L11_S58	1
CDK2	BCL2L11_S69	1
CDK2	BCL2L11_S73	1
CDK2	BCL2L11_T116	1
CDK2	BCL2L1_S72	1
CDK2	BCL2L1_S73	1
CDK2	BCL2_S70	1
CDK2	BCL2_S87	1
CDK2	BCL7C_T118	1
CDK2	BCL9_S687	1
CDK2	BCL9_T315	1
CDK2	BCLAF1_S148	1
CDK2	BCLAF1_S153	1
CDK2	BCLAF1_S531	1
CDK2	BCLAF1_S658	1
CDK2	BCLAF1_S757	1
CDK2	BCLAF1_T840	1
CDK2	BCR_S459	1
CDK2	BIN1_S304	1
CDK2	BIN1_T348	1
CDK2	BIRC5_T34	1
CDK2	BLM_S175	1
CDK2	BOD1L1_S2905	1
CDK2	BOD1L1_S2907	1
CDK2	BOD1L1_S2908	1
CDK2	BOD1L1_S2909	1
CDK2	BRCA1_S114	1
CDK2	BRCA1_S1201	1
CDK2	BRCA1_S1450	1
CDK2	BRCA1_S1456	1
CDK2	BRCA1_S1497	1
CDK2	BRCA1_S1518	1
CDK2	BRCA1_S314	1
CDK2	BRCA1_S353	1
CDK2	BRCA1_S355	1
CDK2	BRCA1_S393	1
CDK2	BRCA1_T671	1
CDK2	BRCA1_T926	1
CDK2	BRCA1_T967	1
CDK2	BRCA2_S3291	1
CDK2	BRCA2_T77	1
CDK2	BRD2_S298	1
CDK2	BRD2_S301	1
CDK2	BRD3_S263	1
CDK2	BRD4_S470	1
CDK2	BRMS1_S237	1
CDK2	BSN_S1481	1
CDK2	BSN_S1492	1
CDK2	BSN_S2810	1
CDK2	BTG1_S159	1
CDK2	BTRC_S412	1
CDK2	C1orf198_S37	1
CDK2	C2orf49_S193	1
CDK2	C2orf49_T197	1
CDK2	C2orf49_T198	1
CDK2	C9orf40_S67	1
CDK2	C9orf40_S69	1
CDK2	C9orf40_S71	1
CDK2	CABLES1_S273	1
CDK2	CABLES1_S313	1
CDK2	CACNA1E_S2073	1
CDK2	CALD1_S462	1
CDK2	CALD1_S724	1
CDK2	CALD1_T730	1
CDK2	CAMSAP1_S1080	1
CDK2	CASP9_T125	1
CDK2	CAST_S243	1
CDK2	CBLC_S40	1
CDK2	CC2D1A_S208	1
CDK2	CCDC6_S244	1
CDK2	CCNA2_S154	1
CDK2	CCND1_T286	1
CDK2	CCNE1_S384	1
CDK2	CCNE1_S387	1
CDK2	CCNE1_S399	1
CDK2	CCNE1_T380	1
CDK2	CCNE1_T395	1
CDK2	CCNK_S324	1
CDK2	CCNK_S329	1
CDK2	CCNO_S81	1
CDK2	CCP110_S170	1
CDK2	CCP110_S366	1
CDK2	CCP110_S372	1
CDK2	CCP110_S400	1
CDK2	CCP110_S45	1
CDK2	CCP110_S516	1
CDK2	CCP110_T194	1
CDK2	CCP110_T566	1
CDK2	CDC25A_S116	1
CDK2	CDC25A_S18	1
CDK2	CDC25A_S263	1
CDK2	CDC25A_S283	1
CDK2	CDC25C_S214	1
CDK2	CDC25C_T130	1
CDK2	CDC27_S364	1
CDK2	CDC5L_S410	1
CDK2	CDC5L_T411	1
CDK2	CDC6_S106	1
CDK2	CDC6_S54	1
CDK2	CDC6_S74	1
CDK2	CDC7_T376	1
CDK2	CDK13_S317	1
CDK2	CDK13_S383	1
CDK2	CDK16_S138	1
CDK2	CDK16_S169	1
CDK2	CDK16_S212	1
CDK2	CDK7_S164	1
CDK2	CDK7_T170	1
CDK2	CDK9_S90	1
CDK2	CDK9_T186	1
CDK2	CDK9_T29	1
CDK2	CDKN1A_S114	1
CDK2	CDKN1A_S130	1
CDK2	CDKN1A_T57	1
CDK2	CDKN1B_S10	1
CDK2	CDKN1B_T187	1
CDK2	CDKN1B_Y88	1
CDK2	CDKN1C_T310	1
CDK2	CDKN2D_S76	1
CDK2	CDKN2D_T141	1
CDK2	CDT1_S31	1
CDK2	CDT1_T29	1
CDK2	CDX2_S283	1
CDK2	CDX2_S287	1
CDK2	CDX2_S291	1
CDK2	CDX2_S295	1
CDK2	CDX2_S60	1
CDK2	CEBPB_S76	1
CDK2	CEBPB_T235	1
CDK2	CENPA_S19	1
CDK2	CENPF_S156	1
CDK2	CENPF_T154	1
CDK2	CEP43_S156	1
CDK2	CEP76_S83	1
CDK2	CHD3_S713	1
CDK2	CHD4_S1535	1
CDK2	CHD4_S1537	1
CDK2	CHD4_S531	1
CDK2	CHD4_T529	1
CDK2	CHD7_S2471	1
CDK2	CHD7_T2472	1
CDK2	CHEK1_S286	1
CDK2	CHEK1_S301	1
CDK2	CHEK1_S345	1
CDK2	CHEK1_T14	1
CDK2	CIC_S1382	1
CDK2	CIC_S585	1
CDK2	CIC_T583	1
CDK2	COIL_S184	1
CDK2	CREBBP_S2063	1
CDK2	CRMP1_T509	1
CDK2	CRMP1_T623	1
CDK2	CROCC_S1460	1
CDK2	CROCC_S763	1
CDK2	CRTC2_S433	1
CDK2	CRYAB_S19	1
CDK2	CRYAB_S45	1
CDK2	CSNK2A1_S362	1
CDK2	CSNK2A1_S370	1
CDK2	CSNK2A1_T344	1
CDK2	CSNK2A1_T360	1
CDK2	CSNK2B_S209	1
CDK2	CTDP1_S740	1
CDK2	CTNNB1_S33	1
CDK2	CTNNB1_S37	1
CDK2	CTNNB1_S45	1
CDK2	CTNNB1_T41	1
CDK2	CTTNBP2NL_S563	1
CDK2	CTTN_S368	1
CDK2	CTTN_S405	1
CDK2	CTTN_S418	1
CDK2	CUL4B_T31	1
CDK2	DAB1_S491	1
CDK2	DAB1_S515	1
CDK2	DAB2_S227	1
CDK2	DAB2_S401	1
CDK2	DAXX_S671	1
CDK2	DBNL_S283	1
CDK2	DBNL_S284	1
CDK2	DCLK1_S307	1
CDK2	DCX_T326	1
CDK2	DDIT3_S79	1
CDK2	DDX20_S714	1
CDK2	DDX3X_T204	1
CDK2	DDX42_S751	1
CDK2	DEAF1_S176	1
CDK2	DHX38_S232	1
CDK2	DHX38_S234	1
CDK2	DIAPH3_T19	1
CDK2	DLG1_S158	1
CDK2	DLG1_S443	1
CDK2	DLGAP1_S134	1
CDK2	DLGAP5_T342	1
CDK2	DLGAP5_T344	1
CDK2	DMAP1_S448	1
CDK2	DMAP1_T445	1
CDK2	DMTN_S156	1
CDK2	DMTN_S87	1
CDK2	DMTN_S92	1
CDK2	DNM1L_S616	1
CDK2	DNM1_S774	1
CDK2	DNM2_S764	1
CDK2	DNMT1_S154	1
CDK2	DPF2_S251	1
CDK2	DPF2_T176	1
CDK2	DPF2_T248	1
CDK2	DPYSL3_T621	1
CDK2	DPYSL3_T622	1
CDK2	DPYSL3_T623	1
CDK2	DTL_S428	1
CDK2	DTL_T429	1
CDK2	DTL_T464	1
CDK2	DUT_S99	1
CDK2	DYNC1LI1_S516	1
CDK2	DYNC1LI1_T513	1
CDK2	DYNC1LI2_S194	1
CDK2	E2F1_S337	1
CDK2	E2F1_S375	1
CDK2	E2F5_T261	1
CDK2	EEF2_S595	1
CDK2	EEF2_T435	1
CDK2	EFHD2_S74	1
CDK2	EFHD2_S76	1
CDK2	EGFR_S1026	1
CDK2	EGLN2_S130	1
CDK2	EIF2A_S517	1
CDK2	EIF2A_T518	1
CDK2	EIF2B5_S544	1
CDK2	EIF3B_S85	1
CDK2	EIF3C_T524	1
CDK2	EIF4A3_T163	1
CDK2	EIF4B_S504	1
CDK2	EIF4B_S93	1
CDK2	EIF4ENIF1_S586	1
CDK2	EIF4G1_T647	1
CDK2	EIF4G1_T654	1
CDK2	EIF4G2_T508	1
CDK2	EIF5B_S1168	1
CDK2	ELAVL1_S202	1
CDK2	ELF4_S648	1
CDK2	ELF4_T643	1
CDK2	ELK1_S383	1
CDK2	ELK1_S389	1
CDK2	ELK3_S363	1
CDK2	ELK4_S387	1
CDK2	ELK4_T194	1
CDK2	EML3_S883	1
CDK2	EML3_T881	1
CDK2	EPB41L1_S546	1
CDK2	EPB41L3_S960	1
CDK2	EPB41L3_S962	1
CDK2	EPB41L3_T466	1
CDK2	EPB41L3_T467	1
CDK2	ERAL1_S173	1
CDK2	ERCC5_S341	1
CDK2	ERCC5_S526	1
CDK2	ERCC5_T338	1
CDK2	ERCC6_S158	1
CDK2	ESR1_S104	1
CDK2	ESR1_S106	1
CDK2	ESR1_S118	1
CDK2	ESR1_S294	1
CDK2	ESR1_S341	1
CDK2	ETAA1_S111	1
CDK2	ETAA1_S95	1
CDK2	ETS2_T72	1
CDK2	EYA3_S266	1
CDK2	EYA3_S271	1
CDK2	EYA3_T268	1
CDK2	EYA3_T269	1
CDK2	EZH2_T345	1
CDK2	EZH2_T350	1
CDK2	EZH2_T416	1
CDK2	EZH2_T487	1
CDK2	FAM168B_T57	1
CDK2	FBXO4_S12	1
CDK2	FEN1_S187	1
CDK2	FOSL2_S200	1
CDK2	FOS_T331	1
CDK2	FOXC1_T68	1
CDK2	FOXK2_S373	1
CDK2	FOXK2_S428	1
CDK2	FOXM1_T596	1
CDK2	FOXM1_T611	1
CDK2	FOXM1_T649	1
CDK2	FOXO1_S249	1
CDK2	FOXO1_S298	1
CDK2	FOXP3_S19	1
CDK2	FZR1_S151	1
CDK2	FZR1_S163	1
CDK2	FZR1_S40	1
CDK2	FZR1_T121	1
CDK2	GATA3_T156	1
CDK2	GATAD2A_S598	1
CDK2	GATAD2A_S600	1
CDK2	GIGYF2_S30	1
CDK2	GIGYF2_S593	1
CDK2	GIGYF2_S614	1
CDK2	GJC2_S372	1
CDK2	GMPS_S313	1
CDK2	GMPS_T318	1
CDK2	GORASP2_T225	1
CDK2	GRIN2A_S1232	1
CDK2	GRK2_S670	1
CDK2	GTF2F1_T389	1
CDK2	GTF2F1_T445	1
CDK2	GTF2F1_T446	1
CDK2	GTF2I_T556	1
CDK2	GTF2I_T558	1
CDK2	GTF3C1_S1653	1
CDK2	H1-10_S31	1
CDK2	H1-1_T152	1
CDK2	H1-4_T146	1
CDK2	H1-4_T18	1
CDK2	HCG22_T138	1
CDK2	HDAC6_S22	1
CDK2	HIRA_S584	1
CDK2	HIRA_S687	1
CDK2	HIRA_T555	1
CDK2	HIRA_T583	1
CDK2	HIRA_T586	1
CDK2	HIRA_T588	1
CDK2	HIRIP3_S125	1
CDK2	HMGA1_S36	1
CDK2	HMGA1_T77	1
CDK2	HMGN5_T31	1
CDK2	HNRNPD_T193	1
CDK2	HNRNPH1_S104	1
CDK2	HNRNPH2_S104	1
CDK2	HNRNPK_S216	1
CDK2	HNRNPK_S284	1
CDK2	HNRNPUL1_S716	1
CDK2	HNRNPUL1_S718	1
CDK2	HSF1_S303	1
CDK2	HSF1_S307	1
CDK2	HSF1_S363	1
CDK2	ID2_S5	1
CDK2	ID3_S5	1
CDK2	IDH1_T157	1
CDK2	IDH2_T197	1
CDK2	IFI16_S153	1
CDK2	ILF3_S382	1
CDK2	ILF3_S384	1
CDK2	ILF3_T363	1
CDK2	ILF3_T364	1
CDK2	ILF3_T368	1
CDK2	ILRUN_S215	1
CDK2	IMPDH2_S122	1
CDK2	INCA1_S191	1
CDK2	INCA1_S23	1
CDK2	INCA1_T182	1
CDK2	ING5_T152	1
CDK2	INO80E_S154	1
CDK2	IREB2_S157	1
CDK2	IRF2BPL_S659	1
CDK2	IRF2BPL_S662	1
CDK2	IRS1_S312	1
CDK2	IRS2_S1203	1
CDK2	IRS2_S915	1
CDK2	ITGB3BP_S33	1
CDK2	ITGB3BP_S46	1
CDK2	ITGB3BP_S72	1
CDK2	ITGB3BP_S85	1
CDK2	JADE3_S85	1
CDK2	JPH1_S452	1
CDK2	JPT2_S97	1
CDK2	JUN_T239	1
CDK2	JUN_T93	1
CDK2	KAT7_T88	1
CDK2	KCNAB2_S31	1
CDK2	KDM2A_T550	1
CDK2	KDM5C_S1359	1
CDK2	KHDRBS1_S58	1
CDK2	KHDRBS1_T84	1
CDK2	KIF11_T926	1
CDK2	KIF22_S462	1
CDK2	KIF22_T463	1
CDK2	KLF10_S206	1
CDK2	KMT2A_S2866	1
CDK2	KMT2D_T5374	1
CDK2	LARP1_S697	1
CDK2	LARP1_S774	1
CDK2	LARP1_T226	1
CDK2	LARP1_T303	1
CDK2	LARP1_T572	1
CDK2	LARP1_T649	1
CDK2	LBR_S84	1
CDK2	LIG1_S51	1
CDK2	LIG1_S76	1
CDK2	LIG1_S91	1
CDK2	LIG1_T195	1
CDK2	LIG1_T197	1
CDK2	LIG1_T233	1
CDK2	LIG3_S210	1
CDK2	LIG3_S913	1
CDK2	LIG3_T191	1
CDK2	LMNA_S22	1
CDK2	LMNA_T19	1
CDK2	LMNB1_S23	1
CDK2	LMNB1_S393	1
CDK2	LMNB2_S37	1
CDK2	LMNB2_T39	1
CDK2	LMO7_S1026	1
CDK2	LMO7_S960	1
CDK2	LMO7_S988	1
CDK2	LMO7_S991	1
CDK2	LMO7_T1048	1
CDK2	LRCH3_S419	1
CDK2	LRWD1_S243	1
CDK2	LRWD1_S245	1
CDK2	MACF1_T5255	1
CDK2	MACF1_T7213	1
CDK2	MAD1L1_S428	1
CDK2	MAP1B_S1247	1
CDK2	MAP1B_S1438	1
CDK2	MAP2K1_T286	1
CDK2	MAP2_S1539	1
CDK2	MAP2_T1609	1
CDK2	MAP4K1_S368	1
CDK2	MAPK12_S3	1
CDK2	MAPK4_S196	1
CDK2	MAPK8IP1_S197	1
CDK2	MAPK8IP1_S29	1
CDK2	MAPK8IP1_T284	1
CDK2	MAPKAPK2_T25	1
CDK2	MAPT_S202	1
CDK2	MAPT_S512	1
CDK2	MAPT_S530	1
CDK2	MAPT_S537	1
CDK2	MAPT_S570	1
CDK2	MAPT_S731	1
CDK2	MAPT_S739	1
CDK2	MAPT_T205	1
CDK2	MAPT_T231	1
CDK2	MAPT_T522	1
CDK2	MAPT_T540	1
CDK2	MAPT_T547	1
CDK2	MAPT_T552	1
CDK2	MAPT_T566	1
CDK2	MAPT_T708	1
CDK2	MARCKS_S118	1
CDK2	MARCKS_S131	1
CDK2	MARCKS_S132	1
CDK2	MARCKS_S134	1
CDK2	MARCKS_S135	1
CDK2	MARCKS_S147	1
CDK2	MARCKS_S26	1
CDK2	MARCKS_S27	1
CDK2	MARCKS_T133	1
CDK2	MARCKS_T150	1
CDK2	MARK1_S403	1
CDK2	MASTL_T194	1
CDK2	MCL1_S121	1
CDK2	MCL1_S64	1
CDK2	MCL1_T163	1
CDK2	MCL1_T70	1
CDK2	MCL1_T92	1
CDK2	MCM2_S108	1
CDK2	MCM2_S13	1
CDK2	MCM2_S139	1
CDK2	MCM2_S27	1
CDK2	MCM2_S40	1
CDK2	MCM2_S41	1
CDK2	MCM2_S53	1
CDK2	MCM3AP_S508	1
CDK2	MCM3_T722	1
CDK2	MCM3_T767	1
CDK2	MCM4_S3	1
CDK2	MCM4_S32	1
CDK2	MCM4_S54	1
CDK2	MCM4_T110	1
CDK2	MCM4_T19	1
CDK2	MCM4_T53	1
CDK2	MCM4_T7	1
CDK2	MCM7_S121	1
CDK2	MCM7_S365	1
CDK2	MDC1_S1068	1
CDK2	MDC1_T1630	1
CDK2	MDC1_T341	1
CDK2	MDM2_T216	1
CDK2	MECOM_S436	1
CDK2	MECP2_S80	1
CDK2	MED1_S1207	1
CDK2	MED1_T1051	1
CDK2	MED1_T1215	1
CDK2	MEF2D_S180	1
CDK2	MGMT_S201	1
CDK2	MICALL1_S470	1
CDK2	MICALL1_S471	1
CDK2	MICALL1_S619	1
CDK2	MICALL1_S620	1
CDK2	MICALL1_S621	1
CDK2	MICALL1_T469	1
CDK2	MIR9-1HG_S60	1
CDK2	MKI67_S1376	1
CDK2	MKI67_S357	1
CDK2	MKNK2_T244	1
CDK2	MKNK2_T249	1
CDK2	MRPS18B_S49	1
CDK2	MRTFA_T573	1
CDK2	MSH6_S830	1
CDK2	MSL3_S400	1
CDK2	MTA1_S522	1
CDK2	MTA1_S576	1
CDK2	MTA2_S435	1
CDK2	MTA2_S440	1
CDK2	MTA2_T438	1
CDK2	MTA2_T439	1
CDK2	MTHFD1L_S357	1
CDK2	MYBL2_S283	1
CDK2	MYBL2_S393	1
CDK2	MYBL2_S452	1
CDK2	MYBL2_S577	1
CDK2	MYBL2_S581	1
CDK2	MYBL2_T266	1
CDK2	MYBL2_T405	1
CDK2	MYBL2_T440	1
CDK2	MYBL2_T444	1
CDK2	MYBL2_T487	1
CDK2	MYBL2_T494	1
CDK2	MYBL2_T515	1
CDK2	MYBL2_T518	1
CDK2	MYBL2_T520	1
CDK2	MYCN_S62	1
CDK2	MYCN_T58	1
CDK2	MYC_S62	1
CDK2	MYOD1_S200	1
CDK2	MYOD1_S201	1
CDK2	NBN_S432	1
CDK2	NCAPH_T49	1
CDK2	NCF1_S345	1
CDK2	NCK2_T92	1
CDK2	NCL_S67	1
CDK2	NCL_T121	1
CDK2	NCL_T76	1
CDK2	NCOA1_S1006	1
CDK2	NCOA1_S1033	1
CDK2	NCOA1_S1185	1
CDK2	NCOA1_S1250	1
CDK2	NCOA1_S1279	1
CDK2	NCOA1_S22	1
CDK2	NCOA1_S325	1
CDK2	NCOA1_S395	1
CDK2	NCOA1_S488	1
CDK2	NCOA1_S569	1
CDK2	NCOA1_S997	1
CDK2	NCOA1_T1026	1
CDK2	NCOA1_T1179	1
CDK2	NCOA1_T1271	1
CDK2	NCOA1_T1426	1
CDK2	NCOA1_T789	1
CDK2	NCOA1_T979	1
CDK2	NCOR1_S158	1
CDK2	NCOR1_S172	1
CDK2	NCOR1_S1977	1
CDK2	NCOR1_S2120	1
CDK2	NCOR1_S2184	1
CDK2	NDE1_T228	1
CDK2	NDEL1_S198	1
CDK2	NDEL1_T245	1
CDK2	NEFH_S769	1
CDK2	NELFA_T157	1
CDK2	NES_T1299	1
CDK2	NES_T315	1
CDK2	NEUROD1_S259	1
CDK2	NFATC2_S223	1
CDK2	NFATC2_S330	1
CDK2	NFATC2_S99	1
CDK2	NFATC3_S211	1
CDK2	NFATC3_S215	1
CDK2	NFATC4_S259	1
CDK2	NFIC_S333	1
CDK2	NFIC_S339	1
CDK2	NFYA_S291	1
CDK2	NFYA_S297	1
CDK2	NFYA_S320	1
CDK2	NFYA_S326	1
CDK2	NOB1_T121	1
CDK2	NOLC1_S623	1
CDK2	NOSIP_S166	1
CDK2	NOSIP_T168	1
CDK2	NOTCH2_S2070	1
CDK2	NPAT_S1100	1
CDK2	NPAT_S775	1
CDK2	NPAT_S779	1
CDK2	NPAT_T1270	1
CDK2	NPAT_T1350	1
CDK2	NPM1_S125	1
CDK2	NPM1_S70	1
CDK2	NPM1_T199	1
CDK2	NPM1_T234	1
CDK2	NR1D1_S23	1
CDK2	NR1I2_S114	1
CDK2	NR1I2_S153	1
CDK2	NR1I2_S167	1
CDK2	NR1I2_S200	1
CDK2	NR1I2_S206	1
CDK2	NR1I2_S239	1
CDK2	NR1I2_S350	1
CDK2	NR1I2_S389	1
CDK2	NR1I2_T133	1
CDK2	NR1I2_T135	1
CDK2	NR1I2_T172	1
CDK2	NR1I2_T174	1
CDK2	NR3C1_S203	1
CDK2	NR3C1_S211	1
CDK2	NRF1_S102	1
CDK2	NRF1_S136	1
CDK2	NSUN5_S327	1
CDK2	NUCKS1_S181	1
CDK2	NUDC_S136	1
CDK2	NUDC_S139	1
CDK2	NUFIP2_T219	1
CDK2	NUFIP2_T220	1
CDK2	NUMA1_T1776	1
CDK2	NUP107_S10	1
CDK2	NUP107_S11	1
CDK2	NUP133_S27	1
CDK2	NUP133_S50	1
CDK2	NUP133_T28	1
CDK2	NUP153_S386	1
CDK2	NUP153_T388	1
CDK2	NUP98_S595	1
CDK2	NUP98_S612	1
CDK2	ORC1_S258	1
CDK2	ORC1_S273	1
CDK2	ORC1_T375	1
CDK2	ORC2_T116	1
CDK2	ORC2_T226	1
CDK2	PA2G4_S34	1
CDK2	PABIR1_S143	1
CDK2	PAICS_S27	1
CDK2	PAK1_S220	1
CDK2	PAK1_T212	1
CDK2	PARP10_T101	1
CDK2	PAXBP1_S62	1
CDK2	PBRM1_S25	1
CDK2	PBRM1_S27	1
CDK2	PBRM1_S32	1
CDK2	PBRM1_T28	1
CDK2	PCBP1_S190	1
CDK2	PCIF1_S144	1
CDK2	PCYT1A_S315	1
CDK2	PCYT1A_S329	1
CDK2	PCYT1A_S343	1
CDK2	PCYT1B_S315	1
CDK2	PCYT1B_S319	1
CDK2	PDS5B_S1369	1
CDK2	PDS5B_T1370	1
CDK2	PELP1_S477	1
CDK2	PELP1_S991	1
CDK2	PGR_S162	1
CDK2	PGR_S190	1
CDK2	PGR_S20	1
CDK2	PGR_S213	1
CDK2	PGR_S25	1
CDK2	PGR_S294	1
CDK2	PGR_S400	1
CDK2	PGR_S554	1
CDK2	PGR_S676	1
CDK2	PGR_T430	1
CDK2	PHF6_S154	1
CDK2	PHF6_S155	1
CDK2	PHF8_S880	1
CDK2	PKP4_S1049	1
CDK2	PKP4_S336	1
CDK2	PLA2G4A_S505	1
CDK2	PLCB1_S982	1
CDK2	PLEC_S720	1
CDK2	PML_S518	1
CDK2	POLA1_S209	1
CDK2	POLH_S687	1
CDK2	POLL_S167	1
CDK2	POLL_S177	1
CDK2	POLL_S230	1
CDK2	POLL_T553	1
CDK2	POLM_S372	1
CDK2	POLR2A_S1882	1
CDK2	POLR2A_S1917	1
CDK2	POLR2A_S1934	1
CDK2	POLR2A_T1884	1
CDK2	POLR2A_T1885	1
CDK2	POLR2A_T1915	1
CDK2	POP1_S730	1
CDK2	POU2F1_S292	1
CDK2	POU2F1_T293	1
CDK2	POU5F1_S12	1
CDK2	PPARA_S12	1
CDK2	PPARGC1A_S266	1
CDK2	PPARGC1A_T263	1
CDK2	PPFIA1_S693	1
CDK2	PPIG_T358	1
CDK2	PPP1CA_T320	1
CDK2	PPP1CA_T331	1
CDK2	PPP1CB_T316	1
CDK2	PPP1R12C_S509	1
CDK2	PPP1R1B_T34	1
CDK2	PPP1R1B_T75	1
CDK2	PPP1R35_S45	1
CDK2	PPP1R35_S47	1
CDK2	PPP1R35_S52	1
CDK2	PRC1_T470	1
CDK2	PRC1_T481	1
CDK2	PRDX1_T90	1
CDK2	PRICKLE3_S502	1
CDK2	PRKAR1A_S83	1
CDK2	PRKAR1A_T209	1
CDK2	PRPF31_S445	1
CDK2	PRPF31_S446	1
CDK2	PRPF31_S450	1
CDK2	PRPF31_S451	1
CDK2	PRPF31_T455	1
CDK2	PRPF3_T167	1
CDK2	PRPF4B_S387	1
CDK2	PRPF4B_S431	1
CDK2	PRPF4B_S437	1
CDK2	PRPF4B_S569	1
CDK2	PRRC2A_S1219	1
CDK2	PRRC2A_T1353	1
CDK2	PRRC2A_T610	1
CDK2	PSEN1_T354	1
CDK2	PSMA5_S56	1
CDK2	PSMD1_T311	1
CDK2	PTHLH_T108	1
CDK2	PTHLH_T121	1
CDK2	PTPN12_S19	1
CDK2	PTPN1_S386	1
CDK2	PTPN2_S304	1
CDK2	PTPN6_S591	1
CDK2	PTTG1_S165	1
CDK2	PUM2_S182	1
CDK2	PYCR1_S301	1
CDK2	PYCR1_S303	1
CDK2	PYCR2_S303	1
CDK2	PYCR2_S304	1
CDK2	PYCR2_T301	1
CDK2	QTRT1_S139	1
CDK2	RAB4A_S204	1
CDK2	RAD18_S99	1
CDK2	RAD54L_S49	1
CDK2	RAD54L_T31	1
CDK2	RAD9A_S328	1
CDK2	RAG2_T490	1
CDK2	RALY_S135	1
CDK2	RANBP2_S21	1
CDK2	RANBP2_S2280	1
CDK2	RANBP2_S2510	1
CDK2	RANGAP1_S442	1
CDK2	RANGAP1_T409	1
CDK2	RAP1GAP_S484	1
CDK2	RAPGEF6_S1494	1
CDK2	RB1_S230	1
CDK2	RB1_S249	1
CDK2	RB1_S567	1
CDK2	RB1_S608	1
CDK2	RB1_S612	1
CDK2	RB1_S780	1
CDK2	RB1_S795	1
CDK2	RB1_S807	1
CDK2	RB1_S811	1
CDK2	RB1_T252	1
CDK2	RB1_T356	1
CDK2	RB1_T373	1
CDK2	RB1_T821	1
CDK2	RB1_T826	1
CDK2	RBBP6_S1277	1
CDK2	RBBP6_S730	1
CDK2	RBBP8_S276	1
CDK2	RBBP8_S327	1
CDK2	RBBP8_T315	1
CDK2	RBBP8_T847	1
CDK2	RBL1_S1009	1
CDK2	RBL1_S1041	1
CDK2	RBL1_S615	1
CDK2	RBL1_S640	1
CDK2	RBL1_S650	1
CDK2	RBL1_S749	1
CDK2	RBL1_S762	1
CDK2	RBL1_S964	1
CDK2	RBL1_S975	1
CDK2	RBL1_S988	1
CDK2	RBL1_T332	1
CDK2	RBL1_T369	1
CDK2	RBL1_T385	1
CDK2	RBL1_T997	1
CDK2	RBL2_S1035	1
CDK2	RBL2_S1044	1
CDK2	RBL2_S1068	1
CDK2	RBL2_S1080	1
CDK2	RBL2_S1112	1
CDK2	RBL2_S413	1
CDK2	RBL2_S639	1
CDK2	RBL2_S662	1
CDK2	RBL2_S672	1
CDK2	RBL2_S688	1
CDK2	RBL2_S952	1
CDK2	RBL2_S966	1
CDK2	RBL2_S973	1
CDK2	RBL2_S982	1
CDK2	RBL2_T1097	1
CDK2	RBL2_T401	1
CDK2	RBL2_T417	1
CDK2	RBL2_T642	1
CDK2	RBL2_T694	1
CDK2	RBL2_T986	1
CDK2	RBM14_T206	1
CDK2	RBM27_S798	1
CDK2	RBM27_T796	1
CDK2	RBM39_S136	1
CDK2	RBMX_S208	1
CDK2	RCAN1_S112	1
CDK2	RECQL4_S251	1
CDK2	RECQL4_S89	1
CDK2	REST_S864	1
CDK2	RIMS1_S895	1
CDK2	RIMS1_S999	1
CDK2	RNF4_T112	1
CDK2	RNF4_T26	1
CDK2	RPA2_S23	1
CDK2	RPA2_S29	1
CDK2	RPA2_S33	1
CDK2	RPL11_T47	1
CDK2	RPL12_S38	1
CDK2	RPS27L_S27	1
CDK2	RPS27_S27	1
CDK2	RPS3_T221	1
CDK2	RPS3_T236	1
CDK2	RPS3_T237	1
CDK2	RPS6KA1_S363	1
CDK2	RPS6KA1_T359	1
CDK2	RPS6KA4_S343	1
CDK2	RPS6KA4_S347	1
CDK2	RPS6KB1_S434	1
CDK2	RPS6KB1_S447	1
CDK2	RPS6KB1_T390	1
CDK2	RRBP1_S615	1
CDK2	RREB1_S36	1
CDK2	RRM1_S559	1
CDK2	RRM2_S20	1
CDK2	RRM2_S80	1
CDK2	RRM2_T33	1
CDK2	RRN3_S44	1
CDK2	RUNX1_S21	1
CDK2	RUNX1_S249	1
CDK2	RUNX1_S266	1
CDK2	RUNX1_S276	1
CDK2	RUNX1_S293	1
CDK2	RUNX1_S303	1
CDK2	RUNX1_T14	1
CDK2	RUNX1_T273	1
CDK2	RUNX1_T300	1
CDK2	RXRA_S260	1
CDK2	SAMHD1_T592	1
CDK2	SAP30_S138	1
CDK2	SART1_T392	1
CDK2	SCAF4_S154	1
CDK2	SCML2_S267	1
CDK2	SCML2_S499	1
CDK2	SCML2_S511	1
CDK2	SCML2_S590	1
CDK2	SCML2_T305	1
CDK2	SEC24B_S1224	1
CDK2	SEPTIN5_S327	1
CDK2	SETDB1_S1066	1
CDK2	SF1_S80	1
CDK2	SF1_S82	1
CDK2	SF3B1_S259	1
CDK2	SF3B1_T142	1
CDK2	SF3B1_T211	1
CDK2	SF3B1_T244	1
CDK2	SF3B1_T248	1
CDK2	SF3B1_T261	1
CDK2	SF3B1_T267	1
CDK2	SF3B1_T313	1
CDK2	SF3B1_T354	1
CDK2	SF3B1_T426	1
CDK2	SF3B1_T432	1
CDK2	SF3B1_T434	1
CDK2	SF3B1_T436	1
CDK2	SGK1_S78	1
CDK2	SH3KBP1_S587	1
CDK2	SIN3A_S1112	1
CDK2	SIN3A_S860	1
CDK2	SIPA1_S67	1
CDK2	SIRT1_S47	1
CDK2	SIRT2_S331	1
CDK2	SIRT2_S368	1
CDK2	SKP2_S64	1
CDK2	SKP2_S72	1
CDK2	SLAIN2_S48	1
CDK2	SLBP_T62	1
CDK2	SLC9A1_S723	1
CDK2	SLCO4A1_S40	1
CDK2	SMAD2_S245	1
CDK2	SMAD2_S250	1
CDK2	SMAD2_S255	1
CDK2	SMAD2_T220	1
CDK2	SMAD2_T8	1
CDK2	SMAD3_S204	1
CDK2	SMAD3_S208	1
CDK2	SMAD3_S213	1
CDK2	SMAD3_T179	1
CDK2	SMAD3_T8	1
CDK2	SMAD4_T277	1
CDK2	SMARCA5_S66	1
CDK2	SMARCAD1_T54	1
CDK2	SMARCC1_S330	1
CDK2	SMC4_S22	1
CDK2	SNAI2_S104	1
CDK2	SNAI2_S54	1
CDK2	SNAPIN_S133	1
CDK2	SNRNP70_S226	1
CDK2	SNW1_S224	1
CDK2	SNW1_S232	1
CDK2	SNW1_S234	1
CDK2	SORBS3_S563	1
CDK2	SORBS3_T562	1
CDK2	SOS1_S1210	1
CDK2	SOX2_S249	1
CDK2	SOX2_S250	1
CDK2	SOX2_S251	1
CDK2	SOX2_S37	1
CDK2	SP1_S59	1
CDK2	SPAG9_T1264	1
CDK2	SPAG9_T586	1
CDK2	SPDL1_S513	1
CDK2	SPDL1_S515	1
CDK2	SPTBN1_S2102	1
CDK2	SPTBN1_S2169	1
CDK2	SQSTM1_S272	1
CDK2	SRC_S75	1
CDK2	SRRM1_S696	1
CDK2	SRRM1_S707	1
CDK2	SRRM1_S769	1
CDK2	SRRM1_S773	1
CDK2	SRRM1_S775	1
CDK2	SRRM2_S1073	1
CDK2	SRRM2_S1083	1
CDK2	SRRM2_S1103	1
CDK2	SRRM2_S1179	1
CDK2	SRRM2_S1499	1
CDK2	SRRM2_S1713	1
CDK2	SRRM2_S1727	1
CDK2	SRRM2_S1831	1
CDK2	SRRM2_S2046	1
CDK2	SRRM2_S2071	1
CDK2	SRRM2_S2272	1
CDK2	SRRM2_S2382	1
CDK2	SRRM2_S2398	1
CDK2	SRRM2_S2426	1
CDK2	SRRM2_S2449	1
CDK2	SRRM2_S2581	1
CDK2	SRRM2_S2694	1
CDK2	SRRM2_S351	1
CDK2	SRRM2_S353	1
CDK2	SRRM2_S377	1
CDK2	SRRM2_S398	1
CDK2	SRRM2_S424	1
CDK2	SRRM2_S802	1
CDK2	SRRM2_S908	1
CDK2	SRRM2_S914	1
CDK2	SRRM2_S924	1
CDK2	SRRM2_S937	1
CDK2	SRRM2_S954	1
CDK2	SRRM2_S994	1
CDK2	SRRM2_T1003	1
CDK2	SRRM2_T1453	1
CDK2	SRRM2_T1844	1
CDK2	SRRM2_T1880	1
CDK2	SRRM2_T1962	1
CDK2	SRRM2_T2092	1
CDK2	SRRM2_T2104	1
CDK2	SRRM2_T2409	1
CDK2	SRRM2_T252	1
CDK2	SRRM2_T367	1
CDK2	SRRM2_T384	1
CDK2	SRRM2_T866	1
CDK2	SRRM2_T903	1
CDK2	SRRT_T543	1
CDK2	SRSF11_S207	1
CDK2	SRSF11_S209	1
CDK2	SRSF2_S190	1
CDK2	SRSF6_S316	1
CDK2	SRSF7_S192	1
CDK2	SRSF7_S227	1
CDK2	SRSF7_S233	1
CDK2	SRSF9_S216	1
CDK2	STAT3_S727	1
CDK2	STAT5B_S731	1
CDK2	STMN1_S25	1
CDK2	STMN1_S38	1
CDK2	STMN2_S73	1
CDK2	STX7_T78	1
CDK2	STXBP1_T574	1
CDK2	SUDS3_S234	1
CDK2	SUDS3_S236	1
CDK2	SUDS3_S237	1
CDK2	SUDS3_T244	1
CDK2	SUPT5H_S666	1
CDK2	SUPT5H_T775	1
CDK2	SUPT5H_T791	1
CDK2	SUPT6H_T1523	1
CDK2	SUV39H1_S391	1
CDK2	SYAP1_T248	1
CDK2	SYN1_S427	1
CDK2	SYN1_S438	1
CDK2	SYN1_S551	1
CDK2	SYN1_S553	1
CDK2	SYN1_S67	1
CDK2	TACC3_S434	1
CDK2	TAL2_S100	1
CDK2	TANC1_S1564	1
CDK2	TBCE_S495	1
CDK2	TCF3_S139	1
CDK2	TCF3_S245	1
CDK2	TCF3_T355	1
CDK2	TCOF1_S582	1
CDK2	TCOF1_S583	1
CDK2	TCOF1_S982	1
CDK2	TCOF1_T983	1
CDK2	TERF2IP_S203	1
CDK2	TERF2_S365	1
CDK2	TFAM_S124	1
CDK2	TFAM_T122	1
CDK2	TFAP4_S124	1
CDK2	TFCP2_S289	1
CDK2	TFCP2_S291	1
CDK2	TFCP2_S309	1
CDK2	TFCP2_T258	1
CDK2	THRAP3_S320	1
CDK2	THRAP3_S682	1
CDK2	THRAP3_T874	1
CDK2	TICRR_S1001	1
CDK2	TICRR_T969	1
CDK2	TJP2_S174	1
CDK2	TJP2_S266	1
CDK2	TJP2_S296	1
CDK2	TK1_S13	1
CDK2	TLE3_S263	1
CDK2	TLE3_S286	1
CDK2	TLK1_S159	1
CDK2	TLK2_S99	1
CDK2	TNKS1BP1_S435	1
CDK2	TNKS1BP1_S437	1
CDK2	TNKS1BP1_S691	1
CDK2	TOB2_S254	1
CDK2	TOPBP1_T848	1
CDK2	TOPORS_S98	1
CDK2	TOR1AIP1_S143	1
CDK2	TP53BP1_S1114	1
CDK2	TP53BP1_S380	1
CDK2	TP53BP1_T1614	1
CDK2	TP53BP1_T1617	1
CDK2	TP53BP1_T1638	1
CDK2	TP53_S313	1
CDK2	TP53_S314	1
CDK2	TP53_S315	1
CDK2	TP53_S33	1
CDK2	TP53_S392	1
CDK2	TP63_S477	1
CDK2	TP63_S560	1
CDK2	TP63_T491	1
CDK2	TP73_T86	1
CDK2	TPD52L2_S206	1
CDK2	TPR_S1676	1
CDK2	TPR_S1679	1
CDK2	TPR_T1677	1
CDK2	TPX2_T72	1
CDK2	TRA2B_S264	1
CDK2	TSC1_T417	1
CDK2	TSPYL2_S20	1
CDK2	TSPYL2_T340	1
CDK2	TSR1_T490	1
CDK2	TTK_S436	1
CDK2	TTK_T453	1
CDK2	TTK_T468	1
CDK2	TUBG1_S80	1
CDK2	TUBG2_S80	1
CDK2	UBE2A_S120	1
CDK2	UBE2A_S45	1
CDK2	UBE2A_S90	1
CDK2	UBE2E3_S12	1
CDK2	UBE2O_S836	1
CDK2	UBE2R2_S233	1
CDK2	UBE4B_S31	1
CDK2	UBTF_S389	1
CDK2	UBTF_S484	1
CDK2	UBTF_T201	1
CDK2	UBXN1_S199	1
CDK2	UBXN1_S200	1
CDK2	UBXN1_S202	1
CDK2	UHRF1_S661	1
CDK2	UHRF1_S674	1
CDK2	UNG_S12	1
CDK2	UNG_S23	1
CDK2	UNG_S64	1
CDK2	UNG_T60	1
CDK2	USP37_S628	1
CDK2	USP5_T623	1
CDK2	USP6NL_S585	1
CDK2	VIM_S55	1
CDK2	VIM_S56	1
CDK2	VIPAS39_S130	1
CDK2	VIPAS39_T132	1
CDK2	WEE1_S123	1
CDK2	WRN_S1133	1
CDK2	WRN_S426	1
CDK2	WTAP_S306	1
CDK2	XRCC1_S226	1
CDK2	XRCC1_S229	1
CDK2	XRCC4_T233	1
CDK2	XRCC6_T455	1
CDK2	XRN2_S448	1
CDK2	YBX3_S34	1
CDK2	ZBTB16_S197	1
CDK2	ZBTB16_T282	1
CDK2	ZC3H11A_T321	1
CDK2	ZC3H18_S613	1
CDK2	ZC3H18_S618	1
CDK2	ZC3H18_S795	1
CDK2	ZC3H18_T796	1
CDK2	ZC3HAV1_S378	1
CDK2	ZC3HC1_S394	1
CDK2	ZC3HC1_S395	1
CDK2	ZHX1_T568	1
CDK2	ZHX3_S946	1
CDK2	ZMYM2_S838	1
CDK2	ZMYM3_T817	1
CDK2	ZMYM3_T826	1
CDK2	ZMYND8_S490	1
CDK2	ZMYND8_S547	1
CDK2	ZNF217_S407	1
CDK2	ZNF217_S795	1
CDK2	ZNF609_T722	1
CDK2	ZYX_S303	1
CDK2	ZYX_S308	1
CDK2	ZYX_T306	1
CDK20	AMPH_S272	1
CDK20	AMPH_S276	1
CDK20	AMPH_S285	1
CDK20	CDK16_S169	1
CDK20	CDK2_T160	1
CDK20	CILK1_T157	1
CDK20	CSNK2A1_S362	1
CDK20	CSNK2A1_S370	1
CDK20	CSNK2A1_T344	1
CDK20	CSNK2A1_T360	1
CDK20	CSNK2B_S209	1
CDK20	DAB1_S491	1
CDK20	DAB1_S515	1
CDK20	ESR1_S104	1
CDK20	ESR1_S106	1
CDK20	FZR1_S151	1
CDK20	FZR1_S163	1
CDK20	GRIN2A_S1232	1
CDK20	KIF11_T926	1
CDK20	LMNA_S22	1
CDK20	LMNA_T19	1
CDK20	LMNB1_S23	1
CDK20	LMNB1_S393	1
CDK20	MAP2K1_T286	1
CDK20	MAPT_S537	1
CDK20	MAPT_S570	1
CDK20	MAPT_S731	1
CDK20	MAPT_S739	1
CDK20	MAPT_T540	1
CDK20	MAPT_T547	1
CDK20	MAPT_T552	1
CDK20	MAPT_T566	1
CDK20	MAPT_T708	1
CDK20	MIR9-1HG_S60	1
CDK20	MYOD1_S201	1
CDK20	NES_T1299	1
CDK20	NES_T315	1
CDK20	PAK1_T212	1
CDK20	PPP1CA_T331	1
CDK20	PPP1R1B_T75	1
CDK20	PSEN1_T354	1
CDK20	PTPN1_S386	1
CDK20	RAB4A_S204	1
CDK20	RB1_S249	1
CDK20	RB1_S807	1
CDK20	RB1_S811	1
CDK20	RB1_T252	1
CDK20	RB1_T373	1
CDK20	RBL2_S1044	1
CDK20	RBL2_S1068	1
CDK20	RBL2_S1080	1
CDK20	RBL2_S1112	1
CDK20	RBL2_S413	1
CDK20	RBL2_S662	1
CDK20	RBL2_S688	1
CDK20	RBL2_T1097	1
CDK20	RBL2_T417	1
CDK20	RBL2_T642	1
CDK20	RBL2_T694	1
CDK20	SRC_S75	1
CDK20	STMN1_S38	1
CDK20	SYN1_S551	1
CDK20	TP53_S33	1
CDK3	AMPH_S272	1
CDK3	AMPH_S276	1
CDK3	AMPH_S285	1
CDK3	ATF1_S63	1
CDK3	CAAP1_S312	1
CDK3	CABLES1_S273	1
CDK3	CABLES1_S313	1
CDK3	CABLES1_S48	1
CDK3	CDK16_S169	1
CDK3	CDK2_T160	1
CDK3	CHEK1_S301	1
CDK3	CSNK2A1_S362	1
CDK3	CSNK2A1_S370	1
CDK3	CSNK2A1_T344	1
CDK3	CSNK2A1_T360	1
CDK3	CSNK2B_S209	1
CDK3	CTTN_S368	1
CDK3	CTTN_S381	1
CDK3	CTTN_T364	1
CDK3	DAB1_S491	1
CDK3	DAB1_S515	1
CDK3	ESR1_S104	1
CDK3	ESR1_S106	1
CDK3	ESR1_S118	1
CDK3	FZR1_S151	1
CDK3	FZR1_S163	1
CDK3	GRIN2A_S1232	1
CDK3	JUN_S63	1
CDK3	JUN_S73	1
CDK3	KCTD15_S35	1
CDK3	KIF11_T926	1
CDK3	KIR3DL1_S296	1
CDK3	LIN9_T96	1
CDK3	LMNA_S22	1
CDK3	LMNA_T19	1
CDK3	LMNB1_S23	1
CDK3	LMNB1_S393	1
CDK3	MAP2K1_T286	1
CDK3	MAPT_S537	1
CDK3	MAPT_S570	1
CDK3	MAPT_S731	1
CDK3	MAPT_S739	1
CDK3	MAPT_T540	1
CDK3	MAPT_T547	1
CDK3	MAPT_T552	1
CDK3	MAPT_T566	1
CDK3	MAPT_T708	1
CDK3	MECOM_S436	1
CDK3	MIR9-1HG_S60	1
CDK3	MYOD1_S201	1
CDK3	NES_T1299	1
CDK3	NES_T315	1
CDK3	NFATC4_S259	1
CDK3	NOTCH1_S2513	1
CDK3	NOTCH1_S2516	1
CDK3	NOTCH1_T2511	1
CDK3	PAK1_T212	1
CDK3	PPP1CA_T331	1
CDK3	PPP1R1B_T75	1
CDK3	PSEN1_T354	1
CDK3	PTPN1_S386	1
CDK3	RAB4A_S204	1
CDK3	RB1_S249	1
CDK3	RB1_S807	1
CDK3	RB1_S811	1
CDK3	RB1_T252	1
CDK3	RB1_T373	1
CDK3	RBL2_S1044	1
CDK3	RBL2_S1068	1
CDK3	RBL2_S1080	1
CDK3	RBL2_S1112	1
CDK3	RBL2_S413	1
CDK3	RBL2_S662	1
CDK3	RBL2_S688	1
CDK3	RBL2_T1097	1
CDK3	RBL2_T417	1
CDK3	RBL2_T642	1
CDK3	RBL2_T694	1
CDK3	SRC_S75	1
CDK3	STMN1_S38	1
CDK3	SYN1_S551	1
CDK3	TFCP2_S309	1
CDK3	TP53_S33	1
CDK3	YLPM1_S634	1
CDK4	AMPH_S272	1
CDK4	AMPH_S276	1
CDK4	AMPH_S285	1
CDK4	BRCA1_S632	1
CDK4	BRCA2_S3291	1
CDK4	CAMKK1_S100	1
CDK4	CAMKK1_S492	1
CDK4	CBL_S452	1
CDK4	CBL_S483	1
CDK4	CDC25A_S40	1
CDK4	CDC7_T376	1
CDK4	CDK16_S169	1
CDK4	CDK1_T161	1
CDK4	CDK2AP1_S24	1
CDK4	CDKN1A_S130	1
CDK4	CDKN1A_S98	1
CDK4	CDKN1B_T187	1
CDK4	CELF1_S302	1
CDK4	CELF1_S328	1
CDK4	CSDC2_S19	1
CDK4	CSDC2_S47	1
CDK4	CSDE1_S414	1
CDK4	CSNK2A1_S362	1
CDK4	CSNK2A1_S370	1
CDK4	CSNK2A1_T344	1
CDK4	CSNK2A1_T360	1
CDK4	CSNK2B_S209	1
CDK4	CTBP1_S411	1
CDK4	CTTN_S368	1
CDK4	CTTN_S381	1
CDK4	CTTN_T364	1
CDK4	DAB1_S491	1
CDK4	DAB1_S515	1
CDK4	DDX19B_S86	1
CDK4	DNMT1_S127	1
CDK4	DNMT1_S954	1
CDK4	EGLN2_S130	1
CDK4	EIF4A3_T163	1
CDK4	EIF4B_S93	1
CDK4	EIF4ENIF1_S301	1
CDK4	EIF4ENIF1_S374	1
CDK4	EIF4ENIF1_S513	1
CDK4	EIF4ENIF1_S564	1
CDK4	EIF4ENIF1_S587	1
CDK4	EIF4ENIF1_S670	1
CDK4	EIF4ENIF1_S693	1
CDK4	EIF4ENIF1_S78	1
CDK4	EP400_S315	1
CDK4	EP400_S321	1
CDK4	EP400_S736	1
CDK4	EP400_S755	1
CDK4	ESR1_S104	1
CDK4	ESR1_S106	1
CDK4	ETS1_T38	1
CDK4	EXOSC5_S20	1
CDK4	FLCN_S571	1
CDK4	FLCN_S62	1
CDK4	FLCN_S73	1
CDK4	FLNA_S1459	1
CDK4	FLNA_S2152	1
CDK4	FOXF1_S335	1
CDK4	FOXM1_S35	1
CDK4	FOXM1_S4	1
CDK4	FOXM1_S451	1
CDK4	FOXM1_S489	1
CDK4	FOXM1_S508	1
CDK4	FOXM1_S522	1
CDK4	FOXM1_S527	1
CDK4	FOXM1_S546	1
CDK4	FOXM1_S560	1
CDK4	FOXM1_S704	1
CDK4	FOXM1_S742	1
CDK4	FOXM1_T510	1
CDK4	FOXM1_T548	1
CDK4	FOXM1_T600	1
CDK4	FOXM1_T611	1
CDK4	FOXM1_T620	1
CDK4	FOXM1_T627	1
CDK4	FOXM1_T638	1
CDK4	FOXM1_T649	1
CDK4	FOXM1_T658	1
CDK4	FOXM1_T665	1
CDK4	FOXO1_S249	1
CDK4	FOXO1_S329	1
CDK4	FOXO1_S430	1
CDK4	FZR1_S151	1
CDK4	FZR1_S163	1
CDK4	GATA4_S105	1
CDK4	GATA4_S160	1
CDK4	GRIN2A_S1232	1
CDK4	HLCS_S147	1
CDK4	HNRNPK_S116	1
CDK4	HNRNPK_S216	1
CDK4	HNRNPK_S284	1
CDK4	IRF3_S123	1
CDK4	IRF3_S173	1
CDK4	IRS2_S388	1
CDK4	KAT2A_S372	1
CDK4	KAT2A_T272	1
CDK4	KHDRBS1_S58	1
CDK4	KHDRBS1_T317	1
CDK4	KHDRBS1_T33	1
CDK4	KHDRBS1_T84	1
CDK4	KIF11_T926	1
CDK4	LIG1_S114	1
CDK4	LIG1_S51	1
CDK4	LIG1_S535	1
CDK4	LIG1_S76	1
CDK4	LIG1_T183	1
CDK4	LIG1_T233	1
CDK4	LMNA_S22	1
CDK4	LMNA_T19	1
CDK4	LMNB1_S23	1
CDK4	LMNB1_S393	1
CDK4	MAP2K1_T286	1
CDK4	MAPT_S537	1
CDK4	MAPT_S570	1
CDK4	MAPT_S731	1
CDK4	MAPT_S739	1
CDK4	MAPT_T540	1
CDK4	MAPT_T547	1
CDK4	MAPT_T552	1
CDK4	MAPT_T566	1
CDK4	MAPT_T708	1
CDK4	MCM7_S121	1
CDK4	MCM7_S365	1
CDK4	MDM4_S314	1
CDK4	MEF2D_S110	1
CDK4	MEF2D_S98	1
CDK4	MIR9-1HG_S60	1
CDK4	MIS18BP1_T149	1
CDK4	MIS18BP1_T40	1
CDK4	MYOD1_S201	1
CDK4	NCL_S563	1
CDK4	NCL_S67	1
CDK4	NCL_T106	1
CDK4	NCL_T113	1
CDK4	NCL_T121	1
CDK4	NCL_T76	1
CDK4	NCL_T84	1
CDK4	NCL_T92	1
CDK4	NCL_T99	1
CDK4	NES_T1299	1
CDK4	NES_T315	1
CDK4	NEUROD1_S274	1
CDK4	NFATC3_S163	1
CDK4	NFATC3_S207	1
CDK4	NFATC3_S211	1
CDK4	NFATC3_S215	1
CDK4	NFATC3_S288	1
CDK4	NFATC3_S292	1
CDK4	NFATC3_S296	1
CDK4	NFATC3_S300	1
CDK4	NFATC3_S366	1
CDK4	NFATC4_S168	1
CDK4	NFATC4_S170	1
CDK4	NFATC4_S213	1
CDK4	NFATC4_S217	1
CDK4	NFATC4_S221	1
CDK4	NFATC4_S676	1
CDK4	NOL7_S133	1
CDK4	NPM1_T199	1
CDK4	NUP133_S267	1
CDK4	NUP133_S45	1
CDK4	NUP133_S50	1
CDK4	NUP133_T10	1
CDK4	NUP133_T28	1
CDK4	NUP133_T63	1
CDK4	NUP35_S100	1
CDK4	NUP35_S121	1
CDK4	NUP35_S138	1
CDK4	NUP35_S22	1
CDK4	NUP35_S25	1
CDK4	NUP35_S259	1
CDK4	NUP35_S73	1
CDK4	NUP35_T106	1
CDK4	NUP35_T129	1
CDK4	NUP35_T265	1
CDK4	NUP35_T273	1
CDK4	NUP35_T280	1
CDK4	NUP35_T48	1
CDK4	OGG1_T19	1
CDK4	ORC1_S199	1
CDK4	ORC1_S258	1
CDK4	ORC1_S273	1
CDK4	ORC1_T203	1
CDK4	ORC1_T375	1
CDK4	PAK1_T212	1
CDK4	PAX3_S430	1
CDK4	PELP1_S477	1
CDK4	PELP1_S991	1
CDK4	PKM_S37	1
CDK4	PPP1CA_T331	1
CDK4	PPP1R13L_S110	1
CDK4	PPP1R13L_S113	1
CDK4	PPP1R13L_S120	1
CDK4	PPP1R13L_S158	1
CDK4	PPP1R13L_S183	1
CDK4	PPP1R13L_S187	1
CDK4	PPP1R13L_S280	1
CDK4	PPP1R13L_S316	1
CDK4	PPP1R13L_S358	1
CDK4	PPP1R13L_S395	1
CDK4	PPP1R13L_S53	1
CDK4	PPP1R13L_S567	1
CDK4	PPP1R13L_S597	1
CDK4	PPP1R13L_S84	1
CDK4	PPP1R13L_T123	1
CDK4	PPP1R1B_T75	1
CDK4	PRDX1_T90	1
CDK4	PRKAR1A_S83	1
CDK4	PSEN1_T354	1
CDK4	PSMC3_S9	1
CDK4	PTPN1_S386	1
CDK4	PXN_S178	1
CDK4	PXN_S83	1
CDK4	RAB4A_S204	1
CDK4	RASSF1_S203	1
CDK4	RASSF1_S207	1
CDK4	RB1_S249	1
CDK4	RB1_S608	1
CDK4	RB1_S612	1
CDK4	RB1_S780	1
CDK4	RB1_S788	1
CDK4	RB1_S795	1
CDK4	RB1_S807	1
CDK4	RB1_S811	1
CDK4	RB1_T252	1
CDK4	RB1_T356	1
CDK4	RB1_T373	1
CDK4	RB1_T5	1
CDK4	RB1_T821	1
CDK4	RB1_T826	1
CDK4	RBL1_S1041	1
CDK4	RBL1_S615	1
CDK4	RBL1_S640	1
CDK4	RBL1_S650	1
CDK4	RBL1_S749	1
CDK4	RBL1_S964	1
CDK4	RBL1_S975	1
CDK4	RBL1_S988	1
CDK4	RBL1_T332	1
CDK4	RBL1_T369	1
CDK4	RBL1_T385	1
CDK4	RBL1_T997	1
CDK4	RBL2_S1035	1
CDK4	RBL2_S1044	1
CDK4	RBL2_S1068	1
CDK4	RBL2_S1080	1
CDK4	RBL2_S1112	1
CDK4	RBL2_S413	1
CDK4	RBL2_S639	1
CDK4	RBL2_S662	1
CDK4	RBL2_S672	1
CDK4	RBL2_S688	1
CDK4	RBL2_T1097	1
CDK4	RBL2_T401	1
CDK4	RBL2_T417	1
CDK4	RBL2_T642	1
CDK4	RBL2_T694	1
CDK4	RBL2_T986	1
CDK4	RPA2_S23	1
CDK4	RPA2_S29	1
CDK4	RUNX2_S465	1
CDK4	RUNX3_S356	1
CDK4	RUNX3_S370	1
CDK4	SF3B1_S129	1
CDK4	SMAD3_S204	1
CDK4	SMAD3_S208	1
CDK4	SMAD3_S213	1
CDK4	SMAD3_T179	1
CDK4	SMAD3_T8	1
CDK4	SMAD4_T277	1
CDK4	SMARCC2_S283	1
CDK4	SMARCC2_S302	1
CDK4	SMARCC2_S304	1
CDK4	SMARCC2_S306	1
CDK4	SMARCC2_S347	1
CDK4	SMARCC2_T1208	1
CDK4	SMARCC2_T308	1
CDK4	SMARCC2_T322	1
CDK4	SMARCC2_T548	1
CDK4	SOD2_S106	1
CDK4	SPAG7_S158	1
CDK4	SPOP_S6	1
CDK4	SRC_S75	1
CDK4	STMN1_S38	1
CDK4	SYN1_S551	1
CDK4	TCF3_S139	1
CDK4	TCF3_S245	1
CDK4	TFE3_S246	1
CDK4	TFEB_S114	1
CDK4	TFEB_S142	1
CDK4	TFEB_S467	1
CDK4	TFEB_T331	1
CDK4	TOB2_S254	1
CDK4	TP53_R249	1
CDK4	TP53_S33	1
CDK4	TSC2_S1217	1
CDK4	TSC2_S1452	1
CDK4	TSC2_T1462	1
CDK4	UBTF_S389	1
CDK4	UBTF_S484	1
CDK4	UBTF_T117	1
CDK4	UBTF_T201	1
CDK4	VCP_S664	1
CDK4	VCP_T509	1
CDK4	WDR77_S264	1
CDK4	WDR77_S306	1
CDK4	WDR77_T5	1
CDK4	XPO1_S391	1
CDK4	XRCC1_S140	1
CDK4	XRCC1_S199	1
CDK4	XRCC1_S241	1
CDK4	XRCC1_S266	1
CDK4	XRCC1_S447	1
CDK4	XRCC1_T257	1
CDK4	XRCC1_T453	1
CDK4	ZBTB44_S194	1
CDK4	ZMYM3_S186	1
CDK4	ZMYM3_S192	1
CDK4	ZMYM3_S214	1
CDK4	ZMYM3_S51	1
CDK5	ABI2_S177	1
CDK5	ABI2_S210	1
CDK5	ABI2_S221	1
CDK5	ADD1_T724	1
CDK5	ADD2_S604	1
CDK5	ADD2_S617	1
CDK5	ADD2_S701	1
CDK5	AGAP2_S249	1
CDK5	AGAP2_S279	1
CDK5	AGAP2_S585	1
CDK5	AGAP2_S615	1
CDK5	AMFR_S516	1
CDK5	AMPH_S272	1
CDK5	AMPH_S276	1
CDK5	AMPH_S285	1
CDK5	AMPH_T310	1
CDK5	AOC3_S273	1
CDK5	APBB1_S175	1
CDK5	APBB1_S287	1
CDK5	APBB1_S347	1
CDK5	APEX1_T233	1
CDK5	APP_T668	1
CDK5	APP_T724	1
CDK5	APP_T743	1
CDK5	AR_S310	1
CDK5	AR_S83	1
CDK5	ATM_S794	1
CDK5	AXIN1_T481	1
CDK5	BACE1_T252	1
CDK5	BCL2_S70	1
CDK5	BIN1_T348	1
CDK5	CACNA1C_S783	1
CDK5	CAMKK1_S100	1
CDK5	CAMKK1_S492	1
CDK5	CAMKK2_S129	1
CDK5	CAMKK2_S133	1
CDK5	CAMKK2_S137	1
CDK5	CAMKV_T345	1
CDK5	CASK_S395	1
CDK5	CASK_S51	1
CDK5	CBL_S483	1
CDK5	CBL_S900	1
CDK5	CCDC88A_S1675	1
CDK5	CCNI2_S21	1
CDK5	CDK16_S101	1
CDK5	CDK16_S169	1
CDK5	CDK16_S95	1
CDK5	CDK2AP1_S24	1
CDK5	CDK5R1_S8	1
CDK5	CDK5R1_T138	1
CDK5	CDK5R2_S173	1
CDK5	CDK5R2_S8	1
CDK5	CDK5R2_T84	1
CDK5	CDKN1B_S10	1
CDK5	CDKN1B_T187	1
CDK5	CLASP2_S541	1
CDK5	CLOCK_T451	1
CDK5	CLOCK_T461	1
CDK5	CORO1A_T424	1
CDK5	CRMP1_S522	1
CDK5	CRMP1_S636	1
CDK5	CRMP1_T509	1
CDK5	CRMP1_T623	1
CDK5	CRY1_S247	1
CDK5	CSNK2A1_S362	1
CDK5	CSNK2A1_S370	1
CDK5	CSNK2A1_T344	1
CDK5	CSNK2A1_T360	1
CDK5	CSNK2B_S209	1
CDK5	CTNNB1_S191	1
CDK5	CTNNB1_S246	1
CDK5	CTNND2_S303	1
CDK5	CTTN_S368	1
CDK5	CTTN_S381	1
CDK5	CTTN_T364	1
CDK5	DAB1_S491	1
CDK5	DAB1_S515	1
CDK5	DAB1_S524	1
CDK5	DAXX_S668	1
CDK5	DAXX_S671	1
CDK5	DAXX_S688	1
CDK5	DAXX_S702	1
CDK5	DBN1_S142	1
CDK5	DBN1_S144	1
CDK5	DBN1_S342	1
CDK5	DCX_S28	1
CDK5	DCX_S287	1
CDK5	DCX_S297	1
CDK5	DCX_S306	1
CDK5	DCX_S327	1
CDK5	DCX_S332	1
CDK5	DCX_S334	1
CDK5	DCX_S339	1
CDK5	DCX_S47	1
CDK5	DCX_T289	1
CDK5	DCX_T321	1
CDK5	DCX_T326	1
CDK5	DCX_T331	1
CDK5	DCX_T336	1
CDK5	DDHD1_S11	1
CDK5	DDHD1_S727	1
CDK5	DISC1_S713	1
CDK5	DLGAP1_S77	1
CDK5	DNM1L_S572	1
CDK5	DNM1L_S616	1
CDK5	DNM1_S774	1
CDK5	DNM1_S778	1
CDK5	DNM1_T780	1
CDK5	DNMT1_S154	1
CDK5	DPYSL2_S518	1
CDK5	DPYSL2_S522	1
CDK5	DPYSL2_T509	1
CDK5	DPYSL2_T514	1
CDK5	DPYSL3_S518	1
CDK5	DPYSL3_S522	1
CDK5	DPYSL3_S636	1
CDK5	DPYSL3_T509	1
CDK5	DPYSL3_T514	1
CDK5	DRD2_S321	1
CDK5	EFHD2_S74	1
CDK5	EFHD2_S76	1
CDK5	EIF4A3_T163	1
CDK5	ELAVL1_S202	1
CDK5	EPRS1_S886	1
CDK5	EPRS1_S999	1
CDK5	ERBB2_S1174	1
CDK5	ERBB3_S1123	1
CDK5	ERBB3_T873	1
CDK5	ERBB4_T1152	1
CDK5	ERBB4_Y1056	1
CDK5	ESR1_S104	1
CDK5	ESR1_S106	1
CDK5	ETS1_T38	1
CDK5	EZR_T235	1
CDK5	FOXO1_S249	1
CDK5	FOXO3_S173	1
CDK5	FOXO3_S294	1
CDK5	FOXO3_S325	1
CDK5	FOXO3_S43	1
CDK5	FZR1_S151	1
CDK5	FZR1_S163	1
CDK5	FZR1_S40	1
CDK5	FZR1_T121	1
CDK5	GJA1_S279	1
CDK5	GJA1_S282	1
CDK5	GNAQ_S53	1
CDK5	GPHN_S270	1
CDK5	GRIN2A_S1232	1
CDK5	GRIN2B_S1116	1
CDK5	GRIN2B_Y1474	1
CDK5	H1-5_T11	1
CDK5	HCLS1_T308	1
CDK5	HDAC5_S279	1
CDK5	HIF1A_S687	1
CDK5	HTR1A_T314	1
CDK5	HTR6_S350	1
CDK5	HTRA2_S400	1
CDK5	HTT_S1179	1
CDK5	HTT_S1199	1
CDK5	HTT_S432	1
CDK5	IRF3_S123	1
CDK5	IRF3_S173	1
CDK5	JUN_T131	1
CDK5	KCNAB2_S31	1
CDK5	KCNQ2_S427	1
CDK5	KCNQ2_S446	1
CDK5	KDR_S229	1
CDK5	KIF11_T926	1
CDK5	KIF13B_T506	1
CDK5	LIG1_S114	1
CDK5	LIG1_S51	1
CDK5	LIG1_S535	1
CDK5	LIG1_S76	1
CDK5	LIG1_T183	1
CDK5	LIG1_T233	1
CDK5	LMNA_S22	1
CDK5	LMNA_S392	1
CDK5	LMNA_T19	1
CDK5	LMNB1_S23	1
CDK5	LMNB1_S393	1
CDK5	LMTK2_S1450	1
CDK5	LRRK2_S1627	1
CDK5	MAP2K1_T286	1
CDK5	MAP2K1_T292	1
CDK5	MAP2K2_T394	1
CDK5	MAP3K1_S281	1
CDK5	MAPK10_T131	1
CDK5	MAPK10_T93	1
CDK5	MAPK7_T594	1
CDK5	MAPK7_T733	1
CDK5	MAPT_S144	1
CDK5	MAPT_S156	1
CDK5	MAPT_S177	1
CDK5	MAPT_S199	1
CDK5	MAPT_S202	1
CDK5	MAPT_S214	1
CDK5	MAPT_S232	1
CDK5	MAPT_S235	1
CDK5	MAPT_S262	1
CDK5	MAPT_S307	1
CDK5	MAPT_S315	1
CDK5	MAPT_S338	1
CDK5	MAPT_S346	1
CDK5	MAPT_S396	1
CDK5	MAPT_S404	1
CDK5	MAPT_S409	1
CDK5	MAPT_S422	1
CDK5	MAPT_S516	1
CDK5	MAPT_S519	1
CDK5	MAPT_S531	1
CDK5	MAPT_S534	1
CDK5	MAPT_S537	1
CDK5	MAPT_S549	1
CDK5	MAPT_S552	1
CDK5	MAPT_S570	1
CDK5	MAPT_S579	1
CDK5	MAPT_S597	1
CDK5	MAPT_S713	1
CDK5	MAPT_S721	1
CDK5	MAPT_S731	1
CDK5	MAPT_S739	1
CDK5	MAPT_S744	1
CDK5	MAPT_S757	1
CDK5	MAPT_T147	1
CDK5	MAPT_T153	1
CDK5	MAPT_T154	1
CDK5	MAPT_T159	1
CDK5	MAPT_T173	1
CDK5	MAPT_T181	1
CDK5	MAPT_T205	1
CDK5	MAPT_T212	1
CDK5	MAPT_T217	1
CDK5	MAPT_T231	1
CDK5	MAPT_T284	1
CDK5	MAPT_T315	1
CDK5	MAPT_T373	1
CDK5	MAPT_T470	1
CDK5	MAPT_T498	1
CDK5	MAPT_T522	1
CDK5	MAPT_T529	1
CDK5	MAPT_T534	1
CDK5	MAPT_T540	1
CDK5	MAPT_T547	1
CDK5	MAPT_T548	1
CDK5	MAPT_T552	1
CDK5	MAPT_T566	1
CDK5	MAPT_T690	1
CDK5	MAPT_T708	1
CDK5	MARCKS_S26	1
CDK5	MARCKS_S27	1
CDK5	MCL1_T92	1
CDK5	MEF2A_S235	1
CDK5	MEF2A_S255	1
CDK5	MEF2A_S347	1
CDK5	MEF2A_S400	1
CDK5	MEF2A_S408	1
CDK5	MEF2A_S471	1
CDK5	MEF2A_T108	1
CDK5	MEF2A_T304	1
CDK5	MEF2A_T311	1
CDK5	MEF2C_S396	1
CDK5	MEF2D_S444	1
CDK5	MIR9-1HG_S60	1
CDK5	MYC_S62	1
CDK5	MYOD1_S201	1
CDK5	NDE1_T191	1
CDK5	NDEL1_S197	1
CDK5	NDEL1_S198	1
CDK5	NDEL1_S231	1
CDK5	NDEL1_S242	1
CDK5	NDEL1_S251	1
CDK5	NDEL1_T219	1
CDK5	NDEL1_T245	1
CDK5	NEFL_T21	1
CDK5	NES_T1299	1
CDK5	NES_T315	1
CDK5	NFAT5_T135	1
CDK5	NFAT5_T153	1
CDK5	NFATC4_S168	1
CDK5	NFATC4_S170	1
CDK5	NFATC4_S213	1
CDK5	NFATC4_S217	1
CDK5	NFATC4_S221	1
CDK5	NFATC4_S676	1
CDK5	NFE2L2_S433	1
CDK5	NFE2L2_T395	1
CDK5	NFE2L2_T439	1
CDK5	NGEF_T41	1
CDK5	NOS3_S114	1
CDK5	NR3C1_S203	1
CDK5	NR3C1_S211	1
CDK5	NR3C1_S226	1
CDK5	NTRK2_S479	1
CDK5	NUMB_S288	1
CDK5	P2RX6_T372	1
CDK5	PAK1_T212	1
CDK5	PARP1_S782	1
CDK5	PARP1_S785	1
CDK5	PARP1_S786	1
CDK5	PEBP1_T42	1
CDK5	PHACTR3_S318	1
CDK5	PIK3C3_T159	1
CDK5	PIK3C3_T668	1
CDK5	PIP5K1C_S453	1
CDK5	PIP5K1C_S650	1
CDK5	PKM_S37	1
CDK5	PLD2_S134	1
CDK5	PMAIP1_S13	1
CDK5	PPARG_S273	1
CDK5	PPFIA1_T701	1
CDK5	PPP1CA_T320	1
CDK5	PPP1CA_T331	1
CDK5	PPP1R13L_S110	1
CDK5	PPP1R13L_S113	1
CDK5	PPP1R13L_S120	1
CDK5	PPP1R13L_S158	1
CDK5	PPP1R13L_S187	1
CDK5	PPP1R13L_S280	1
CDK5	PPP1R13L_S358	1
CDK5	PPP1R13L_S395	1
CDK5	PPP1R13L_S53	1
CDK5	PPP1R13L_S567	1
CDK5	PPP1R13L_S597	1
CDK5	PPP1R13L_S84	1
CDK5	PPP1R13L_T123	1
CDK5	PPP1R1A_S6	1
CDK5	PPP1R1A_S67	1
CDK5	PPP1R1A_T75	1
CDK5	PPP1R1B_S102	1
CDK5	PPP1R1B_S137	1
CDK5	PPP1R1B_T34	1
CDK5	PPP1R1B_T39	1
CDK5	PPP1R1B_T75	1
CDK5	PPP1R2_T73	1
CDK5	PPP1R9B_S15	1
CDK5	PPP1R9B_S17	1
CDK5	PRKN_S131	1
CDK5	PRNP_S43	1
CDK5	PSEN1_T354	1
CDK5	PSMC3_S9	1
CDK5	PTK2_S732	1
CDK5	PTK2_S910	1
CDK5	PTPN1_S386	1
CDK5	PTPN2_S304	1
CDK5	PXN_S244	1
CDK5	PXN_S85	1
CDK5	RAB4A_S204	1
CDK5	RAPGEF2_S1124	1
CDK5	RASGRF1_S750	1
CDK5	RASGRF2_S737	1
CDK5	RB1_S249	1
CDK5	RB1_S608	1
CDK5	RB1_S795	1
CDK5	RB1_S807	1
CDK5	RB1_S811	1
CDK5	RB1_T252	1
CDK5	RB1_T373	1
CDK5	RBL2_S1044	1
CDK5	RBL2_S1068	1
CDK5	RBL2_S1080	1
CDK5	RBL2_S1112	1
CDK5	RBL2_S413	1
CDK5	RBL2_S662	1
CDK5	RBL2_S688	1
CDK5	RBL2_T1097	1
CDK5	RBL2_T417	1
CDK5	RBL2_T642	1
CDK5	RBL2_T694	1
CDK5	RPA1_S135	1
CDK5	RPA1_T191	1
CDK5	RPA2_S23	1
CDK5	RPA2_S29	1
CDK5	RPA2_S33	1
CDK5	RPS6KA2_S360	1
CDK5	RPS6KA2_T356	1
CDK5	RPS6KA2_T570	1
CDK5	RPS6KB1_S411	1
CDK5	RPS6KB1_S424	1
CDK5	RPS6KB1_S429	1
CDK5	RPS6KB1_S434	1
CDK5	SEPTIN5_S161	1
CDK5	SEPTIN5_S17	1
CDK5	SEPTIN5_S327	1
CDK5	SH3GLB1_T145	1
CDK5	SIRT1_S47	1
CDK5	SIRT2_S368	1
CDK5	SMAD4_T277	1
CDK5	SNTB2_S95	1
CDK5	SOX10_S24	1
CDK5	SRC_S306	1
CDK5	SRC_S75	1
CDK5	SRC_T37	1
CDK5	SRF_S224	1
CDK5	SRSF10_S143	1
CDK5	STAT3_S727	1
CDK5	STMN1_S25	1
CDK5	STMN1_S38	1
CDK5	STMN3_S68	1
CDK5	STMN3_S73	1
CDK5	STUB1_S19	1
CDK5	STXBP1_T574	1
CDK5	STXBP2_T572	1
CDK5	STXBP2_T583	1
CDK5	SUDS3_S228	1
CDK5	SYN1_S551	1
CDK5	SYN1_S553	1
CDK5	SYN1_S62	1
CDK5	SYN1_S67	1
CDK5	TH_S31	1
CDK5	TH_S62	1
CDK5	TLN1_S425	1
CDK5	TP53_S15	1
CDK5	TP53_S20	1
CDK5	TP53_S315	1
CDK5	TP53_S33	1
CDK5	TP53_S46	1
CDK5	TPPP_S160	1
CDK5	TPPP_S18	1
CDK5	TPPP_T14	1
CDK5	TPX2_S486	1
CDK5	TRIM59_S308	1
CDK5	TRIP10_T302	1
CDK5	TRPC6_S14	1
CDK5	TRPV1_T407	1
CDK5	TSC22D4_S158	1
CDK5	TSC22D4_S264	1
CDK5	TSC22D4_S279	1
CDK5	TSC22D4_S49	1
CDK5	TSC22D4_S62	1
CDK5	TSC22D4_T139	1
CDK5	TSC22D4_T211	1
CDK5	TSC22D4_T229	1
CDK5	UBE2A_S120	1
CDK5	USF2_S155	1
CDK5	USF2_S222	1
CDK5	VIM_S56	1
CDK5	VRK3_S108	1
CDK5	WASF1_S310	1
CDK5	WASF1_S397	1
CDK5	WASF1_S441	1
CDK5	XBP1_S68	1
CDK5	XDH_T222	1
CDK5	XRCC1_S199	1
CDK5	XRCC1_S226	1
CDK5	XRCC1_S241	1
CDK5	XRCC1_S266	1
CDK5	XRCC1_S447	1
CDK5	XRCC1_S461	1
CDK5	XRCC1_T257	1
CDK5	XRCC1_T453	1
CDK5	ZHX1_T36	1
CDK5	ZYX_S202	1
CDK5	ZYX_S259	1
CDK5	ZYX_S267	1
CDK5	ZYX_S308	1
CDK5	ZYX_S344	1
CDK5	ZYX_T179	1
CDK5	ZYX_T270	1
CDK5	ZYX_T274	1
CDK5R1	ATM_S794	1
CDK5R1	DAB1_S524	1
CDK5R1	DBN1_S142	1
CDK5R1	DCX_S28	1
CDK5R1	DCX_S287	1
CDK5R1	DCX_S297	1
CDK5R1	DCX_S306	1
CDK5R1	DCX_S332	1
CDK5R1	DCX_S339	1
CDK5R1	DCX_T289	1
CDK5R1	DCX_T326	1
CDK5R1	DCX_T336	1
CDK5R1	DPYSL2_S522	1
CDK5R1	EZR_T235	1
CDK5R1	GRIN2B_S1116	1
CDK5R1	HMGB1_S181	1
CDK5R1	LMTK2_S1450	1
CDK5R1	MAP2K1_T286	1
CDK5R1	MAPT_S235	1
CDK5R1	MAPT_S516	1
CDK5R1	MAPT_S519	1
CDK5R1	MAPT_S531	1
CDK5R1	MAPT_S552	1
CDK5R1	MAPT_S713	1
CDK5R1	MAPT_S721	1
CDK5R1	MAPT_T498	1
CDK5R1	MAPT_T522	1
CDK5R1	MAPT_T529	1
CDK5R1	MAPT_T534	1
CDK5R1	MAPT_T548	1
CDK5R1	NDEL1_T219	1
CDK5R1	PPARG_S273	1
CDK5R1	PPP1R1B_T75	1
CDK5R1	PRNP_S43	1
CDK5R1	SEPTIN5_S327	1
CDK5R1	SUDS3_S228	1
CDK5R1	TP53_S315	1
CDK5R1	WASF1_S310	1
CDK5R1	WASF1_S397	1
CDK5R1	WASF1_S441	1
CDK5RAP2	APP_T743	1
CDK6	AMPH_S272	1
CDK6	AMPH_S276	1
CDK6	AMPH_S285	1
CDK6	ATM_S794	1
CDK6	CAMKK1_S100	1
CDK6	CAMKK1_S492	1
CDK6	CDK16_S169	1
CDK6	CDKN1A_S130	1
CDK6	CDKN1B_S10	1
CDK6	CDKN1B_T187	1
CDK6	CELF1_S302	1
CDK6	CELF1_S328	1
CDK6	CSNK2A1_S362	1
CDK6	CSNK2A1_S370	1
CDK6	CSNK2A1_T344	1
CDK6	CSNK2A1_T360	1
CDK6	CSNK2B_S209	1
CDK6	CTNNB1_S45	1
CDK6	DAB1_S491	1
CDK6	DAB1_S515	1
CDK6	EGLN2_S130	1
CDK6	ELAVL1_S202	1
CDK6	ESR1_S104	1
CDK6	ESR1_S106	1
CDK6	FLNA_S1459	1
CDK6	FLNA_S2152	1
CDK6	FOXM1_S451	1
CDK6	FOXM1_S489	1
CDK6	FOXM1_S508	1
CDK6	FOXM1_S522	1
CDK6	FOXM1_S527	1
CDK6	FOXM1_S546	1
CDK6	FOXM1_S560	1
CDK6	FOXM1_S704	1
CDK6	FOXM1_S742	1
CDK6	FOXM1_T510	1
CDK6	FOXM1_T548	1
CDK6	FOXM1_T600	1
CDK6	FOXM1_T611	1
CDK6	FOXM1_T620	1
CDK6	FOXM1_T627	1
CDK6	FOXM1_T638	1
CDK6	FOXM1_T649	1
CDK6	FOXM1_T658	1
CDK6	FOXM1_T665	1
CDK6	FOXO3_S325	1
CDK6	FZR1_S151	1
CDK6	FZR1_S163	1
CDK6	GRIN2A_S1232	1
CDK6	HLCS_S147	1
CDK6	KIF11_T926	1
CDK6	LIG1_S114	1
CDK6	LIG1_S51	1
CDK6	LIG1_S535	1
CDK6	LIG1_S76	1
CDK6	LIG1_T183	1
CDK6	LIG1_T233	1
CDK6	LMNA_S22	1
CDK6	LMNA_T19	1
CDK6	LMNB1_S23	1
CDK6	LMNB1_S393	1
CDK6	MAP2K1_T286	1
CDK6	MAPT_S537	1
CDK6	MAPT_S570	1
CDK6	MAPT_S731	1
CDK6	MAPT_S739	1
CDK6	MAPT_T540	1
CDK6	MAPT_T547	1
CDK6	MAPT_T552	1
CDK6	MAPT_T566	1
CDK6	MAPT_T708	1
CDK6	MEF2C_S110	1
CDK6	MIR9-1HG_S60	1
CDK6	MYOD1_S201	1
CDK6	NDEL1_T245	1
CDK6	NES_T1299	1
CDK6	NES_T315	1
CDK6	NFATC4_S168	1
CDK6	NFATC4_S170	1
CDK6	NFATC4_S213	1
CDK6	NFATC4_S217	1
CDK6	NFATC4_S221	1
CDK6	NFATC4_S676	1
CDK6	NPM1_T199	1
CDK6	PAK1_T212	1
CDK6	PFKFB3_S467	1
CDK6	PFKFB3_T463	1
CDK6	PKM_S37	1
CDK6	PPP1CA_T331	1
CDK6	PPP1R13L_S110	1
CDK6	PPP1R13L_S113	1
CDK6	PPP1R13L_S120	1
CDK6	PPP1R13L_S158	1
CDK6	PPP1R13L_S183	1
CDK6	PPP1R13L_S187	1
CDK6	PPP1R13L_S280	1
CDK6	PPP1R13L_S316	1
CDK6	PPP1R13L_S358	1
CDK6	PPP1R13L_S395	1
CDK6	PPP1R13L_S53	1
CDK6	PPP1R13L_S567	1
CDK6	PPP1R13L_S597	1
CDK6	PPP1R13L_S84	1
CDK6	PPP1R13L_T123	1
CDK6	PPP1R1B_T75	1
CDK6	PRDX1_T90	1
CDK6	PSEN1_T354	1
CDK6	PTPN1_S386	1
CDK6	PUM1_S209	1
CDK6	PUM1_S229	1
CDK6	PUM1_S806	1
CDK6	RAB4A_S204	1
CDK6	RB1_S249	1
CDK6	RB1_S608	1
CDK6	RB1_S612	1
CDK6	RB1_S780	1
CDK6	RB1_S788	1
CDK6	RB1_S795	1
CDK6	RB1_S807	1
CDK6	RB1_S811	1
CDK6	RB1_T252	1
CDK6	RB1_T356	1
CDK6	RB1_T373	1
CDK6	RB1_T821	1
CDK6	RB1_T826	1
CDK6	RBL2_S1035	1
CDK6	RBL2_S1044	1
CDK6	RBL2_S1068	1
CDK6	RBL2_S1080	1
CDK6	RBL2_S1112	1
CDK6	RBL2_S413	1
CDK6	RBL2_S639	1
CDK6	RBL2_S662	1
CDK6	RBL2_S672	1
CDK6	RBL2_S688	1
CDK6	RBL2_S966	1
CDK6	RBL2_T1097	1
CDK6	RBL2_T401	1
CDK6	RBL2_T417	1
CDK6	RBL2_T642	1
CDK6	RBL2_T694	1
CDK6	RBL2_T986	1
CDK6	RELA_S536	1
CDK6	RNF14_S222	1
CDK6	RPA2_S23	1
CDK6	RPA2_S29	1
CDK6	RUNX1_S21	1
CDK6	RUNX1_S249	1
CDK6	RUNX1_S266	1
CDK6	RUNX1_S276	1
CDK6	RUNX1_S293	1
CDK6	RUNX1_S303	1
CDK6	RUNX1_S397	1
CDK6	RUNX1_S424	1
CDK6	RUNX1_S48	1
CDK6	RUNX1_T273	1
CDK6	RUNX1_T300	1
CDK6	SMARCC2_S283	1
CDK6	SMARCC2_S302	1
CDK6	SMARCC2_S306	1
CDK6	SMARCC2_S347	1
CDK6	SMARCC2_T1208	1
CDK6	SMARCC2_T308	1
CDK6	SMARCC2_T322	1
CDK6	SMARCC2_T548	1
CDK6	SRC_S75	1
CDK6	STMN1_S38	1
CDK6	STUB1_S19	1
CDK6	STUB1_S23	1
CDK6	STUB1_S273	1
CDK6	SYN1_S551	1
CDK6	TCF3_S134	1
CDK6	TCF3_S139	1
CDK6	TCF3_S359	1
CDK6	TCF3_S379	1
CDK6	TCF3_T355	1
CDK6	TFE3_S246	1
CDK6	TFEB_S114	1
CDK6	TFEB_S142	1
CDK6	TFEB_S467	1
CDK6	TFEB_T331	1
CDK6	TP53_R249	1
CDK6	TP53_S33	1
CDK6	TSC2_S1217	1
CDK6	TSC2_S1452	1
CDK6	USP17L2_S41	1
CDK6	ZHX1_T36	1
CDK6	ZYX_S202	1
CDK6	ZYX_S259	1
CDK6	ZYX_S267	1
CDK6	ZYX_S281	1
CDK6	ZYX_S308	1
CDK6	ZYX_S344	1
CDK6	ZYX_T179	1
CDK6	ZYX_T270	1
CDK6	ZYX_T274	1
CDK7	AMPH_S272	1
CDK7	AMPH_S276	1
CDK7	AMPH_S285	1
CDK7	AR_S516	1
CDK7	BRD4_S5	1
CDK7	CAMKK1_S100	1
CDK7	CAMKK1_S492	1
CDK7	CBL_S452	1
CDK7	CBL_S483	1
CDK7	CBL_S900	1
CDK7	CDK11B_S482	1
CDK7	CDK11B_T488	1
CDK7	CDK11B_T595	1
CDK7	CDK12_T893	1
CDK7	CDK16_S169	1
CDK7	CDK1_T161	1
CDK7	CDK1_T222	1
CDK7	CDK1_Y15	1
CDK7	CDK2_S46	1
CDK7	CDK2_T160	1
CDK7	CDK2_T165	1
CDK7	CDK2_Y15	1
CDK7	CDK2_Y168	1
CDK7	CDK2_Y179	1
CDK7	CDK4_T172	1
CDK7	CDK5_S159	1
CDK7	CDK6_T177	1
CDK7	CDK9_S175	1
CDK7	CDK9_T186	1
CDK7	CDKN1A_S130	1
CDK7	CDKN1A_S98	1
CDK7	CDKN1A_T57	1
CDK7	CILK1_T157	1
CDK7	CRY1_S247	1
CDK7	CSNK2A1_S362	1
CDK7	CSNK2A1_S370	1
CDK7	CSNK2A1_T344	1
CDK7	CSNK2A1_T360	1
CDK7	CSNK2B_S209	1
CDK7	CTTN_S368	1
CDK7	CTTN_S381	1
CDK7	CTTN_T364	1
CDK7	DAB1_S491	1
CDK7	DAB1_S515	1
CDK7	E2F1_S332	1
CDK7	E2F1_S337	1
CDK7	E2F1_S403	1
CDK7	E2F1_T433	1
CDK7	EIF4B_S93	1
CDK7	ERCC3_S90	1
CDK7	ESR1_S104	1
CDK7	ESR1_S106	1
CDK7	ESR1_S118	1
CDK7	ESR1_S294	1
CDK7	FZR1_S151	1
CDK7	FZR1_S163	1
CDK7	GRIN2A_S1232	1
CDK7	HIRIP3_S108	1
CDK7	HIRIP3_S125	1
CDK7	HIRIP3_T84	1
CDK7	KIF11_T926	1
CDK7	LASP1_S146	1
CDK7	LMNA_S22	1
CDK7	LMNA_T19	1
CDK7	LMNB1_S23	1
CDK7	LMNB1_S393	1
CDK7	MAP2K1_T286	1
CDK7	MAPT_S537	1
CDK7	MAPT_S570	1
CDK7	MAPT_S731	1
CDK7	MAPT_S739	1
CDK7	MAPT_T540	1
CDK7	MAPT_T547	1
CDK7	MAPT_T552	1
CDK7	MAPT_T566	1
CDK7	MAPT_T708	1
CDK7	MCM2_S108	1
CDK7	MCM2_S13	1
CDK7	MCM2_S139	1
CDK7	MCM2_S27	1
CDK7	MCM2_S4	1
CDK7	MCM2_S40	1
CDK7	MCM2_S41	1
CDK7	MCM2_S5	1
CDK7	MCM2_S53	1
CDK7	MCM2_S7	1
CDK7	MCM2_T59	1
CDK7	MED1_T1457	1
CDK7	MIR9-1HG_S60	1
CDK7	MYOD1_S201	1
CDK7	NES_T1299	1
CDK7	NES_T315	1
CDK7	NEUROD1_S274	1
CDK7	NFATC4_S168	1
CDK7	NFATC4_S170	1
CDK7	NFATC4_S213	1
CDK7	NFATC4_S217	1
CDK7	NFATC4_S221	1
CDK7	NFATC4_S676	1
CDK7	NOC2L_S240	1
CDK7	NOC2L_S35	1
CDK7	NOC2L_S49	1
CDK7	NOC2L_S56	1
CDK7	NOL7_S133	1
CDK7	NR5A1_S203	1
CDK7	NUP133_S267	1
CDK7	NUP133_S45	1
CDK7	NUP133_S50	1
CDK7	NUP133_T10	1
CDK7	NUP133_T28	1
CDK7	NUP133_T63	1
CDK7	OGFOD1_S256	1
CDK7	PAK1_T212	1
CDK7	PCGF6_S30	1
CDK7	PER1_S1279	1
CDK7	PER1_S704	1
CDK7	PER1_S980	1
CDK7	PINX1_S161	1
CDK7	PINX1_T164	1
CDK7	POLR2A_S1616	1
CDK7	POLR2A_S1619	1
CDK7	POLR2A_S1621	1
CDK7	POLR2A_S1626	1
CDK7	POLR2A_S1647	1
CDK7	POLR2A_S1654	1
CDK7	POLR2A_S1668	1
CDK7	POLR2A_S1675	1
CDK7	POLR2A_S1696	1
CDK7	POLR2A_S1717	1
CDK7	POLR2A_S1724	1
CDK7	POLR2A_S1738	1
CDK7	POLR2A_S1766	1
CDK7	POLR2A_S1787	1
CDK7	POLR2A_S1864	1
CDK7	POLR2A_S1871	1
CDK7	POLR2A_S1878	1
CDK7	POLR2A_S1882	1
CDK7	POLR2A_S1892	1
CDK7	POLR2A_S1899	1
CDK7	POLR2A_S1913	1
CDK7	POLR2A_S1920	1
CDK7	POLR2A_S1927	1
CDK7	POLR2A_S1934	1
CDK7	POLR2A_S1944	1
CDK7	POLR2A_S1951	1
CDK7	POU2F1_S385	1
CDK7	POU2F1_S408	1
CDK7	POU2F1_S448	1
CDK7	POU2F1_T270	1
CDK7	POU2F1_T276	1
CDK7	POU5F1_S12	1
CDK7	PPP1CA_T331	1
CDK7	PPP1R13L_S110	1
CDK7	PPP1R13L_S113	1
CDK7	PPP1R13L_S120	1
CDK7	PPP1R13L_S158	1
CDK7	PPP1R13L_S187	1
CDK7	PPP1R13L_S280	1
CDK7	PPP1R13L_S316	1
CDK7	PPP1R13L_S358	1
CDK7	PPP1R13L_S395	1
CDK7	PPP1R13L_S53	1
CDK7	PPP1R13L_S567	1
CDK7	PPP1R13L_S597	1
CDK7	PPP1R13L_S84	1
CDK7	PPP1R13L_T123	1
CDK7	PPP1R1B_T75	1
CDK7	PSEN1_T354	1
CDK7	PSPC1_S409	1
CDK7	PSPC1_S477	1
CDK7	PTPN1_S386	1
CDK7	RAB4A_S204	1
CDK7	RARA_S445	1
CDK7	RARA_S449	1
CDK7	RARA_S456	1
CDK7	RARA_S461	1
CDK7	RARA_S77	1
CDK7	RARG_S77	1
CDK7	RARG_S79	1
CDK7	RB1_S249	1
CDK7	RB1_S780	1
CDK7	RB1_S807	1
CDK7	RB1_S811	1
CDK7	RB1_T252	1
CDK7	RB1_T373	1
CDK7	RBL2_S1044	1
CDK7	RBL2_S1068	1
CDK7	RBL2_S1080	1
CDK7	RBL2_S1112	1
CDK7	RBL2_S413	1
CDK7	RBL2_S662	1
CDK7	RBL2_S688	1
CDK7	RBL2_T1097	1
CDK7	RBL2_T417	1
CDK7	RBL2_T642	1
CDK7	RBL2_T694	1
CDK7	RPA2_S23	1
CDK7	RPA2_S29	1
CDK7	SMAD1_S206	1
CDK7	SMAD4_T277	1
CDK7	SMARCC2_S283	1
CDK7	SMARCC2_S302	1
CDK7	SMARCC2_S306	1
CDK7	SMARCC2_S347	1
CDK7	SMARCC2_T1208	1
CDK7	SMARCC2_T308	1
CDK7	SMARCC2_T322	1
CDK7	SMARCC2_T548	1
CDK7	SOX10_S24	1
CDK7	SOX10_S45	1
CDK7	SRC_S75	1
CDK7	STMN1_S38	1
CDK7	SUPT5H_S773	1
CDK7	SUPT5H_S782	1
CDK7	SUPT5H_T775	1
CDK7	SUPT5H_T784	1
CDK7	SYN1_S551	1
CDK7	TH_S62	1
CDK7	TP53_S315	1
CDK7	TP53_S33	1
CDK7	TP53_S371	1
CDK7	TP53_S376	1
CDK7	TP53_S378	1
CDK7	TP53_S392	1
CDK7	TP53_T81	1
CDK7	XRCC1_S140	1
CDK7	XRCC1_S199	1
CDK7	XRCC1_S241	1
CDK7	XRCC1_S266	1
CDK7	XRCC1_S447	1
CDK7	XRCC1_T257	1
CDK7	XRCC1_T453	1
CDK7	XRN2_T439	1
CDK7	ZCCHC8_S424	1
CDK7	ZCCHC8_S500	1
CDK7	ZCCHC8_S649	1
CDK7	ZCCHC8_T479	1
CDK7	ZCCHC8_T485	1
CDK7	ZCCHC8_T492	1
CDK7	ZCCHC8_T496	1
CDK7	ZYX_S202	1
CDK7	ZYX_S259	1
CDK7	ZYX_S267	1
CDK7	ZYX_S281	1
CDK7	ZYX_S308	1
CDK7	ZYX_S344	1
CDK7	ZYX_T179	1
CDK7	ZYX_T270	1
CDK7	ZYX_T274	1
CDK8	AMPH_S272	1
CDK8	AMPH_S276	1
CDK8	AMPH_S285	1
CDK8	CCNH_S304	1
CDK8	CCNH_S5	1
CDK8	CDK16_S169	1
CDK8	CDKN1B_T187	1
CDK8	CSNK2A1_S362	1
CDK8	CSNK2A1_S370	1
CDK8	CSNK2A1_T344	1
CDK8	CSNK2A1_T360	1
CDK8	CSNK2B_S209	1
CDK8	DAB1_S491	1
CDK8	DAB1_S515	1
CDK8	E2F1_S375	1
CDK8	ESR1_S104	1
CDK8	ESR1_S106	1
CDK8	FZR1_S151	1
CDK8	FZR1_S163	1
CDK8	GRIN2A_S1232	1
CDK8	H3C1_S11	1
CDK8	KIF11_T926	1
CDK8	LMNA_S22	1
CDK8	LMNA_T19	1
CDK8	LMNB1_S23	1
CDK8	LMNB1_S393	1
CDK8	MAP2K1_T286	1
CDK8	MAPT_S537	1
CDK8	MAPT_S570	1
CDK8	MAPT_S731	1
CDK8	MAPT_S739	1
CDK8	MAPT_T540	1
CDK8	MAPT_T547	1
CDK8	MAPT_T552	1
CDK8	MAPT_T566	1
CDK8	MAPT_T708	1
CDK8	MIR9-1HG_S60	1
CDK8	MYOD1_S201	1
CDK8	NES_T1299	1
CDK8	NES_T315	1
CDK8	NOTCH1_S2513	1
CDK8	NOTCH1_S2516	1
CDK8	NOTCH1_T2511	1
CDK8	PAK1_T212	1
CDK8	PPP1CA_T331	1
CDK8	PPP1R1B_T75	1
CDK8	PSEN1_T354	1
CDK8	PTPN1_S386	1
CDK8	RAB4A_S204	1
CDK8	RB1_S249	1
CDK8	RB1_S807	1
CDK8	RB1_S811	1
CDK8	RB1_T252	1
CDK8	RB1_T373	1
CDK8	RBL2_S1044	1
CDK8	RBL2_S1068	1
CDK8	RBL2_S1080	1
CDK8	RBL2_S1112	1
CDK8	RBL2_S413	1
CDK8	RBL2_S662	1
CDK8	RBL2_S688	1
CDK8	RBL2_T1097	1
CDK8	RBL2_T417	1
CDK8	RBL2_T642	1
CDK8	RBL2_T694	1
CDK8	SIRT1_T530	1
CDK8	SMAD1_S187	1
CDK8	SMAD1_S195	1
CDK8	SMAD1_S206	1
CDK8	SMAD1_S214	1
CDK8	SMAD3_S208	1
CDK8	SMAD3_S213	1
CDK8	SMAD3_T179	1
CDK8	SRC_S75	1
CDK8	SREBF1_T426	1
CDK8	STAT1_S727	1
CDK8	STMN1_S38	1
CDK8	SYN1_S551	1
CDK8	TP53_S33	1
CDK9	AMPH_S272	1
CDK9	AMPH_S276	1
CDK9	AMPH_S285	1
CDK9	AR_S310	1
CDK9	AR_S83	1
CDK9	BORA_S325	1
CDK9	CDK16_S169	1
CDK9	CHEK2_T387	1
CDK9	CSNK2A1_S362	1
CDK9	CSNK2A1_S370	1
CDK9	CSNK2A1_T344	1
CDK9	CSNK2A1_T360	1
CDK9	CSNK2B_S209	1
CDK9	DAB1_S491	1
CDK9	DAB1_S515	1
CDK9	ESR1_S104	1
CDK9	ESR1_S106	1
CDK9	ETS1_T38	1
CDK9	FZR1_S151	1
CDK9	FZR1_S163	1
CDK9	GRIN2A_S1232	1
CDK9	H1-1_S183	1
CDK9	H1-4_S187	1
CDK9	KIF11_T926	1
CDK9	KRT1_S636	1
CDK9	LMNA_S22	1
CDK9	LMNA_T19	1
CDK9	LMNB1_S23	1
CDK9	LMNB1_S393	1
CDK9	MAP2K1_T286	1
CDK9	MAPT_S537	1
CDK9	MAPT_S570	1
CDK9	MAPT_S731	1
CDK9	MAPT_S739	1
CDK9	MAPT_T540	1
CDK9	MAPT_T547	1
CDK9	MAPT_T552	1
CDK9	MAPT_T566	1
CDK9	MAPT_T708	1
CDK9	MDM2_S166	1
CDK9	MDM2_S395	1
CDK9	MIR9-1HG_S60	1
CDK9	MYOD1_S201	1
CDK9	NCOA2_S469	1
CDK9	NCOA2_S487	1
CDK9	NCOA2_S493	1
CDK9	NCOA2_S499	1
CDK9	NES_T1299	1
CDK9	NES_T315	1
CDK9	NEUROD1_S274	1
CDK9	NPM1_S10	1
CDK9	NPM1_S70	1
CDK9	NPM1_T199	1
CDK9	NPM1_T219	1
CDK9	NPM1_T234	1
CDK9	NPM1_T237	1
CDK9	NPM1_T95	1
CDK9	NUP133_S267	1
CDK9	NUP133_S45	1
CDK9	NUP133_S50	1
CDK9	NUP133_T10	1
CDK9	NUP133_T28	1
CDK9	NUP133_T63	1
CDK9	OGFOD1_S256	1
CDK9	PAK1_T212	1
CDK9	POLR2A_S1616	1
CDK9	POLR2A_S1619	1
CDK9	POLR2A_S1621	1
CDK9	POLR2A_S1623	1
CDK9	POLR2A_S1644	1
CDK9	POLR2A_S1651	1
CDK9	POLR2A_S1665	1
CDK9	POLR2A_S1672	1
CDK9	POLR2A_S1693	1
CDK9	POLR2A_S1714	1
CDK9	POLR2A_S1721	1
CDK9	POLR2A_S1735	1
CDK9	POLR2A_S1763	1
CDK9	POLR2A_S1784	1
CDK9	POLR2A_S1815	1
CDK9	POLR2A_S1843	1
CDK9	POLR2A_S1847	1
CDK9	POLR2A_S1850	1
CDK9	POLR2A_S1857	1
CDK9	POLR2A_S1861	1
CDK9	POLR2A_S1864	1
CDK9	POLR2A_S1868	1
CDK9	POLR2A_S1875	1
CDK9	POLR2A_S1878	1
CDK9	POLR2A_S1882	1
CDK9	POLR2A_S1889	1
CDK9	POLR2A_S1892	1
CDK9	POLR2A_S1896	1
CDK9	POLR2A_S1899	1
CDK9	POLR2A_S1906	1
CDK9	POLR2A_S1910	1
CDK9	POLR2A_S1913	1
CDK9	POLR2A_S1917	1
CDK9	POLR2A_S1920	1
CDK9	POLR2A_S1924	1
CDK9	POLR2A_S1931	1
CDK9	POLR2A_S1934	1
CDK9	POLR2A_S1941	1
CDK9	POLR2A_S1948	1
CDK9	POLR2A_S1962	1
CDK9	POLR2A_T1525	1
CDK9	POLR2A_T1540	1
CDK9	POLR2A_T1618	1
CDK9	POLR2A_T1854	1
CDK9	POLR2A_T1885	1
CDK9	POLR2A_T1903	1
CDK9	PPARG_S112	1
CDK9	PPP1CA_T331	1
CDK9	PPP1R1B_T75	1
CDK9	PSEN1_T354	1
CDK9	PTBP1_S141	1
CDK9	PTPN1_S386	1
CDK9	RAB4A_S204	1
CDK9	RB1_S249	1
CDK9	RB1_S795	1
CDK9	RB1_S807	1
CDK9	RB1_S811	1
CDK9	RB1_T252	1
CDK9	RB1_T373	1
CDK9	RBL2_S1044	1
CDK9	RBL2_S1068	1
CDK9	RBL2_S1080	1
CDK9	RBL2_S1112	1
CDK9	RBL2_S413	1
CDK9	RBL2_S662	1
CDK9	RBL2_S688	1
CDK9	RBL2_T1097	1
CDK9	RBL2_T417	1
CDK9	RBL2_T642	1
CDK9	RBL2_T694	1
CDK9	RCHY1_S211	1
CDK9	RCHY1_T217	1
CDK9	SIRT1_S47	1
CDK9	SMAD1_S187	1
CDK9	SMAD1_S195	1
CDK9	SMAD1_S206	1
CDK9	SMAD1_S214	1
CDK9	SMAD3_S208	1
CDK9	SMAD3_S213	1
CDK9	SMAD3_T179	1
CDK9	SRC_S75	1
CDK9	STAT1_S727	1
CDK9	STMN1_S38	1
CDK9	SUPT5H_S2	1
CDK9	SUPT5H_S666	1
CDK9	SUPT5H_S773	1
CDK9	SUPT5H_S782	1
CDK9	SUPT5H_T768	1
CDK9	SUPT5H_T775	1
CDK9	SUPT5H_T784	1
CDK9	SUPT5H_T791	1
CDK9	SUPT5H_T799	1
CDK9	SUPT5H_T806	1
CDK9	SUPT5H_T814	1
CDK9	SYN1_S551	1
CDK9	TP53_S315	1
CDK9	TP53_S33	1
CDK9	TP53_S392	1
CDK9	UBE2A_S120	1
CDK9	XRN2_T439	1
CDKL2	JAK3_Y506	1
CDKL2	MAP1S_S900	1
CDKL2	ZAP70_Y493	1
CDKL3	CTTN_S368	1
CDKL3	CTTN_S381	1
CDKL3	CTTN_T364	1
CDKL5	AMPH_S293	1
CDKL5	CEP131_S35	1
CDKL5	DDX39A_T171	1
CDKL5	DGCR8_S109	1
CDKL5	DGCR8_S35	1
CDKL5	DGCR8_S377	1
CDKL5	DGCR8_S95	1
CDKL5	DGCR8_T371	1
CDKL5	DLG5_S1115	1
CDKL5	EIF4A3_T163	1
CDKL5	LRRC4C_S631	1
CDKL5	MAP1S_S900	1
CDKL5	NOL7_S133	1
CDKL5	PTBP1_S141	1
CDKL5	RPA1_S135	1
CDKL5	RPA1_T191	1
CDKL5	RPS6KA2_S360	1
CDKL5	RPS6KA2_T356	1
CDKL5	RPS6KA2_T570	1
CDKL5	SSBP4_S342	1
CDKL5	SSBP4_T355	1
CDKN1A	ARHGDIA_S101	1
CDKN1A	ARHGDIA_S174	1
CDKN1A	CDK1_Y15	1
CDKN1A	CDK4_T172	1
CDKN1A	ESR1_S305	1
CDKN1A	MAP2K1_S298	1
CDKN1A	NF2_S518	1
CDKN1A	RAF1_S259	1
CDKN1A	RAF1_S338	1
CDKN1A	RB1_S249	1
CDKN1A	RB1_T252	1
CDKN1A	TP53_S15	1
CDKN1A	VIM_S56	1
CDKN1B	CDK4_T172	1
CDKN3	CDK2_T160	-1
CDS1	TP53_S20	1
CDX2	CTNNB1_S37	1
CEBPB	MAPT_S519	1
CENPJ	CDKN1B_S10	1
CENPJ	CDKN1B_T198	1
CERT1	COL4A3_S1435	1
CETN3	TTK_T676	1
CFH	CDH1_S838	1
CFH	CDH1_S840	1
CFH	RYR2_S2808	1
CGA	NOS3_S1179	1
CHD7	CHEK1_S317	1
CHEK1	ADD1_S726	1
CHEK1	ADD1_S757	1
CHEK1	ADD2_S713	1
CHEK1	ADD3_S693	1
CHEK1	ANKRD12_S76	1
CHEK1	ARHGEF2_S172	1
CHEK1	ASF1A_S166	1
CHEK1	ATR_S20	1
CHEK1	AURKB_S331	1
CHEK1	AURKB_T179	1
CHEK1	BAZ1A_S1320	1
CHEK1	BLM_S502	1
CHEK1	BLM_S539	1
CHEK1	BLM_S646	1
CHEK1	BLM_T182	1
CHEK1	BRCA1_S1524	1
CHEK1	BRCA1_S988	1
CHEK1	BRCA2_T3387	1
CHEK1	BUD13_S18	1
CHEK1	CAAP1_S203	1
CHEK1	CAMSAP2_S453	1
CHEK1	CAMSAP2_S464	1
CHEK1	CCDC6_S240	1
CHEK1	CCDC6_S244	1
CHEK1	CDC25A_S124	1
CHEK1	CDC25A_S178	1
CHEK1	CDC25A_S239	1
CHEK1	CDC25A_S253	1
CHEK1	CDC25A_S279	1
CHEK1	CDC25A_S293	1
CHEK1	CDC25A_S76	1
CHEK1	CDC25A_T467	1
CHEK1	CDC25A_T507	1
CHEK1	CDC25B_S230	1
CHEK1	CDC25B_S323	1
CHEK1	CDC25B_S563	1
CHEK1	CDC25C_S198	1
CHEK1	CDC25C_S216	1
CHEK1	CDC25C_S287	1
CHEK1	CDK13_S437	1
CHEK1	CDK1_S208	1
CHEK1	CDK1_T14	1
CHEK1	CDK1_Y15	1
CHEK1	CDKN1A_S146	1
CHEK1	CDKN1A_T145	1
CHEK1	CEP170B_S655	1
CHEK1	CHD7_T1227	1
CHEK1	CHEK2_S559	1
CHEK1	CHEK2_T426	1
CHEK1	CHEK2_T430	1
CHEK1	CHEK2_T68	1
CHEK1	CHTOP_T212	1
CHEK1	CHTOP_T213	1
CHEK1	CLSPN_T916	1
CHEK1	CSNK2B_T213	1
CHEK1	CTR9_S1081	1
CHEK1	CTTN_S298	1
CHEK1	CWC25_S337	1
CHEK1	DDX19A_S92	1
CHEK1	DDX19B_S93	1
CHEK1	DDX24_S82	1
CHEK1	DRG2_S72	1
CHEK1	E2F1_S364	1
CHEK1	E2F3_S124	1
CHEK1	E2F6_S12	1
CHEK1	E2F6_S52	1
CHEK1	EBNA1BP2_T182	1
CHEK1	ELAVL1_S100	1
CHEK1	ELAVL1_S88	1
CHEK1	ELAVL1_T118	1
CHEK1	EML3_S176	1
CHEK1	EPRS1_S910	1
CHEK1	ERRFI1_S251	1
CHEK1	ERRFI1_S302	1
CHEK1	EXO1_S746	1
CHEK1	FANCD2_S331	1
CHEK1	FANCE_S374	1
CHEK1	FANCE_T346	1
CHEK1	FEN1_T195	1
CHEK1	FYTTD1_T205	1
CHEK1	GOLGA4_S71	1
CHEK1	GOLGA4_S93	1
CHEK1	GTF3C1_S667	1
CHEK1	H3-3B_S32	1
CHEK1	H3-3B_T12	1
CHEK1	H3C1_T12	1
CHEK1	HCK_Y411	1
CHEK1	HDLBP_T8	1
CHEK1	HIVEP1_S1749	1
CHEK1	HNRNPA2B1_T159	1
CHEK1	HNRNPM_S432	1
CHEK1	IDI1_S112	1
CHEK1	IDI1_S55	1
CHEK1	INF2_S574	1
CHEK1	ING1_S126	1
CHEK1	ING1_S269	1
CHEK1	KIFC1_S26	1
CHEK1	KPNA1_S18	1
CHEK1	KPNA2_S54	1
CHEK1	LAMC1_T258	1
CHEK1	LATS2_S408	1
CHEK1	LATS2_S835	1
CHEK1	LIG1_S76	1
CHEK1	LMNA_S307	1
CHEK1	LMO7_S1225	1
CHEK1	LMO7_S1510	1
CHEK1	MAD2L1_S185	1
CHEK1	MAD2L1_T187	1
CHEK1	MAGEA11_T360	1
CHEK1	MAP2K1_T55	1
CHEK1	MAP2K2_T59	1
CHEK1	MAP4_T925	1
CHEK1	MAPT_S262	1
CHEK1	MAPT_S579	1
CHEK1	MAPT_S597	1
CHEK1	MAPT_S637	1
CHEK1	MAPT_S726	1
CHEK1	MAPT_T522	1
CHEK1	MATR3_S195	1
CHEK1	MATR3_S4	1
CHEK1	MATR3_T150	1
CHEK1	MCM3_S160	1
CHEK1	MCM4_S54	1
CHEK1	MCM5_T633	1
CHEK1	MDC1_T523	1
CHEK1	MDM4_S342	1
CHEK1	MDM4_S367	1
CHEK1	MED1_T704	1
CHEK1	MINK1_T280	1
CHEK1	MKI67_T1764	1
CHEK1	MYBBP1A_S1310	1
CHEK1	MYCBP2_S3478	1
CHEK1	NCBP3_S100	1
CHEK1	NEK11_S273	1
CHEK1	NFKB1_S328	1
CHEK1	NFKB1_S329	1
CHEK1	NHS_T380	1
CHEK1	NHS_T401	1
CHEK1	NUP153_S297	1
CHEK1	NUP153_S330	1
CHEK1	OGT_S20	1
CHEK1	OSBPL11_S189	1
CHEK1	PABIR1_S37	1
CHEK1	PHF2_S929	1
CHEK1	PHF8_S904	1
CHEK1	PLK1_S137	1
CHEK1	PLK1_T210	1
CHEK1	PLRG1_S119	1
CHEK1	POLDIP3_S63	1
CHEK1	POP4_S10	1
CHEK1	PPME1_S15	1
CHEK1	PPP1R12A_S20	1
CHEK1	PPP2R5D_S60	1
CHEK1	PRKCA_T11	1
CHEK1	PROSER2_S43	1
CHEK1	PRPF3_S161	1
CHEK1	PRR5_S240	1
CHEK1	PRR5_S263	1
CHEK1	PRRC2B_S166	1
CHEK1	PRRC2C_S661	1
CHEK1	RACGAP1_S203	1
CHEK1	RAD51_T309	1
CHEK1	RAD51_T310	1
CHEK1	RALY_T160	1
CHEK1	RANBP2_T1098	1
CHEK1	RASSF1_S184	1
CHEK1	RASSF1_S188	1
CHEK1	RASSF1_T38	1
CHEK1	RASSF1_T43	1
CHEK1	RAVER1_S700	1
CHEK1	RB1_S612	1
CHEK1	RBM14_S618	1
CHEK1	RBM14_S627	1
CHEK1	RBM14_T629	1
CHEK1	RBM26_T812	1
CHEK1	RBM26_T839	1
CHEK1	RBM42_S406	1
CHEK1	RELA_T505	1
CHEK1	RIF1_S2205	1
CHEK1	RPL13_T170	1
CHEK1	RPL19_S12	1
CHEK1	RPL19_T56	1
CHEK1	RRP12_S1049	1
CHEK1	SCAF11_S1127	1
CHEK1	SENP2_S344	1
CHEK1	SEPTIN7_T227	1
CHEK1	SEPTIN7_T228	1
CHEK1	SETMAR_S508	1
CHEK1	SIN3A_T434	1
CHEK1	SLTM_S748	1
CHEK1	SLTM_S815	1
CHEK1	SNCB_Y127	1
CHEK1	SPEN_T1059	1
CHEK1	SRC_S51	1
CHEK1	SRC_Y419	1
CHEK1	SRC_Y530	1
CHEK1	SRRM2_S1497	1
CHEK1	SRRM2_S1499	1
CHEK1	SRRM2_S2280	1
CHEK1	SRRM2_S2388	1
CHEK1	SRRM2_T2252	1
CHEK1	SSBP1_S67	1
CHEK1	STK4_T340	1
CHEK1	SYK_S295	1
CHEK1	TBC1D4_S485	1
CHEK1	TBC1D4_S588	1
CHEK1	TFDP1_S23	1
CHEK1	TICRR_S1045	1
CHEK1	TICRR_S1894	1
CHEK1	TICRR_S865	1
CHEK1	TICRR_T1898	1
CHEK1	TLK1_S679	1
CHEK1	TLK1_S743	1
CHEK1	TLK1_S764	1
CHEK1	TLK2_S664	1
CHEK1	TLK2_S686	1
CHEK1	TLK2_S750	1
CHEK1	TNK1_S502	1
CHEK1	TP53BP1_S1678	1
CHEK1	TP53BP1_S1683	1
CHEK1	TP53_S15	1
CHEK1	TP53_S20	1
CHEK1	TP53_S366	1
CHEK1	TP53_S37	1
CHEK1	TP53_S378	1
CHEK1	TP53_T18	1
CHEK1	TP53_T377	1
CHEK1	TP53_T387	1
CHEK1	TP73_S47	1
CHEK1	TRIM28_S473	1
CHEK1	TRIM28_S824	1
CHEK1	TRIP12_S1078	1
CHEK1	UIMC1_S627	1
CHEK1	WEE1_S642	1
CHEK1	WIZ_S1129	1
CHEK1	WIZ_S272	1
CHEK1	XRCC6_S477	1
CHEK1	YBX1_T80	1
CHEK1	YBX2_T115	1
CHEK1	YBX3_T112	1
CHEK1	ZBTB11_S511	1
CHEK1	ZBTB11_S537	1
CHEK1	ZC3HC1_T84	1
CHEK1	ZNF395_S447	1
CHEK1	ZNF638_S375	1
CHEK2	AATF_S141	1
CHEK2	AATF_S143	1
CHEK2	AATF_S477	1
CHEK2	AATF_S510	1
CHEK2	ATR_S20	1
CHEK2	AURKB_S331	1
CHEK2	BAIAP2L1_S331	1
CHEK2	BDNF_T144	1
CHEK2	BDNF_T62	1
CHEK2	BECN1_S90	1
CHEK2	BECN1_S93	1
CHEK2	BLM_T182	1
CHEK2	BRCA1_S1191	1
CHEK2	BRCA1_S1328	1
CHEK2	BRCA1_S1423	1
CHEK2	BRCA1_S1524	1
CHEK2	BRCA1_S692	1
CHEK2	BRCA1_S941	1
CHEK2	BRCA1_S988	1
CHEK2	BRCA2_T3387	1
CHEK2	CCAR2_T454	1
CHEK2	CDC25A_S124	1
CHEK2	CDC25A_S178	1
CHEK2	CDC25A_S239	1
CHEK2	CDC25A_S253	1
CHEK2	CDC25A_S279	1
CHEK2	CDC25A_S293	1
CHEK2	CDC25A_S76	1
CHEK2	CDC25A_S79	1
CHEK2	CDC25C_S216	1
CHEK2	CDC25C_S263	1
CHEK2	CDC25C_S287	1
CHEK2	CDC25C_S38	1
CHEK2	CDK11B_S752	1
CHEK2	CDK1_T14	1
CHEK2	CDS1_S35	1
CHEK2	CDS1_T68	1
CHEK2	CHEK1_S296	1
CHEK2	CHEK1_S345	1
CHEK2	E2F1_S31	1
CHEK2	E2F1_S364	1
CHEK2	E2F1_S382	1
CHEK2	E2F3_S124	1
CHEK2	EIF2AK2_T90	1
CHEK2	ELAVL1_S100	1
CHEK2	ELAVL1_S88	1
CHEK2	ELAVL1_T118	1
CHEK2	FOXM1_S361	1
CHEK2	FOXM1_S376	1
CHEK2	H1-2_S36	1
CHEK2	H1-2_S55	1
CHEK2	H1-2_S89	1
CHEK2	H1-2_T167	1
CHEK2	H1-2_T92	1
CHEK2	H2AX_S140	1
CHEK2	INCENP_S91	1
CHEK2	LATS2_S172	1
CHEK2	LATS2_S380	1
CHEK2	LATS2_S408	1
CHEK2	LATS2_S446	1
CHEK2	LIG1_T311	1
CHEK2	MAPT_S262	1
CHEK2	MAPT_S579	1
CHEK2	MAPT_S597	1
CHEK2	MAPT_S637	1
CHEK2	MAPT_S673	1
CHEK2	MAPT_S726	1
CHEK2	MDM2_S157	1
CHEK2	MDM2_S186	1
CHEK2	MDM4_S342	1
CHEK2	MDM4_S367	1
CHEK2	MDM4_S403	1
CHEK2	MED1_S671	1
CHEK2	MPEG1_T288	1
CHEK2	OTUD7B_S100	1
CHEK2	PKM_S100	1
CHEK2	PLIN2_Y232	1
CHEK2	PLIN3_Y251	1
CHEK2	PML_S117	1
CHEK2	PPP1R13L_S102	1
CHEK2	PPP1R13L_S120	1
CHEK2	PPP1R13L_S158	1
CHEK2	PPP1R13L_S183	1
CHEK2	PPP1R13L_S526	1
CHEK2	PSME3_S247	1
CHEK2	RASGRF1_S287	1
CHEK2	RB1_S612	1
CHEK2	REV3L_S1075	1
CHEK2	SIAH2_S28	1
CHEK2	SIAH2_S68	1
CHEK2	SIAH2_T119	1
CHEK2	SIAH2_T26	1
CHEK2	SOD1_S60	1
CHEK2	SOD1_S99	1
CHEK2	SOX10_S24	1
CHEK2	TERF2_T188	1
CHEK2	TP53_S15	1
CHEK2	TP53_S20	1
CHEK2	TP53_S313	1
CHEK2	TP53_S366	1
CHEK2	TP53_S367	1
CHEK2	TP53_S37	1
CHEK2	TP53_S378	1
CHEK2	TP53_T18	1
CHEK2	TP53_T377	1
CHEK2	TP53_T387	1
CHEK2	TP73_S47	1
CHEK2	TRIM28_S473	1
CHEK2	TTC5_S221	1
CHEK2	TTK_T288	1
CHEK2	VHL_S111	1
CHEK2	XRCC1_S184	1
CHEK2	XRCC1_S210	1
CHEK2	XRCC1_T284	1
CHEK2	ZYX_S170	1
CHEK2	ZYX_T159	1
CHGA	NOS3_S1179	1
CHI3L1	CTNNB1_S675	1
CHI3L1	MARCKS_S46	1
CHKA	BACE1_S498	1
CHKA	CDC25A_S124	1
CHKA	CDC25C_S216	1
CHKA	CDH1_S846	1
CHKA	CTNNB1_S45	1
CHKA	MAPK9_T183	1
CHKA	MAPK9_Y185	1
CHKA	PLIN2_Y232	1
CHKA	PLIN3_Y251	1
CHKA	RAC1_S71	1
CHKA	SNCB_Y119	1
CHKA	SNCB_Y127	1
CHKA	SNCB_Y130	1
CHKA	SNCB_Y39	1
CHKA	SRC_Y530	1
CHKA	TP53_S15	1
CHN1	MYC_T58	1
CHRNA7	AKT1_S473	1
CHRNA7	TP53_S46	1
CHUK	AMBRA1_S1043	1
CHUK	ATG16L1_S278	1
CHUK	ATG16L1_T300	1
CHUK	AURKA_T288	1
CHUK	BAD_S25	1
CHUK	BBC3_S10	1
CHUK	BCL3_S454	1
CHUK	CCND1_T286	1
CHUK	CDKN1B_S183	1
CHUK	COPS5_S201	1
CHUK	COPS5_T205	1
CHUK	CREBBP_S1382	1
CHUK	CREBBP_S1386	1
CHUK	CTNNB1_S33	1
CHUK	CTNNB1_S37	1
CHUK	CTNNB1_S45	1
CHUK	CTNNB1_T41	1
CHUK	CYLD_S418	1
CHUK	CYLD_S422	1
CHUK	CYLD_S432	1
CHUK	CYLD_S436	1
CHUK	CYLD_S439	1
CHUK	CYLD_S441	1
CHUK	CYLD_S444	1
CHUK	ELAVL1_S304	1
CHUK	ELAVL1_S318	1
CHUK	ESR1_S118	1
CHUK	FOXA2_S107	1
CHUK	FOXA2_S111	1
CHUK	FOXA2_S113	1
CHUK	FOXA2_S117	1
CHUK	FOXO3_S644	1
CHUK	H3-3B_S11	1
CHUK	IKBKB_S177	1
CHUK	IKBKB_S181	1
CHUK	IKBKB_S670	1
CHUK	IKBKB_S672	1
CHUK	IKBKB_S675	1
CHUK	IKBKB_S682	1
CHUK	IKBKB_S689	1
CHUK	IKBKB_S692	1
CHUK	IKBKB_S695	1
CHUK	IKBKB_S697	1
CHUK	IKBKB_S705	1
CHUK	IKBKB_S733	1
CHUK	IKBKB_S740	1
CHUK	IKBKB_S750	1
CHUK	IKBKG_S376	1
CHUK	IKBKG_S43	1
CHUK	IKBKG_S68	1
CHUK	IKBKG_S85	1
CHUK	IRS1_S268	1
CHUK	IRS1_S270	1
CHUK	IRS1_S272	1
CHUK	IRS1_S274	1
CHUK	IRS1_S307	1
CHUK	IRS1_S312	1
CHUK	IRS1_S341	1
CHUK	IRS1_S345	1
CHUK	IRS1_S527	1
CHUK	IRS1_S531	1
CHUK	IRS2_S304	1
CHUK	IRS2_S306	1
CHUK	IRS2_S384	1
CHUK	IRS2_S388	1
CHUK	IRS2_S577	1
CHUK	LRRK2_S910	1
CHUK	LRRK2_S935	1
CHUK	MAP3K14_S814	1
CHUK	MAP3K14_S817	1
CHUK	MAP3K14_S820	1
CHUK	MAP3K14_T559	1
CHUK	MECP2_S423	1
CHUK	MTOR_S1415	1
CHUK	MTOR_S1418	1
CHUK	MTURN_S58	1
CHUK	MYC_S67	1
CHUK	MYC_S71	1
CHUK	NCOA3_S857	1
CHUK	NCOR2_S1390	1
CHUK	NCOR2_S2407	1
CHUK	NCOR2_S2452	1
CHUK	NFKB1_S922	1
CHUK	NFKB1_S923	1
CHUK	NFKB1_S924	1
CHUK	NFKB1_S927	1
CHUK	NFKB1_S928	1
CHUK	NFKB1_S932	1
CHUK	NFKB1_S933	1
CHUK	NFKB1_T931	1
CHUK	NFKB1_T932	1
CHUK	NFKB2_S108	1
CHUK	NFKB2_S115	1
CHUK	NFKB2_S123	1
CHUK	NFKB2_S866	1
CHUK	NFKB2_S870	1
CHUK	NFKB2_S872	1
CHUK	NFKB2_S99	1
CHUK	NFKBIA_S32	1
CHUK	NFKBIA_S36	1
CHUK	NFKBIB_S19	1
CHUK	NFKBIB_S23	1
CHUK	NPM1_S125	1
CHUK	PIAS1_S90	1
CHUK	RELA_S536	1
CHUK	RELB_S472	1
CHUK	REL_S557	1
CHUK	SYT1_S236	1
CHUK	TAX1BP1_S593	1
CHUK	TAX1BP1_S624	1
CHUK	TAX1BP1_S666	1
CHUK	TBK1_S172	1
CHUK	TRAF4_S426	1
CILK1	BAG6_T1080	1
CILK1	GSK3B_T7	1
CILK1	KIF3A_T672	1
CILK1	RPTOR_T908	1
CISH	VASP_S157	1
CIT	MYL9_S20	1
CIT	MYL9_T19	1
CIT	SRF_T159	1
CLASP1	MAP2K1_S222	1
CLCF1	STAT3_Y705	1
CLCN3	KRT18_S53	1
CLEC3B	RICTOR_S1235	1
CLEC6A	SYK_Y352	1
CLEC7A	PTPN11_Y546	1
CLK1	ABL1_T735	1
CLK1	ABL1_T754	1
CLK1	C9orf78_S15	1
CLK1	LBR_S78	1
CLK1	MDM4_S342	1
CLK1	MDM4_S403	1
CLK1	PPP1R13L_S102	1
CLK1	PPP1R13L_T341	1
CLK1	PPP2R5D_S90	1
CLK1	PTPN1_S242	1
CLK1	PTPN1_S243	1
CLK1	PTPN1_S50	1
CLK1	RBM17_S202	1
CLK1	RBM17_S204	1
CLK1	RBM17_S222	1
CLK1	RBM17_S266	1
CLK1	RBM17_S288	1
CLK1	RBM17_S291	1
CLK1	RBM17_S48	1
CLK1	RBM17_S62	1
CLK1	SNRNP70_S226	1
CLK1	SNRNP70_S266	1
CLK1	SNRNP70_S268	1
CLK1	SNRNP70_S357	1
CLK1	SRSF1_S201	1
CLK1	SRSF1_S205	1
CLK1	SRSF1_S225	1
CLK1	SRSF1_S227	1
CLK1	SRSF1_S244	1
CLK1	SRSF6_S259	1
CLK1	SRSF6_S261	1
CLK1	SRSF6_S263	1
CLK1	SRSF6_S265	1
CLK1	SRSF6_S295	1
CLK1	SRSF6_S297	1
CLK1	SRSF6_S299	1
CLK1	SRSF6_S301	1
CLK1	SRSF6_S303	1
CLK1	SRSF6_S316	1
CLK1	SRSF6_S324	1
CLK1	SRSF6_S326	1
CLK1	TRIM28_S439	1
CLK1	TRIM28_S45	1
CLK1	TRIM28_S473	1
CLK1	TRIM28_S596	1
CLK1	TRIM28_S598	1
CLK1	TRIM28_S600	1
CLK1	TRIM28_S683	1
CLK2	ARID3A_S77	1
CLK2	ARID3A_S81	1
CLK2	BAD_S25	1
CLK2	CAMKK1_S475	1
CLK2	EIF2B5_S540	1
CLK2	GPBP1L1_S49	1
CLK2	HLCS_S79	1
CLK2	KHDRBS1_S70	1
CLK2	KHDRBS1_T77	1
CLK2	MATR3_S22	1
CLK2	MATR3_S234	1
CLK2	MATR3_S598	1
CLK2	MATR3_S673	1
CLK2	MDM2_S262	1
CLK2	NFATC4_S272	1
CLK2	PAGE4_S7	1
CLK2	PAGE4_S73	1
CLK2	PAGE4_S79	1
CLK2	PAGE4_S9	1
CLK2	PAGE4_T51	1
CLK2	PAGE4_T71	1
CLK2	PAGE4_T85	1
CLK2	PAGE4_T94	1
CLK2	PPP1R13L_S113	1
CLK2	PPP1R13L_S183	1
CLK2	PRDM10_S418	1
CLK2	PRKACA_T198	1
CLK2	PTPN1_S242	1
CLK2	PTPN1_S243	1
CLK2	PTPN1_S50	1
CLK2	RPA1_S384	1
CLK2	SAFB2_S109	1
CLK2	SAFB2_S245	1
CLK2	SUB1_S11	1
CLK2	TRIM28_S26	1
CLK2	TRIM28_S471	1
CLK2	TRIM28_S473	1
CLK2	TRIM28_S50	1
CLK2	TRIM28_S612	1
CLK2	TRIM28_S683	1
CLK2	TRIM28_T599	1
CLK2	U2AF1_S61	1
CLK2	XPO1_S1055	1
CLK2	ZFP36_S186	1
CLK2	ZMYM3_S220	1
CLK2	ZMYM3_T62	1
CLK3	HLCS_S79	1
CLK3	PPP1R13L_S316	1
CLK3	PPP2R5D_S88	1
CLK3	PPP2R5D_S89	1
CLK3	PRKCD_S302	1
CLK3	PRKCD_S304	1
CLK3	SRSF1_S199	1
CLK3	SRSF1_S201	1
CLK3	SRSF1_S205	1
CLK3	SRSF1_S225	1
CLK3	SRSF1_S227	1
CLK3	SRSF1_S231	1
CLK3	SRSF1_S238	1
CLK3	SRSF1_S242	1
CLK3	SRSF1_S244	1
CLK3	USP13_Y708	1
CLK4	ABL1_T735	1
CLK4	ABL1_T754	1
CLK4	ZYX_S142	1
CLK4	ZYX_S150	1
CLK4	ZYX_T159	1
CLSPN	CHEK1_S317	1
CLSPN	CHEK2_T68	1
CMPK1	ATF1_S36	1
CMPK1	ATF1_S41	1
CMPK1	FOXO3_S318	1
CMPK1	FOXO3_S321	1
CNKSR1	RAF1_T269	1
CNOT2	GRIA1_S880	1
CNP	PLCB3_S1105	1
CNR1	IRS1_S307	1
CNR1	PPP1R1B_T34	1
CNTF	NFE2L2_S40	1
CNTF	NFKBIA_Y42	1
CNTF	STAT3_S727	1
CNTF	STAT3_Y705	1
CNTF	TH_S62	1
COMT	AKT1_S473	1
COPS4	TP53_T155	1
COPS5	TP53_T155	1
CORT	MAPT_S579	1
CORT	SGK1_S422	1
CORT	SGK1_T256	1
CP	PRKCD_S645	1
CP	PRKCD_T507	1
CP	PRKCD_Y313	1
CPD	MET_Y1349	1
CPOX	CDC25A_S76	1
CPOX	CDC25A_S82	1
CPSF4	CCND1_T286	1
CPSF4	ESR1_S118	1
CRK	GAB1_Y307	1
CRK	PTK2_Y397	1
CRK	SRC_Y419	1
CRKL	DAB1_Y220	1
CRP	IRS1_S307	1
CRP	MAPT_S396	1
CRP	MAPT_S519	1
CRP	NOS3_S1179	1
CRP	PLCG1_Y783	1
CRTC2	AKT1_S473	1
CS	CHUK_S176	1
CS	EGFR_Y869	1
CS	MAPK1_Y187	1
CS	PRKDC_S2056	1
CS	PRKDC_T2609	1
CS	PTK2_Y397	1
CS	PTK2_Y576	1
CSAD	CAV1_Y14	1
CSF1	ETS2_T72	1
CSF1	GSK3B_S9	1
CSF1	PAK1_T423	1
CSF1	PXN_Y118	1
CSF1	TSC2_S939	1
CSF1R	ACLY_Y1073	1
CSF1R	CTNND1_Y228	1
CSF1R	CTNND1_Y904	1
CSF1R	FLT3_Y589	1
CSF1R	HCLS1_Y378	1
CSF1R	HCLS1_Y397	1
CSF1R	MAP4K1_Y381	1
CSF1R	PDGFRB_Y751	1
CSF1R	PDGFRB_Y857	1
CSF1R	PTK2_Y397	1
CSF1R	RASA1_Y460	1
CSF1R	SH2B1_Y439	1
CSF1R	STAP2_Y310	1
CSF1R	VAV2_Y172	1
CSF2	BAD_S75	1
CSF2	BAD_S99	1
CSF2	BAX_S184	1
CSF2	BAX_T167	1
CSF2	NCF1_S345	1
CSF2	STAT3_S727	1
CSF3	ACE_S1299	1
CSF3	GAB2_Y643	1
CSK	ANXA2_Y24	1
CSK	APP_Y762	1
CSK	ARHGDIA_Y156	1
CSK	ARHGDIB_Y153	1
CSK	AR_Y535	1
CSK	BCAR1_Y128	1
CSK	BLK_Y389	1
CSK	BTK_Y551	1
CSK	CASP8_Y380	1
CSK	CAV1_Y14	1
CSK	CDH5_Y658	1
CSK	CDH5_Y731	1
CSK	CDKN1B_Y88	1
CSK	CLCN3_Y342	1
CSK	CTNNB1_Y142	1
CSK	CTNNB1_Y654	1
CSK	CTNNB1_Y86	1
CSK	CTTN_Y297	1
CSK	CTTN_Y409	1
CSK	CTTN_Y433	1
CSK	DOK1_Y449	1
CSK	EGFR_Y1092	1
CSK	EGFR_Y1125	1
CSK	EGFR_Y869	1
CSK	EMD_Y74	1
CSK	EMD_Y95	1
CSK	ESR1_Y537	1
CSK	FGR_Y412	1
CSK	FGR_Y523	1
CSK	FHIT_Y114	1
CSK	FUNDC1_S13	1
CSK	FUNDC1_Y18	1
CSK	FYN_Y420	1
CSK	FYN_Y476	1
CSK	FYN_Y528	1
CSK	FYN_Y531	1
CSK	GRIA2_Y876	1
CSK	GRIN2A_Y1387	1
CSK	GRIN2B_Y1336	1
CSK	GRIN2B_Y1474	1
CSK	GSK3B_T43	1
CSK	GSN_Y35	1
CSK	GSN_Y358	1
CSK	GSN_Y409	1
CSK	GSN_Y414	1
CSK	GSN_Y465	1
CSK	GSN_Y552	1
CSK	GSN_Y600	1
CSK	GSN_Y603	1
CSK	GSN_Y651	1
CSK	GSN_Y86	1
CSK	HCK_Y411	1
CSK	HCK_Y522	1
CSK	IGF2BP1_Y396	1
CSK	JUN_Y170	1
CSK	JUN_Y26	1
CSK	KDR_Y1175	1
CSK	LCK_Y394	1
CSK	LCK_Y505	1
CSK	LRRK2_S935	1
CSK	LYN_Y316	1
CSK	LYN_Y397	1
CSK	LYN_Y508	1
CSK	MAPK15_T175	1
CSK	MAPK15_Y177	1
CSK	MDM2_Y281	1
CSK	MDM2_Y302	1
CSK	MUC1_Y1229	1
CSK	NDUFV2_Y193	1
CSK	NFKBIA_Y42	1
CSK	NOS3_Y81	1
CSK	NPHP1_Y721	1
CSK	NTRK1_Y496	1
CSK	PECAM1_Y713	1
CSK	PIP5K1C_Y649	1
CSK	PLSCR1_Y74	1
CSK	PPARG_Y78	1
CSK	PRAG1_Y413	1
CSK	PRKACA_Y331	1
CSK	PTK2_Y397	1
CSK	PTK2_Y576	1
CSK	PTK2_Y577	1
CSK	PTK2_Y861	1
CSK	PTK2_Y925	1
CSK	PTPRC_Y1218	1
CSK	PXN_Y40	1
CSK	PXN_Y88	1
CSK	RACK1_Y52	1
CSK	RAF1_Y341	1
CSK	RGS16_Y168	1
CSK	SDHA_Y215	1
CSK	SRC_Y338	1
CSK	SRC_Y419	1
CSK	SRC_Y530	1
CSK	SYN1_Y301	1
CSK	TERT_Y707	1
CSK	TRPV1_Y200	1
CSK	VAV2_Y159	1
CSK	VAV2_Y172	1
CSK	VCP_Y805	1
CSK	YES1_Y345	1
CSK	YES1_Y426	1
CSK	YES1_Y521	1
CSK	YES1_Y537	1
CSN1S1	RELA_S529	1
CSNK1A1	AGO2_S824	1
CSNK1A1	AGO2_S828	1
CSNK1A1	AGO2_S831	1
CSNK1A1	AGO2_S834	1
CSNK1A1	AGO2_T830	1
CSNK1A1	AHCYL1_S77	1
CSNK1A1	AKT2_T309	1
CSNK1A1	APC_S1279	1
CSNK1A1	APC_S1392	1
CSNK1A1	APC_S1504	1
CSNK1A1	APC_S1505	1
CSNK1A1	APC_S1507	1
CSNK1A1	APC_S1510	1
CSNK1A1	AQP2_S256	1
CSNK1A1	ARID3A_S81	1
CSNK1A1	ATF1_S36	1
CSNK1A1	ATF1_S41	1
CSNK1A1	ATF1_S47	1
CSNK1A1	ATF1_S50	1
CSNK1A1	ATF1_S51	1
CSNK1A1	ATP1A1_S16	1
CSNK1A1	AXIN1_S469	1
CSNK1A1	AXIN1_S75	1
CSNK1A1	AXIN1_S77	1
CSNK1A1	BACE1_S429	1
CSNK1A1	BACE1_S454	1
CSNK1A1	BACE1_S473	1
CSNK1A1	BACE1_S498	1
CSNK1A1	BECN1_S409	1
CSNK1A1	BHLHE40_S243	1
CSNK1A1	BID_S110	1
CSNK1A1	BID_S64	1
CSNK1A1	BID_T105	1
CSNK1A1	BID_T59	1
CSNK1A1	BLK_Y501	1
CSNK1A1	CAPN1_S78	1
CSNK1A1	CARD11_S615	1
CSNK1A1	CBX4_T437	1
CSNK1A1	CDC25A_S79	1
CSNK1A1	CDC25A_S82	1
CSNK1A1	CDH1_S844	1
CSNK1A1	CDK5_S159	1
CSNK1A1	CLTB_S11	1
CSNK1A1	CREB1_S108	1
CSNK1A1	CREB1_S111	1
CSNK1A1	CREB1_S114	1
CSNK1A1	CREB1_S156	1
CSNK1A1	CREM_S11	1
CSNK1A1	CREM_S110	1
CSNK1A1	CREM_S36	1
CSNK1A1	CREM_S50	1
CSNK1A1	CREM_S55	1
CSNK1A1	CREM_S66	1
CSNK1A1	CREM_S80	1
CSNK1A1	CREM_S94	1
CSNK1A1	CSNK1E_S323	1
CSNK1A1	CSNK1E_S368	1
CSNK1A1	CSNK1E_S405	1
CSNK1A1	CSNK1E_S408	1
CSNK1A1	CSNK1E_T325	1
CSNK1A1	CSNK1E_T334	1
CSNK1A1	CSNK1E_T337	1
CSNK1A1	CSNK1E_T407	1
CSNK1A1	CTNNB1_S33	1
CSNK1A1	CTNNB1_S37	1
CSNK1A1	CTNNB1_S45	1
CSNK1A1	CTNNB1_T41	1
CSNK1A1	CTNND1_S268	1
CSNK1A1	CTNND1_S269	1
CSNK1A1	CTPS2_S568	1
CSNK1A1	CTTN_S150	1
CSNK1A1	CTTN_T182	1
CSNK1A1	DEPTOR_S263	1
CSNK1A1	DEPTOR_S286	1
CSNK1A1	DEPTOR_S287	1
CSNK1A1	DEPTOR_S291	1
CSNK1A1	DEPTOR_T149	1
CSNK1A1	DPF2_S142	1
CSNK1A1	ECE1_S34	1
CSNK1A1	ECE1_S36	1
CSNK1A1	EIF2B5_S466	1
CSNK1A1	EIF2B5_S469	1
CSNK1A1	EIF2B5_S51	1
CSNK1A1	EIF6_S174	1
CSNK1A1	EIF6_S175	1
CSNK1A1	EPB41L3_S804	1
CSNK1A1	ERG_S44	1
CSNK1A1	ERG_S45	1
CSNK1A1	ERG_S46	1
CSNK1A1	FADD_S194	1
CSNK1A1	FOXG1_S19	1
CSNK1A1	FOXO1_S287	1
CSNK1A1	FOXO1_S322	1
CSNK1A1	FOXO1_S325	1
CSNK1A1	FOXO3_S318	1
CSNK1A1	FOXO3_S321	1
CSNK1A1	FOXO4_S265	1
CSNK1A1	FOXO4_S268	1
CSNK1A1	GJA1_S325	1
CSNK1A1	GJA1_S328	1
CSNK1A1	GJA1_S330	1
CSNK1A1	GLI2_S511	1
CSNK1A1	GLI2_S827	1
CSNK1A1	HDAC1_S421	1
CSNK1A1	HIRIP3_S199	1
CSNK1A1	HIRIP3_S223	1
CSNK1A1	HNRNPC_S100	1
CSNK1A1	HNRNPC_S113	1
CSNK1A1	HNRNPC_S183	1
CSNK1A1	HNRNPC_S240	1
CSNK1A1	HNRNPC_S247	1
CSNK1A1	HNRNPC_S253	1
CSNK1A1	HNRNPC_S260	1
CSNK1A1	HNRNPC_S299	1
CSNK1A1	HSP90AA1_S726	1
CSNK1A1	HSP90AA1_T725	1
CSNK1A1	HSP90AB1_S718	1
CSNK1A1	HSP90B1_S347	1
CSNK1A1	HSPA1A_T636	1
CSNK1A1	IFNAR1_S535	1
CSNK1A1	IRS1_Y46	1
CSNK1A1	IRS4_S859	1
CSNK1A1	JADE1_S18	1
CSNK1A1	JADE1_S20	1
CSNK1A1	KCNIP3_S63	1
CSNK1A1	KDM1A_S687	1
CSNK1A1	LGALS3_S12	1
CSNK1A1	LGALS3_S6	1
CSNK1A1	LRP6_S1490	1
CSNK1A1	LRP6_S1607	1
CSNK1A1	LRP6_T1493	1
CSNK1A1	LRP6_T1572	1
CSNK1A1	LRRK2_S910	1
CSNK1A1	LRRK2_S935	1
CSNK1A1	MALT1_S573	1
CSNK1A1	MAPK8IP1_S608	1
CSNK1A1	MDM2_S240	1
CSNK1A1	MDM2_S262	1
CSNK1A1	MDM4_S289	1
CSNK1A1	MYC_S252	1
CSNK1A1	MYC_S67	1
CSNK1A1	NEK6_S206	1
CSNK1A1	NFAT5_S158	1
CSNK1A1	NFAT5_S176	1
CSNK1A1	NFATC2_S110	1
CSNK1A1	NFATC2_S171	1
CSNK1A1	NFATC2_S172	1
CSNK1A1	NFATC2_S174	1
CSNK1A1	NFATC2_S175	1
CSNK1A1	NFATC2_S177	1
CSNK1A1	NFATC2_S180	1
CSNK1A1	NFATC2_S213	1
CSNK1A1	NFATC2_S217	1
CSNK1A1	NFATC2_S221	1
CSNK1A1	NFATC2_S268	1
CSNK1A1	NFATC2_S274	1
CSNK1A1	NFATC2_S276	1
CSNK1A1	NFATC2_S280	1
CSNK1A1	NFATC2_S326	1
CSNK1A1	NFATC3_S165	1
CSNK1A1	NFATC3_S177	1
CSNK1A1	NFATC3_S180	1
CSNK1A1	NFATC3_S181	1
CSNK1A1	NFATC3_S184	1
CSNK1A1	NFATC3_S186	1
CSNK1A1	NFATC3_S207	1
CSNK1A1	NFATC3_S211	1
CSNK1A1	NFATC3_S215	1
CSNK1A1	NFATC3_T204	1
CSNK1A1	NFATC3_T210	1
CSNK1A1	NUP214_S45	1
CSNK1A1	OSBP2_S762	1
CSNK1A1	OSBP2_S763	1
CSNK1A1	OSBP2_S766	1
CSNK1A1	OSBP2_S768	1
CSNK1A1	PDCL3_S236	1
CSNK1A1	PHLPP1_S1359	1
CSNK1A1	PHLPP1_S1379	1
CSNK1A1	PHLPP1_S1381	1
CSNK1A1	PHLPP1_T1363	1
CSNK1A1	PPP1R1B_S137	1
CSNK1A1	PPP1R1B_S42	1
CSNK1A1	PRG4_S373	1
CSNK1A1	PRH2_S24	1
CSNK1A1	PRH2_S38	1
CSNK1A1	PRKD2_S244	1
CSNK1A1	PRKN_S101	1
CSNK1A1	PRKN_S378	1
CSNK1A1	PSEN2_S19	1
CSNK1A1	PSEN2_S7	1
CSNK1A1	PSEN2_S9	1
CSNK1A1	RAPGEF2_S1244	1
CSNK1A1	RAPGEF2_S1248	1
CSNK1A1	RELA_S316	1
CSNK1A1	RHOB_S185	1
CSNK1A1	RPS6KA1_S221	1
CSNK1A1	RPS6KA4_S196	1
CSNK1A1	RPS6_S247	1
CSNK1A1	SAT1_S149	1
CSNK1A1	SLC18A2_S511	1
CSNK1A1	SLC18A2_S513	1
CSNK1A1	SLC4A1_S29	1
CSNK1A1	SLC4A1_S303	1
CSNK1A1	SLC4A1_S50	1
CSNK1A1	SLC4A1_T39	1
CSNK1A1	SLC4A1_T42	1
CSNK1A1	SLC4A1_T44	1
CSNK1A1	SLC4A1_T48	1
CSNK1A1	SLC4A1_T49	1
CSNK1A1	SLC4A1_T54	1
CSNK1A1	SLC4A1_Y21	1
CSNK1A1	SLC4A1_Y46	1
CSNK1A1	SLC4A1_Y8	1
CSNK1A1	SNCA_S129	1
CSNK1A1	SNCA_S87	1
CSNK1A1	SON_S1697	1
CSNK1A1	SQSTM1_S349	1
CSNK1A1	SRPK2_S497	1
CSNK1A1	TARDBP_S183	1
CSNK1A1	TARDBP_S2	1
CSNK1A1	TARDBP_S242	1
CSNK1A1	TARDBP_S254	1
CSNK1A1	TARDBP_S273	1
CSNK1A1	TARDBP_S292	1
CSNK1A1	TARDBP_S305	1
CSNK1A1	TARDBP_S342	1
CSNK1A1	TARDBP_S347	1
CSNK1A1	TARDBP_S350	1
CSNK1A1	TARDBP_S369	1
CSNK1A1	TARDBP_S375	1
CSNK1A1	TARDBP_S377	1
CSNK1A1	TARDBP_S379	1
CSNK1A1	TARDBP_S387	1
CSNK1A1	TARDBP_S389	1
CSNK1A1	TARDBP_S393	1
CSNK1A1	TARDBP_S395	1
CSNK1A1	TARDBP_S403	1
CSNK1A1	TARDBP_S404	1
CSNK1A1	TARDBP_S407	1
CSNK1A1	TARDBP_S409	1
CSNK1A1	TARDBP_S410	1
CSNK1A1	TARDBP_S91	1
CSNK1A1	TARDBP_S92	1
CSNK1A1	TARDBP_T116	1
CSNK1A1	TARDBP_T25	1
CSNK1A1	TARDBP_T88	1
CSNK1A1	TARDBP_Y4	1
CSNK1A1	TIAM1_S329	1
CSNK1A1	TNF_S2	1
CSNK1A1	TNK2_Y284	1
CSNK1A1	TNKS1BP1_S1138	1
CSNK1A1	TP53_S15	1
CSNK1A1	TP53_S20	1
CSNK1A1	TP53_S37	1
CSNK1A1	TP53_S6	1
CSNK1A1	TP53_S9	1
CSNK1A1	TP53_T18	1
CSNK1A1	TUT1_S6	1
CSNK1A1	UVRAG_S522	1
CSNK1A1	VHL_S72	1
CSNK1A1	YBX1_S176	1
CSNK1A1	YWHAQ_S232	1
CSNK1A1	YWHAZ_T232	1
CSNK1A1	ZRANB1_S209	1
CSNK1A1	ZRANB1_T35	1
CSNK1A1L	APC_S1279	1
CSNK1A1L	APC_S1392	1
CSNK1A1L	BID_S110	1
CSNK1A1L	BID_S64	1
CSNK1A1L	BID_T105	1
CSNK1A1L	BID_T59	1
CSNK1A1L	CDH1_S846	1
CSNK1A1L	CDK5_S159	1
CSNK1A1L	CSNK1E_S323	1
CSNK1A1L	CSNK1E_S368	1
CSNK1A1L	CSNK1E_S405	1
CSNK1A1L	CSNK1E_S408	1
CSNK1A1L	CSNK1E_T325	1
CSNK1A1L	CSNK1E_T334	1
CSNK1A1L	CSNK1E_T337	1
CSNK1A1L	CSNK1E_T407	1
CSNK1A1L	CTNNB1_S45	1
CSNK1A1L	EIF6_S174	1
CSNK1A1L	FOXO1_S319	1
CSNK1A1L	FOXO1_S322	1
CSNK1A1L	FOXO1_S325	1
CSNK1A1L	LGALS3_S6	1
CSNK1A1L	NFAT5_S158	1
CSNK1A1L	NFAT5_S176	1
CSNK1A1L	NFATC3_S207	1
CSNK1A1L	NFATC3_S211	1
CSNK1A1L	NFATC3_S215	1
CSNK1A1L	NFATC3_T204	1
CSNK1A1L	NFATC3_T210	1
CSNK1A1L	PSEN2_S19	1
CSNK1A1L	PSEN2_S7	1
CSNK1A1L	PSEN2_S9	1
CSNK1A1L	RHOB_S185	1
CSNK1A1L	SLC18A2_S511	1
CSNK1A1L	SLC18A2_S513	1
CSNK1A1L	TP53_S15	1
CSNK1A1L	TP53_T18	1
CSNK1A1L	TRPM4_S839	1
CSNK1A1L	YWHAQ_S232	1
CSNK1D	AGAP2_S149	1
CSNK1D	AKT1_T308	1
CSNK1D	AKT3_T305	1
CSNK1D	ANXA9_S2	1
CSNK1D	APC_S1279	1
CSNK1D	APC_S1392	1
CSNK1D	APC_S1504	1
CSNK1D	APC_S1505	1
CSNK1D	APC_S1507	1
CSNK1D	APC_S1510	1
CSNK1D	ARHGAP35_S1179	1
CSNK1D	AXIN1_S46	1
CSNK1D	BACE1_S429	1
CSNK1D	BACE1_S454	1
CSNK1D	BACE1_S473	1
CSNK1D	BACE1_S498	1
CSNK1D	BID_S110	1
CSNK1D	BID_S64	1
CSNK1D	BID_T105	1
CSNK1D	BID_T59	1
CSNK1D	BTAF1_S237	1
CSNK1D	C9orf78_S17	1
CSNK1D	CDH1_S844	1
CSNK1D	CDK5_S159	1
CSNK1D	CSNK1E_S323	1
CSNK1D	CSNK1E_S368	1
CSNK1D	CSNK1E_S405	1
CSNK1D	CSNK1E_S408	1
CSNK1D	CSNK1E_T325	1
CSNK1D	CSNK1E_T334	1
CSNK1D	CSNK1E_T337	1
CSNK1D	CSNK1E_T407	1
CSNK1D	CTNNB1_S45	1
CSNK1D	DCK_S11	1
CSNK1D	DCK_S15	1
CSNK1D	DCK_S74	1
CSNK1D	DCK_T72	1
CSNK1D	DHX16_S103	1
CSNK1D	DVL2_S143	1
CSNK1D	DVL2_T224	1
CSNK1D	EMSY_S1136	1
CSNK1D	EPAS1_S383	1
CSNK1D	EPAS1_T528	1
CSNK1D	EPN2_S182	1
CSNK1D	FOXO1_S322	1
CSNK1D	FOXO1_S325	1
CSNK1D	GJA1_S325	1
CSNK1D	GJA1_S328	1
CSNK1D	GJA1_S330	1
CSNK1D	GLI2_S511	1
CSNK1D	HELB_S1021	1
CSNK1D	HIF1A_S247	1
CSNK1D	HIF1A_S271	1
CSNK1D	IKBKG_S43	1
CSNK1D	KIR3DL1_S385	1
CSNK1D	KIR3DL1_S388	1
CSNK1D	KMT5A_S253	1
CSNK1D	LRP6_S1490	1
CSNK1D	LRP6_T1479	1
CSNK1D	LZTS2_S220	1
CSNK1D	LZTS2_S224	1
CSNK1D	LZTS2_S273	1
CSNK1D	LZTS2_S277	1
CSNK1D	MAP1A_S751	1
CSNK1D	MAPT_S202	1
CSNK1D	MAPT_S396	1
CSNK1D	MAPT_S404	1
CSNK1D	MAPT_S508	1
CSNK1D	MAPT_S519	1
CSNK1D	MAPT_S537	1
CSNK1D	MAPT_S721	1
CSNK1D	MAPT_S731	1
CSNK1D	MAPT_S739	1
CSNK1D	MAPT_T205	1
CSNK1D	MAPT_T522	1
CSNK1D	MAPT_T540	1
CSNK1D	MDM2_S118	1
CSNK1D	MDM2_S121	1
CSNK1D	MDM2_S124	1
CSNK1D	MDM2_S127	1
CSNK1D	MDM2_S157	1
CSNK1D	MDM2_S166	1
CSNK1D	MDM2_S172	1
CSNK1D	MDM2_S176	1
CSNK1D	MDM2_S178	1
CSNK1D	MDM2_S182	1
CSNK1D	MDM2_S220	1
CSNK1D	MDM2_S226	1
CSNK1D	MDM2_S229	1
CSNK1D	MDM2_S235	1
CSNK1D	MDM2_S238	1
CSNK1D	MDM2_S240	1
CSNK1D	MDM2_S246	1
CSNK1D	MDM2_S253	1
CSNK1D	MDM2_S259	1
CSNK1D	MDM2_S260	1
CSNK1D	MDM2_S262	1
CSNK1D	MDM2_S266	1
CSNK1D	MDM2_S268	1
CSNK1D	MDM2_S269	1
CSNK1D	MDM2_S275	1
CSNK1D	MDM2_S290	1
CSNK1D	MDM2_S296	1
CSNK1D	MDM2_S342	1
CSNK1D	MDM2_S348	1
CSNK1D	MDM2_S350	1
CSNK1D	MDM2_S356	1
CSNK1D	MDM2_S373	1
CSNK1D	MDM2_S379	1
CSNK1D	MDM2_S386	1
CSNK1D	MDM2_S392	1
CSNK1D	MDM2_T279	1
CSNK1D	MDM2_T285	1
CSNK1D	MDM2_T351	1
CSNK1D	MDM2_T357	1
CSNK1D	MDM2_T365	1
CSNK1D	MDM2_T371	1
CSNK1D	MDM2_T419	1
CSNK1D	MDM2_T425	1
CSNK1D	MEF2D_S212	1
CSNK1D	MRE11_S688	1
CSNK1D	MSH6_S256	1
CSNK1D	MTSS1_S322	1
CSNK1D	NACC1_S274	1
CSNK1D	NCOA3_S601	1
CSNK1D	NEDD9_S780	1
CSNK1D	NEDD9_T804	1
CSNK1D	NFATC3_S163	1
CSNK1D	NFATC3_S207	1
CSNK1D	NFATC3_S211	1
CSNK1D	NFATC3_S215	1
CSNK1D	NFATC3_T204	1
CSNK1D	NFATC3_T210	1
CSNK1D	NFATC3_T268	1
CSNK1D	NFKBIA_T291	1
CSNK1D	OGA_S364	1
CSNK1D	OGA_S485	1
CSNK1D	PER2_S662	1
CSNK1D	PER2_S665	1
CSNK1D	PER2_S668	1
CSNK1D	PER2_S977	1
CSNK1D	PIK3R1_S608	1
CSNK1D	PPP1R13L_S113	1
CSNK1D	PPP1R13L_S84	1
CSNK1D	PPP1R13L_T123	1
CSNK1D	PPP1R13L_T570	1
CSNK1D	PPP5C_T362	1
CSNK1D	PRH2_S24	1
CSNK1D	PRKD2_S244	1
CSNK1D	PRKDC_S2624	1
CSNK1D	PSEN2_S19	1
CSNK1D	PSEN2_S327	1
CSNK1D	PSEN2_S329	1
CSNK1D	PSEN2_S330	1
CSNK1D	PSEN2_S334	1
CSNK1D	PSEN2_S335	1
CSNK1D	PSEN2_S7	1
CSNK1D	PSEN2_S9	1
CSNK1D	RANBP2_S2290	1
CSNK1D	RBL1_T340	1
CSNK1D	RFC1_S108	1
CSNK1D	RHO_S334	1
CSNK1D	RTN2_S44	1
CSNK1D	SLC18A2_S511	1
CSNK1D	SLC18A2_S513	1
CSNK1D	SLC4A1_S50	1
CSNK1D	SMARCA4_S31	1
CSNK1D	SMARCA4_S35	1
CSNK1D	SNCA_S129	1
CSNK1D	SPIB_S144	1
CSNK1D	SRF_S77	1
CSNK1D	SRF_S83	1
CSNK1D	SRF_S85	1
CSNK1D	STAMBP_S247	1
CSNK1D	TARDBP_S292	1
CSNK1D	TARDBP_S305	1
CSNK1D	TARDBP_S317	1
CSNK1D	TARDBP_S333	1
CSNK1D	TARDBP_S389	1
CSNK1D	TARDBP_S393	1
CSNK1D	TARDBP_S395	1
CSNK1D	TARDBP_S403	1
CSNK1D	TARDBP_S404	1
CSNK1D	TARDBP_S409	1
CSNK1D	TARDBP_S410	1
CSNK1D	TARDBP_S92	1
CSNK1D	TGFBR2_S213	1
CSNK1D	TJP2_S170	1
CSNK1D	TOP2B_S1130	1
CSNK1D	TP53_S20	1
CSNK1D	TP53_S9	1
CSNK1D	TP53_T18	1
CSNK1D	UHRF1_S95	1
CSNK1D	VTN_T69	1
CSNK1D	VTN_T76	1
CSNK1D	WEE1_S212	1
CSNK1D	WWTR1_S314	1
CSNK1D	YAP1_S384	1
CSNK1D	YAP1_S400	1
CSNK1D	YAP1_S403	1
CSNK1D	YWHAQ_S232	1
CSNK1D	ZAP70_S289	1
CSNK1D	ZNF106_S878	1
CSNK1D	ZNF322_S396	1
CSNK1E	ABCF1_S228	1
CSNK1E	ANK2_T819	1
CSNK1E	AP3B2_S272	1
CSNK1E	APC_S1180	1
CSNK1E	APC_S1279	1
CSNK1E	APC_S1392	1
CSNK1E	APC_S1504	1
CSNK1E	APC_S1505	1
CSNK1E	APC_S1507	1
CSNK1E	APC_S1510	1
CSNK1E	APC_S1861	1
CSNK1E	APC_S1864	1
CSNK1E	APC_S2143	1
CSNK1E	APC_S2464	1
CSNK1E	ATN1_S77	1
CSNK1E	BAZ1B_S705	1
CSNK1E	BAZ1B_S708	1
CSNK1E	BID_S110	1
CSNK1E	BID_S64	1
CSNK1E	BID_T105	1
CSNK1E	BID_T59	1
CSNK1E	BRD3_S563	1
CSNK1E	CAMK2A_S333	1
CSNK1E	CDC16_S595	1
CSNK1E	CDC16_T599	1
CSNK1E	CDC34_S222	1
CSNK1E	CDC34_T233	1
CSNK1E	CDH1_S844	1
CSNK1E	CDK5_S159	1
CSNK1E	CEP41_S99	1
CSNK1E	CHEK2_S39	1
CSNK1E	CHEK2_T383	1
CSNK1E	CHRM2_S311	1
CSNK1E	CLIP1_S200	1
CSNK1E	CSDE1_T730	1
CSNK1E	CTNNB1_S45	1
CSNK1E	CTNND1_S268	1
CSNK1E	CTNND1_S349	1
CSNK1E	DDX21_S171	1
CSNK1E	DDX24_S82	1
CSNK1E	DLGAP1_S362	1
CSNK1E	DMTN_S226	1
CSNK1E	DVL1_S139	1
CSNK1E	DVL1_S142	1
CSNK1E	DVL2_S143	1
CSNK1E	DVL2_T224	1
CSNK1E	DVL3_S280	1
CSNK1E	DVL3_S311	1
CSNK1E	DVL3_S611	1
CSNK1E	DVL3_S612	1
CSNK1E	DVL3_S633	1
CSNK1E	DVL3_S636	1
CSNK1E	DVL3_S639	1
CSNK1E	DVL3_S642	1
CSNK1E	DVL3_S643	1
CSNK1E	EIF2AK2_S438	1
CSNK1E	EIF2AK2_T451	1
CSNK1E	EIF4B_S597	1
CSNK1E	EIF4EBP1_T41	1
CSNK1E	EIF4EBP1_T50	1
CSNK1E	EIF4ENIF1_S69	1
CSNK1E	EIF4ENIF1_T496	1
CSNK1E	EIF4H_S110	1
CSNK1E	EIF5B_S186	1
CSNK1E	ERCC5_S428	1
CSNK1E	FGA_S22	1
CSNK1E	FOXO1_S322	1
CSNK1E	FOXO1_S325	1
CSNK1E	FPR1_T331	1
CSNK1E	FZD6_S648	1
CSNK1E	G3BP1_S149	1
CSNK1E	GLI2_S511	1
CSNK1E	GTF2A1_S281	1
CSNK1E	GTF2A1_S316	1
CSNK1E	GTSE1_S592	1
CSNK1E	HDAC1_S421	1
CSNK1E	HDAC1_S423	1
CSNK1E	HDAC2_S394	1
CSNK1E	HDAC2_S422	1
CSNK1E	HDAC2_S424	1
CSNK1E	HDGF_S202	1
CSNK1E	HOXB6_S214	1
CSNK1E	HSP90AA1_S262	1
CSNK1E	HTATSF1_S579	1
CSNK1E	HTATSF1_S616	1
CSNK1E	HTATSF1_S624	1
CSNK1E	IGFBP1_S126	1
CSNK1E	IGFBP1_S194	1
CSNK1E	IRF3_S175	1
CSNK1E	ITIH2_S60	1
CSNK1E	KIF1B_S1057	1
CSNK1E	KRT8_S23	1
CSNK1E	LRP6_S1420	1
CSNK1E	LRP6_S1430	1
CSNK1E	LRP6_S1431	1
CSNK1E	LRP6_S1490	1
CSNK1E	MAP1B_S828	1
CSNK1E	MAX_S2	1
CSNK1E	MFAP1_S116	1
CSNK1E	MFAP1_S132	1
CSNK1E	MFAP1_S133	1
CSNK1E	MGP_S25	1
CSNK1E	MYB_S11	1
CSNK1E	NACA_S166	1
CSNK1E	NCOA3_S101	1
CSNK1E	NCOA3_S102	1
CSNK1E	NDRG1_S336	1
CSNK1E	NEFL_S472	1
CSNK1E	NFATC3_S207	1
CSNK1E	NFATC3_S211	1
CSNK1E	NFATC3_S215	1
CSNK1E	NFATC3_T204	1
CSNK1E	NFATC3_T210	1
CSNK1E	NFKB2_S865	1
CSNK1E	NPM1_S125	1
CSNK1E	NPR2_S526	1
CSNK1E	OCLN_T404	1
CSNK1E	OSBP_S190	1
CSNK1E	PDAP1_S60	1
CSNK1E	PDAP1_S63	1
CSNK1E	PER1_S661	1
CSNK1E	PER1_S663	1
CSNK1E	PER1_S714	1
CSNK1E	PER2_S480	1
CSNK1E	PER2_S662	1
CSNK1E	PER2_S665	1
CSNK1E	PER2_S668	1
CSNK1E	PER2_S671	1
CSNK1E	PER2_S674	1
CSNK1E	PER2_S700	1
CSNK1E	PER3_S622	1
CSNK1E	PER3_S625	1
CSNK1E	PER3_S628	1
CSNK1E	PER3_S633	1
CSNK1E	PER3_S634	1
CSNK1E	PER3_T635	1
CSNK1E	PKP3_S238	1
CSNK1E	PPIG_S257	1
CSNK1E	PPP1R13L_S134	1
CSNK1E	PPP1R13L_S152	1
CSNK1E	PPP1R13L_S332	1
CSNK1E	PPP1R13L_T241	1
CSNK1E	PPP1R13L_T308	1
CSNK1E	PPP1R13L_T341	1
CSNK1E	PPP1R8_S243	1
CSNK1E	PPP1R8_T179	1
CSNK1E	PRKD2_S244	1
CSNK1E	PRPF4B_S20	1
CSNK1E	PSEN2_S19	1
CSNK1E	PSEN2_S7	1
CSNK1E	PSEN2_S9	1
CSNK1E	PTPRC_S995	1
CSNK1E	RAD17_T681	1
CSNK1E	ROCK2_S1134	1
CSNK1E	RPA1_S172	1
CSNK1E	RPA1_S315	1
CSNK1E	RPS6KA3_S227	1
CSNK1E	RRP12_S1080	1
CSNK1E	RTN4_S836	1
CSNK1E	SAFB2_S207	1
CSNK1E	SCAF11_S299	1
CSNK1E	SEMA5A_S106	1
CSNK1E	SLC18A2_S511	1
CSNK1E	SLC18A2_S513	1
CSNK1E	SLC39A7_S276	1
CSNK1E	SMARCA2_S1568	1
CSNK1E	SMN2_S28	1
CSNK1E	SNAI1_S104	1
CSNK1E	SNAI1_S107	1
CSNK1E	SNAI1_S92	1
CSNK1E	SNN_S49	1
CSNK1E	SRRM1_S463	1
CSNK1E	SRRM1_S502	1
CSNK1E	SRRM2_S1326	1
CSNK1E	STK4_S320	1
CSNK1E	SYNRG_S756	1
CSNK1E	TAF3_S410	1
CSNK1E	TARDBP_S379	1
CSNK1E	TARDBP_S403	1
CSNK1E	TARDBP_S404	1
CSNK1E	TARDBP_S409	1
CSNK1E	TARDBP_S410	1
CSNK1E	TCOF1_S1394	1
CSNK1E	THRAP3_S379	1
CSNK1E	TJP2_S1159	1
CSNK1E	TOP2B_S1353	1
CSNK1E	TOP2B_S1408	1
CSNK1E	TP53_T18	1
CSNK1E	TRAF3_S349	1
CSNK1E	TRAF3_Y116	1
CSNK1E	TRAF3_Y446	1
CSNK1E	TRIP10_S299	1
CSNK1E	TRIP10_S426	1
CSNK1E	TRPM4_S839	1
CSNK1E	VIPAS39_T21	1
CSNK1E	VPS72_S59	1
CSNK1E	VPS72_S71	1
CSNK1E	WWTR1_S314	1
CSNK1E	WWTR1_S93	1
CSNK1E	YAP1_S400	1
CSNK1E	YAP1_S403	1
CSNK1E	YWHAQ_S232	1
CSNK1E	YWHAZ_T232	1
CSNK1G1	APC_S1279	1
CSNK1G1	APC_S1392	1
CSNK1G1	APC_S1504	1
CSNK1G1	APC_S1505	1
CSNK1G1	APC_S1507	1
CSNK1G1	APC_S1510	1
CSNK1G1	BID_S110	1
CSNK1G1	BID_S64	1
CSNK1G1	BID_T105	1
CSNK1G1	BID_T59	1
CSNK1G1	CDK5_S159	1
CSNK1G1	CSNK1E_S323	1
CSNK1G1	CSNK1E_S368	1
CSNK1G1	CSNK1E_S405	1
CSNK1G1	CSNK1E_S408	1
CSNK1G1	CSNK1E_T325	1
CSNK1G1	CSNK1E_T334	1
CSNK1G1	CSNK1E_T337	1
CSNK1G1	CSNK1E_T407	1
CSNK1G1	CTNNB1_S45	1
CSNK1G1	FOXO1_S322	1
CSNK1G1	FOXO1_S325	1
CSNK1G1	GLI2_S511	1
CSNK1G1	LRP6_T1479	1
CSNK1G1	LRP6_T1493	1
CSNK1G1	LYN_S13	1
CSNK1G1	NFATC3_S163	1
CSNK1G1	NFATC3_S207	1
CSNK1G1	NFATC3_S211	1
CSNK1G1	NFATC3_S215	1
CSNK1G1	NFATC3_S366	1
CSNK1G1	NFATC3_T204	1
CSNK1G1	NFATC3_T210	1
CSNK1G1	NFATC3_T268	1
CSNK1G1	PAXBP1_S62	1
CSNK1G1	PSEN2_S19	1
CSNK1G1	PSEN2_S7	1
CSNK1G1	PSEN2_S9	1
CSNK1G1	RELA_S536	1
CSNK1G1	SLC18A2_S511	1
CSNK1G1	SLC18A2_S513	1
CSNK1G1	TP53_T18	1
CSNK1G1	YWHAQ_S232	1
CSNK1G2	APC_S1279	1
CSNK1G2	APC_S1392	1
CSNK1G2	BECN1_S409	1
CSNK1G2	BECN1_T406	1
CSNK1G2	BID_S110	1
CSNK1G2	BID_S64	1
CSNK1G2	BID_T105	1
CSNK1G2	BID_T59	1
CSNK1G2	CC2D1A_S179	1
CSNK1G2	CDK5_S159	1
CSNK1G2	CERT1_S132	1
CSNK1G2	CERT1_S260	1
CSNK1G2	CSNK1E_S323	1
CSNK1G2	CSNK1E_S368	1
CSNK1G2	CSNK1E_S405	1
CSNK1G2	CSNK1E_S408	1
CSNK1G2	CSNK1E_T325	1
CSNK1G2	CSNK1E_T334	1
CSNK1G2	CSNK1E_T337	1
CSNK1G2	CSNK1E_T407	1
CSNK1G2	CTNNB1_S45	1
CSNK1G2	DCLK1_S738	1
CSNK1G2	FOXO1_S322	1
CSNK1G2	FOXO1_S325	1
CSNK1G2	GLI2_S511	1
CSNK1G2	IRS4_S859	1
CSNK1G2	LRP6_T1479	1
CSNK1G2	LRP6_T1493	1
CSNK1G2	LYN_S13	1
CSNK1G2	NFATC3_S207	1
CSNK1G2	NFATC3_S211	1
CSNK1G2	NFATC3_S215	1
CSNK1G2	NFATC3_T204	1
CSNK1G2	NFATC3_T210	1
CSNK1G2	PSEN2_S19	1
CSNK1G2	PSEN2_S7	1
CSNK1G2	PSEN2_S9	1
CSNK1G2	SLC18A2_S511	1
CSNK1G2	SLC18A2_S513	1
CSNK1G2	SMAD3_S418	1
CSNK1G2	TP53_T18	1
CSNK1G2	YWHAQ_S232	1
CSNK1G2	ZYX_S303	1
CSNK1G3	APC_S1279	1
CSNK1G3	APC_S1392	1
CSNK1G3	BID_S110	1
CSNK1G3	BID_S64	1
CSNK1G3	BID_T105	1
CSNK1G3	BID_T59	1
CSNK1G3	CDK5_S159	1
CSNK1G3	CSNK1E_S323	1
CSNK1G3	CSNK1E_S368	1
CSNK1G3	CSNK1E_S405	1
CSNK1G3	CSNK1E_S408	1
CSNK1G3	CSNK1E_T325	1
CSNK1G3	CSNK1E_T334	1
CSNK1G3	CSNK1E_T337	1
CSNK1G3	CSNK1E_T407	1
CSNK1G3	CTNNB1_S45	1
CSNK1G3	FOXO1_S322	1
CSNK1G3	FOXO1_S325	1
CSNK1G3	GLI2_S511	1
CSNK1G3	LYN_S13	1
CSNK1G3	NFATC3_S207	1
CSNK1G3	NFATC3_S211	1
CSNK1G3	NFATC3_S215	1
CSNK1G3	NFATC3_T204	1
CSNK1G3	NFATC3_T210	1
CSNK1G3	PSEN2_S19	1
CSNK1G3	PSEN2_S7	1
CSNK1G3	PSEN2_S9	1
CSNK1G3	SLC18A2_S511	1
CSNK1G3	SLC18A2_S513	1
CSNK1G3	TP53_T18	1
CSNK1G3	YWHAQ_S232	1
CSNK2A1	AATF_S155	1
CSNK2A1	AATF_S288	1
CSNK2A1	AATF_S320	1
CSNK2A1	AATF_S321	1
CSNK2A1	ABCA1_S1255	1
CSNK2A1	ABCA1_T1242	1
CSNK2A1	ABCA1_T1243	1
CSNK2A1	ABCA1_T1305	1
CSNK2A1	ABCC1_T249	1
CSNK2A1	ABCF1_S109	1
CSNK2A1	ABCF1_S140	1
CSNK2A1	ACACA_S29	1
CSNK2A1	ACACA_S66	1
CSNK2A1	ACE2_S787	1
CSNK2A1	ACE_S1299	1
CSNK2A1	AIP_S43	1
CSNK2A1	AKT1_S126	1
CSNK2A1	AKT1_S129	1
CSNK2A1	AKT2_S131	1
CSNK2A1	AMPH_T350	1
CSNK2A1	AMPH_T387	1
CSNK2A1	ANP32A_S158	1
CSNK2A1	ANP32A_S204	1
CSNK2A1	ANP32B_T244	1
CSNK2A1	APEX1_S123	1
CSNK2A1	APEX1_S290	1
CSNK2A1	APOE_S314	1
CSNK2A1	AQP4_S254	1
CSNK2A1	AQP4_S263	1
CSNK2A1	AQP4_S276	1
CSNK2A1	AQP4_S285	1
CSNK2A1	AQP4_S294	1
CSNK2A1	AQP4_S316	1
CSNK2A1	ARNT_S77	1
CSNK2A1	ARRB2_T382	1
CSNK2A1	ARRB2_T403	1
CSNK2A1	ASIC3_S5	1
CSNK2A1	ATF1_S36	1
CSNK2A1	ATF1_S38	1
CSNK2A1	ATF1_S41	1
CSNK2A1	ATF1_S44	1
CSNK2A1	ATF1_S47	1
CSNK2A1	ATF1_S50	1
CSNK2A1	ATF1_S51	1
CSNK2A1	ATF1_S63	1
CSNK2A1	ATF4_S215	1
CSNK2A1	ATXN3_S236	1
CSNK2A1	ATXN3_S335	1
CSNK2A1	BCAM_S598	1
CSNK2A1	BCR_S1220	1
CSNK2A1	BCR_S1264	1
CSNK2A1	BID_S110	1
CSNK2A1	BID_S64	1
CSNK2A1	BID_T105	1
CSNK2A1	BID_T59	1
CSNK2A1	BIK_S35	1
CSNK2A1	BIK_T33	1
CSNK2A1	BIRC5_T48	1
CSNK2A1	BMAL1_S90	1
CSNK2A1	BMI1_S110	1
CSNK2A1	BRCA1_S1572	1
CSNK2A1	BRCA1_S1593	1
CSNK2A1	BRMS1_S30	1
CSNK2A1	C1R_S206	1
CSNK2A1	CABP1_S120	1
CSNK2A1	CABP1_S180	1
CSNK2A1	CACNA1S_S1575	1
CSNK2A1	CALM1_S102	1
CSNK2A1	CALM1_S82	1
CSNK2A1	CALM1_T118	1
CSNK2A1	CALM1_T80	1
CSNK2A1	CALM2_S102	1
CSNK2A1	CALM2_T80	1
CSNK2A1	CALM3_S102	1
CSNK2A1	CALM3_T80	1
CSNK2A1	CALU_T232	1
CSNK2A1	CALU_T73	1
CSNK2A1	CANX_S554	1
CSNK2A1	CANX_S564	1
CSNK2A1	CAPZA1_S9	1
CSNK2A1	CARD9_T531	1
CSNK2A1	CARD9_T533	1
CSNK2A1	CASP2_S157	1
CSNK2A1	CASQ2_S385	1
CSNK2A1	CASQ2_S393	1
CSNK2A1	CAST_S655	1
CSNK2A1	CAV1_S88	1
CSNK2A1	CAV2_S23	1
CSNK2A1	CAV2_S36	1
CSNK2A1	CBX1_T51	1
CSNK2A1	CBX5_S11	1
CSNK2A1	CBX5_S12	1
CSNK2A1	CBX5_S13	1
CSNK2A1	CBX5_S14	1
CSNK2A1	CCAR2_T454	1
CSNK2A1	CCNF_S621	1
CSNK2A1	CCNH_T315	1
CSNK2A1	CD5_S482	1
CSNK2A1	CD5_S483	1
CSNK2A1	CD5_S485	1
CSNK2A1	CD6_S480	1
CSNK2A1	CD6_S482	1
CSNK2A1	CD6_S484	1
CSNK2A1	CDC25B_S172	1
CSNK2A1	CDC25B_S173	1
CSNK2A1	CDC25B_S186	1
CSNK2A1	CDC25B_S187	1
CSNK2A1	CDC25B_T355	1
CSNK2A1	CDC25C_T236	1
CSNK2A1	CDC27_S154	1
CSNK2A1	CDC34_S203	1
CSNK2A1	CDC34_S222	1
CSNK2A1	CDC34_S231	1
CSNK2A1	CDC34_S236	1
CSNK2A1	CDC34_T233	1
CSNK2A1	CDC37_S13	1
CSNK2A1	CDH1_S838	1
CSNK2A1	CDH1_S840	1
CSNK2A1	CDH1_S847	1
CSNK2A1	CDH1_S850	1
CSNK2A1	CDH1_S851	1
CSNK2A1	CDH1_S853	1
CSNK2A1	CDK1_S39	1
CSNK2A1	CDKN1B_S83	1
CSNK2A1	CEBPD_S57	1
CSNK2A1	CERS4_S342	1
CSNK2A1	CERS4_S347	1
CSNK2A1	CERS4_S349	1
CSNK2A1	CERS4_S350	1
CSNK2A1	CERS5_S350	1
CSNK2A1	CERS5_S354	1
CSNK2A1	CERS5_S355	1
CSNK2A1	CERS5_S356	1
CSNK2A1	CERS6_S341	1
CSNK2A1	CERS6_S345	1
CSNK2A1	CERS6_S346	1
CSNK2A1	CERS6_S347	1
CSNK2A1	CETN1_T138	1
CSNK2A1	CETN2_S158	1
CSNK2A1	CETN2_T138	1
CSNK2A1	CFTR_S422	1
CSNK2A1	CFTR_S427	1
CSNK2A1	CFTR_S511	1
CSNK2A1	CFTR_T1471	1
CSNK2A1	CFTR_T421	1
CSNK2A1	CHD4_S308	1
CSNK2A1	CHD4_S310	1
CSNK2A1	CHD4_S428	1
CSNK2A1	CHEK1_S317	1
CSNK2A1	CHGB_S182	1
CSNK2A1	CHGB_S259	1
CSNK2A1	CHGB_S263	1
CSNK2A1	CHGB_S335	1
CSNK2A1	CHGB_S380	1
CSNK2A1	CHGB_S405	1
CSNK2A1	CHGB_T79	1
CSNK2A1	CLTB_S11	1
CSNK2A1	CLTB_S13	1
CSNK2A1	COL17A1_S542	1
CSNK2A1	COL17A1_S544	1
CSNK2A1	CORO1C_S463	1
CSNK2A1	CREB1_S108	1
CSNK2A1	CREB1_S111	1
CSNK2A1	CREB3_S46	1
CSNK2A1	CREM_S110	1
CSNK2A1	CREM_T47	1
CSNK2A1	CREM_T63	1
CSNK2A1	CSNK2B_S2	1
CSNK2A1	CSNK2B_S3	1
CSNK2A1	CTDP1_S575	1
CSNK2A1	CTDP1_S740	1
CSNK2A1	CTDP1_S942	1
CSNK2A1	CTDP1_S944	1
CSNK2A1	CTDP1_T584	1
CSNK2A1	CTNNA1_S641	1
CSNK2A1	CTNNB1_S29	1
CSNK2A1	CTNNB1_T102	1
CSNK2A1	CTNNB1_T112	1
CSNK2A1	CTNNB1_T393	1
CSNK2A1	CTTN_T24	1
CSNK2A1	DAXX_S737	1
CSNK2A1	DAXX_S739	1
CSNK2A1	DDHD1_S104	1
CSNK2A1	DDHD1_S711	1
CSNK2A1	DDHD1_S92	1
CSNK2A1	DDIT3_S14	1
CSNK2A1	DDIT3_S15	1
CSNK2A1	DDIT3_S30	1
CSNK2A1	DDIT3_S31	1
CSNK2A1	DDIT3_S37	1
CSNK2A1	DDIT3_S38	1
CSNK2A1	DDIT3_S53	1
CSNK2A1	DDIT3_S54	1
CSNK2A1	DEK_S243	1
CSNK2A1	DEK_S244	1
CSNK2A1	DEK_S251	1
CSNK2A1	DEK_S301	1
CSNK2A1	DEK_S303	1
CSNK2A1	DEK_S306	1
CSNK2A1	DEK_S32	1
CSNK2A1	DHFR_S145	1
CSNK2A1	DHFR_S168	1
CSNK2A1	DLG3_S295	1
CSNK2A1	DNAJB2_S247	1
CSNK2A1	DNAJB2_S250	1
CSNK2A1	DNAJB2_S264	1
CSNK2A1	DNMT3A_S390	1
CSNK2A1	DNMT3A_S393	1
CSNK2A1	DPF3_S348	1
CSNK2A1	DTD1_S179	1
CSNK2A1	DTD1_S181	1
CSNK2A1	DTD1_S182	1
CSNK2A1	DTD1_S194	1
CSNK2A1	DTD1_S196	1
CSNK2A1	DTD1_S197	1
CSNK2A1	DTD1_S204	1
CSNK2A1	DTD1_S205	1
CSNK2A1	DTD1_T187	1
CSNK2A1	ECD_S503	1
CSNK2A1	ECD_S505	1
CSNK2A1	ECD_S518	1
CSNK2A1	ECE1_S18	1
CSNK2A1	ECE1_S20	1
CSNK2A1	ECE1_T9	1
CSNK2A1	EEF1B2_S106	1
CSNK2A1	EEF1B2_S112	1
CSNK2A1	EEF1D_S162	1
CSNK2A1	EEF1D_S528	1
CSNK2A1	EGR1_S104	1
CSNK2A1	EGR1_S196	1
CSNK2A1	EGR1_S301	1
CSNK2A1	EGR1_S378	1
CSNK2A1	EGR1_T148	1
CSNK2A1	EGR1_T391	1
CSNK2A1	EGR1_T526	1
CSNK2A1	EHMT2_S211	1
CSNK2A1	EIF2B5_S235	1
CSNK2A1	EIF2B5_S466	1
CSNK2A1	EIF2B5_S469	1
CSNK2A1	EIF2B5_S525	1
CSNK2A1	EIF2B5_S527	1
CSNK2A1	EIF2B5_S532	1
CSNK2A1	EIF2B5_S535	1
CSNK2A1	EIF2B5_S717	1
CSNK2A1	EIF2B5_S718	1
CSNK2A1	EIF2S2_S2	1
CSNK2A1	EIF2S2_S67	1
CSNK2A1	EIF3J_S127	1
CSNK2A1	EIF4B_S155	1
CSNK2A1	EIF4B_S192	1
CSNK2A1	EIF4B_S498	1
CSNK2A1	EIF4B_T18	1
CSNK2A1	EIF4B_T195	1
CSNK2A1	EIF4EBP1_S112	1
CSNK2A1	EIF4G1_S1239	1
CSNK2A1	EIF4G2_S902	1
CSNK2A1	EIF5_S174	1
CSNK2A1	EIF5_S229	1
CSNK2A1	EIF5_S389	1
CSNK2A1	EIF5_S390	1
CSNK2A1	EIF5_S419	1
CSNK2A1	EIF5_T207	1
CSNK2A1	EIF5_T208	1
CSNK2A1	ERCC3_S751	1
CSNK2A1	ERH_S24	1
CSNK2A1	ERH_T18	1
CSNK2A1	ESR1_S167	1
CSNK2A1	ESR1_S282	1
CSNK2A1	ESR1_S559	1
CSNK2A1	EXOSC9_S392	1
CSNK2A1	EXOSC9_S394	1
CSNK2A1	EXOSC9_S411	1
CSNK2A1	F11R_S34	1
CSNK2A1	F5_S692	1
CSNK2A1	F5_S720	1
CSNK2A1	FAF1_S289	1
CSNK2A1	FAF1_S291	1
CSNK2A1	FANCD2_S882	1
CSNK2A1	FANCD2_S886	1
CSNK2A1	FANCD2_S891	1
CSNK2A1	FANCD2_S898	1
CSNK2A1	FANCD2_T884	1
CSNK2A1	FANCD2_T896	1
CSNK2A1	FGA_S542	1
CSNK2A1	FGA_S609	1
CSNK2A1	FGF14_S228	1
CSNK2A1	FGF14_S230	1
CSNK2A1	FKBP4_T143	1
CSNK2A1	FMR1_S500	1
CSNK2A1	FN1_S2384	1
CSNK2A1	FNIP1_S938	1
CSNK2A1	FNIP1_S939	1
CSNK2A1	FNIP1_S941	1
CSNK2A1	FNIP1_S946	1
CSNK2A1	FNIP1_S948	1
CSNK2A1	FOSB_S27	1
CSNK2A1	FTO_T150	1
CSNK2A1	FUNDC1_S13	1
CSNK2A1	FURIN_S773	1
CSNK2A1	FURIN_S775	1
CSNK2A1	G3BP1_S149	1
CSNK2A1	GABRR1_S402	1
CSNK2A1	GADD45GIP1_S221	1
CSNK2A1	GAP43_S202	1
CSNK2A1	GAP43_S203	1
CSNK2A1	GAP43_S238	1
CSNK2A1	GAP43_S239	1
CSNK2A1	GAP43_T87	1
CSNK2A1	GBF1_S292	1
CSNK2A1	GBF1_S297	1
CSNK2A1	GCH1_S81	1
CSNK2A1	GGA1_S355	1
CSNK2A1	GMFB_S53	1
CSNK2A1	GMNN_S184	1
CSNK2A1	GPI_S185	1
CSNK2A1	GPI_S196	1
CSNK2A1	GRB14_S358	1
CSNK2A1	GRB14_S362	1
CSNK2A1	GRB14_S366	1
CSNK2A1	GRB14_S370	1
CSNK2A1	GRIN2B_S1479	1
CSNK2A1	GRIN2B_Y1474	1
CSNK2A1	GTF2A1L_S356	1
CSNK2A1	GTF2A1L_S357	1
CSNK2A1	GTF2A1L_S418	1
CSNK2A1	GTF2A1L_S423	1
CSNK2A1	GTF2A1_S241	1
CSNK2A1	GTF2A1_S242	1
CSNK2A1	GTF2A1_S277	1
CSNK2A1	GTF2A1_S280	1
CSNK2A1	GTF2A1_S281	1
CSNK2A1	GTF2A1_S282	1
CSNK2A1	GTF2A1_S316	1
CSNK2A1	GTF2A1_S321	1
CSNK2A1	GYS1_S10	1
CSNK2A1	GYS1_S645	1
CSNK2A1	GYS1_S647	1
CSNK2A1	GYS1_S649	1
CSNK2A1	GYS1_S652	1
CSNK2A1	GYS1_S653	1
CSNK2A1	GYS1_S698	1
CSNK2A1	GYS1_S701	1
CSNK2A1	GYS1_T713	1
CSNK2A1	HCLS1_T16	1
CSNK2A1	HCLS1_T23	1
CSNK2A1	HDAC1_S393	1
CSNK2A1	HDAC1_S421	1
CSNK2A1	HDAC1_S423	1
CSNK2A1	HDAC2_S394	1
CSNK2A1	HDAC2_S422	1
CSNK2A1	HDAC2_S424	1
CSNK2A1	HDAC3_S424	1
CSNK2A1	HDAC6_S458	1
CSNK2A1	HES6_S183	1
CSNK2A1	HHEX_S163	1
CSNK2A1	HHEX_S177	1
CSNK2A1	HIF1A_T796	1
CSNK2A1	HIF1A_T820	1
CSNK2A1	HIRIP3_S142	1
CSNK2A1	HIRIP3_S143	1
CSNK2A1	HIRIP3_S159	1
CSNK2A1	HIRIP3_S160	1
CSNK2A1	HIRIP3_S199	1
CSNK2A1	HIRIP3_S219	1
CSNK2A1	HIRIP3_S223	1
CSNK2A1	HIRIP3_S227	1
CSNK2A1	HIRIP3_S289	1
CSNK2A1	HIRIP3_S291	1
CSNK2A1	HIRIP3_S305	1
CSNK2A1	HIRIP3_S332	1
CSNK2A1	HIRIP3_S333	1
CSNK2A1	HIRIP3_S359	1
CSNK2A1	HIRIP3_S363	1
CSNK2A1	HIRIP3_S370	1
CSNK2A1	HIRIP3_S530	1
CSNK2A1	HIRIP3_S551	1
CSNK2A1	HIRIP3_S87	1
CSNK2A1	HIRIP3_T358	1
CSNK2A1	HMGA1_S102	1
CSNK2A1	HMGA1_S103	1
CSNK2A1	HMGA1_S88	1
CSNK2A1	HMGA1_S91	1
CSNK2A1	HMGA1_S92	1
CSNK2A1	HMGA1_S99	1
CSNK2A1	HMGN1_S7	1
CSNK2A1	HMGN1_S8	1
CSNK2A1	HMGN1_S86	1
CSNK2A1	HMGN1_S89	1
CSNK2A1	HMGN1_S99	1
CSNK2A1	HMOX2_S79	1
CSNK2A1	HNRNPA1_S199	1
CSNK2A1	HNRNPA1_T116	1
CSNK2A1	HNRNPC_S247	1
CSNK2A1	HNRNPC_S260	1
CSNK2A1	HNRNPK_S127	1
CSNK2A1	HOXB7_S132	1
CSNK2A1	HOXB7_S133	1
CSNK2A1	HOXB7_T203	1
CSNK2A1	HOXB7_T204	1
CSNK2A1	HSF1_T142	1
CSNK2A1	HSP90AA1_S231	1
CSNK2A1	HSP90AA1_S263	1
CSNK2A1	HSP90AA1_S353	1
CSNK2A1	HSP90AA1_S374	1
CSNK2A1	HSP90AA1_S385	1
CSNK2A1	HSP90AA1_S726	1
CSNK2A1	HSP90AA1_S848	1
CSNK2A1	HSP90AA1_T187	1
CSNK2A1	HSP90AA1_T36	1
CSNK2A1	HSP90AA1_T725	1
CSNK2A1	HSP90AA1_T847	1
CSNK2A1	HSP90AB1_S226	1
CSNK2A1	HSP90AB1_S255	1
CSNK2A1	HSP90AB1_S261	1
CSNK2A1	HSP90AB1_S48	1
CSNK2A1	HSP90AB1_S718	1
CSNK2A1	HSP90AB1_T297	1
CSNK2A1	HSP90AB1_T60	1
CSNK2A1	HSPA1A_T636	1
CSNK2A1	HSPH1_S509	1
CSNK2A1	HTT_S13	1
CSNK2A1	HTT_S16	1
CSNK2A1	IFI16_S132	1
CSNK2A1	IFI16_S519	1
CSNK2A1	IFI16_S719	1
CSNK2A1	IGF2R_S2409	1
CSNK2A1	IGF2R_S2484	1
CSNK2A1	IGFBP1_S126	1
CSNK2A1	IGFBP1_S144	1
CSNK2A1	IGFBP1_S194	1
CSNK2A1	IGFBP3_S138	1
CSNK2A1	IGFBP3_S140	1
CSNK2A1	IGFBP3_S144	1
CSNK2A1	IGFBP3_S146	1
CSNK2A1	IGFBP3_S194	1
CSNK2A1	IGFBP3_S200	1
CSNK2A1	IKZF1_S101	1
CSNK2A1	IKZF1_S13	1
CSNK2A1	IKZF1_S295	1
CSNK2A1	IKZF1_S63	1
CSNK2A1	IKZF1_T23	1
CSNK2A1	IL16_S42	1
CSNK2A1	IL16_S743	1
CSNK2A1	IP6K2_S347	1
CSNK2A1	IP6K2_S356	1
CSNK2A1	IRS1_S24	1
CSNK2A1	IRS1_S330	1
CSNK2A1	IRS1_S99	1
CSNK2A1	IRS1_T502	1
CSNK2A1	IRS1_T811	1
CSNK2A1	IRS1_T88	1
CSNK2A1	JUN_S243	1
CSNK2A1	JUN_S249	1
CSNK2A1	JUN_S63	1
CSNK2A1	JUN_S73	1
CSNK2A1	JUN_T231	1
CSNK2A1	KDM1A_S131	1
CSNK2A1	KDM1A_S137	1
CSNK2A1	KIF1C_S1092	1
CSNK2A1	KIR3DL1_S385	1
CSNK2A1	KIR3DL1_S388	1
CSNK2A1	KLF1_T23	1
CSNK2A1	L1CAM_S1177	1
CSNK2A1	L1CAM_S1181	1
CSNK2A1	L1CAM_T1172	1
CSNK2A1	LEF1_S42	1
CSNK2A1	LEF1_S61	1
CSNK2A1	LGALS3_S12	1
CSNK2A1	LGALS3_S6	1
CSNK2A1	LIG1_S141	1
CSNK2A1	LIG1_S199	1
CSNK2A1	LIG1_S201	1
CSNK2A1	LIG1_S66	1
CSNK2A1	LIG1_S911	1
CSNK2A1	LIG1_S913	1
CSNK2A1	MAPK1_S246	1
CSNK2A1	MAPK1_S248	1
CSNK2A1	MAPK9_S407	1
CSNK2A1	MAPK9_T404	1
CSNK2A1	MAPRE2_S236	1
CSNK2A1	MAPT_T39	1
CSNK2A1	MAX_S11	1
CSNK2A1	MAX_S129	1
CSNK2A1	MAX_S131	1
CSNK2A1	MAX_S132	1
CSNK2A1	MAX_S133	1
CSNK2A1	MAX_S135	1
CSNK2A1	MAX_S138	1
CSNK2A1	MAX_S140	1
CSNK2A1	MAX_S141	1
CSNK2A1	MAX_S142	1
CSNK2A1	MAX_S144	1
CSNK2A1	MAX_S2	1
CSNK2A1	MAZ_S460	1
CSNK2A1	MCM2_S108	1
CSNK2A1	MCM2_S13	1
CSNK2A1	MCM2_S139	1
CSNK2A1	MCM2_S27	1
CSNK2A1	MCM2_S40	1
CSNK2A1	MCM2_S41	1
CSNK2A1	MCM2_S53	1
CSNK2A1	MDC1_S218	1
CSNK2A1	MDC1_S299	1
CSNK2A1	MDC1_S329	1
CSNK2A1	MDC1_S376	1
CSNK2A1	MDC1_S402	1
CSNK2A1	MDC1_S453	1
CSNK2A1	MDC1_T220	1
CSNK2A1	MDC1_T301	1
CSNK2A1	MDC1_T331	1
CSNK2A1	MDC1_T378	1
CSNK2A1	MDC1_T404	1
CSNK2A1	MDC1_T455	1
CSNK2A1	MDM2_S260	1
CSNK2A1	MDM2_S266	1
CSNK2A1	MDM2_S269	1
CSNK2A1	MDM2_S275	1
CSNK2A1	MECOM_S538	1
CSNK2A1	MECOM_S726	1
CSNK2A1	MECOM_S858	1
CSNK2A1	MEF2A_S289	1
CSNK2A1	MEF2C_S59	1
CSNK2A1	MLH1_S477	1
CSNK2A1	MME_S6	1
CSNK2A1	MRE11_S558	1
CSNK2A1	MRE11_S561	1
CSNK2A1	MRE11_S649	1
CSNK2A1	MRE11_S688	1
CSNK2A1	MRE11_S689	1
CSNK2A1	MRTO4_S229	1
CSNK2A1	MRTO4_S233	1
CSNK2A1	MRTO4_S235	1
CSNK2A1	MS4A1_S231	1
CSNK2A1	MS4A1_S289	1
CSNK2A1	MS4A1_T250	1
CSNK2A1	MUS81_S87	1
CSNK2A1	MYBL1_S7	1
CSNK2A1	MYBL2_T18	1
CSNK2A1	MYB_S11	1
CSNK2A1	MYB_S12	1
CSNK2A1	MYCN_S261	1
CSNK2A1	MYCN_S263	1
CSNK2A1	MYC_S249	1
CSNK2A1	MYC_S250	1
CSNK2A1	MYC_S252	1
CSNK2A1	MYC_S347	1
CSNK2A1	MYC_S348	1
CSNK2A1	MYF5_S133	1
CSNK2A1	MYF5_S49	1
CSNK2A1	MYH10_S1952	1
CSNK2A1	MYH10_S1956	1
CSNK2A1	MYH10_S1965	1
CSNK2A1	MYH10_S1975	1
CSNK2A1	MYH10_S1983	1
CSNK2A1	MYH10_S1987	1
CSNK2A1	MYH10_S1996	1
CSNK2A1	MYH10_S2006	1
CSNK2A1	MYH10_T1960	1
CSNK2A1	MYH10_T1991	1
CSNK2A1	MYH2_S1921	1
CSNK2A1	MYH9_S1916	1
CSNK2A1	MYH9_S1943	1
CSNK2A1	MYL12B_T135	1
CSNK2A1	NASP_S158	1
CSNK2A1	NCAPG_S973	1
CSNK2A1	NCAPG_S975	1
CSNK2A1	NCAPH_S570	1
CSNK2A1	NCF1_S208	1
CSNK2A1	NCF1_S283	1
CSNK2A1	NCF1_S348	1
CSNK2A1	NCOA2_S469	1
CSNK2A1	NCOA2_S487	1
CSNK2A1	NCOA2_S493	1
CSNK2A1	NCOA2_S499	1
CSNK2A1	NCOR1_S2436	1
CSNK2A1	NCOR2_S2511	1
CSNK2A1	NEFL_S472	1
CSNK2A1	NFATC1_S187	1
CSNK2A1	NFATC1_T214	1
CSNK2A1	NFATC1_T215	1
CSNK2A1	NFKBIA_S283	1
CSNK2A1	NFKBIA_S288	1
CSNK2A1	NFKBIA_S293	1
CSNK2A1	NFKBIA_S32	1
CSNK2A1	NFKBIA_S36	1
CSNK2A1	NFKBIA_T291	1
CSNK2A1	NFKBIA_T299	1
CSNK2A1	NFKBIB_S313	1
CSNK2A1	NFKBIB_S315	1
CSNK2A1	NKX2-5_S164	1
CSNK2A1	NOL3_T211	1
CSNK2A1	NOTCH1_S1900	1
CSNK2A1	NPHP1_S121	1
CSNK2A1	NPHP1_S123	1
CSNK2A1	NPHP1_S126	1
CSNK2A1	NPM1_S125	1
CSNK2A1	NR1H3_S198	1
CSNK2A1	NR3C2_S111	1
CSNK2A1	NR3C2_S459	1
CSNK2A1	NR4A1_S152	1
CSNK2A1	NUAK1_S444	1
CSNK2A1	NUP62_S408	1
CSNK2A1	OCLN_S408	1
CSNK2A1	OCLN_T400	1
CSNK2A1	OCLN_T404	1
CSNK2A1	OTUB1_S16	1
CSNK2A1	OTUD5_S177	1
CSNK2A1	PACS1_S278	1
CSNK2A1	PAK1_S223	1
CSNK2A1	PAWR_S231	1
CSNK2A1	PAX3_S205	1
CSNK2A1	PAXBP1_S154	1
CSNK2A1	PAXBP1_S16	1
CSNK2A1	PAXBP1_S191	1
CSNK2A1	PAXBP1_S262	1
CSNK2A1	PAXBP1_S295	1
CSNK2A1	PDCD5_S119	1
CSNK2A1	PDCL_S18	1
CSNK2A1	PDCL_S19	1
CSNK2A1	PDCL_S20	1
CSNK2A1	PDCL_S25	1
CSNK2A1	PDCL_S296	1
CSNK2A1	PDIA6_S22	1
CSNK2A1	PDIA6_S428	1
CSNK2A1	PER2_S696	1
CSNK2A1	PER2_S700	1
CSNK2A1	PGK1_S256	1
CSNK2A1	PGR_S81	1
CSNK2A1	PHAX_S14	1
CSNK2A1	PHAX_S16	1
CSNK2A1	PHAX_S18	1
CSNK2A1	PHAX_S226	1
CSNK2A1	PHAX_S356	1
CSNK2A1	PHAX_S364	1
CSNK2A1	PHAX_S65	1
CSNK2A1	PHAX_S69	1
CSNK2A1	PHAX_S71	1
CSNK2A1	PHAX_S73	1
CSNK2A1	PHAX_T349	1
CSNK2A1	PHF8_S854	1
CSNK2A1	PIAS1_S466	1
CSNK2A1	PIAS1_S467	1
CSNK2A1	PIAS1_S468	1
CSNK2A1	PIK3R1_S608	1
CSNK2A1	PIN4_S19	1
CSNK2A1	PIN4_S44	1
CSNK2A1	PIP4K2A_S304	1
CSNK2A1	PKD2_S812	1
CSNK2A1	PLD1_S610	1
CSNK2A1	PLD1_S611	1
CSNK2A1	PML_S518	1
CSNK2A1	PML_S560	1
CSNK2A1	PML_S561	1
CSNK2A1	PML_S562	1
CSNK2A1	PML_S565	1
CSNK2A1	POLR2F_S2	1
CSNK2A1	PPM1A_S375	1
CSNK2A1	PPM1A_S377	1
CSNK2A1	PPP1R1B_S102	1
CSNK2A1	PPP1R1B_S42	1
CSNK2A1	PPP1R1B_S45	1
CSNK2A1	PPP1R1B_S66	1
CSNK2A1	PPP1R1B_S9	1
CSNK2A1	PPP1R2B_S121	1
CSNK2A1	PPP1R2B_S122	1
CSNK2A1	PPP1R2B_S127	1
CSNK2A1	PPP1R2_S121	1
CSNK2A1	PPP1R2_S122	1
CSNK2A1	PPP1R2_S87	1
CSNK2A1	PPP1R8_S204	1
CSNK2A1	PPP1R8_S62	1
CSNK2A1	PPP1R8_T161	1
CSNK2A1	PPP1R8_T19	1
CSNK2A1	PRMT6_T21	1
CSNK2A1	PRPF3_T494	1
CSNK2A1	PSEN2_S19	1
CSNK2A1	PSEN2_S327	1
CSNK2A1	PSEN2_S329	1
CSNK2A1	PSEN2_S330	1
CSNK2A1	PSEN2_S334	1
CSNK2A1	PSEN2_S335	1
CSNK2A1	PSEN2_S7	1
CSNK2A1	PSEN2_S9	1
CSNK2A1	PSMA3_S236	1
CSNK2A1	PSMA3_S243	1
CSNK2A1	PSMA3_S250	1
CSNK2A1	PSMD3_S6	1
CSNK2A1	PTEN_S370	1
CSNK2A1	PTEN_S380	1
CSNK2A1	PTEN_S385	1
CSNK2A1	PTEN_T366	1
CSNK2A1	PTEN_T382	1
CSNK2A1	PTEN_T383	1
CSNK2A1	PTGES3_S113	1
CSNK2A1	PTGES3_S118	1
CSNK2A1	PTGES3_S148	1
CSNK2A1	PTGES3_S151	1
CSNK2A1	PTMA_T13	1
CSNK2A1	PTMA_T14	1
CSNK2A1	PTMA_T8	1
CSNK2A1	PTPN1_S352	1
CSNK2A1	PTPN1_S378	1
CSNK2A1	PTPN1_S386	1
CSNK2A1	PTPRCAP_S153	1
CSNK2A1	PTPRC_S1001	1
CSNK2A1	PTPRC_S1002	1
CSNK2A1	PTPRC_S1004	1
CSNK2A1	PTPRC_S1005	1
CSNK2A1	PTPRC_S1009	1
CSNK2A1	PTPRC_S842	1
CSNK2A1	PTPRC_S846	1
CSNK2A1	PTPRC_S954	1
CSNK2A1	PTPRC_S955	1
CSNK2A1	PTPRC_S959	1
CSNK2A1	PTPRC_S992	1
CSNK2A1	PTPRC_S996	1
CSNK2A1	RAD17_S678	1
CSNK2A1	RAD1_S280	1
CSNK2A1	RAD1_S282	1
CSNK2A1	RAD51_T13	1
CSNK2A1	RAD9A_S341	1
CSNK2A1	RAD9A_S387	1
CSNK2A1	RANGAP1_S358	1
CSNK2A1	RBM17_S155	1
CSNK2A1	RELA_S529	1
CSNK2A1	RELA_S543	1
CSNK2A1	RGS19_S151	1
CSNK2A1	RGS19_S24	1
CSNK2A1	RIGI_S854	1
CSNK2A1	RIGI_S855	1
CSNK2A1	RIGI_T770	1
CSNK2A1	RIOK1_T410	1
CSNK2A1	RMI1_S283	1
CSNK2A1	RNF7_T10	1
CSNK2A1	RNPS1_S35	1
CSNK2A1	RNPS1_S53	1
CSNK2A1	RPS6KA4_S324	1
CSNK2A1	RPS6KA5_S757	1
CSNK2A1	RPS6KA5_S758	1
CSNK2A1	RPS6KA5_S759	1
CSNK2A1	RPS6KA5_S760	1
CSNK2A1	RPS6KA5_T793	1
CSNK2A1	RPS6KB1_S40	1
CSNK2A1	RRAD_S214	1
CSNK2A1	RRAD_S257	1
CSNK2A1	RRAD_S273	1
CSNK2A1	RRAD_S290	1
CSNK2A1	RRAD_S299	1
CSNK2A1	RRN3_S170	1
CSNK2A1	RRN3_S172	1
CSNK2A1	SAT1_S146	1
CSNK2A1	SAT1_S149	1
CSNK2A1	SAT1_T10	1
CSNK2A1	SEC63_S574	1
CSNK2A1	SEC63_S576	1
CSNK2A1	SEC63_S748	1
CSNK2A1	SEPTIN2_S218	1
CSNK2A1	SERINC3_S380	1
CSNK2A1	SERINC3_S383	1
CSNK2A1	SERPINF1_S114	1
CSNK2A1	SERPINF1_S24	1
CSNK2A1	SET_S9	1
CSNK2A1	SHOX_S106	1
CSNK2A1	SIRT1_S659	1
CSNK2A1	SIRT1_S661	1
CSNK2A1	SIRT6_S338	1
CSNK2A1	SLBP_T61	1
CSNK2A1	SLC18A2_S511	1
CSNK2A1	SLC18A2_S513	1
CSNK2A1	SLC29A1_S254	1
CSNK2A1	SLC3A2_S406	1
CSNK2A1	SLC3A2_S407	1
CSNK2A1	SLC3A2_S408	1
CSNK2A1	SLC3A2_S409	1
CSNK2A1	SLC3A2_S410	1
CSNK2A1	SLC3A2_S411	1
CSNK2A1	SLC3A2_S527	1
CSNK2A1	SLC3A2_S528	1
CSNK2A1	SLC3A2_S531	1
CSNK2A1	SLC3A2_S532	1
CSNK2A1	SLC4A1_S29	1
CSNK2A1	SLC4A1_S50	1
CSNK2A1	SLC4A1_T39	1
CSNK2A1	SLC4A1_T42	1
CSNK2A1	SLC4A1_T44	1
CSNK2A1	SLC4A1_T48	1
CSNK2A1	SLC4A1_T49	1
CSNK2A1	SLC4A1_T54	1
CSNK2A1	SLC4A1_Y21	1
CSNK2A1	SLC4A1_Y46	1
CSNK2A1	SLC4A1_Y8	1
CSNK2A1	SLC9A5_S702	1
CSNK2A1	SLC9A5_S709	1
CSNK2A1	SLC9A5_S711	1
CSNK2A1	SLC9A5_S712	1
CSNK2A1	SLC9A5_T714	1
CSNK2A1	SLITRK1_S695	1
CSNK2A1	SLK_S347	1
CSNK2A1	SLK_S348	1
CSNK2A1	SMARCC2_S286	1
CSNK2A1	SMARCC2_S806	1
CSNK2A1	SMARCC2_S813	1
CSNK2A1	SMARCC2_S841	1
CSNK2A1	SMC3_S1067	1
CSNK2A1	SNAI1_S11	1
CSNK2A1	SNAI1_S92	1
CSNK2A1	SNCA_S129	1
CSNK2A1	SNCA_S87	1
CSNK2A1	SP1_T579	1
CSNK2A1	SPIB_S129	1
CSNK2A1	SPIB_S144	1
CSNK2A1	SPIB_S146	1
CSNK2A1	SPIB_S37	1
CSNK2A1	SPP1_S148	1
CSNK2A1	SPTBN1_S2110	1
CSNK2A1	SPTBN1_T2159	1
CSNK2A1	SQSTM1_S403	1
CSNK2A1	SRF_S253	1
CSNK2A1	SRF_S77	1
CSNK2A1	SRF_S79	1
CSNK2A1	SRF_S83	1
CSNK2A1	SRF_S85	1
CSNK2A1	SRPK1_S222	1
CSNK2A1	SRPK1_S39	1
CSNK2A1	SRPK1_S51	1
CSNK2A1	SRPK1_S555	1
CSNK2A1	SRPK1_S726	1
CSNK2A1	SSB_S366	1
CSNK2A1	SSRP1_S278	1
CSNK2A1	SSRP1_S437	1
CSNK2A1	SSRP1_S444	1
CSNK2A1	SSRP1_S510	1
CSNK2A1	SSRP1_S657	1
CSNK2A1	SSRP1_S668	1
CSNK2A1	SSRP1_S672	1
CSNK2A1	SSRP1_S688	1
CSNK2A1	STARD10_S284	1
CSNK2A1	STARD3NL_S210	1
CSNK2A1	STARD3NL_S96	1
CSNK2A1	STAT1_S727	1
CSNK2A1	STC2_S288	1
CSNK2A1	STIP1_S189	1
CSNK2A1	STMN1_S16	1
CSNK2A1	STMN1_S63	1
CSNK2A1	STX1A_S14	1
CSNK2A1	SUB1_S10	1
CSNK2A1	SUB1_S11	1
CSNK2A1	SUB1_S12	1
CSNK2A1	SUB1_S13	1
CSNK2A1	SUB1_S15	1
CSNK2A1	SUB1_S17	1
CSNK2A1	SUB1_S19	1
CSNK2A1	SUB1_S9	1
CSNK2A1	TARDBP_S379	1
CSNK2A1	TARDBP_S409	1
CSNK2A1	TARDBP_S410	1
CSNK2A1	TCF4_S54	1
CSNK2A1	TCF4_S55	1
CSNK2A1	TCF4_S56	1
CSNK2A1	TCF7L2_S58	1
CSNK2A1	TCF7L2_S59	1
CSNK2A1	TCF7L2_S60	1
CSNK2A1	TCOF1_T210	1
CSNK2A1	TELO2_S485	1
CSNK2A1	TELO2_S487	1
CSNK2A1	TELO2_S491	1
CSNK2A1	TERF1_T122	1
CSNK2A1	TFAP2A_S429	1
CSNK2A1	TFPI_S30	1
CSNK2A1	TINF2_S396	1
CSNK2A1	TLE1_S239	1
CSNK2A1	TLE1_S244	1
CSNK2A1	TLE1_S253	1
CSNK2A1	TNFAIP1_S278	1
CSNK2A1	TNFAIP1_S280	1
CSNK2A1	TNF_S2	1
CSNK2A1	TOP1_S10	1
CSNK2A1	TOP1_S506	1
CSNK2A1	TOP2A_S1106	1
CSNK2A1	TOP2A_S1115	1
CSNK2A1	TOP2A_S1164	1
CSNK2A1	TOP2A_S1247	1
CSNK2A1	TOP2A_S1295	1
CSNK2A1	TOP2A_S1299	1
CSNK2A1	TOP2A_S1302	1
CSNK2A1	TOP2A_S1303	1
CSNK2A1	TOP2A_S1332	1
CSNK2A1	TOP2A_S1337	1
CSNK2A1	TOP2A_S1365	1
CSNK2A1	TOP2A_S1377	1
CSNK2A1	TOP2A_S1469	1
CSNK2A1	TOP2A_S1471	1
CSNK2A1	TOP2A_S1474	1
CSNK2A1	TOP2A_S1476	1
CSNK2A1	TOP2A_S1491	1
CSNK2A1	TOP2A_S1495	1
CSNK2A1	TOP2A_S1525	1
CSNK2A1	TOP2A_T1343	1
CSNK2A1	TP53_S149	1
CSNK2A1	TP53_S392	1
CSNK2A1	TP53_S46	1
CSNK2A1	TP53_S6	1
CSNK2A1	TP53_T150	1
CSNK2A1	TP53_T155	1
CSNK2A1	TP53_T18	1
CSNK2A1	TP53_T55	1
CSNK2A1	TSPY1_T300	1
CSNK2A1	TTI1_S828	1
CSNK2A1	TUBB3_S444	1
CSNK2A1	TWIST1_S18	1
CSNK2A1	TWIST1_S20	1
CSNK2A1	TYMS_S124	1
CSNK2A1	UBA1_S13	1
CSNK2A1	UBE2R2_S233	1
CSNK2A1	UIMC1_S44	1
CSNK2A1	UIMC1_S46	1
CSNK2A1	USO1_S942	1
CSNK2A1	USP7_S18	1
CSNK2A1	UTP18_S121	1
CSNK2A1	UTP18_S124	1
CSNK2A1	UTP18_S205	1
CSNK2A1	UTP18_S206	1
CSNK2A1	UTP18_S210	1
CSNK2A1	UTP18_T204	1
CSNK2A1	VAMP4_S30	1
CSNK2A1	VDR_S208	1
CSNK2A1	VDR_S258	1
CSNK2A1	VHL_S33	1
CSNK2A1	VHL_S38	1
CSNK2A1	VHL_S43	1
CSNK2A1	VPS72_S41	1
CSNK2A1	VPS72_S51	1
CSNK2A1	VPS72_S59	1
CSNK2A1	VPS72_S71	1
CSNK2A1	VTN_S312	1
CSNK2A1	VTN_T69	1
CSNK2A1	VTN_T76	1
CSNK2A1	WASF2_S482	1
CSNK2A1	WASF2_S484	1
CSNK2A1	WASF2_S488	1
CSNK2A1	WASF2_S489	1
CSNK2A1	WASF2_S497	1
CSNK2A1	WAS_S483	1
CSNK2A1	WAS_S484	1
CSNK2A1	WAS_Y291	1
CSNK2A1	WEE1_S121	1
CSNK2A1	WEE1_S193	1
CSNK2A1	WEE1_T187	1
CSNK2A1	WEE1_T190	1
CSNK2A1	XK_S383	1
CSNK2A1	XPC_S129	1
CSNK2A1	XPC_S94	1
CSNK2A1	XRCC1_S408	1
CSNK2A1	XRCC1_S409	1
CSNK2A1	XRCC1_S410	1
CSNK2A1	XRCC1_S416	1
CSNK2A1	XRCC1_S418	1
CSNK2A1	XRCC1_S421	1
CSNK2A1	XRCC1_S461	1
CSNK2A1	XRCC1_S475	1
CSNK2A1	XRCC1_S485	1
CSNK2A1	XRCC1_S518	1
CSNK2A1	XRCC1_S525	1
CSNK2A1	XRCC1_S578	1
CSNK2A1	XRCC1_T488	1
CSNK2A1	XRCC1_T519	1
CSNK2A1	XRCC1_T523	1
CSNK2A1	XRCC1_Y515	1
CSNK2A1	XRCC4_T233	1
CSNK2A1	YWHAQ_S232	1
CSNK2A1	YY1_S118	1
CSNK2A1	ZC3H8_T32	1
CSNK2A1	ZCRB1_S155	1
CSNK2A1	ZCRB1_S210	1
CSNK2A1	ZCRB1_S216	1
CSNK2A1	ZHX1_S26	1
CSNK2A1	ZHX1_S47	1
CSNK2A1	ZHX1_S48	1
CSNK2A1	ZHX1_S639	1
CSNK2A1	ZHX1_S640	1
CSNK2A1	ZRANB2_S120	1
CSNK2A1	ZRANB2_S153	1
CSNK2A1	ZRANB2_S188	1
CSNK2A1	ZRANB2_S9	1
CSNK2A2	ACACA_S25	1
CSNK2A2	ACACA_S29	1
CSNK2A2	ACACA_S66	1
CSNK2A2	ADD1_S408	1
CSNK2A2	ADD1_S586	1
CSNK2A2	AKAP8_S328	1
CSNK2A2	AKT1S1_S203	1
CSNK2A2	ANP32A_S158	1
CSNK2A2	ANP32A_S204	1
CSNK2A2	AP3B2_S272	1
CSNK2A2	APEX1_S290	1
CSNK2A2	APLP2_T736	1
CSNK2A2	AQP4_S254	1
CSNK2A2	AQP4_S263	1
CSNK2A2	AQP4_S276	1
CSNK2A2	AQP4_S285	1
CSNK2A2	AQP4_S294	1
CSNK2A2	AQP4_S316	1
CSNK2A2	ARHGAP35_S1134	1
CSNK2A2	ARHGEF7_S516	1
CSNK2A2	ARRB2_T382	1
CSNK2A2	ARRB2_T403	1
CSNK2A2	ASGR2_S12	1
CSNK2A2	ATF1_S36	1
CSNK2A2	BAZ1B_S705	1
CSNK2A2	BAZ1B_S708	1
CSNK2A2	BCKDHA_S343	1
CSNK2A2	BID_S110	1
CSNK2A2	BID_S64	1
CSNK2A2	BID_T105	1
CSNK2A2	BID_T59	1
CSNK2A2	BMI1_S110	1
CSNK2A2	C1R_S206	1
CSNK2A2	CAAP1_S312	1
CSNK2A2	CABP1_S120	1
CSNK2A2	CABP1_S180	1
CSNK2A2	CALM1_S102	1
CSNK2A2	CALM1_T80	1
CSNK2A2	CALM2_S102	1
CSNK2A2	CALM2_T80	1
CSNK2A2	CALM3_S102	1
CSNK2A2	CALM3_T80	1
CSNK2A2	CAMKK1_S82	1
CSNK2A2	CANX_S554	1
CSNK2A2	CANX_S564	1
CSNK2A2	CASQ2_S385	1
CSNK2A2	CAV1_S88	1
CSNK2A2	CAV2_S23	1
CSNK2A2	CAV2_S36	1
CSNK2A2	CBX3_S95	1
CSNK2A2	CCAR2_T454	1
CSNK2A2	CCNH_T315	1
CSNK2A2	CD5_S482	1
CSNK2A2	CD5_S483	1
CSNK2A2	CD5_S485	1
CSNK2A2	CDC25B_S172	1
CSNK2A2	CDC25B_S173	1
CSNK2A2	CDC25B_S186	1
CSNK2A2	CDC25B_S187	1
CSNK2A2	CDC34_S203	1
CSNK2A2	CDC34_S222	1
CSNK2A2	CDC34_S231	1
CSNK2A2	CDC34_S236	1
CSNK2A2	CDC34_T233	1
CSNK2A2	CDC37_S13	1
CSNK2A2	CDH1_S851	1
CSNK2A2	CDK1_S39	1
CSNK2A2	CHD1_S215	1
CSNK2A2	CHD1_S216	1
CSNK2A2	CHGA_S322	1
CSNK2A2	CHGA_S333	1
CSNK2A2	CLTB_S11	1
CSNK2A2	CLTB_S13	1
CSNK2A2	CREM_S110	1
CSNK2A2	CREM_T63	1
CSNK2A2	CSNK2B_S2	1
CSNK2A2	CSNK2B_S3	1
CSNK2A2	CST4_S23	1
CSNK2A2	CTDP1_S575	1
CSNK2A2	CTDP1_S740	1
CSNK2A2	CTNNB1_S29	1
CSNK2A2	CTNNB1_T102	1
CSNK2A2	CTNNB1_T112	1
CSNK2A2	CTNNB1_T393	1
CSNK2A2	CTR9_S1043	1
CSNK2A2	CTR9_S1059	1
CSNK2A2	CTR9_S1138	1
CSNK2A2	CTR9_S1147	1
CSNK2A2	CTR9_S1156	1
CSNK2A2	CTR9_S943	1
CSNK2A2	CTR9_T925	1
CSNK2A2	DDIT3_S14	1
CSNK2A2	DDIT3_S15	1
CSNK2A2	DDIT3_S30	1
CSNK2A2	DDIT3_S31	1
CSNK2A2	DDIT3_S37	1
CSNK2A2	DDIT3_S38	1
CSNK2A2	DDIT3_S53	1
CSNK2A2	DDIT3_S54	1
CSNK2A2	DDX46_S804	1
CSNK2A2	DHX16_S103	1
CSNK2A2	DIDO1_S809	1
CSNK2A2	DPP3_T425	1
CSNK2A2	EEF1B2_S106	1
CSNK2A2	EEF1B2_S112	1
CSNK2A2	EGFR_S1190	1
CSNK2A2	EGR1_S378	1
CSNK2A2	EGR2_S266	1
CSNK2A2	EIF2B5_S717	1
CSNK2A2	EIF2B5_S718	1
CSNK2A2	EIF2D_S199	1
CSNK2A2	EIF2S2_S2	1
CSNK2A2	EIF3C_S166	1
CSNK2A2	EIF3C_S39	1
CSNK2A2	EIF4B_S597	1
CSNK2A2	EIF4EBP1_S112	1
CSNK2A2	EPS15_S562	1
CSNK2A2	ERCC5_S355	1
CSNK2A2	ERCC5_S356	1
CSNK2A2	ERCC5_S357	1
CSNK2A2	ERCC5_S563	1
CSNK2A2	ERH_S24	1
CSNK2A2	ERH_T18	1
CSNK2A2	ESR1_S167	1
CSNK2A2	ESR1_S282	1
CSNK2A2	F5_S692	1
CSNK2A2	FAF1_S289	1
CSNK2A2	FAF1_S291	1
CSNK2A2	GAP43_S203	1
CSNK2A2	GPI_S185	1
CSNK2A2	GPI_S196	1
CSNK2A2	GTF2A1L_S356	1
CSNK2A2	GTF2A1L_S357	1
CSNK2A2	GTF2A1L_S418	1
CSNK2A2	GTF2A1L_S423	1
CSNK2A2	GTF2A1_S241	1
CSNK2A2	GTF2A1_S242	1
CSNK2A2	GTF2A1_S277	1
CSNK2A2	GTF2A1_S280	1
CSNK2A2	GTF2A1_S281	1
CSNK2A2	GTF2A1_S282	1
CSNK2A2	GTF2A1_S316	1
CSNK2A2	GTF2A1_S321	1
CSNK2A2	GYS1_S656	1
CSNK2A2	HDAC1_S421	1
CSNK2A2	HDAC1_S423	1
CSNK2A2	HDAC2_S394	1
CSNK2A2	HDAC2_S422	1
CSNK2A2	HDAC2_S424	1
CSNK2A2	HDGF_S132	1
CSNK2A2	HDGF_S133	1
CSNK2A2	HDLBP_S31	1
CSNK2A2	HLTF_S398	1
CSNK2A2	HMGA1_S102	1
CSNK2A2	HMGA1_S103	1
CSNK2A2	HMGA1_S88	1
CSNK2A2	HMGA1_S91	1
CSNK2A2	HMGA1_S92	1
CSNK2A2	HMGA1_S99	1
CSNK2A2	HNRNPC_S247	1
CSNK2A2	HNRNPC_S260	1
CSNK2A2	HNRNPK_S353	1
CSNK2A2	HOXB7_S133	1
CSNK2A2	HOXB7_T204	1
CSNK2A2	HSF1_T142	1
CSNK2A2	HSP90AA1_S231	1
CSNK2A2	HSP90AA1_S263	1
CSNK2A2	HSP90AA1_S353	1
CSNK2A2	HSP90AA1_S385	1
CSNK2A2	HSP90AB1_S226	1
CSNK2A2	HSP90AB1_S255	1
CSNK2A2	HSPH1_S509	1
CSNK2A2	IFI16_S132	1
CSNK2A2	IFNAR1_S495	1
CSNK2A2	IGFBP1_S126	1
CSNK2A2	IGFBP1_S194	1
CSNK2A2	IGFBP3_S138	1
CSNK2A2	IGFBP3_S140	1
CSNK2A2	IGFBP3_S144	1
CSNK2A2	IGFBP3_S146	1
CSNK2A2	IKBKB_S740	1
CSNK2A2	IKBKB_S750	1
CSNK2A2	IL16_S42	1
CSNK2A2	IL16_S743	1
CSNK2A2	IRS1_S24	1
CSNK2A2	JUN_S243	1
CSNK2A2	JUN_S249	1
CSNK2A2	JUN_S63	1
CSNK2A2	JUN_S73	1
CSNK2A2	JUN_T231	1
CSNK2A2	KDM4B_S566	1
CSNK2A2	KIF1C_S1092	1
CSNK2A2	KLF1_T23	1
CSNK2A2	L1CAM_S1181	1
CSNK2A2	LGALS3_S12	1
CSNK2A2	LGALS3_S6	1
CSNK2A2	LIG1_S141	1
CSNK2A2	LIG1_S199	1
CSNK2A2	LIG1_S201	1
CSNK2A2	LIG1_S66	1
CSNK2A2	LIG1_S913	1
CSNK2A2	LIG1_T195	1
CSNK2A2	LMO7_S867	1
CSNK2A2	LTB4R_T308	1
CSNK2A2	MAP4K4_S805	1
CSNK2A2	MAPK3_T202	1
CSNK2A2	MAX_S11	1
CSNK2A2	MAX_S2	1
CSNK2A2	MCM2_S139	1
CSNK2A2	MCM2_T106	1
CSNK2A2	MCRS1_S282	1
CSNK2A2	MDN1_S4538	1
CSNK2A2	MDN1_T4898	1
CSNK2A2	MEF2C_S59	1
CSNK2A2	MFAP1_S116	1
CSNK2A2	MFAP1_S132	1
CSNK2A2	MFAP1_S133	1
CSNK2A2	MRE11_S688	1
CSNK2A2	MS4A1_S231	1
CSNK2A2	MS4A1_S289	1
CSNK2A2	MS4A1_T250	1
CSNK2A2	MSH6_S252	1
CSNK2A2	MSH6_S256	1
CSNK2A2	MYB_S11	1
CSNK2A2	MYB_S12	1
CSNK2A2	MYCN_S261	1
CSNK2A2	MYCN_S263	1
CSNK2A2	MYF5_S133	1
CSNK2A2	MYF5_S49	1
CSNK2A2	NACA_S166	1
CSNK2A2	NACA_T161	1
CSNK2A2	NCF1_S208	1
CSNK2A2	NCF1_S283	1
CSNK2A2	NCF1_S348	1
CSNK2A2	NCOR1_S2436	1
CSNK2A2	NEFL_S472	1
CSNK2A2	NFATC4_S289	1
CSNK2A2	NFKBIA_S283	1
CSNK2A2	NFKBIA_S32	1
CSNK2A2	NFKBIA_S36	1
CSNK2A2	NFKBIA_T291	1
CSNK2A2	NKX3-1_T89	1
CSNK2A2	NKX3-1_T93	1
CSNK2A2	NMI_S16	1
CSNK2A2	NOP56_S513	1
CSNK2A2	OCLN_S408	1
CSNK2A2	OCLN_T404	1
CSNK2A2	OSBP_S190	1
CSNK2A2	PACS1_S278	1
CSNK2A2	PAXBP1_S557	1
CSNK2A2	PAXBP1_S558	1
CSNK2A2	PCLO_S3733	1
CSNK2A2	PGR_S81	1
CSNK2A2	PHLDB2_S489	1
CSNK2A2	PIK3R1_S608	1
CSNK2A2	PIN4_S44	1
CSNK2A2	PINX1_T164	1
CSNK2A2	POLR2F_S2	1
CSNK2A2	PPIG_S257	1
CSNK2A2	PPIG_S259	1
CSNK2A2	PPP1R1B_S102	1
CSNK2A2	PPP1R1B_S45	1
CSNK2A2	PPP1R1B_S66	1
CSNK2A2	PPP1R1B_S9	1
CSNK2A2	PPP1R2_S121	1
CSNK2A2	PPP1R2_S122	1
CSNK2A2	PPP1R2_S87	1
CSNK2A2	PPP1R8_S204	1
CSNK2A2	PPP1R8_S62	1
CSNK2A2	PPP1R8_T161	1
CSNK2A2	PPP1R8_T19	1
CSNK2A2	PSEN2_S19	1
CSNK2A2	PSEN2_S334	1
CSNK2A2	PSEN2_S335	1
CSNK2A2	PSEN2_S7	1
CSNK2A2	PSEN2_S9	1
CSNK2A2	PSMA3_S236	1
CSNK2A2	PSMA3_S243	1
CSNK2A2	PSMA3_S250	1
CSNK2A2	PTEN_S370	1
CSNK2A2	PTEN_S385	1
CSNK2A2	PTEN_T366	1
CSNK2A2	PTMA_T13	1
CSNK2A2	PTMA_T14	1
CSNK2A2	PTMA_T8	1
CSNK2A2	PTPN1_S352	1
CSNK2A2	PTPN1_S378	1
CSNK2A2	PTPN1_S386	1
CSNK2A2	PTPRC_S1001	1
CSNK2A2	PTPRC_S1002	1
CSNK2A2	PTPRC_S1004	1
CSNK2A2	PTPRC_S1005	1
CSNK2A2	PTPRC_S1009	1
CSNK2A2	PTPRC_S842	1
CSNK2A2	PTPRC_S954	1
CSNK2A2	PTPRC_S955	1
CSNK2A2	RBM10_S735	1
CSNK2A2	RBM10_S736	1
CSNK2A2	RBM10_S737	1
CSNK2A2	RBM10_S738	1
CSNK2A2	RELA_S529	1
CSNK2A2	RERE_S656	1
CSNK2A2	RFC1_S108	1
CSNK2A2	RGS19_S151	1
CSNK2A2	RGS19_S24	1
CSNK2A2	RNF113A_S253	1
CSNK2A2	RNF7_T10	1
CSNK2A2	RPLP0_S304	1
CSNK2A2	RPLP1_S101	1
CSNK2A2	RPLP1_S104	1
CSNK2A2	RPLP2_S105	1
CSNK2A2	RPS10_S146	1
CSNK2A2	RRAD_S214	1
CSNK2A2	RRP12_S1080	1
CSNK2A2	RTN4_S836	1
CSNK2A2	SAFB2_S109	1
CSNK2A2	SAFB2_S207	1
CSNK2A2	SART1_S596	1
CSNK2A2	SAT1_S146	1
CSNK2A2	SAT1_S149	1
CSNK2A2	SAT1_T10	1
CSNK2A2	SCAF11_S90	1
CSNK2A2	SET_S9	1
CSNK2A2	SIN3A_S832	1
CSNK2A2	SLBP_T61	1
CSNK2A2	SLC18A2_S511	1
CSNK2A2	SLC18A2_S513	1
CSNK2A2	SLC39A7_S275	1
CSNK2A2	SLC39A7_S276	1
CSNK2A2	SMC3_S1067	1
CSNK2A2	SNCA_S129	1
CSNK2A2	SP1_T579	1
CSNK2A2	SPIB_S129	1
CSNK2A2	SPIB_S144	1
CSNK2A2	SPIB_S146	1
CSNK2A2	SPIB_S37	1
CSNK2A2	SPP1_S148	1
CSNK2A2	SRPK1_S51	1
CSNK2A2	SRPK1_S555	1
CSNK2A2	SSB_S366	1
CSNK2A2	STATH_S21	1
CSNK2A2	STK4_S320	1
CSNK2A2	STX1A_S14	1
CSNK2A2	SUB1_S11	1
CSNK2A2	SUB1_S13	1
CSNK2A2	SUB1_S15	1
CSNK2A2	SUB1_S17	1
CSNK2A2	SUB1_S19	1
CSNK2A2	TAF2_S1198	1
CSNK2A2	TBK1_S172	1
CSNK2A2	TCF7L2_S58	1
CSNK2A2	TCF7L2_S59	1
CSNK2A2	TCF7L2_S60	1
CSNK2A2	TFIP11_S210	1
CSNK2A2	THRA_S12	1
CSNK2A2	TJAP1_S300	1
CSNK2A2	TMX1_S247	1
CSNK2A2	TNF_S2	1
CSNK2A2	TOP2A_S1377	1
CSNK2A2	TOP2A_S1525	1
CSNK2A2	TOP2A_T1343	1
CSNK2A2	TP53_S392	1
CSNK2A2	TP73_T27	1
CSNK2A2	TRIO_T1486	1
CSNK2A2	TRRAP_S2034	1
CSNK2A2	TUBB3_S444	1
CSNK2A2	TYMS_S124	1
CSNK2A2	UBA1_S13	1
CSNK2A2	UBE2R2_S233	1
CSNK2A2	UNC5D_T210	1
CSNK2A2	UTRN_S825	1
CSNK2A2	VAMP4_S30	1
CSNK2A2	VDR_S208	1
CSNK2A2	VDR_S258	1
CSNK2A2	VPS72_S41	1
CSNK2A2	VPS72_S51	1
CSNK2A2	VPS72_S59	1
CSNK2A2	VPS72_S71	1
CSNK2A2	VTN_T69	1
CSNK2A2	VTN_T76	1
CSNK2A2	WAS_S483	1
CSNK2A2	WAS_S484	1
CSNK2A2	XK_S383	1
CSNK2A2	XPC_S883	1
CSNK2A2	XRCC1_S485	1
CSNK2A2	XRCC1_S518	1
CSNK2A2	XRCC1_T488	1
CSNK2A2	XRCC1_T519	1
CSNK2A2	XRCC1_T523	1
CSNK2A2	XRCC4_S327	1
CSNK2A2	ZFX_S274	1
CSNK2A2	ZFY_S270	1
CSNK2A2	ZHX1_S47	1
CSNK2A2	ZHX1_S48	1
CSNK2A2	ZHX1_S639	1
CSNK2A2	ZHX1_S640	1
CSNK2A2	ZHX1_T36	1
CSNK2A2	ZRANB2_S120	1
CSNK2A2	ZRANB2_S153	1
CSNK2A2	ZRANB2_S188	1
CSNK2A3	F8_S1656	1
CSNK2B	ATF4_S215	1
CSNK2B	BID_S110	1
CSNK2B	BID_S64	1
CSNK2B	BID_T105	1
CSNK2B	BID_T59	1
CSNK2B	BRCA1_S1572	1
CSNK2B	BRCA1_S1593	1
CSNK2B	BRCA1_S389	1
CSNK2B	BRCA1_S428	1
CSNK2B	BRCA1_S430	1
CSNK2B	BRCA1_S468	1
CSNK2B	CACNA1S_S1575	1
CSNK2B	CCDC106_S130	1
CSNK2B	CCDC106_S147	1
CSNK2B	CD163_S1085	1
CSNK2B	CDC34_S203	1
CSNK2B	CDC34_S222	1
CSNK2B	CDC34_S231	1
CSNK2B	CDC34_S236	1
CSNK2B	CDC34_T233	1
CSNK2B	CTDP1_S575	1
CSNK2B	CTDP1_S740	1
CSNK2B	CTNNB1_S29	1
CSNK2B	CTNNB1_T102	1
CSNK2B	CTNNB1_T112	1
CSNK2B	DLG3_S295	1
CSNK2B	EIF5_S174	1
CSNK2B	EIF5_S389	1
CSNK2B	EIF5_S390	1
CSNK2B	FADD_S200	1
CSNK2B	HOXB6_S214	1
CSNK2B	IKZF1_S101	1
CSNK2B	IKZF1_S13	1
CSNK2B	IKZF1_S295	1
CSNK2B	IKZF1_S63	1
CSNK2B	IKZF1_T23	1
CSNK2B	IRS1_S24	1
CSNK2B	IRS1_S330	1
CSNK2B	IRS1_S99	1
CSNK2B	IRS1_T502	1
CSNK2B	IRS1_T811	1
CSNK2B	IRS1_T88	1
CSNK2B	MME_S6	1
CSNK2B	MME_T25	1
CSNK2B	MYH9_S1916	1
CSNK2B	NCF1_S208	1
CSNK2B	NCF1_S283	1
CSNK2B	NCF1_S348	1
CSNK2B	OCLN_S408	1
CSNK2B	OCLN_T404	1
CSNK2B	RAD17_S678	1
CSNK2B	RNF7_T10	1
CSNK2B	SEC63_S574	1
CSNK2B	SEC63_S576	1
CSNK2B	SEC63_S748	1
CSNK2B	SET_S9	1
CSNK2B	SNAI1_S92	1
CSNK2B	SORT1_S825	1
CSNK2B	SRPK1_S222	1
CSNK2B	SRPK1_S51	1
CSNK2B	SRPK1_S555	1
CSNK2B	SRPK1_S726	1
CSNK2B	TP53_S392	1
CSNK2B	TP53_T18	1
CSNK2B	USO1_S942	1
CTDNEP1	AR_S651	1
CTDNEP1	FOXO3_T32	1
CTDNEP1	LPIN1_S106	-1
CTDSP1	POLR2A_S1616	-1
CTDSP1	POLR2A_S1619	-1
CTDSP1	POLR2A_S1623	-1
CTDSP1	POLR2A_S1626	-1
CTDSP1	POLR2A_S1644	-1
CTDSP1	POLR2A_S1647	-1
CTDSP1	POLR2A_S1651	-1
CTDSP1	POLR2A_S1654	-1
CTDSP1	POLR2A_S1665	-1
CTDSP1	POLR2A_S1668	-1
CTDSP1	POLR2A_S1672	-1
CTDSP1	POLR2A_S1675	-1
CTDSP1	POLR2A_S1693	-1
CTDSP1	POLR2A_S1696	-1
CTDSP1	POLR2A_S1714	-1
CTDSP1	POLR2A_S1717	-1
CTDSP1	POLR2A_S1721	-1
CTDSP1	POLR2A_S1724	-1
CTDSP1	POLR2A_S1735	-1
CTDSP1	POLR2A_S1738	-1
CTDSP1	POLR2A_S1763	-1
CTDSP1	POLR2A_S1766	-1
CTDSP1	POLR2A_S1784	-1
CTDSP1	POLR2A_S1787	-1
CTDSP1	SMAD1_S187	-1
CTDSP1	SMAD1_S195	-1
CTDSP1	SMAD1_S206	-1
CTDSP1	SMAD1_S214	-1
CTDSP1	SMAD1_S463	1
CTDSP1	SMAD1_S465	1
CTDSP1	SMAD2_S245	-1
CTDSP1	SMAD2_S250	-1
CTDSP1	SMAD2_S255	-1
CTDSP1	SMAD2_T220	-1
CTDSP1	SMAD2_T8	-1
CTDSP1	SMAD3_S204	-1
CTDSP1	SMAD3_S208	-1
CTDSP1	SMAD3_S213	-1
CTDSP1	SMAD3_T179	1
CTDSP1	SMAD3_T8	-1
CTDSP1	TWIST1_S68	-1
CTDSP2	SMAD1_S187	-1
CTDSP2	SMAD1_S195	-1
CTDSP2	SMAD1_S206	-1
CTDSP2	SMAD1_S214	-1
CTDSP2	SMAD1_S463	1
CTDSP2	SMAD1_S465	1
CTDSP2	SMAD2_S245	-1
CTDSP2	SMAD2_S250	-1
CTDSP2	SMAD2_S255	-1
CTDSP2	SMAD2_T220	-1
CTDSP2	SMAD2_T8	-1
CTDSP2	SMAD3_S204	-1
CTDSP2	SMAD3_S208	-1
CTDSP2	SMAD3_S213	-1
CTDSP2	SMAD3_T179	1
CTDSP2	SMAD3_T8	-1
CTDSPL	RB1_S807	-1
CTDSPL	RB1_S811	-1
CTDSPL	SMAD1_S187	-1
CTDSPL	SMAD1_S195	-1
CTDSPL	SMAD1_S206	-1
CTDSPL	SMAD1_S214	-1
CTDSPL	SMAD1_S463	1
CTDSPL	SMAD1_S465	1
CTDSPL	SMAD2_S245	-1
CTDSPL	SMAD2_S250	-1
CTDSPL	SMAD2_S255	-1
CTDSPL	SMAD2_T220	-1
CTDSPL	SMAD2_T8	-1
CTDSPL	SMAD3_S204	-1
CTDSPL	SMAD3_S208	-1
CTDSPL	SMAD3_S213	-1
CTDSPL	SMAD3_T179	1
CTDSPL	SMAD3_T8	-1
CTHRC1	GSK3B_S9	1
CTHRC1	PTK2_Y397	1
CTLA4	PDCD4_S457	1
CTNNA1	YAP1_S127	1
CTNNB1	TNIK_S764	1
CTNND1	CDH5_Y658	1
CTSB	CDKN1B_S10	1
CTTN	PTK2_Y861	1
CXCL1	SNAI1_S246	1
CXCL1	VASP_S157	1
CXCL1	VASP_S239	1
CXCL12	CXCR4_S339	1
CXCL12	DPYSL2_Y479	1
CXCL12	ESR2_S87	1
CXCL12	GSK3B_Y216	1
CXCL12	JUN_S63	1
CXCL12	NOS3_S1177	1
CXCL12	PTK2_Y397	1
CXCL12	RAF1_S338	1
CXCL12	RPS6KB1_T412	1
CXCL12	SMAD3_S208	1
CXCL12	THOC5_Y225	1
CXCL12	TP53_T55	1
CXCL12	VAV1_Y174	1
CXCL12	ZAP70_Y492	1
CXCL17	CHEK1_S345	1
CXCL8	CDH5_S665	1
CXCL8	PPP1R12A_T696	1
CXCR4	HCLS1_Y378	1
CXCR4	JAK2_Y1007	1
CXXC1	CD19_Y531	1
CXXC1	CHUK_S176	1
CXXC1	CHUK_S180	1
CXXC1	MAPK8_T183	1
CXXC1	MAPK9_T183	1
CXXC1	STAT3_S727	1
CXXC1	STAT3_Y705	1
CYBB	PLN_S16	1
CYLD	RB1_S780	1
CYP1B1	GJA1_S368	1
CYP1B1	WWOX_Y33	1
CYTH3	VASP_S157	1
DAP	TP53_S20	1
DAP	TPM1_S283	1
DAPK1	BECN1_T119	1
DAPK1	CAMKK2_S511	1
DAPK1	DAPK3_S309	1
DAPK1	DAPK3_S311	1
DAPK1	DAPK3_S312	1
DAPK1	DAPK3_S318	1
DAPK1	DAPK3_S326	1
DAPK1	GRIN2B_S1303	1
DAPK1	HSF1_S230	1
DAPK1	MAPT_S396	1
DAPK1	MAPT_S579	1
DAPK1	MAPT_T548	1
DAPK1	MCM3_S160	1
DAPK1	MCM3_S205	1
DAPK1	MYL12A_S19	1
DAPK1	MYL12A_T18	1
DAPK1	MYL12B_S20	1
DAPK1	MYL12B_T19	1
DAPK1	MYL9_S20	1
DAPK1	NDRG2_S350	1
DAPK1	PELI1_S39	1
DAPK1	PIN1_S71	1
DAPK1	PRKD1_S910	1
DAPK1	RIGI_S654	1
DAPK1	RIGI_S764	1
DAPK1	RIGI_S8	1
DAPK1	RIGI_T667	1
DAPK1	RIGI_T671	1
DAPK1	RIGI_T674	1
DAPK1	RIGI_T770	1
DAPK1	RPL13A_S77	1
DAPK1	STX1A_S188	1
DAPK1	TP53_S20	1
DAPK1	TP53_S269	1
DAPK1	TP53_T18	1
DAPK1	TPM1_S283	1
DAPK2	BECN1_T119	1
DAPK2	CAMKK2_S511	1
DAPK2	DAPK1_S308	1
DAPK2	RPTOR_S721	1
DAPK2	RPTOR_S859	1
DAPK2	STX1A_S188	1
DAPK3	BECN1_S90	1
DAPK3	CAMKK2_S511	1
DAPK3	CDC14A_S484	1
DAPK3	CDKN1A_T145	1
DAPK3	DAPK1_S308	1
DAPK3	H3C1_T12	1
DAPK3	KAT5_T158	1
DAPK3	LMO7_S863	1
DAPK3	MAP2K4_S257	1
DAPK3	MDM2_S166	1
DAPK3	MDM2_S172	1
DAPK3	MDM2_S186	1
DAPK3	MDM2_S192	1
DAPK3	MYL12B_S20	1
DAPK3	MYL12B_T19	1
DAPK3	MYL9_S20	1
DAPK3	MYL9_T19	1
DAPK3	NUP214_T299	1
DAPK3	PPP1R12A_T696	1
DAPK3	PPP1R14A_S12	1
DAPK3	PPP1R14A_T38	1
DAPK3	RPL13A_S77	1
DAPK3	STAT3_S727	1
DAPK3	STX1A_S188	1
DAPK3	TP53_S20	1
DAPK3	TRIP12_S312	1
DAPP1	MAP2K1_S218	1
DAPP1	MAP2K1_S222	1
DBF4	MCM2_S108	1
DBF4	MCM2_S53	1
DBF4	SAMHD1_T592	1
DBI	AQP2_S256	1
DBT	ESR1_S118	1
DBT	ESR1_S167	1
DCC	DAB1_Y220	1
DCC	DAB1_Y232	1
DCLK1	CAMKK1_S458	1
DCLK1	CAMKK1_S475	1
DCLK1	CAMKK1_S74	1
DCLK1	MAP7D1_S313	1
DCLK1	MAPK1_T190	1
DCLK1	PRKACB_T198	1
DDIT4	RPS6KB1_T412	1
DDR1	BCR_Y177	1
DDR1	CDK1_T161	1
DDR1	CDK2_T160	1
DDR1	PEAK1_Y462	1
DDR1	PHB2_Y248	1
DDR2	CBL_Y141	1
DDR2	CBL_Y731	1
DDR2	CTTN_Y384	1
DDR2	CTTN_Y433	1
DDR2	PPARG_S112	1
DDR2	PRKCD_Y64	1
DDR2	PRKCD_Y646	1
DDR2	RET_Y900	1
DDR2	RET_Y905	1
DDR2	RUNX2_S294	1
DDR2	RUNX2_S312	1
DEF6	MTOR_S2481	1
DEK	EIF4E_S209	1
DEPTOR	AKT1_S473	1
DEPTOR	AKT1_T450	1
DEPTOR	AMOTL2_S759	1
DEPTOR	EIF4EBP1_S65	1
DEPTOR	EIF4EBP1_T36	1
DEPTOR	EIF4EBP1_T37	1
DEPTOR	EIF4EBP1_T45	1
DEPTOR	EIF4EBP1_T46	1
DEPTOR	EIF4EBP1_T70	1
DEPTOR	FBXW8_S85	1
DEPTOR	ISCU_S14	1
DEPTOR	JMJD1C_T505	1
DEPTOR	MAF1_S60	1
DEPTOR	MAF1_S68	1
DEPTOR	MAF1_S75	1
DEPTOR	NRBF2_S113	1
DEPTOR	NRBF2_S120	1
DEPTOR	RPS6KB1_T390	1
DEPTOR	RPS6KB1_T412	1
DEPTOR	RPS6_S236	1
DEPTOR	SGK1_S422	1
DEPTOR	TFEB_S142	1
DEPTOR	TFEB_S211	1
DIPK2A	BAD_S75	1
DIPK2A	BAD_S99	1
DIPK2A	CDKN1A_T145	1
DIPK2A	CTNNB1_S552	1
DIPK2A	EPHA2_S897	1
DIPK2A	FOXO1_S256	1
DIPK2A	GSK3B_S9	1
DIPK2A	NCOR1_S1450	1
DIPK2A	NOS1_S1417	1
DIPK2A	SH3RF1_S304	1
DIPK2A	VIM_S39	1
DLG4	ZDHHC5_Y533	1
DLL1	SHC1_S139	1
DLL1	STAT3_S727	1
DLL1	TP53_S9	1
DLL1	TP53_T18	1
DLX3	RAF1_S338	1
DMAP1	TP53_S15	1
DMC1	CHEK1_S345	1
DMPK	PLN_S16	1
DMPK	PPP1R12A_T696	1
DMPK	SRF_T159	1
DMPK	TGFB1I1_S386	1
DMPK	ZYX_S169	1
DMPK	ZYX_S344	1
DNAJB7	KRT8_S74	1
DNM1L	RAB9A_S179	1
DOK2	PPARG_S112	1
DPEP1	GSK3B_S9	1
DPEP1	RELA_S529	1
DPEP1	RELA_S536	1
DPM1	GFPT1_S205	1
DPM1	RELA_S276	1
DRD1	PPP1R1B_T34	1
DRD5	GRIN2B_Y1474	1
DSP	OCLN_S490	1
DSP	PTK2_S722	1
DSP	PTK2_Y576	1
DUOX1	ATR_S435	1
DUOX1	BAD_S75	1
DUOX1	BAD_S99	1
DUOX1	EPHA2_S897	1
DUOX1	GRIA1_S863	1
DUOX1	GSK3B_S9	1
DUOX1	HDAC8_S39	1
DUOX1	KLHL3_S433	1
DUOX1	LIPE_S660	1
DUOX1	MAPKAPK5_S115	1
DUOX1	MAPT_S214	1
DUOX1	MECP2_S274	1
DUOX1	MECP2_S86	1
DUOX1	MYLK_S13	1
DUOX1	PSEN1_S310	1
DUOX1	SRGAP3_S858	1
DUOX1	STAT1_S727	1
DUOX1	STK11_S428	1
DUOX1	VAV1_Y174	1
DUOX1	ZAP70_Y319	1
DUSP1	AR_S651	1
DUSP1	FOXO3_T32	1
DUSP1	MAPK14_T180	1
DUSP1	MAPK14_Y182	1
DUSP1	MAPK1_T185	-1
DUSP1	MAPK1_Y187	-1
DUSP1	MAPK3_T202	-1
DUSP1	MAPK3_Y204	-1
DUSP10	MAPK1_T185	1
DUSP10	MAPK1_Y187	1
DUSP10	MAPK3_T202	1
DUSP10	MAPK3_Y204	1
DUSP14	MAP3K7_T187	1
DUSP16	AKT1S1_T246	1
DUSP16	MAPK1_T185	1
DUSP16	MAPK1_Y187	1
DUSP16	MAPK3_T202	1
DUSP16	MAPK3_Y204	1
DUSP2	MAPK1_T185	1
DUSP2	MAPK1_Y187	1
DUSP2	MAPK3_T202	1
DUSP2	MAPK3_Y204	1
DUSP22	ESR1_S118	-1
DUSP26	FADD_S194	-1
DUSP26	TP53_S15	1
DUSP26	TP53_S20	-1
DUSP26	TP53_S37	-1
DUSP3	EGFR_Y1016	-1
DUSP3	ERBB2_Y1221	-1
DUSP3	ERBB2_Y877	-1
DUSP3	MAP2K2_Y244	-1
DUSP3	MAPK1_T185	1
DUSP3	MAPK1_Y187	-1
DUSP3	MAPK3_T202	1
DUSP3	MAPK3_Y204	-1
DUSP3	MAPK7_T219	1
DUSP3	MAPK7_Y221	1
DUSP4	MAPK1_T185	-1
DUSP4	MAPK1_Y187	-1
DUSP4	MAPK3_T202	-1
DUSP4	MAPK3_Y204	-1
DUSP4	MAPK7_T219	1
DUSP4	MAPK7_Y221	1
DUSP4	MAPKAPK2_T334	1
DUSP5	MAPK1_T185	1
DUSP5	MAPK1_Y187	1
DUSP5	MAPK3_T202	1
DUSP5	MAPK3_Y204	1
DUSP6	MAPK1_T185	1
DUSP6	MAPK1_Y187	1
DUSP6	MAPK3_T202	1
DUSP6	MAPK3_Y204	1
DUSP6	MAPK7_T219	1
DUSP6	MAPK7_Y221	1
DUSP6	PGR_S81	1
DUSP7	MAPK1_T185	1
DUSP7	MAPK1_Y187	1
DUSP7	MAPK3_T202	1
DUSP7	MAPK3_Y204	1
DUSP7	MAPK7_T219	1
DUSP7	MAPK7_Y221	1
DUSP8	MAPK11_T180	1
DUSP8	MAPK11_Y182	1
DUSP8	MAPK14_T180	1
DUSP8	MAPK14_Y182	1
DUSP8	MAPK1_T185	1
DUSP8	MAPK1_Y187	1
DUSP8	MAPK3_T202	1
DUSP8	MAPK3_Y204	1
DUSP9	MAPK1_T185	1
DUSP9	MAPK1_Y187	1
DUSP9	MAPK3_T202	1
DUSP9	MAPK3_Y204	1
DVL3	LRP6_S1490	1
DYRK1A	AMPH_S262	1
DYRK1A	AMPH_S272	1
DYRK1A	AMPH_S276	1
DYRK1A	AMPH_S285	1
DYRK1A	AMPH_S293	1
DYRK1A	AMPH_S295	1
DYRK1A	AMPH_T310	1
DYRK1A	AMPH_T312	1
DYRK1A	APP_T743	1
DYRK1A	CARHSP1_S41	1
DYRK1A	CARHSP1_S52	1
DYRK1A	CASP9_T125	1
DYRK1A	CCND1_T286	1
DYRK1A	CCND2_T280	1
DYRK1A	CCND3_T283	1
DYRK1A	CCNL2_H197	1
DYRK1A	CCNL2_S330	1
DYRK1A	CCNL2_S338	1
DYRK1A	CCNL2_S369	1
DYRK1A	CDKL5_S308	1
DYRK1A	CDKN1B_S10	1
DYRK1A	CRY2_S558	1
DYRK1A	DNM1_S795	1
DYRK1A	DNM1_S857	1
DYRK1A	EIF2B5_S544	1
DYRK1A	FOXO1_S322	1
DYRK1A	FOXO1_S325	1
DYRK1A	FOXO1_S329	1
DYRK1A	FOXO3_S330	1
DYRK1A	GLI1_S408	1
DYRK1A	GRIN2A_S1048	1
DYRK1A	GSK3B_S9	1
DYRK1A	GSK3B_T356	1
DYRK1A	GSK3B_Y216	1
DYRK1A	GYS1_S641	1
DYRK1A	ID2_T27	1
DYRK1A	LIN52_S28	1
DYRK1A	MAPT_S199	1
DYRK1A	MAPT_S202	1
DYRK1A	MAPT_S396	1
DYRK1A	MAPT_S404	1
DYRK1A	MAPT_S422	1
DYRK1A	MAPT_S519	1
DYRK1A	MAPT_S537	1
DYRK1A	MAPT_S721	1
DYRK1A	MAPT_S739	1
DYRK1A	MAPT_T181	1
DYRK1A	MAPT_T205	1
DYRK1A	MAPT_T212	1
DYRK1A	MAPT_T217	1
DYRK1A	MAPT_T231	1
DYRK1A	MAPT_T529	1
DYRK1A	MAPT_T547	1
DYRK1A	MAPT_T548	1
DYRK1A	MEF2D_S251	1
DYRK1A	MYC_S62	1
DYRK1A	MYC_T58	1
DYRK1A	NFATC1_S261	1
DYRK1A	NFATC1_S278	1
DYRK1A	NFATC1_S403	1
DYRK1A	NFATC1_S409	1
DYRK1A	POLR2A_S1616	1
DYRK1A	POLR2A_S1619	1
DYRK1A	PRKN_S131	1
DYRK1A	PSEN1_T354	1
DYRK1A	RCAN1_S167	1
DYRK1A	RCAN1_T247	1
DYRK1A	SF3B1_T273	1
DYRK1A	SF3B1_T434	1
DYRK1A	SIRT1_T530	1
DYRK1A	SNCA_S87	1
DYRK1A	SPRY2_T75	1
DYRK1A	SRSF1_S227	1
DYRK1A	SRSF1_S234	1
DYRK1A	SRSF1_S238	1
DYRK1A	STAT3_S727	1
DYRK1A	STXBP1_T479	1
DYRK1A	TP53_S15	1
DYRK1A	TRAF3_S75	1
DYRK1A	TRAF3_S9	1
DYRK1A	TRAF3_T29	1
DYRK1B	CCND1_T286	1
DYRK1B	CCND1_T288	1
DYRK1B	CDKN1A_S153	1
DYRK1B	CDKN1A_S160	1
DYRK1B	CDKN1A_S98	1
DYRK1B	CDKN1A_T145	1
DYRK1B	CDKN1B_S10	1
DYRK1B	EHMT2_T555	1
DYRK1B	ERF_S185	1
DYRK1B	ERF_T148	1
DYRK1B	GYS1_S641	1
DYRK1B	H3-3B_T46	1
DYRK1B	HCLS1_Y103	1
DYRK1B	HCLS1_Y140	1
DYRK1B	HDAC5_S279	1
DYRK1B	HDAC9_S240	1
DYRK1B	HNF1A_S249	1
DYRK1B	ID2_T27	1
DYRK1B	LIN52_S28	1
DYRK1B	MAPK1_Y187	1
DYRK1B	MAPK8_S155	1
DYRK1B	MAPK8_Y185	1
DYRK1B	MAPK8_Y259	1
DYRK1B	NFATC4_S213	1
DYRK1B	NKX3-1_S185	1
DYRK1B	NKX3-1_S186	1
DYRK1B	NPM1_S106	1
DYRK1B	NPM1_Y67	1
DYRK1B	PRKACA_S140	1
DYRK1B	PRKACA_T196	1
DYRK1B	PRKACB_S140	1
DYRK1B	PRKACB_T196	1
DYRK1B	SF3B1_T434	1
DYRK1B	STAT3_S727	1
DYRK1B	ZYX_S143	1
DYRK1B	ZYX_S258	1
DYRK2	CAMKK1_S97	1
DYRK2	CAMKK1_T108	1
DYRK2	CARHSP1_S30	1
DYRK2	CARHSP1_S32	1
DYRK2	CARHSP1_S41	1
DYRK2	CBL_S669	1
DYRK2	CBL_Y552	1
DYRK2	CBL_Y674	1
DYRK2	CDC25A_S107	1
DYRK2	CDC25A_S156	1
DYRK2	CDC25A_S18	1
DYRK2	CDC25A_S185	1
DYRK2	CDC25A_S283	1
DYRK2	CDC25A_S320	1
DYRK2	CDC25A_S321	1
DYRK2	CDC25A_S88	1
DYRK2	CDK6_S155	1
DYRK2	CRMP1_S522	1
DYRK2	CRMP1_S636	1
DYRK2	CSDC2_S19	1
DYRK2	DCX_S306	1
DYRK2	DPYSL2_S522	1
DYRK2	DPYSL3_S518	1
DYRK2	DPYSL3_S522	1
DYRK2	DPYSL3_S636	1
DYRK2	DPYSL3_T509	1
DYRK2	DPYSL3_T514	1
DYRK2	EIF4EBP1_S101	1
DYRK2	EIF4EBP1_S65	1
DYRK2	GYS1_S641	1
DYRK2	H3-3B_T46	1
DYRK2	HIPK2_S46	1
DYRK2	HIRIP3_S159	1
DYRK2	HIRIP3_Y111	1
DYRK2	HSF1_S307	1
DYRK2	HSF1_S320	1
DYRK2	HSF1_S326	1
DYRK2	HSF1_S363	1
DYRK2	HSF1_S368	1
DYRK2	HSF1_T323	1
DYRK2	HSF1_T369	1
DYRK2	JUN_S243	1
DYRK2	KATNA1_S109	1
DYRK2	KATNA1_S42	1
DYRK2	KATNA1_T133	1
DYRK2	LARP6_S455	1
DYRK2	MAPT_T212	1
DYRK2	MAPT_T529	1
DYRK2	MAPT_T547	1
DYRK2	METTL3_T356	1
DYRK2	NOTCH1_T2511	1
DYRK2	NRBP1_S422	1
DYRK2	NRBP1_T433	1
DYRK2	PPP1R8_S199	1
DYRK2	PSMC4_T25	1
DYRK2	SIAH2_S16	1
DYRK2	SIAH2_S28	1
DYRK2	SIAH2_S68	1
DYRK2	SIAH2_T119	1
DYRK2	SIAH2_T26	1
DYRK2	SIRT1_T530	1
DYRK2	SNAI1_S104	1
DYRK2	STAT3_S727	1
DYRK2	TBK1_S527	1
DYRK2	TERT_S457	1
DYRK2	TP53_S46	1
DYRK2	ZFP36_S228	1
DYRK2	ZFP36_S88	1
DYRK2	ZFP36_T92	1
DYRK3	AKT1S1_T246	1
DYRK3	AKT1S1_T266	1
DYRK3	CREB1_S133	1
DYRK3	H3-3B_T46	1
DYRK3	HCLS1_T308	1
DYRK3	HCLS1_Y360	1
DYRK3	HCLS1_Y378	1
DYRK3	HCLS1_Y397	1
DYRK3	LIG1_S199	1
DYRK3	LIG1_S66	1
DYRK3	LIG1_S911	1
DYRK3	LIG1_T197	1
DYRK3	LIG1_Y919	1
DYRK3	NCOA3_S1330	1
DYRK3	NOC2L_S100	1
DYRK3	NOC2L_S102	1
DYRK3	NOC2L_S22	1
DYRK3	NOC2L_S26	1
DYRK3	NOC2L_S28	1
DYRK3	NOC2L_T678	1
DYRK3	RBM17_S293	1
DYRK3	SFMBT1_S765	1
DYRK3	SIRT1_T530	1
DYRK3	TERF2IP_T230	1
DYRK3	TERF2IP_Y32	1
DYRK3	XPA_S196	1
DYRK4	ABI2_S177	1
DYRK4	ABI2_S301	1
DYRK4	ABI2_T294	1
DYRK4	AGGF1_S11	1
DYRK4	AGGF1_T16	1
DYRK4	BMX_Y216	1
DYRK4	CAMKK1_S475	1
DYRK4	CBL_S619	1
DYRK4	CBL_Y141	1
DYRK4	CBL_Y700	1
DYRK4	CC2D1A_S238	1
DYRK4	CC2D1A_S475	1
DYRK4	CC2D1A_T120	1
DYRK4	CCM2_S238	1
DYRK4	CSDE1_T413	1
DYRK4	CSDE1_T450	1
DYRK4	CTTN_S380	1
DYRK4	CTTN_T364	1
DYRK4	CTTN_Y416	1
DYRK4	DGCR8_S35	1
DYRK4	DGCR8_Y267	1
DYRK4	EIF4ENIF1_S564	1
DYRK4	EIF4ENIF1_S680	1
DYRK4	EIF4ENIF1_S77	1
DYRK4	EIF4ENIF1_T496	1
DYRK4	HCLS1_T308	1
DYRK4	NPM1_S218	1
DYRK4	NPM1_T95	1
DYRK4	PAXBP1_S62	1
DYRK4	RAD23B_T159	1
DYRK4	SART3_S10	1
DYRK4	STIP1_T198	1
DYRK4	YWHAH_T168	1
DYRK4	ZYX_S258	1
DYRK4	ZYX_S290	1
E2F1	RPS6KB1_T412	1
ECM1	PKM_S37	1
EDN1	AKT1_S473	1
EDN1	EGFR_Y869	1
EDN1	FLI1_T312	1
EDN1	HDAC5_S498	1
EDN1	MYL9_S20	1
EDN1	MYL9_T19	1
EDN1	PRKD1_S738	1
EDN1	PRKD1_S742	1
EDN1	PTK2B_Y402	1
EDN1	PTK2_S910	1
EDN1	RAB11A_S177	1
EDN1	RPS6KB1_T412	1
EDN1	SP1_T453	1
EDN1	SP1_T739	1
EDNRA	OCLN_T403	1
EDNRA	OCLN_T404	1
EDNRA	PPP1R12A_T696	1
EEF1A1	AKT1_S473	1
EEF1A1	AKT1_T450	1
EEF1A1	AMOTL2_S759	1
EEF1A1	FBXW8_S85	1
EEF1A1	SGK1_S422	1
EEF2K	CHEK2_T68	1
EEF2K	EEF2_S360	1
EEF2K	EEF2_S595	1
EEF2K	EEF2_T54	1
EEF2K	EEF2_T57	1
EEF2K	EEF2_T59	1
EEF2K	PKM_T129	1
EFNA1	PTK2_Y576	1
EFNA1	PTK2_Y861	1
EFNA5	EPHA2_Y594	1
EFNB2	CRK_Y221	1
EFNB2	EPHB2_Y504	1
EFNB2	GRIN2B_Y1474	1
EFS	PPP1R12A_T696	1
EGF	AATF_S104	1
EGF	AATF_S109	1
EGF	AATF_S320	1
EGF	AATF_S321	1
EGF	AATF_S93	1
EGF	AATF_S94	1
EGF	AATF_S99	1
EGF	AATF_Y117	1
EGF	ABCC3_S911	1
EGF	ACACA_S23	1
EGF	ACACA_S25	1
EGF	ACAT1_Y407	1
EGF	ACTN4_Y4	1
EGF	ADAM17_S819	1
EGF	ADAM17_T735	1
EGF	AGFG1_S181	1
EGF	AGFG1_T177	1
EGF	AHNAK2_T431	1
EGF	AKAP12_S910	1
EGF	AKAP13_S1559	1
EGF	AKAP13_S1582	1
EGF	AKT1_S473	1
EGF	ALKBH5_S363	1
EGF	AMPD2_S118	1
EGF	ANKRD26_T283	1
EGF	ANXA1_Y21	1
EGF	ARFGAP3_S143	1
EGF	ARHGAP29_S913	1
EGF	AR_S215	1
EGF	AR_S516	1
EGF	AR_S579	1
EGF	AR_S651	1
EGF	AR_S792	1
EGF	AR_Y269	1
EGF	AR_Y535	1
EGF	ASAP3_Y34	1
EGF	ASPSCR1_T263	1
EGF	ATAD5_S663	1
EGF	ATAD5_T664	1
EGF	ATF2_S112	1
EGF	ATF2_T69	1
EGF	ATF2_T71	1
EGF	ATF7_T51	1
EGF	ATF7_T53	1
EGF	BABAM1_S20	1
EGF	BABAM1_S8	1
EGF	BAD_S118	1
EGF	BAD_S75	1
EGF	BAZ2A_S1397	1
EGF	BCAR1_Y128	1
EGF	BCAR1_Y410	1
EGF	BCLAF1_S496	1
EGF	BET1_S50	1
EGF	BMP1_S975	1
EGF	BMP1_Y973	1
EGF	BMX_Y40	1
EGF	BRF1_S547	1
EGF	BRF1_S553	1
EGF	BSG_S246	1
EGF	BUD13_S271	1
EGF	C2orf16_T692	1
EGF	C2orf49_S189	1
EGF	C2orf49_S193	1
EGF	CA10_T299	1
EGF	CA9_Y449	1
EGF	CACNB1_T418	1
EGF	CAD_S1920	1
EGF	CALY_Y151	1
EGF	CASP8_Y380	1
EGF	CCDC18_S1068	1
EGF	CCDC50_Y144	1
EGF	CCDC50_Y145	1
EGF	CCDC50_Y146	1
EGF	CCNH_T315	1
EGF	CDC25A_Y59	1
EGF	CDC42EP3_S100	1
EGF	CDC42EP4_S174	1
EGF	CDCA5_S75	1
EGF	CDCA5_S79	1
EGF	CDK12_S334	1
EGF	CDK12_S338	1
EGF	CDK12_S393	1
EGF	CDK12_S394	1
EGF	CDK12_T1246	1
EGF	CDK2_Y15	1
EGF	CDK5RAP2_S1238	1
EGF	CDK9_S334	1
EGF	CDK9_T330	1
EGF	CDK9_T333	1
EGF	CEP131_T383	1
EGF	CEP350_S2460	1
EGF	CFAP44_T268	1
EGF	CFL2_S3	1
EGF	CLASP1_S556	1
EGF	CLASP1_S558	1
EGF	CLINT1_S227	1
EGF	CLINT1_S232	1
EGF	CLINT1_S234	1
EGF	CLK1_S140	1
EGF	CLK1_T138	1
EGF	CPSF2_Y395	1
EGF	CRK_Y221	1
EGF	CRK_Y251	1
EGF	CRTC3_S391	1
EGF	CRTC3_S396	1
EGF	CRTC3_T394	1
EGF	CTCF_S609	1
EGF	CTDSPL2_S51	1
EGF	CTDSPL2_Y27	1
EGF	CTNNB1_S675	1
EGF	CTNNB1_Y142	1
EGF	CTNNB1_Y333	1
EGF	CTNND1_Y228	1
EGF	CTTN_S405	1
EGF	CTTN_S417	1
EGF	CTTN_S418	1
EGF	CTTN_S426	1
EGF	CTTN_T411	1
EGF	CTTN_Y421	1
EGF	DDI2_S194	1
EGF	DDX60_Y793	1
EGF	DDX60_Y796	1
EGF	DGCR2_S381	1
EGF	EEF1G_T43	1
EGF	EEF2_T57	1
EGF	EFHD2_S183	1
EGF	EFNB1_Y317	1
EGF	EGFR_S1039	1
EGF	EGFR_S1064	1
EGF	EGFR_S1070	1
EGF	EGFR_S1071	1
EGF	EGFR_S991	1
EGF	EGFR_S995	1
EGF	EGFR_T693	1
EGF	EGFR_Y1016	1
EGF	EGFR_Y1069	1
EGF	EGFR_Y1092	1
EGF	EGFR_Y1110	1
EGF	EGFR_Y1138	1
EGF	EGFR_Y1172	1
EGF	EGFR_Y1197	1
EGF	EGFR_Y869	1
EGF	EGFR_Y978	1
EGF	EGFR_Y998	1
EGF	EIF4EBP1_S101	1
EGF	EIF4EBP1_S65	1
EGF	EIF4EBP1_S83	1
EGF	EIF4EBP1_S85	1
EGF	ELK1_S383	1
EGF	EMD_S58	1
EGF	EMD_S87	1
EGF	EMD_T67	1
EGF	EML4_S134	1
EGF	EML4_S138	1
EGF	EPHA2_S897	1
EGF	EPHA2_Y588	1
EGF	EPHA2_Y594	1
EGF	EPHA2_Y930	1
EGF	EPRS1_T888	1
EGF	EPS15_S796	1
EGF	EPS15_Y849	1
EGF	ERBB2_Y1112	1
EGF	ERBB2_Y877	1
EGF	ERCC5_S156	1
EGF	ERCC5_S157	1
EGF	ERF_S187	1
EGF	ERF_S531	1
EGF	ESR1_S118	1
EGF	ESR1_S167	1
EGF	EZR_Y146	1
EGF	EZR_Y354	1
EGF	FAM114A1_T189	1
EGF	FAM174C_S117	1
EGF	FLII_S436	1
EGF	FNTB_T8	1
EGF	FOSL2_S308	1
EGF	FOSL2_S320	1
EGF	FOS_S374	1
EGF	FOXO3_T32	1
EGF	FXR1_S403	1
EGF	G3BP2_Y175	1
EGF	GAB1_Y307	1
EGF	GAB1_Y627	1
EGF	GFOD2_S100	1
EGF	GIGYF2_S158	1
EGF	GJA1_S255	1
EGF	GJA1_S279	1
EGF	GNL1_S51	1
EGF	GOLGA5_S116	1
EGF	GOLIM4_S396	1
EGF	GOLIM4_Y394	1
EGF	GORASP2_T222	1
EGF	GORASP2_T225	1
EGF	GPN1_T340	1
EGF	GRB2_Y160	1
EGF	GRB2_Y209	1
EGF	GSK3A_S21	1
EGF	GSK3A_S65	1
EGF	GSK3B_S66	1
EGF	GSK3B_S9	1
EGF	GTF3C1_S1068	1
EGF	GTPBP1_S12	1
EGF	H2AX_S140	1
EGF	HDAC6_S1035	1
EGF	HDGFL2_S454	1
EGF	HECTD1_S1387	1
EGF	HECTD1_S1395	1
EGF	HECTD1_S357	1
EGF	HERC2_S2928	1
EGF	HGS_Y329	1
EGF	HGS_Y334	1
EGF	HNRNPD_S82	1
EGF	HSP90AB1_S261	1
EGF	HSPB1_S15	1
EGF	HSPB1_S83	1
EGF	HSPB1_S86	1
EGF	IGF2R_T2415	1
EGF	IKBKB_S177	1
EGF	IL6ST_S667	1
EGF	IPO7_T898	1
EGF	IPO7_Y876	1
EGF	IRS1_S307	1
EGF	IRS1_S629	1
EGF	IRS1_Y612	1
EGF	IRS1_Y896	1
EGF	IRS2_S1176	1
EGF	IRS2_S311	1
EGF	IRS2_S976	1
EGF	ITGA7_S1051	1
EGF	ITGB4_Y1469	1
EGF	IWS1_S159	1
EGF	IWS1_S235	1
EGF	IWS1_S237	1
EGF	JUN_S63	1
EGF	JUN_S73	1
EGF	KANK2_S19	1
EGF	KARS1_S207	1
EGF	KCTD12_S187	1
EGF	KDM3B_S798	1
EGF	KHDRBS1_S20	1
EGF	KHNYN_S353	1
EGF	KHNYN_S359	1
EGF	KIAA1522_S858	1
EGF	KRT13_S425	1
EGF	KRT13_S427	1
EGF	KRT18_S53	1
EGF	LAMA1_T351	1
EGF	LARP1_S554	1
EGF	LARP1_T68	1
EGF	LIMCH1_T300	1
EGF	LIMCH1_T302	1
EGF	LMO7_S1182	1
EGF	LOXL4_Y383	1
EGF	LPP_S116	1
EGF	LRCH4_S182	1
EGF	LRTM1_S171	1
EGF	LSM14A_S2	1
EGF	LYN_Y397	1
EGF	MAP1S_S731	1
EGF	MAP2K2_S23	1
EGF	MAPK14_Y182	1
EGF	MAPK1_T185	1
EGF	MAPK1_Y187	1
EGF	MAPK3_T202	1
EGF	MAPK3_Y204	1
EGF	MAPK7_T733	1
EGF	MARCKS_S131	1
EGF	MARCKS_S134	1
EGF	MATR3_S206	1
EGF	MCM2_T39	1
EGF	MCM2_Y137	1
EGF	MCM3_S668	1
EGF	MCM3_S672	1
EGF	MCM7_Y600	1
EGF	MEPCE_S179	1
EGF	MET_S990	1
EGF	MET_Y1003	1
EGF	MET_Y1230	1
EGF	MET_Y1234	1
EGF	MET_Y1235	1
EGF	MFF_T138	1
EGF	MIIP_S303	1
EGF	MISP_S474	1
EGF	MPRIP_S289	1
EGF	MPRIP_T295	1
EGF	MTDH_S298	1
EGF	MYO10_S962	1
EGF	MYO10_S965	1
EGF	MYO10_S969	1
EGF	MYO9B_S1267	1
EGF	MYO9B_S1412	1
EGF	MYO9B_T1271	1
EGF	NAB2_S162	1
EGF	NCAPD2_S1366	1
EGF	NCAPD2_S1371	1
EGF	NCAPD2_T1380	1
EGF	NCK1_S85	1
EGF	NCK1_S91	1
EGF	NDRG1_S332	1
EGF	NDRG1_T328	1
EGF	NELFE_S115	1
EGF	NFKBIA_S32	1
EGF	NFKBIA_Y42	1
EGF	NIBAN2_S624	1
EGF	NOL12_T141	1
EGF	NOS1_S852	1
EGF	NOS3_S1177	1
EGF	NR4A1_T143	1
EGF	NSD1_S2599	1
EGF	OPRM1_Y168	1
EGF	PABPN1_S90	1
EGF	PAF1_S439	1
EGF	PAFAH1B2_S6	1
EGF	PAK1_S144	1
EGF	PAK1_S223	1
EGF	PAK2_T402	1
EGF	PALMD_T255	1
EGF	PALMD_T271	1
EGF	PALMD_Y262	1
EGF	PALM_S138	1
EGF	PALM_T141	1
EGF	PALM_T145	1
EGF	PCM1_S110	1
EGF	PCM1_S168	1
EGF	PCNA_Y250	1
EGF	PDK1_T338	1
EGF	PEA15_S116	1
EGF	PFKP_T393	1
EGF	PFKP_Y64	1
EGF	PGK1_S203	1
EGF	PGM1_S117	1
EGF	PGR_S294	1
EGF	PGR_S345	1
EGF	PHF6_S145	1
EGF	PI4KB_S511	1
EGF	PIN1_S16	1
EGF	PITX1_S50	1
EGF	PITX1_S51	1
EGF	PKM_S37	1
EGF	PKN2_S583	1
EGF	PLCG1_Y1253	1
EGF	PLCG1_Y783	1
EGF	PLEKHH3_S76	1
EGF	PML_S36	1
EGF	PML_S38	1
EGF	PML_S40	1
EGF	PML_S403	1
EGF	PML_S505	1
EGF	PML_T28	1
EGF	POLH_S380	1
EGF	POLR1F_S328	1
EGF	PPFIBP1_S40	1
EGF	PPFIBP1_T39	1
EGF	PRKCD_Y313	1
EGF	PRKD1_S738	1
EGF	PRKD1_S742	1
EGF	PRRC2A_S1110	1
EGF	PRRC2A_T1112	1
EGF	PSIP1_T140	1
EGF	PTBP1_S141	1
EGF	PTK2B_Y402	1
EGF	PTK2_S910	1
EGF	PTK2_Y925	1
EGF	PTPN11_Y546	1
EGF	PTPN11_Y584	1
EGF	PXN_S126	1
EGF	PXN_Y118	1
EGF	PXN_Y31	1
EGF	RAC1_S71	1
EGF	RACK1_Y52	1
EGF	RAF1_S294	1
EGF	RAF1_S301	1
EGF	RAF1_S338	1
EGF	RANBP1_T7	1
EGF	RBM14_S618	1
EGF	RDH12_S104	1
EGF	RHOA_S88	1
EGF	RHOA_T100	1
EGF	RICTOR_S21	1
EGF	RIMS3_Y245	1
EGF	RIOK2_S337	1
EGF	RNF113A_S46	1
EGF	ROCK2_S1362	1
EGF	RPP30_S251	1
EGF	RPRD2_S1099	1
EGF	RPS13_Y128	1
EGF	RPS6KA1_T359	1
EGF	RPS6KB1_T412	1
EGF	RPS6_S235	1
EGF	RPS6_S236	1
EGF	RPS6_S240	1
EGF	RRBP1_T275	1
EGF	RSF1_S604	1
EGF	RTN4_S107	1
EGF	SART1_T466	1
EGF	SCMH1_S649	1
EGF	SCRIB_S1223	1
EGF	SCRIB_S1225	1
EGF	SCRIB_S1348	1
EGF	SEC16A_S122	1
EGF	SERBP1_S247	1
EGF	SERINC1_S361	1
EGF	SF3B2_S302	1
EGF	SF3B2_S303	1
EGF	SF3B2_S307	1
EGF	SF3B2_T311	1
EGF	SH2D4A_S315	1
EGF	SIPA1_S74	1
EGF	SIRT2_S46	1
EGF	SKP2_S72	1
EGF	SLK_S189	1
EGF	SMAD2_S240	1
EGF	SMAD3_T179	1
EGF	SMAP_S127	1
EGF	SMAP_S136	1
EGF	SMAP_S138	1
EGF	SMAP_S140	1
EGF	SMARCAD1_S211	1
EGF	SMARCAD1_S213	1
EGF	SMARCAD1_S214	1
EGF	SNTB2_S231	1
EGF	SON_S1697	1
EGF	SORBS3_S545	1
EGF	SORBS3_S547	1
EGF	SORBS3_T562	1
EGF	SPEN_S1268	1
EGF	SPEN_S1857	1
EGF	SPEN_S742	1
EGF	SPEN_S751	1
EGF	SPTBN2_S2171	1
EGF	SQSTM1_S343	1
EGF	SRC_Y419	1
EGF	SRPK2_S496	1
EGF	SRPK2_S497	1
EGF	SRRM4_S458	1
EGF	SRRM4_Y457	1
EGF	SRSF11_S207	1
EGF	STAT1_S727	1
EGF	STAT1_Y701	1
EGF	STAT3_S727	1
EGF	STAT5B_S731	1
EGF	STAT5B_Y699	1
EGF	STAT5B_Y725	1
EGF	STAT5B_Y740	1
EGF	STIM1_S575	1
EGF	STIM1_S608	1
EGF	STIM1_S621	1
EGF	STK11_S428	1
EGF	STMN1_S16	1
EGF	STMN1_S25	1
EGF	STRIP1_Y62	1
EGF	SYDE1_S51	1
EGF	SYDE1_S60	1
EGF	TAB1_S423	1
EGF	TAB1_T431	1
EGF	TAF7_S228	1
EGF	TAS2R19_S114	1
EGF	THRAP3_S684	1
EGF	THRAP3_S823	1
EGF	THRAP3_S939	1
EGF	TJP2_S168	1
EGF	TMEM104_S90	1
EGF	TMEM104_S91	1
EGF	TMEM104_S96	1
EGF	TMEM230_Y19	1
EGF	TMEM230_Y29	1
EGF	TNKS1BP1_S1383	1
EGF	TNKS1BP1_S1385	1
EGF	TNKS1BP1_S228	1
EGF	TNKS1BP1_S287	1
EGF	TOM1_S464	1
EGF	TP53BP1_T1056	1
EGF	TPD52L2_S96	1
EGF	TPR_S2155	1
EGF	TRIM37_S771	1
EGF	TRIM47_S588	1
EGF	TSC2_S1798	1
EGF	TTC3_S1923	1
EGF	TTC3_S1935	1
EGF	TTC3_T1938	1
EGF	TXLNG_S105	1
EGF	UBE2J1_S266	1
EGF	UBE2J1_S268	1
EGF	UBE2J1_T267	1
EGF	UBR4_S362	1
EGF	UBR5_S1549	1
EGF	USH2A_S1424	1
EGF	VASP_S239	1
EGF	WBP2_Y192	1
EGF	WBP2_Y231	1
EGF	WIZ_S935	1
EGF	XK_S63	1
EGF	YAP1_T154	1
EGF	YBX1_S102	1
EGF	ZBTB21_S714	1
EGF	ZDHHC5_S338	1
EGF	ZFP91_S82	1
EGF	ZNF503_S98	1
EGF	ZNF512B_S409	1
EGF	ZNF598_Y289	1
EGF	ZNF638_S605	1
EGFR	ABCA1_S2054	1
EGFR	ACTC1_Y55	1
EGFR	AGO2_Y393	1
EGFR	AHCYL1_Y28	1
EGFR	ANXA1_Y21	1
EGFR	AR_Y535	1
EGFR	ASAP3_Y34	1
EGFR	ATM_Y370	1
EGFR	AXL_Y779	1
EGFR	BCAR1_Y327	1
EGFR	BCAR1_Y664	1
EGFR	BCR_Y246	1
EGFR	BECN1_Y229	1
EGFR	BECN1_Y233	1
EGFR	BECN1_Y352	1
EGFR	CA9_Y449	1
EGFR	CALM1_Y100	1
EGFR	CALM2_Y100	1
EGFR	CALM3_Y100	1
EGFR	CASP8_Y380	1
EGFR	CAV1_Y14	1
EGFR	CAV1_Y6	1
EGFR	CBL_Y371	1
EGFR	CBL_Y552	1
EGFR	CBL_Y700	1
EGFR	CBL_Y731	1
EGFR	CBL_Y774	1
EGFR	CCDC50_Y140	1
EGFR	CCDC50_Y217	1
EGFR	CCDC50_Y279	1
EGFR	CCDC50_Y304	1
EGFR	CCDC50_Y393	1
EGFR	CCDC50_Y455	1
EGFR	CCDC50_Y480	1
EGFR	CCDC88A_Y1765	1
EGFR	CCDC88A_Y1799	1
EGFR	CCDC88C_Y1750	1
EGFR	CCDC88C_Y2025	1
EGFR	CD33_Y340	1
EGFR	CD5_Y453	1
EGFR	CDK6_Y13	1
EGFR	CDK6_Y24	1
EGFR	CHEK1_S280	1
EGFR	COPS6_S148	1
EGFR	CRK_Y221	1
EGFR	CRK_Y251	1
EGFR	CTNNB1_Y142	1
EGFR	CTNNB1_Y333	1
EGFR	CTNNB1_Y654	1
EGFR	CTNNB1_Y86	1
EGFR	CTNND1_S879	1
EGFR	CTNND1_Y228	1
EGFR	CTNND1_Y321	1
EGFR	CTNND1_Y334	1
EGFR	CTNND1_Y96	1
EGFR	DAPP1_Y139	1
EGFR	DCBLD2_Y750	1
EGFR	DOCK1_S1250	1
EGFR	DOCK1_Y722	1
EGFR	DOK2_Y402	1
EGFR	EFNB2_Y330	1
EGFR	EHD1_Y453	1
EGFR	EHD4_Y456	1
EGFR	EIF1B_Y30	1
EGFR	EIF2AK2_T451	1
EGFR	EPB41_Y418	1
EGFR	EPB41_Y437	1
EGFR	EPB41_Y660	1
EGFR	EPS15_Y849	1
EGFR	ERBB2_Y1139	1
EGFR	ERBB2_Y1218	1
EGFR	ERBB2_Y1221	1
EGFR	ERBB2_Y1222	1
EGFR	ERBB2_Y1248	1
EGFR	ERBB3_Y1199	1
EGFR	ERBB3_Y1262	1
EGFR	ERBB3_Y1276	1
EGFR	ERBB3_Y1289	1
EGFR	ERBB3_Y1328	1
EGFR	ERRFI1_Y394	1
EGFR	ERRFI1_Y395	1
EGFR	ESR1_Y537	1
EGFR	EZR_Y146	1
EGFR	EZR_Y354	1
EGFR	FCGR2A_Y281	1
EGFR	FGFR1_Y730	1
EGFR	FYB1_Y595	1
EGFR	FYB1_Y651	1
EGFR	GAB1_Y285	1
EGFR	GAB1_Y307	1
EGFR	GAB1_Y317	1
EGFR	GAB1_Y373	1
EGFR	GAB1_Y406	1
EGFR	GAB1_Y447	1
EGFR	GAB1_Y472	1
EGFR	GAB1_Y589	1
EGFR	GAB1_Y619	1
EGFR	GAB1_Y627	1
EGFR	GAB1_Y657	1
EGFR	GAB1_Y659	1
EGFR	GAB1_Y689	1
EGFR	GNAI1_Y154	1
EGFR	GNAI1_Y155	1
EGFR	GNAI1_Y320	1
EGFR	GPNMB_Y525	1
EGFR	GPRC5A_Y317	1
EGFR	GPRC5A_Y320	1
EGFR	GPRC5A_Y347	1
EGFR	GPRC5A_Y350	1
EGFR	GRB2_Y168	1
EGFR	GRB2_Y209	1
EGFR	GRK2_Y13	1
EGFR	GSTP1_Y199	1
EGFR	GSTP1_Y4	1
EGFR	GSTP1_Y8	1
EGFR	HCLS1_Y378	1
EGFR	HCLS1_Y397	1
EGFR	HDAC1_Y72	1
EGFR	HDAC6_Y570	1
EGFR	HGS_Y329	1
EGFR	HGS_Y334	1
EGFR	HIP1_Y152	1
EGFR	IFNAR2_Y411	1
EGFR	IKBKE_Y153	1
EGFR	IKBKE_Y179	1
EGFR	IKBKE_Y45	1
EGFR	INPPL1_Y986	1
EGFR	INSR_Y1185	1
EGFR	IQGAP1_S1443	1
EGFR	IRS1_Y896	1
EGFR	ITSN2_Y553	1
EGFR	JAK2_Y813	1
EGFR	JUP_Y20	1
EGFR	KCND3_Y136	1
EGFR	KCNJ4_Y234	1
EGFR	KCNN1_Y109	1
EGFR	KDR_Y996	1
EGFR	LDHA_Y10	1
EGFR	LPP_Y301	1
EGFR	LRRK1_Y971	1
EGFR	LYN_Y32	1
EGFR	MARVELD2_Y23	1
EGFR	MCM7_Y600	1
EGFR	MFAP3L_Y287	1
EGFR	MUC1_Y1229	1
EGFR	MUC1_Y229	1
EGFR	MUC1_Y238	1
EGFR	MUC1_Y247	1
EGFR	MYL12A_Y155	1
EGFR	MYL9_Y143	1
EGFR	MYL9_Y156	1
EGFR	NCK1_Y105	1
EGFR	NDRG1_T346	1
EGFR	NFE2L2_S40	1
EGFR	NFKBIA_Y305	1
EGFR	NFKBIA_Y42	1
EGFR	NIBAN2_Y593	1
EGFR	PABPC1_Y54	1
EGFR	PAG1_Y317	1
EGFR	PALS2_Y500	1
EGFR	PCNA_Y211	1
EGFR	PDK1_T338	1
EGFR	PDP1_Y381	1
EGFR	PFKP_Y64	1
EGFR	PIP5K1C_Y649	1
EGFR	PKIA_Y8	1
EGFR	PKM_Y148	1
EGFR	PLCG1_Y1253	1
EGFR	PLCG1_Y1254	1
EGFR	PLCG1_Y472	1
EGFR	PLCG1_Y771	1
EGFR	PLCG1_Y775	1
EGFR	PLCG1_Y783	1
EGFR	PLCG2_Y1197	1
EGFR	PLD2_Y179	1
EGFR	PLD2_Y296	1
EGFR	PLEKHA6_Y492	1
EGFR	PPARD_Y108	1
EGFR	PPARG_Y74	1
EGFR	PPP2CA_Y307	1
EGFR	PRKCD_Y313	1
EGFR	PRKCD_Y334	1
EGFR	PRKDC_T2609	1
EGFR	PSMB4_Y102	1
EGFR	PTK2B_Y402	1
EGFR	PTK2_Y194	1
EGFR	PTK2_Y397	1
EGFR	PTK2_Y5	1
EGFR	PTK2_Y576	1
EGFR	PTK6_Y351	1
EGFR	PTPN11_Y546	1
EGFR	PTPN1_Y66	1
EGFR	RASA1_Y283	1
EGFR	RASA1_Y460	1
EGFR	RELA_S536	1
EGFR	RGS16_Y168	1
EGFR	RGS16_Y177	1
EGFR	RMDN3_Y176	1
EGFR	RPS6KA3_Y529	1
EGFR	SCAMP1_Y37	1
EGFR	SCAMP3_Y41	1
EGFR	SCD_Y14	1
EGFR	SCD_Y41	1
EGFR	SCD_Y55	1
EGFR	SHC1_Y194	1
EGFR	SHC1_Y195	1
EGFR	SHC1_Y239	1
EGFR	SHC1_Y240	1
EGFR	SHC1_Y272	1
EGFR	SHC1_Y317	1
EGFR	SHC1_Y349	1
EGFR	SHC1_Y350	1
EGFR	SHC1_Y427	1
EGFR	SHC1_Y428	1
EGFR	SHC3_Y218	1
EGFR	SHC3_Y219	1
EGFR	SHC3_Y256	1
EGFR	SHC3_Y257	1
EGFR	SHC3_Y283	1
EGFR	SHC3_Y301	1
EGFR	SHC3_Y341	1
EGFR	SHC3_Y342	1
EGFR	SHC3_Y379	1
EGFR	SHC3_Y380	1
EGFR	SHC3_Y406	1
EGFR	SHC3_Y424	1
EGFR	SOX2_Y277	1
EGFR	SPRED1_S105	1
EGFR	SPRY2_Y55	1
EGFR	SQSTM1_Y433	1
EGFR	SRC_Y216	1
EGFR	SRC_Y419	1
EGFR	STAM2_Y192	1
EGFR	STAM2_Y374	1
EGFR	STAM_Y381	1
EGFR	STAT1_Y701	1
EGFR	STAT3_Y705	1
EGFR	STAT5B_Y699	1
EGFR	STAT5B_Y725	1
EGFR	STAT5B_Y740	1
EGFR	STAT5B_Y743	1
EGFR	STING1_Y245	1
EGFR	SYK_Y525	1
EGFR	TEK_Y1048	1
EGFR	TLR3_Y858	1
EGFR	TNK2_Y827	1
EGFR	TNK2_Y859	1
EGFR	TRIP13_Y206	1
EGFR	TRIP13_Y56	1
EGFR	TRIP4_Y289	1
EGFR	TRPC4_Y959	1
EGFR	TRPC4_Y972	1
EGFR	USP8_Y717	1
EGFR	USP8_Y810	1
EGFR	VAV1_Y142	1
EGFR	VAV1_Y160	1
EGFR	VAV1_Y174	1
EGFR	VAV2_Y142	1
EGFR	VAV2_Y159	1
EGFR	VAV2_Y172	1
EGFR	ZFYVE16_Y515	1
EGFR	ZNRF1_Y103	1
EI24	CLSPN_T916	1
EI24	RELA_S536	1
EIF1	MTOR_S2448	1
EIF2A	STAT1_Y701	1
EIF2AK1	EIF2S1_S49	1
EIF2AK1	EIF2S1_S52	1
EIF2AK1	EIF2S1_S58	1
EIF2AK2	BCL2_S70	1
EIF2AK2	CDK1_Y4	1
EIF2AK2	CHEK2_S516	1
EIF2AK2	EIF2A_S51	1
EIF2AK2	EIF2S1_S49	1
EIF2AK2	EIF2S1_S52	1
EIF2AK2	FOXO1_S256	1
EIF2AK2	IRS1_S312	1
EIF2AK2	KDM4C_S918	1
EIF2AK2	MAPT_S262	1
EIF2AK2	MAPT_S356	1
EIF2AK2	MAPT_S597	1
EIF2AK2	MAPT_S691	1
EIF2AK2	NFKBIA_S32	1
EIF2AK2	NFKBIA_T90	1
EIF2AK2	PLK1_S387	1
EIF2AK2	PPP2R5A_S28	1
EIF2AK2	PRKCD_S130	1
EIF2AK2	PRKCD_T295	1
EIF2AK2	SNCA_S129	1
EIF2AK2	STAT1_S727	1
EIF2AK2	STAT3_S727	1
EIF2AK2	TP53_S392	1
EIF2AK2	TRIM28_S473	1
EIF2AK3	CREB1_S129	1
EIF2AK3	EIF2A_S265	1
EIF2AK3	EIF2A_S51	1
EIF2AK3	EIF2S1_S49	1
EIF2AK3	EIF2S1_S52	1
EIF2AK3	HNRNPA1_T51	1
EIF2AK3	NFE2L2_S40	1
EIF2AK3	NFE2L2_T80	1
EIF2AK4	ATP5F1A_S52	1
EIF2AK4	EIF2A_S265	1
EIF2AK4	EIF2S1_S52	1
EIF2AK4	MARS1_S229	1
EIF2AK4	MARS1_S472	1
EIF2AK4	MARS1_S662	1
EIF2S1	EIF2AK2_T451	1
EIF2S1	IRS1_S312	1
EIF4EBP1	GSK3B_S21	1
EIF4EBP1	MTOR_S2448	1
EIF4EBP1	MTOR_S2481	1
EIF4EBP1	RPS6KB1_S40	1
EIF4EBP1	RPS6KB1_S447	1
EIF4EBP1	RPS6KB1_T412	1
EIF4EBP1	RPS6KB1_T444	1
EIF4EBP1	RPS6_S240	1
EIF4EBP1	RPS6_S244	1
EIF4EBP1	RPS6_S6	1
ELANE	ATR_S428	1
ELANE	CDC25C_S216	1
ELANE	STK11_S428	1
ELF3	EGFR_T693	1
ELF3	RPS6KB1_S394	1
ELK1	PXN_Y118	1
ELN	H2AX_Y143	1
ELOC	H1-1_S183	1
ELP1	PIK3C3_T159	1
EMD	FOXO3_T32	1
EMP2	PTK2_Y861	1
ENAH	CTTN_Y421	1
ENTREP3	WWOX_Y33	1
EP300	ETV1_S191	1
EP300	PKM_S37	1
EP300	TP73_Y99	1
EPHA1	EPHB1_Y928	1
EPHA1	EPHB2_Y596	1
EPHA1	EPHB3_Y614	1
EPHA1	GJB1_Y243	1
EPHA1	SRC_Y419	1
EPHA2	CLDN4_Y208	1
EPHA2	PDPK1_S241	1
EPHA2	YES1_Y426	1
EPHA3	AR_Y535	1
EPHA3	AR_Y552	1
EPHA3	PAK1_Y153	1
EPHA3	SRSF10_Y136	1
EPHA3	SRSF10_Y142	1
EPHA3	SRSF1_Y202	1
EPHA3	SRSF1_Y226	1
EPHA3	SRSF1_Y237	1
EPHA3	STAT3_Y705	1
EPHA3	ZAP70_Y292	1
EPHA3	ZYX_Y172	1
EPHA4	PTK2_Y861	1
EPHB1	CASKIN1_Y296	1
EPHB1	CASKIN1_Y336	1
EPHB1	GJB1_Y243	1
EPHB1	NFATC4_Y234	1
EPHB1	NRCAM_Y1276	1
EPHB1	PXN_Y118	1
EPHB1	PXN_Y31	1
EPHB2	ARHGEF15_Y353	1
EPHB2	EFNB1_Y317	1
EPHB2	EFNB2_Y304	1
EPHB2	GRIN2B_Y1474	1
EPHB2	L1CAM_Y1229	1
EPHB2	NRCAM_Y1276	1
EPHB2	RRAS_Y66	1
EPHB2	SDC2_Y191	1
EPHB2	SDC2_Y200	1
EPHB2	SRC_Y419	1
EPHB2	TAGAP_Y310	1
EPHB2	TIAM1_Y829	1
EPHB3	CDKN1B_T187	1
EPHB3	HNRNPK_Y236	1
EPHB4	SDC3_Y409	1
EPHB4	SDC3_Y419	1
EPHB4	SDC3_Y431	1
EPM2A	GSK3B_S9	-1
EPO	BTK_Y223	1
EPO	ERBB2_Y1248	1
EPO	GATA1_S26	1
EPO	NOS3_S1177	1
EPO	RAF1_S338	1
EPO	RAF1_Y341	1
EPO	STAT3_S727	1
EPO	STAT3_Y705	1
EPOR	STAT5A_Y694	1
EPS8	CDH5_S665	1
ERBB2	BBC3_Y152	1
ERBB2	BBC3_Y172	1
ERBB2	BBC3_Y58	1
ERBB2	CDK1_Y15	1
ERBB2	CTNNB1_Y654	1
ERBB2	DLG4_Y240	1
ERBB2	DOCK6_S1194	1
ERBB2	DOCK7_Y1257	1
ERBB2	EGFR_Y1069	1
ERBB2	EGFR_Y1092	1
ERBB2	EGFR_Y1197	1
ERBB2	EIF2S1_S52	1
ERBB2	EMD_Y167	1
ERBB2	EMD_Y59	1
ERBB2	EMD_Y74	1
ERBB2	EMD_Y95	1
ERBB2	EPB41_Y660	1
ERBB2	ERBB3_Y1199	1
ERBB2	ERBB3_Y1289	1
ERBB2	FYB1_Y595	1
ERBB2	IRS2_Y628	1
ERBB2	LDHA_Y10	1
ERBB2	NF2_S518	1
ERBB2	NTRK1_Y791	1
ERBB2	PLXNB1_Y1708	1
ERBB2	PLXNB1_Y1732	1
ERBB2	PTK2_Y397	1
ERBB2	PTK2_Y861	1
ERBB2	PTPRE_Y696	1
ERBB2	RELA_S536	1
ERBB2	RMDN3_Y176	1
ERBB2	SEC24B_Y117	1
ERBB2	SMAD3_S208	1
ERBB2	SRC_Y216	1
ERBB2	TOM1L1_S321	1
ERBB2	TSC2_Y1571	1
ERBB3	AKT1_S473	1
ERBB3	AKT1_T308	1
ERBB3	ANXA1_Y21	1
ERBB3	MYC_S62	1
ERBB3	NF2_S518	1
ERBB3	TWF1_Y309	1
ERBB3	ZNF24_Y335	1
ERBB4	EGFR_Y1197	1
ERBB4	GAST_Y87	1
ERBB4	MDM2_S166	1
ERBB4	MDM2_S186	1
ERBB4	MYC_S62	1
ERBB4	STAT5A_S780	1
ERBB4	STAT5A_Y694	1
ERBB4	TXNRD1_Y131	1
ERCC2	AR_S516	1
ERCC2	E2F1_S403	1
ERCC2	ESR1_S118	1
ERCC2	NR5A1_S203	1
ERCC2	POLR2A_S1619	1
ERCC2	POLR2A_S1626	1
ERCC2	POLR2A_S1647	1
ERCC2	POLR2A_S1654	1
ERCC2	POLR2A_S1668	1
ERCC2	POLR2A_S1675	1
ERCC2	POLR2A_S1696	1
ERCC2	POLR2A_S1717	1
ERCC2	POLR2A_S1724	1
ERCC2	POLR2A_S1738	1
ERCC2	POLR2A_S1766	1
ERCC2	POLR2A_S1787	1
ERCC2	POLR2A_S1864	1
ERCC2	POLR2A_S1871	1
ERCC2	POLR2A_S1882	1
ERCC2	POLR2A_S1892	1
ERCC2	POLR2A_S1899	1
ERCC2	POLR2A_S1913	1
ERCC2	POLR2A_S1920	1
ERCC2	POLR2A_S1927	1
ERCC2	POLR2A_S1934	1
ERCC2	POLR2A_S1944	1
ERCC2	POLR2A_S1951	1
ERCC2	RARA_S77	1
ERCC3	AR_S516	1
ERCC3	E2F1_S403	1
ERCC3	ESR1_S118	1
ERCC3	NR5A1_S203	1
ERCC3	POLR2A_S1619	1
ERCC3	POLR2A_S1626	1
ERCC3	POLR2A_S1647	1
ERCC3	POLR2A_S1654	1
ERCC3	POLR2A_S1668	1
ERCC3	POLR2A_S1675	1
ERCC3	POLR2A_S1696	1
ERCC3	POLR2A_S1717	1
ERCC3	POLR2A_S1724	1
ERCC3	POLR2A_S1738	1
ERCC3	POLR2A_S1766	1
ERCC3	POLR2A_S1787	1
ERCC3	POLR2A_S1864	1
ERCC3	POLR2A_S1871	1
ERCC3	POLR2A_S1882	1
ERCC3	POLR2A_S1892	1
ERCC3	POLR2A_S1899	1
ERCC3	POLR2A_S1913	1
ERCC3	POLR2A_S1920	1
ERCC3	POLR2A_S1927	1
ERCC3	POLR2A_S1934	1
ERCC3	POLR2A_S1944	1
ERCC3	POLR2A_S1951	1
ERCC3	RARA_S77	1
ERG	RELA_S536	1
ERG	YAP1_S127	1
ERGIC3	AKT1_S473	1
ERGIC3	AKT1_T308	1
ERN1	BCL2_T69	1
ERN1	CDKN1A_S146	1
ERN1	EMSY_S209	1
ERN1	FOS_S362	1
ERN1	MAP3K5_T838	1
ERN1	MAPK8_T183	1
ERN1	MAPK8_Y185	1
ERN1	NOS3_S1179	1
ERN1	POU5F1_T235	1
ERN1	RELA_S276	1
ESR1	BIK_T33	1
ESR1	EIF2AK3_T982	1
ESR1	EIF2S1_S52	1
ESR1	HSPB1_S15	1
ESR1	IRF3_S386	1
ESR1	LIPE_S660	1
ESR1	MSN_T558	1
ESR1	NFE2L2_T80	1
ESR1	SLC39A7_S275	1
ESR1	SLC39A7_S276	1
ESR1	STIM1_Y361	1
ESR1	TBK1_S172	1
ETAA1	CHEK1_S317	1
ETS2	H2AX_S140	1
ETV1	ETV5_S367	1
ETV7	RPA2_S8	1
EVPL	CDKN1B_S10	1
EXOSC10	CDKN1B_S10	1
EXOSC10	CDKN1B_T198	1
EYA1	H2AX_Y143	-1
EYA2	H2AX_Y143	1
EYA3	H2AX_Y143	-1
EYA4	H2AX_Y143	1
EZH2	BRCA1_S1423	1
F11R	MAPK1_T185	1
F11R	MAPK1_Y187	1
F11R	MAPK3_T202	1
F11R	MAPK3_Y204	1
F2	AKT1_S473	1
F2	AKT1_T308	1
F2	CDH5_Y658	1
F2	CDH5_Y731	1
F2	CEBPB_T235	1
F2	CTTN_Y446	1
F2	GSK3B_S9	1
F2	HSPB1_S78	1
F2	HSPB1_S82	1
F2	MSN_T558	1
F2	MTOR_S2448	1
F2	NFKBIA_S32	1
F2	NOS3_S1179	1
F2	NOS3_T495	1
F2	PAK1_S144	1
F2	PAK1_T423	1
F2	PFN1_S138	1
F2	PPP1R12A_T696	1
F2	PRKCD_Y313	1
F2	PRKD1_S738	1
F2	PRKD1_S742	1
F2	PTK2_Y397	1
F2	PTK2_Y576	1
F2	PTK2_Y925	1
F2	PTPN11_Y546	1
F2	RGS18_S216	1
F2	RGS18_S218	1
F2	RGS18_S49	1
F2	SNAP23_S161	1
F2	SNAP23_S23	1
F2	SNAP23_T24	1
F2	VASP_S157	1
F2	VASP_S239	1
F2R	CCDC88A_S245	1
F2R	DLG4_S561	1
F2R	GSK3B_S9	1
F2R	MAPT_S579	1
F2R	MAPT_S673	1
F2R	PARD3_S144	1
F2R	PARD3_S873	1
F2R	PDE3A_S312	1
F2R	PDE3A_S438	1
F2R	PDE3A_S492	1
F2R	PPP1R12A_T594	1
F2R	PPP1R12A_T853	1
F2RL1	NOS3_S1179	1
F2RL2	BACE1_S498	1
F2RL3	GSK3B_S9	1
FABP6	BCL2L11_S118	1
FADD	IKBKG_S377	1
FAM20C	AHSG_S330	1
FAM20C	ENAM_S191	1
FAM20C	ENAM_S216	1
FAM20C	ERO1A_S145	1
FAM20C	FGF23_S180	1
FAM20C	FGF23_S207	1
FAM20C	FGF23_S212	1
FAM20C	HRC_S96	1
FAM20C	P4HB_S357	1
FAM20C	PCSK7_S505	1
FAM20C	PCSK9_S47	1
FAM20C	VWF_S1517	1
FAM20C	VWF_S1613	1
FARP2	NOS3_S1179	1
FAS	FADD_S194	1
FASN	PXN_Y118	1
FASTK	CBL_S675	1
FASTK	PITX1_T53	1
FASTK	SF1_S214	1
FBH1	RPA2_S4	1
FBH1	RPA2_S8	1
FBP1	H2AX_S140	1
FBXO21	IRF3_S396	1
FBXW7	CRY2_T300	1
FBXW7	SHOC2_T507	1
FCGR3A	LCK_Y394	1
FCN3	PRKCD_Y313	1
FDFT1	NOS3_T495	1
FDFT1	PTK2_Y576	1
FDFT1	SLC4A3_S67	1
FER	AR_Y225	1
FER	BCR_Y177	1
FER	BCR_Y246	1
FER	BCR_Y276	1
FER	BCR_Y279	1
FER	BCR_Y283	1
FER	CD79A_Y188	1
FER	CD79A_Y210	1
FER	CD79B_Y196	1
FER	CD79B_Y207	1
FER	CRMP1_Y479	1
FER	CRMP1_Y499	1
FER	CTNNB1_Y142	1
FER	CTTN_Y384	1
FER	CTTN_Y421	1
FER	CTTN_Y466	1
FER	CTTN_Y470	1
FER	DPYSL2_Y479	1
FER	DPYSL2_Y499	1
FER	DPYSL3_Y479	1
FER	DPYSL3_Y499	1
FER	EZR_Y146	1
FER	EZR_Y354	1
FER	EZR_Y478	1
FER	GAB1_Y627	1
FER	JUP_Y550	1
FER	MET_Y1349	1
FER	NSF_Y83	1
FER	PECAM1_Y690	1
FER	PECAM1_Y713	1
FER	PRKCD_Y374	1
FER	PTK2_Y861	1
FER	PTPN1_Y152	1
FER	STAT3_Y705	1
FER	STAT5A_Y694	1
FERMT2	YAP1_S127	1
FES	BCR_Y177	1
FES	BCR_Y246	1
FES	BCR_Y276	1
FES	BCR_Y279	1
FES	BCR_Y283	1
FES	DPYSL2_Y32	1
FES	FYN_Y365	1
FES	FYN_Y417	1
FES	FYN_Y420	1
FES	NSF_Y83	1
FES	PECAM1_Y690	1
FES	PECAM1_Y713	1
FFAR2	PRKCE_S729	1
FFAR2	PRKCE_T566	1
FGF1	STAT3_S727	1
FGF10	CDK2_Y15	1
FGF19	EIF4B_S422	1
FGF19	MAPK1_Y205	1
FGF19	MAPK3_T202	1
FGF19	MAPK3_Y204	1
FGF19	NR0B2_S26	1
FGF19	NR0B2_T55	1
FGF2	AKT1_S473	1
FGF2	BAD_S75	1
FGF2	CDKN1B_S10	1
FGF2	FGFR2_S780	1
FGF2	GJA1_S262	1
FGF2	GJA1_S368	1
FGF2	GSK3B_Y216	1
FGF2	HNRNPA1_S4	1
FGF2	MAPK1_T185	1
FGF2	MAPK1_Y187	1
FGF2	MAPK3_T202	1
FGF2	MAPK3_Y204	1
FGF2	MAPT_S519	1
FGF2	PAK2_T402	1
FGF2	PLCB3_S1105	1
FGF2	PLCB3_S537	1
FGF2	PLCG1_Y783	1
FGF2	RAF1_S338	1
FGF2	RUNX2_S247	1
FGF2	STAT3_S727	1
FGF2	STAT3_Y705	1
FGF2	STK11_S428	1
FGF21	AKT1_S473	1
FGF7	CDK2_Y15	1
FGF7	ESR1_S118	1
FGF7	ESR1_S167	1
FGF7	IRS4_Y921	1
FGF7	NFE2L2_S40	1
FGF7	PGR_S294	1
FGFR1	ACAT1_Y407	1
FGFR1	AMOTL2_Y107	1
FGFR1	BCAR1_Y128	1
FGFR1	BCAR1_Y165	1
FGFR1	BCAR1_Y174	1
FGFR1	BCAR1_Y224	1
FGFR1	BCAR1_Y249	1
FGFR1	BCAR1_Y267	1
FGFR1	BCAR1_Y287	1
FGFR1	BCAR1_Y295	1
FGFR1	BCAR1_Y306	1
FGFR1	BCAR1_Y327	1
FGFR1	BCAR1_Y352	1
FGFR1	BCAR1_Y362	1
FGFR1	BCAR1_Y372	1
FGFR1	BCAR1_Y373	1
FGFR1	BCAR1_Y387	1
FGFR1	BCAR1_Y410	1
FGFR1	BCAR1_Y456	1
FGFR1	CTTN_Y409	1
FGFR1	CTTN_Y433	1
FGFR1	CTTN_Y446	1
FGFR1	CTTN_Y501	1
FGFR1	FGFR2_Y769	1
FGFR1	FGFR3_Y599	1
FGFR1	FRS2_Y196	1
FGFR1	FRS2_Y306	1
FGFR1	FRS2_Y349	1
FGFR1	FRS2_Y392	1
FGFR1	FRS2_Y436	1
FGFR1	HCLS1_Y360	1
FGFR1	HCLS1_Y397	1
FGFR1	IDH1_Y42	1
FGFR1	ITGB4_Y1564	1
FGFR1	LDHA_Y10	1
FGFR1	LDHA_Y112	1
FGFR1	LDHA_Y39	1
FGFR1	LDHA_Y83	1
FGFR1	LSR_Y615	1
FGFR1	LSR_Y616	1
FGFR1	PDHA1_Y301	1
FGFR1	PDK1_Y136	1
FGFR1	PDK1_Y243	1
FGFR1	PDK1_Y244	1
FGFR1	PDP1_Y381	1
FGFR1	PDP1_Y94	1
FGFR1	PGAM1_Y26	1
FGFR1	PKM_Y105	1
FGFR1	PLCG1_Y1253	1
FGFR1	PLCG1_Y1254	1
FGFR1	PLCG1_Y472	1
FGFR1	PLCG1_Y771	1
FGFR1	PLCG1_Y783	1
FGFR1	RPS6KA3_Y488	1
FGFR1	RPS6KA3_Y707	1
FGFR1	SH2D2A_Y305	1
FGFR1	STAT3_Y705	1
FGFR1	SYNCRIP_Y373	1
FGFR1	ZMYM2_Y502	1
FGFR1	ZMYM2_Y557	1
FGFR1	ZMYM2_Y595	1
FGFR1	ZMYM2_Y605	1
FGFR1	ZMYM2_Y680	1
FGFR1	ZMYM2_Y683	1
FGFR1	ZMYM2_Y729	1
FGFR2	CBL_Y455	1
FGFR2	CBL_Y674	1
FGFR2	CRK_Y136	1
FGFR2	CRK_Y221	1
FGFR2	CTNNB1_Y142	1
FGFR2	CTTN_Y384	1
FGFR2	CTTN_Y416	1
FGFR2	CTTN_Y433	1
FGFR2	ESR1_S167	1
FGFR2	GRB2_Y160	1
FGFR2	GRB2_Y209	1
FGFR2	PGR_S294	1
FGFR2	PKM_Y390	1
FGFR2	PLCG1_Y1253	1
FGFR2	PLCG1_Y1254	1
FGFR2	PLCG1_Y771	1
FGFR2	PLCG1_Y783	1
FGFR2	PTEN_Y240	1
FGFR2	PTPN11_Y546	1
FGFR2	RPS6KA3_Y488	1
FGFR2	SDCBP_Y4	1
FGFR2	TCF3_Y382	1
FGFR3	CILK1_Y15	1
FGFR3	CTNNB1_Y142	1
FGFR3	DYRK1A_Y145	1
FGFR3	NOS3_S1177	1
FGFR3	PLCG1_Y1253	1
FGFR3	PLCG1_Y1254	1
FGFR3	PLCG1_Y771	1
FGFR3	PLCG1_Y783	1
FGFR3	PTEN_Y240	1
FGFR3	PTK2_Y576	1
FGFR3	RPS6KA3_Y488	1
FGFR3	RPS6KA3_Y529	1
FGFR3	RPS6KA3_Y707	1
FGFR3	SPRY2_Y55	1
FGFR3	STAT1_Y701	1
FGFR3	STAT3_Y704	1
FGFR3	STAT3_Y705	1
FGFR3	TET2_Y1902	1
FGFR3	VIM_S56	1
FGFR4	BMX_Y216	1
FGFR4	CTTN_Y141	1
FGFR4	CTTN_Y178	1
FGFR4	CTTN_Y215	1
FGFR4	HCLS1_Y103	1
FGFR4	HCLS1_Y140	1
FGFR4	MAPK8_Y259	1
FGFR4	PLCG1_Y1253	1
FGFR4	PLCG1_Y1254	1
FGFR4	PLCG1_Y771	1
FGFR4	PLCG1_Y783	1
FGFR4	PPP1R13L_Y109	1
FGFR4	RPS6KA3_Y488	1
FGFR4	STAT1_Y701	1
FGFR4	STAT3_Y704	1
FGFR4	STAT3_Y705	1
FGFR4	STK4_Y433	1
FGR	ABL1_Y226	1
FGR	ABL1_Y393	1
FGR	ACO2_Y544	1
FGR	ACO2_Y665	1
FGR	ACO2_Y71	1
FGR	ALOX5_Y43	1
FGR	ALOX5_Y446	1
FGR	ALOX5_Y54	1
FGR	CBL_Y141	1
FGR	CBL_Y674	1
FGR	CBL_Y774	1
FGR	CD247_Y111	1
FGR	CD247_Y123	1
FGR	CD247_Y142	1
FGR	CD247_Y153	1
FGR	CD247_Y72	1
FGR	CD247_Y83	1
FGR	CD3G_Y160	1
FGR	CD3G_Y171	1
FGR	CSNK2A1_S194	1
FGR	CSNK2A1_S2	1
FGR	CSNK2A1_Y119	1
FGR	CSNK2A1_Y255	1
FGR	CTTN_Y433	1
FGR	DAPP1_Y139	1
FGR	DOK1_Y449	1
FGR	EGFR_Y1016	1
FGR	EGFR_Y1069	1
FGR	EGFR_Y1092	1
FGR	EGFR_Y1110	1
FGR	EGFR_Y1172	1
FGR	EGFR_Y1197	1
FGR	FCGR2A_Y288	1
FGR	FCGR2A_Y304	1
FGR	HCLS1_Y222	1
FGR	HCLS1_Y360	1
FGR	HCLS1_Y397	1
FGR	HNRNPK_Y380	1
FGR	IKBKG_Y374	1
FGR	MAPK14_T180	1
FGR	MAPK14_Y182	1
FGR	NFE2L2_Y576	1
FGR	NGEF_Y179	1
FGR	PLD2_Y165	1
FGR	PLD2_Y470	1
FGR	PRKCD_Y313	1
FGR	PTK2_Y397	1
FGR	PTK2_Y576	1
FGR	PTK2_Y925	1
FGR	RIPK2_Y474	1
FGR	SDHA_Y543	1
FGR	SDHA_Y604	1
FGR	SNCA_S129	1
FGR	SNCA_Y125	1
FGR	SRC_Y419	1
FGR	SRC_Y530	1
FGR	STAT3_Y705	1
FGR	TBK1_Y354	1
FGR	TBK1_Y394	1
FGR	VASP_S157	1
FHL1	CDC25A_S178	1
FKBP4	PPARG_S112	1
FLI1	EPHA2_S897	1
FLNA	CDH5_Y731	1
FLT1	KDR_Y1175	1
FLT1	KDR_Y1214	1
FLT1	KDR_Y951	1
FLT1	NOS3_S1177	1
FLT1	PTK2_Y194	1
FLT1	PTK2_Y397	1
FLT1	SHC1_Y349	1
FLT1	SHC1_Y427	1
FLT3	ACAT1_Y407	1
FLT3	CDKN1B_Y88	1
FLT3	CHEK1_S280	1
FLT3	CTNNB1_Y654	1
FLT3	IDH1_Y391	1
FLT3	IDH1_Y42	1
FLT3	IDH2_Y107	1
FLT3	PDGFRB_Y751	1
FLT3	PDGFRB_Y857	1
FLT3	PDHA1_Y301	1
FLT3	PDK1_Y243	1
FLT3	RASA1_Y460	1
FLT3	SH2B1_Y439	1
FLT3	SHC1_Y239	1
FLT3	SHC1_Y240	1
FLT3	SHC1_Y318	1
FLT3	SHC1_Y349	1
FLT3	SHC1_Y350	1
FLT3	SHC1_Y427	1
FLT3	SHC1_Y428	1
FLT3	SIRT3_Y226	1
FLT3	STAT5A_Y694	1
FLT4	CAV1_Y14	1
FLT4	FLT1_Y1169	1
FLT4	FLT1_Y1213	1
FLT4	FLT1_Y1333	1
FLT4	FLT1_Y794	1
FLT4	KDR_Y1214	1
FLT4	KDR_Y951	1
FLT4	RPS6KA3_Y707	1
FLT4	SHC1_Y239	1
FLT4	SHC1_Y240	1
FLT4	SHC1_Y349	1
FLT4	SHC1_Y350	1
FLT4	SHC1_Y427	1
FLT4	SHC1_Y428	1
FMR1	BRCA1_S1423	1
FN1	FOS_S32	1
FN1	FSCN1_S39	1
FN1	H2AX_S140	1
FN1	JUN_S63	1
FN1	JUN_S73	1
FN1	PTK2B_Y402	1
FN1	PTK2_Y397	1
FN1	PTK2_Y861	1
FN1	PTK2_Y925	1
FN1	PXN_Y118	1
FN1	VAV1_Y160	1
FN1	YBX1_S102	1
FNDC5	NOS3_S1177	1
FOXC1	RELA_S547	1
FOXH1	MTOR_S2448	1
FOXH1	PTK2B_Y402	1
FOXH1	RELA_S536	1
FOXH1	WAS_Y291	1
FOXO3	SHC1_S36	1
FPR1	VASP_S239	1
FPR1	VIM_S56	1
FRK	BRCA1_Y1552	1
FRK	CBL_Y141	1
FRK	CBL_Y774	1
FRK	EGFR_Y1197	1
FRK	GTF2I_Y248	1
FRK	PPP1R8_Y335	1
FRK	PTEN_Y336	1
FRY	PLK1_T210	1
FSTL1	BCL2L11_S69	1
FSTL1	BCL2L11_S77	1
FTO	STAT3_S727	1
FXYD1	PMAIP1_S13	1
FYN	AATK_Y73	1
FYN	AATK_Y93	1
FYN	ABL1_Y115	1
FYN	ABL1_Y128	1
FYN	ABL1_Y134	1
FYN	ABL1_Y139	1
FYN	ABL1_Y147	1
FYN	ABL1_Y158	1
FYN	ABL1_Y172	1
FYN	ABL1_Y185	1
FYN	ABL1_Y191	1
FYN	ABL1_Y204	1
FYN	ABL1_Y215	1
FYN	ABL1_Y226	1
FYN	ABL1_Y234	1
FYN	ABL1_Y245	1
FYN	ABL1_Y393	1
FYN	ABL1_Y412	1
FYN	ABL1_Y70	1
FYN	ABL1_Y89	1
FYN	ACP1_Y132	1
FYN	ACP1_Y133	1
FYN	ADD2_Y489	1
FYN	AGAP2_Y1038	1
FYN	AGAP2_Y1130	1
FYN	AGAP2_Y682	1
FYN	AGAP2_Y774	1
FYN	APP_Y757	1
FYN	ARHGAP33_Y406	1
FYN	ARHGAP35_Y1105	1
FYN	ASAP3_Y733	1
FYN	BCR_Y177	1
FYN	BSG_Y140	1
FYN	BSG_Y183	1
FYN	CAV1_Y14	1
FYN	CAV1_Y42	1
FYN	CBL_Y700	1
FYN	CBL_Y731	1
FYN	CBL_Y774	1
FYN	CD226_Y322	1
FYN	CD247_Y111	1
FYN	CD247_Y122	1
FYN	CD247_Y123	1
FYN	CD247_Y142	1
FYN	CD247_Y153	1
FYN	CD247_Y72	1
FYN	CD247_Y83	1
FYN	CD28_Y191	1
FYN	CD300LB_Y188	1
FYN	CD300LF_Y236	1
FYN	CD300LF_Y263	1
FYN	CD3E_Y188	1
FYN	CD3E_Y199	1
FYN	CD3G_Y160	1
FYN	CD3G_Y171	1
FYN	CD5_Y453	1
FYN	CD5_Y487	1
FYN	CD79A_Y161	1
FYN	CD79A_Y182	1
FYN	CD79A_Y188	1
FYN	CD79A_Y199	1
FYN	CD79A_Y210	1
FYN	CD79B_Y103	1
FYN	CD79B_Y196	1
FYN	CD79B_Y197	1
FYN	CD79B_Y207	1
FYN	CD79B_Y208	1
FYN	CD79B_Y92	1
FYN	CDK2_Y15	1
FYN	CDK5_Y15	1
FYN	CDK6_Y24	1
FYN	CFAP298_Y264	1
FYN	CHN2_Y21	1
FYN	CLIC5_Y33	1
FYN	CNN1_Y182	1
FYN	CNN1_Y261	1
FYN	CNN3_Y261	1
FYN	CRMP1_Y504	1
FYN	CRMP1_Y618	1
FYN	CTLA4_Y201	1
FYN	CTLA4_Y218	1
FYN	CTNNB1_Y142	1
FYN	CTNND1_Y112	1
FYN	CTNND1_Y217	1
FYN	CTNND1_Y228	1
FYN	CTNND1_Y96	1
FYN	CTTN_Y384	1
FYN	CTTN_Y421	1
FYN	CTTN_Y433	1
FYN	CTTN_Y446	1
FYN	CTTN_Y453	1
FYN	CTTN_Y470	1
FYN	CTTN_Y486	1
FYN	CYTH1_Y382	1
FYN	DAB1_Y198	1
FYN	DAB1_Y220	1
FYN	DAB1_Y232	1
FYN	DAPP1_Y139	1
FYN	DCBLD2_S618	1
FYN	DCBLD2_S657	1
FYN	DCBLD2_Y565	1
FYN	DCBLD2_Y569	1
FYN	DCBLD2_Y621	1
FYN	DCBLD2_Y649	1
FYN	DCBLD2_Y655	1
FYN	DCBLD2_Y663	1
FYN	DCBLD2_Y666	1
FYN	DCBLD2_Y677	1
FYN	DCBLD2_Y715	1
FYN	DCBLD2_Y732	1
FYN	DCBLD2_Y750	1
FYN	DCC_Y1261	1
FYN	DCC_Y1420	1
FYN	DLG2_Y348	1
FYN	DLG4_Y523	1
FYN	DLG4_Y566	1
FYN	DOCK1_Y722	1
FYN	DOK1_Y449	1
FYN	DPYSL2_Y32	1
FYN	EGFR_Y1016	1
FYN	EGFR_Y1069	1
FYN	EGFR_Y1092	1
FYN	EGFR_Y1110	1
FYN	EGFR_Y1172	1
FYN	EGFR_Y1197	1
FYN	ERBB2_Y877	1
FYN	ERBB3_Y1262	1
FYN	F2R_Y161	1
FYN	FCER1G_Y65	1
FYN	FCER1G_Y76	1
FYN	FCGR2A_Y280	1
FYN	FCGR2A_Y281	1
FYN	FCGR2A_Y287	1
FYN	FCGR2A_Y288	1
FYN	FCGR2A_Y303	1
FYN	FCGR2A_Y304	1
FYN	FCGR2B_Y292	1
FYN	FCGR2C_Y294	1
FYN	FCGR2C_Y310	1
FYN	FGR_Y412	1
FYN	FLOT1_Y160	1
FYN	FLOT2_Y163	1
FYN	FUS_Y526	1
FYN	FYB1_Y559	1
FYN	FYB1_Y569	1
FYN	FYB1_Y571	1
FYN	FYB1_Y581	1
FYN	FYB1_Y595	1
FYN	FYB1_Y605	1
FYN	FYB1_Y625	1
FYN	FYB1_Y651	1
FYN	FYB1_Y697	1
FYN	FYB1_Y707	1
FYN	FYB1_Y755	1
FYN	FYB1_Y757	1
FYN	FYB1_Y771	1
FYN	FYB1_Y780	1
FYN	FYB1_Y811	1
FYN	FYB1_Y813	1
FYN	FYB1_Y827	1
FYN	FYB1_Y836	1
FYN	GAB2_Y452	1
FYN	GAB2_Y476	1
FYN	GAB2_Y584	1
FYN	GAST_Y87	1
FYN	GRB10_Y67	1
FYN	GRB10_Y9	1
FYN	GRIN2A_Y1105	1
FYN	GRIN2A_Y1118	1
FYN	GRIN2A_Y1187	1
FYN	GRIN2A_Y1246	1
FYN	GRIN2A_Y1267	1
FYN	GRIN2A_Y1325	1
FYN	GRIN2A_Y1387	1
FYN	GRIN2A_Y943	1
FYN	GRIN2B_Y1039	1
FYN	GRIN2B_Y1070	1
FYN	GRIN2B_Y1109	1
FYN	GRIN2B_Y1252	1
FYN	GRIN2B_Y1336	1
FYN	GRIN2B_Y1474	1
FYN	GRIN2B_Y932	1
FYN	GRM1_Y937	1
FYN	GSK3B_Y216	1
FYN	GTF2I_Y248	1
FYN	H3-3B_S11	1
FYN	HCLS1_Y360	1
FYN	HCLS1_Y378	1
FYN	HCLS1_Y397	1
FYN	HSPA4_Y336	1
FYN	IFITM3_Y20	1
FYN	IGF1R_Y973	1
FYN	IGF1R_Y980	1
FYN	IKBKG_Y374	1
FYN	IRS1_Y1179	1
FYN	IRS1_Y896	1
FYN	ITCH_Y379	1
FYN	ITCH_Y420	1
FYN	ITPR1_Y338	1
FYN	ITPR1_Y353	1
FYN	JUP_Y133	1
FYN	JUP_Y550	1
FYN	KIRREL1_Y605	1
FYN	KIRREL1_Y606	1
FYN	LAT_Y200	1
FYN	LAT_Y220	1
FYN	LCK_Y505	1
FYN	LPXN_Y22	1
FYN	MAG_Y620	1
FYN	MAP2_Y50	1
FYN	MAP2_Y67	1
FYN	MAP2_Y745	1
FYN	MAPK14_Y323	1
FYN	MAPT_S726	1
FYN	MAPT_S733	1
FYN	MAPT_Y18	1
FYN	MAPT_Y29	1
FYN	MAPT_Y711	1
FYN	MAX_Y123	1
FYN	MED28_Y64	1
FYN	MST1R_Y1238	1
FYN	NFE2L2_Y576	1
FYN	NGEF_Y179	1
FYN	NMT1_Y180	1
FYN	NOX4_Y566	1
FYN	NPHS1_Y1176	1
FYN	NPHS1_Y1193	1
FYN	NPHS1_Y1217	1
FYN	NTRK2_Y706	1
FYN	NTRK2_Y707	1
FYN	PAG1_Y317	1
FYN	PDGFRB_Y1009	1
FYN	PECAM1_Y663	1
FYN	PECAM1_Y690	1
FYN	PECAM1_Y713	1
FYN	PGD_Y481	1
FYN	PIK3R1_Y607	1
FYN	PLCG2_Y1217	1
FYN	PLCG2_Y743	1
FYN	PLCG2_Y753	1
FYN	PLCG2_Y759	1
FYN	PLD2_Y165	1
FYN	PLD2_Y470	1
FYN	PLK1_T210	1
FYN	PLXNA1_Y1608	1
FYN	PLXNA1_Y1679	1
FYN	PLXNA2_Y1605	1
FYN	PLXNA2_Y1677	1
FYN	PRC1_Y464	1
FYN	PRKAA2_Y436	1
FYN	PRKACA_Y70	1
FYN	PRKCD_Y187	1
FYN	PRKCD_Y313	1
FYN	PROM1_Y828	1
FYN	PROM1_Y852	1
FYN	PTGS2_Y446	1
FYN	PTK2B_Y402	1
FYN	PTK2_Y397	1
FYN	PTK2_Y407	1
FYN	PTK2_Y576	1
FYN	PTK2_Y577	1
FYN	PTK2_Y861	1
FYN	PTK2_Y925	1
FYN	PTPN11_Y546	1
FYN	PTPN6_S591	1
FYN	PTPN6_Y536	1
FYN	PTPRF_Y1852	1
FYN	PTPRF_Y1861	1
FYN	PTPRJ_Y1311	1
FYN	PTPRJ_Y1320	1
FYN	PTPRT_Y1030	1
FYN	PTPRT_Y915	1
FYN	PXN_S250	1
FYN	PXN_Y118	1
FYN	RAF1_Y340	1
FYN	RAF1_Y341	1
FYN	RPS6KA3_Y470	1
FYN	RPS6KA3_Y483	1
FYN	RPS6KA3_Y488	1
FYN	RPS6KA3_Y529	1
FYN	RPS6KA3_Y580	1
FYN	RPS6KA3_Y644	1
FYN	RPS6KA3_Y707	1
FYN	RTN4_Y694	1
FYN	SCN5A_Y1494	1
FYN	SCN5A_Y1495	1
FYN	SCN9A_Y1481	1
FYN	SCN9A_Y1482	1
FYN	SHC1_Y318	1
FYN	SHC1_Y349	1
FYN	SHC1_Y350	1
FYN	SHC1_Y427	1
FYN	SHC1_Y428	1
FYN	SIGLEC10_Y667	1
FYN	SKAP1_Y219	1
FYN	SKAP1_Y232	1
FYN	SKAP1_Y271	1
FYN	SKAP1_Y295	1
FYN	SKAP1_Y298	1
FYN	SLAMF1_Y281	1
FYN	SLAMF1_Y307	1
FYN	SLAMF1_Y327	1
FYN	SNCA_S129	1
FYN	SNCA_Y125	1
FYN	SNCA_Y133	1
FYN	STAM2_Y291	1
FYN	STAM2_Y371	1
FYN	STAM2_Y374	1
FYN	STAT3_Y705	1
FYN	STK11_Y261	1
FYN	SYK_Y348	1
FYN	SYK_Y352	1
FYN	TGFB1I1_Y43	1
FYN	TGFB1I1_Y60	1
FYN	TIGIT_Y225	1
FYN	TNK2_Y284	1
FYN	TOM1L1_Y460	1
FYN	TP53_S33	1
FYN	TRPC4_Y959	1
FYN	TXK_Y420	1
FYN	TXNRD1_Y161	1
FYN	TYK2_Y1054	1
FYN	VAV1_Y142	1
FYN	VAV1_Y160	1
FYN	VAV1_Y174	1
FYN	VAV2_Y159	1
FYN	VIPAS39_Y11	1
FYN	WASL_Y256	1
FYN	WAS_Y291	1
FYN	WWP2_Y392	1
FYN	ZAP70_Y319	1
FYN	ZDHHC5_Y533	1
G3BP1	LCK_Y505	1
G3BP2	LRP6_S1490	1
GAB1	IRS1_S616	1
GAB1	MET_Y1349	1
GAB2	AKT1_S473	1
GABARAPL1	ULK1_S556	1
GADD45A	STAT3_S727	1
GADD45B	MAP2K3_S218	1
GADD45B	MAP2K3_T222	1
GADD45B	MAP2K6_S207	1
GADD45B	MAP2K6_T211	1
GADD45G	MAP2K3_S218	1
GADD45G	MAP2K3_T222	1
GADD45G	MAP2K6_S207	1
GADD45G	MAP2K6_T211	1
GADD45GIP1	NFE2L2_S40	1
GAK	ATP1A3_T705	1
GAK	CLTC_T606	1
GAK	SIPA1L1_T249	1
GAK	TP63_T281	1
GAK	TP63_T46	1
GAS6	AR_Y269	1
GAS6	AR_Y535	1
GAS6	AXL_Y702	1
GAS6	AXL_Y779	1
GAS6	STAT1_Y701	1
GAST	PXN_Y118	1
GAST	PXN_Y31	1
GAST	RPTOR_S792	1
GAST	SIK1_T182	1
GAST	SLC9A3_S555	1
GAST	STK11_S428	1
GBA1	CTNNB1_S552	1
GBA1	NR3C1_S211	1
GC	CTNNB1_S552	1
GC	NR3C1_S211	1
GCG	BAD_S118	1
GCG	BAD_S75	1
GCG	CTNNB1_S675	1
GCG	GRIA1_S863	1
GCG	MLXIPL_S196	1
GCG	MTOR_S2448	1
GCG	NOS3_S1177	1
GCG	PHLPP2_S1119	1
GCG	PHLPP2_S1210	1
GCG	RAF1_S259	1
GCG	RAF1_S338	1
GCG	RPS6_S240	1
GCG	RPS6_S244	1
GCG	SIK2_S343	1
GCG	SIK2_S358	1
GCG	SIK2_S587	1
GCG	SIK2_T484	1
GCG	STK11_S428	1
GCG	SYT7_S103	1
GDF15	EGFR_Y869	1
GDF15	PTK2_Y861	1
GDNF	CDH2_Y860	1
GDNF	CTNNB1_Y654	1
GDNF	RET_Y1015	1
GDNF	RET_Y1062	1
GDNF	TH_S40	1
GDNF	TH_S62	1
GEM	DCK_S74	1
GEM	JUN_S73	1
GFER	YAP1_S127	1
GH1	ACLY_S455	1
GH1	AKT1S1_S183	1
GH1	AKT1S1_T246	1
GH1	CEBPB_T235	1
GH1	EGFR_Y1016	1
GH1	EGFR_Y1092	1
GH1	EGFR_Y869	1
GH1	JAK2_S523	1
GH1	RPTOR_S863	1
GH1	SLC9A1_S703	1
GH1	STAT5B_S731	1
GHRH	PLN_S16	1
GHRL	EIF4EBP1_T70	1
GHRL	FOXO3_S318	1
GHRL	FOXO3_T32	1
GHRL	MTOR_S2448	1
GHRL	PTPN6_Y536	1
GHRL	TBC1D4_T642	1
GHSR	GRIN1_S896	1
GIT1	PTK2_Y861	1
GIT2	PXN_Y118	1
GKN2	AXL_Y779	1
GKN2	CDK2_Y15	1
GKN2	CHEK2_T68	1
GKN2	CRYAB_S59	1
GKN2	CTNNB1_S552	1
GKN2	EEF2_T57	1
GKN2	GSK3B_S9	1
GKN2	HSPB1_S78	1
GKN2	IRS1_S307	1
GKN2	IRS1_S312	1
GKN2	IRS1_Y896	1
GKN2	NOS3_S1177	1
GKN2	PTPN6_Y564	1
GKN2	RAF1_S259	1
GKN2	RAF1_S338	1
GKN2	SRC_Y419	1
GKN2	STAT3_Y705	1
GLO1	NOS3_T495	1
GLP1R	BAD_S75	1
GLP1R	CTNNB1_S675	1
GLP1R	FOXO1_S256	1
GMNN	CHEK2_T68	1
GNA11	MAPK14_T180	1
GNA11	MAPK14_Y182	1
GNA14	MAPK14_T180	1
GNA14	MAPK14_Y182	1
GNA15	MAPK14_T180	1
GNA15	MAPK14_Y182	1
GNAI2	BLK_Y389	1
GNAI2	FGR_Y412	1
GNAI2	FYN_Y420	1
GNAI2	HCK_Y411	1
GNAI2	LCK_Y394	1
GNAI2	LYN_Y397	1
GNAI2	SRC_Y419	1
GNAI2	YES1_Y426	1
GNAQ	MAPK14_T180	1
GNAQ	MAPK14_Y182	1
GNRH1	SYN1_S605	1
GOLGA2	AURKA_T288	1
GOLM1	MFF_S172	1
GOLPH3	RPS6KB1_T412	1
GP6	PLCG2_Y753	1
GP6	PLCG2_Y759	1
GPAT3	RPS6KB1_T412	1
GPD1L	SCN5A_S1503	1
GPER1	NOS3_S1179	1
GPI	HDAC1_S421	1
GPI	HSPB1_S82	1
GPI	LEF1_T155	1
GPI	MAP2K1_T292	1
GPI	MAPT_S400	1
GPI	MAPT_S519	1
GPI	RHOA_S188	1
GPI	SETDB1_T976	1
GPSM2	NUMA1_Y1774	1
GRAP2	FOXO3_S7	1
GRB10	AKT1_S473	1
GRB10	AKT1_T308	1
GRB10	AKT1_Y474	1
GRB14	RET_Y905	1
GRB2	LAT_Y255	1
GRB2	PTK2_Y925	1
GRB2	PTPN11_Y584	1
GRB2	RAF1_S259	1
GRIA1	GRIA2_S880	1
GRIA1	PPP1R1B_T34	1
GRIA2	GRIA1_S880	1
GRIN1	GRIN2A_S1291	1
GRIN1	GRIN2A_S1312	1
GRIN1	GRIN2A_Y1325	1
GRIN2A	MAPT_S516	1
GRK1	ADRB2_S355	1
GRK1	ADRB2_S356	1
GRK1	BDKRB2_S366	1
GRK1	BDKRB2_S373	1
GRK1	BDKRB2_S375	1
GRK1	CCR5_S336	1
GRK1	CCR5_S337	1
GRK1	CCR5_S342	1
GRK1	CCR5_S349	1
GRK1	CHRM2_S232	1
GRK1	CHRM2_S234	1
GRK1	CHRM2_S250	1
GRK1	CHRM2_S251	1
GRK1	CHRM2_S282	1
GRK1	CHRM2_S283	1
GRK1	CHRM2_S286	1
GRK1	CHRM2_S288	1
GRK1	CHRM2_S290	1
GRK1	CHRM2_S294	1
GRK1	CHRM2_S309	1
GRK1	CHRM2_S311	1
GRK1	CHRM2_T271	1
GRK1	CHRM2_T287	1
GRK1	CHRM2_T302	1
GRK1	CHRM2_T307	1
GRK1	CHRM2_T310	1
GRK1	CNR2_S352	1
GRK1	FFAR4_S366	1
GRK1	FFAR4_S373	1
GRK1	FFAR4_T363	1
GRK1	MAPKAPK2_T25	1
GRK1	MAPKAPK2_T334	1
GRK1	MC4R_S329	1
GRK1	MC4R_S330	1
GRK1	MC4R_T312	1
GRK1	OPRK1_S358	1
GRK1	RHO_S334	1
GRK1	RHO_S338	1
GRK1	RHO_S343	1
GRK1	RHO_T340	1
GRK1	RHO_T342	1
GRK2	ADIPOR1_S7	1
GRK2	ADIPOR1_T24	1
GRK2	ADIPOR1_T53	1
GRK2	ADRA1B_S410	1
GRK2	ADRA1D_S300	1
GRK2	ADRA1D_S323	1
GRK2	ADRA1D_S332	1
GRK2	ADRA1D_S334	1
GRK2	ADRA1D_S516	1
GRK2	ADRA1D_S518	1
GRK2	ADRA2A_S311	1
GRK2	ADRA2A_S312	1
GRK2	ADRA2A_S313	1
GRK2	ADRA2A_S314	1
GRK2	ADRB2_S355	1
GRK2	ADRB2_S356	1
GRK2	ADRB2_S396	1
GRK2	ADRB2_S401	1
GRK2	ADRB2_S407	1
GRK2	ADRB2_S411	1
GRK2	ADRB2_T384	1
GRK2	ARRB1_S412	1
GRK2	BDKRB2_S366	1
GRK2	BDKRB2_S373	1
GRK2	BDKRB2_S375	1
GRK2	CCR5_S336	1
GRK2	CCR5_S337	1
GRK2	CCR5_S342	1
GRK2	CCR5_S349	1
GRK2	CHRM2_S232	1
GRK2	CHRM2_S234	1
GRK2	CHRM2_S250	1
GRK2	CHRM2_S251	1
GRK2	CHRM2_S282	1
GRK2	CHRM2_S283	1
GRK2	CHRM2_S286	1
GRK2	CHRM2_S288	1
GRK2	CHRM2_S290	1
GRK2	CHRM2_S294	1
GRK2	CHRM2_S309	1
GRK2	CHRM2_S311	1
GRK2	CHRM2_T271	1
GRK2	CHRM2_T287	1
GRK2	CHRM2_T302	1
GRK2	CHRM2_T307	1
GRK2	CHRM2_T310	1
GRK2	CLTB_S205	1
GRK2	EDNRA_S391	1
GRK2	EDNRA_S393	1
GRK2	EDNRA_S397	1
GRK2	EDNRA_S404	1
GRK2	EDNRA_T396	1
GRK2	EDNRA_T403	1
GRK2	EIF4B_S311	1
GRK2	EIF4B_T195	1
GRK2	EZR_T567	1
GRK2	FPR1_S328	1
GRK2	FPR1_S332	1
GRK2	FPR1_S338	1
GRK2	FPR1_T329	1
GRK2	FPR1_T331	1
GRK2	FPR1_T334	1
GRK2	FPR1_T336	1
GRK2	FPR1_T339	1
GRK2	FZD6_S648	1
GRK2	HRH1_S398	1
GRK2	IGF1R_S1278	1
GRK2	IRS1_S307	1
GRK2	KCNIP3_S95	1
GRK2	MAPK14_T123	1
GRK2	MC4R_S329	1
GRK2	MC4R_S330	1
GRK2	MC4R_T312	1
GRK2	MSN_T558	1
GRK2	NFKBIA_S32	1
GRK2	NOS3_S1177	1
GRK2	NPFFR2_S519	1
GRK2	NPFFR2_S520	1
GRK2	NPFFR2_T516	1
GRK2	NPFFR2_T517	1
GRK2	OPRD1_S363	1
GRK2	OPRD1_T358	1
GRK2	OPRD1_T361	1
GRK2	OPRL1_S346	1
GRK2	OPRL1_S351	1
GRK2	OPRL1_S363	1
GRK2	OPRL1_T362	1
GRK2	OPRM1_S357	1
GRK2	OPRM1_S358	1
GRK2	OPRM1_S377	1
GRK2	OPRM1_S451	1
GRK2	OPRM1_T356	1
GRK2	OPRM1_T449	1
GRK2	PDE6G_T62	1
GRK2	PDGFRB_S1104	1
GRK2	RAPGEF3_S108	1
GRK2	RDX_T564	1
GRK2	RPLP2_S102	1
GRK2	RPLP2_S105	1
GRK2	SLC9A5_S702	1
GRK2	SLC9A5_S709	1
GRK2	SLC9A5_S711	1
GRK2	SLC9A5_S712	1
GRK2	SLC9A5_T714	1
GRK2	SMAD2_T197	1
GRK2	SNCA_S129	1
GRK2	SNCB_S118	1
GRK2	SNCG_S124	1
GRK2	SSTR5_T333	1
GRK2	STK3_S18	1
GRK2	STK3_S316	1
GRK2	TBXA2R_S239	1
GRK2	TBXA2R_S357	1
GRK2	TP53_S46	1
GRK2	TP53_T55	1
GRK2	TUBB3_S420	1
GRK2	TUBB3_S444	1
GRK2	TUBB3_T409	1
GRK3	ADRB2_S355	1
GRK3	ADRB2_S356	1
GRK3	BDKRB2_S366	1
GRK3	BDKRB2_S373	1
GRK3	BDKRB2_S375	1
GRK3	CCR5_S336	1
GRK3	CCR5_S337	1
GRK3	CCR5_S342	1
GRK3	CCR5_S349	1
GRK3	CHRM2_S232	1
GRK3	CHRM2_S234	1
GRK3	CHRM2_S250	1
GRK3	CHRM2_S251	1
GRK3	CHRM2_S282	1
GRK3	CHRM2_S283	1
GRK3	CHRM2_S286	1
GRK3	CHRM2_S288	1
GRK3	CHRM2_S290	1
GRK3	CHRM2_S294	1
GRK3	CHRM2_S309	1
GRK3	CHRM2_S311	1
GRK3	CHRM2_T271	1
GRK3	CHRM2_T287	1
GRK3	CHRM2_T302	1
GRK3	CHRM2_T307	1
GRK3	CHRM2_T310	1
GRK3	MC4R_S329	1
GRK3	MC4R_S330	1
GRK3	MC4R_T312	1
GRK3	OPRD1_S363	1
GRK3	OPRD1_T361	1
GRK3	OPRL1_S346	1
GRK3	OPRL1_S351	1
GRK3	OPRL1_S363	1
GRK3	OPRL1_T362	1
GRK3	OPRM1_T182	1
GRK3	OPRM1_T275	1
GRK3	SSTR2_S341	1
GRK3	SSTR2_S343	1
GRK3	TBXA2R_S239	1
GRK3	TBXA2R_S357	1
GRK4	ADRB2_S355	1
GRK4	ADRB2_S356	1
GRK4	BDKRB2_S366	1
GRK4	BDKRB2_S373	1
GRK4	BDKRB2_S375	1
GRK4	CCR5_S336	1
GRK4	CCR5_S337	1
GRK4	CCR5_S342	1
GRK4	CCR5_S349	1
GRK4	CHRM2_S232	1
GRK4	CHRM2_S234	1
GRK4	CHRM2_S250	1
GRK4	CHRM2_S251	1
GRK4	CHRM2_S282	1
GRK4	CHRM2_S283	1
GRK4	CHRM2_S286	1
GRK4	CHRM2_S288	1
GRK4	CHRM2_S290	1
GRK4	CHRM2_S294	1
GRK4	CHRM2_S309	1
GRK4	CHRM2_S311	1
GRK4	CHRM2_T271	1
GRK4	CHRM2_T287	1
GRK4	CHRM2_T302	1
GRK4	CHRM2_T307	1
GRK4	CHRM2_T310	1
GRK4	MC4R_S329	1
GRK4	MC4R_S330	1
GRK4	MC4R_T312	1
GRK4	RHO_S334	1
GRK4	RHO_S338	1
GRK4	RHO_S343	1
GRK5	ADRB2_S355	1
GRK5	ADRB2_S356	1
GRK5	ADRB2_S396	1
GRK5	ADRB2_S401	1
GRK5	ADRB2_S407	1
GRK5	ADRB2_S411	1
GRK5	ADRB2_T384	1
GRK5	ADRB2_T393	1
GRK5	ARRB1_S412	1
GRK5	BDKRB2_S366	1
GRK5	BDKRB2_S373	1
GRK5	BDKRB2_S375	1
GRK5	CAMK2A_S333	1
GRK5	CAMK2A_T336	1
GRK5	CCR5_S336	1
GRK5	CCR5_S337	1
GRK5	CCR5_S342	1
GRK5	CCR5_S349	1
GRK5	CHRM2_S232	1
GRK5	CHRM2_S234	1
GRK5	CHRM2_S250	1
GRK5	CHRM2_S251	1
GRK5	CHRM2_S282	1
GRK5	CHRM2_S283	1
GRK5	CHRM2_S286	1
GRK5	CHRM2_S288	1
GRK5	CHRM2_S290	1
GRK5	CHRM2_S294	1
GRK5	CHRM2_S309	1
GRK5	CHRM2_S311	1
GRK5	CHRM2_T271	1
GRK5	CHRM2_T287	1
GRK5	CHRM2_T302	1
GRK5	CHRM2_T307	1
GRK5	CHRM2_T310	1
GRK5	CXCR4_S339	1
GRK5	ENO1_S254	1
GRK5	ENO1_S419	1
GRK5	ENO1_T100	1
GRK5	FZD6_S648	1
GRK5	HDAC6_S22	1
GRK5	LRP6_S1490	1
GRK5	MC4R_S329	1
GRK5	MC4R_S330	1
GRK5	MC4R_T312	1
GRK5	MSN_T66	1
GRK5	NFKBIA_S32	1
GRK5	NPM1_S4	1
GRK5	OPRM1_S377	1
GRK5	PINX1_S161	1
GRK5	PINX1_T170	1
GRK5	RGCC_S97	1
GRK5	SNCA_S129	1
GRK5	SNCB_S118	1
GRK5	SNCG_S124	1
GRK5	ST13_S346	1
GRK5	TP53_T55	1
GRK5	ZYX_S143	1
GRK6	ADRB2_S355	1
GRK6	ADRB2_S356	1
GRK6	BDKRB2_S366	1
GRK6	BDKRB2_S373	1
GRK6	BDKRB2_S375	1
GRK6	CCR5_S336	1
GRK6	CCR5_S337	1
GRK6	CCR5_S342	1
GRK6	CCR5_S349	1
GRK6	CHRM2_S232	1
GRK6	CHRM2_S234	1
GRK6	CHRM2_S250	1
GRK6	CHRM2_S251	1
GRK6	CHRM2_S282	1
GRK6	CHRM2_S283	1
GRK6	CHRM2_S286	1
GRK6	CHRM2_S288	1
GRK6	CHRM2_S290	1
GRK6	CHRM2_S294	1
GRK6	CHRM2_S309	1
GRK6	CHRM2_S311	1
GRK6	CHRM2_T271	1
GRK6	CHRM2_T287	1
GRK6	CHRM2_T302	1
GRK6	CHRM2_T307	1
GRK6	CHRM2_T310	1
GRK6	CXCR4_S324	1
GRK6	CXCR4_S325	1
GRK6	CXCR4_S328	1
GRK6	CXCR4_S329	1
GRK6	CXCR4_S330	1
GRK6	CXCR4_S339	1
GRK6	IGF1R_S1321	1
GRK6	LTB4R_S310	1
GRK6	LTB4R_T308	1
GRK6	MC4R_S329	1
GRK6	MC4R_S330	1
GRK6	MC4R_T312	1
GRK6	NFKBIA_S32	1
GRK6	OCLN_S471	1
GRK6	PRKCD_S506	1
GRK6	PRKCD_T43	1
GRK6	SLC9A3R1_S290	1
GRK6	SLC9A3R1_S299	1
GRK6	SNCA_S9	1
GRK6	TP53_T55	1
GRK7	ADRB2_S355	1
GRK7	ADRB2_S356	1
GRK7	CCR5_S336	1
GRK7	CCR5_S337	1
GRK7	CCR5_S342	1
GRK7	CCR5_S349	1
GRK7	CHRM2_S232	1
GRK7	CHRM2_S234	1
GRK7	CHRM2_S250	1
GRK7	CHRM2_S251	1
GRK7	CHRM2_S282	1
GRK7	CHRM2_S283	1
GRK7	CHRM2_S286	1
GRK7	CHRM2_S288	1
GRK7	CHRM2_S290	1
GRK7	CHRM2_S294	1
GRK7	CHRM2_S309	1
GRK7	CHRM2_S311	1
GRK7	CHRM2_T271	1
GRK7	CHRM2_T287	1
GRK7	CHRM2_T302	1
GRK7	CHRM2_T307	1
GRK7	CHRM2_T310	1
GRK7	MC4R_S329	1
GRK7	MC4R_S330	1
GRK7	MC4R_T312	1
GRK7	OCLN_S471	1
GRK7	RHO_S334	1
GRK7	RHO_S338	1
GRK7	RHO_S343	1
GRM5	CDH5_Y731	1
GRM5	PRKCE_S729	1
GRN	MTOR_S2448	1
GRP	ETS1_T38	1
GSK3A	ACLY_S451	1
GSK3A	ACLY_T447	1
GSK3A	AKT1_T312	1
GSK3A	ARHGAP31_T789	1
GSK3A	BCL2L1_S62	1
GSK3A	BCL3_S402	1
GSK3A	BCL3_S406	1
GSK3A	CAMKK2_S129	1
GSK3A	CAMKK2_S133	1
GSK3A	CAMKK2_S137	1
GSK3A	CCND1_T286	1
GSK3A	CCNE1_S387	1
GSK3A	CCNE1_S391	1
GSK3A	CCNE1_T380	1
GSK3A	CCNE1_T395	1
GSK3A	CD274_S279	1
GSK3A	CD274_S283	1
GSK3A	CDKN1A_T57	1
GSK3A	CEBPA_S234	1
GSK3A	CEBPA_T226	1
GSK3A	CEBPA_T230	1
GSK3A	CREB1_S129	1
GSK3A	CREM_S28	1
GSK3A	CREM_S53	1
GSK3A	CREM_S67	1
GSK3A	CREM_S83	1
GSK3A	CTNNB1_S33	1
GSK3A	CTNNB1_S37	1
GSK3A	CTNNB1_T41	1
GSK3A	CTPS1_S571	1
GSK3A	DES_S28	1
GSK3A	DES_S32	1
GSK3A	DPYSL2_S518	1
GSK3A	DPYSL2_S522	1
GSK3A	EIF2B5_S535	1
GSK3A	EIF2B5_S540	1
GSK3A	EIF2B5_S544	1
GSK3A	FOXO1_S325	1
GSK3A	GATA6_S37	1
GSK3A	GPSM3_S35	1
GSK3A	GRB14_S358	1
GSK3A	GRB14_S362	1
GSK3A	GRB14_S366	1
GSK3A	GRB14_S419	1
GSK3A	GRB14_S423	1
GSK3A	GYS1_S641	1
GSK3A	HSF1_S303	1
GSK3A	IKZF3_S378	1
GSK3A	IL17RA_T780	1
GSK3A	IRF3_S123	1
GSK3A	IRF3_S173	1
GSK3A	IRF3_T180	1
GSK3A	JUN_S243	1
GSK3A	JUN_S249	1
GSK3A	JUN_T239	1
GSK3A	LARP1_S440	1
GSK3A	LARP1_S770	1
GSK3A	LARP1_S990	1
GSK3A	LARP1_T693	1
GSK3A	LARP1_T788	1
GSK3A	LRP6_S1490	1
GSK3A	LRP6_S1544	1
GSK3A	LRP6_S1607	1
GSK3A	LRP6_T1572	1
GSK3A	MAFA_S49	1
GSK3A	MAFA_S61	1
GSK3A	MAFA_T53	1
GSK3A	MAFA_T57	1
GSK3A	MAP3K11_S789	1
GSK3A	MAP3K11_S793	1
GSK3A	MAPT_S235	1
GSK3A	MAPT_S262	1
GSK3A	MAPT_S266	1
GSK3A	MAPT_S324	1
GSK3A	MAPT_S396	1
GSK3A	MAPT_S404	1
GSK3A	MAPT_S579	1
GSK3A	MAPT_S597	1
GSK3A	MAPT_S641	1
GSK3A	MAPT_S659	1
GSK3A	MAPT_S731	1
GSK3A	MAPT_S739	1
GSK3A	MAPT_T231	1
GSK3A	MAPT_T566	1
GSK3A	MCL1_S159	1
GSK3A	MCL1_T163	1
GSK3A	MITF_S298	1
GSK3A	MITF_S399	1
GSK3A	MITF_S405	1
GSK3A	MYC_S277	1
GSK3A	MYC_S344	1
GSK3A	MYC_T58	1
GSK3A	MYLK_S16	1
GSK3A	NBR1_T586	1
GSK3A	NCOA3_S505	1
GSK3A	NCOA3_S509	1
GSK3A	NDRG1_S342	1
GSK3A	NDRG1_S352	1
GSK3A	NDRG1_S362	1
GSK3A	NIFK_S230	1
GSK3A	NIFK_T234	1
GSK3A	NIFK_T279	1
GSK3A	OSBP2_S762	1
GSK3A	OSBP2_S763	1
GSK3A	OSBP2_S766	1
GSK3A	OSBP2_S768	1
GSK3A	PKD2_S76	1
GSK3A	PPARA_S280	1
GSK3A	PRKAA1_T490	1
GSK3A	PRKAR2A_S48	1
GSK3A	RCAN1_S108	1
GSK3A	RCAN1_S163	1
GSK3A	RCAN1_S28	1
GSK3A	RELA_T254	1
GSK3A	RICTOR_T1695	1
GSK3A	SFPQ_T687	1
GSK3A	SMAD3_S204	1
GSK3A	SRSF1_S205	1
GSK3A	SRSF1_S227	1
GSK3A	SRSF1_S234	1
GSK3A	SRSF1_S238	1
GSK3A	SRSF1_S242	1
GSK3A	STAT2_S381	1
GSK3A	STAT2_S393	1
GSK3A	STAT2_T385	1
GSK3A	STAT3_S727	1
GSK3A	STAT3_T714	1
GSK3A	STMN3_S60	1
GSK3A	TP53_S33	1
GSK3A	UNG_S64	1
GSK3A	UNG_T60	1
GSK3A	USF1_S186	1
GSK3A	USF1_T153	1
GSK3B	ABCB9_S530	1
GSK3B	ABI2_S177	1
GSK3B	ABI2_T297	1
GSK3B	ABLIM2_S294	1
GSK3B	ACLY_S451	1
GSK3B	ACLY_T447	1
GSK3B	ADAM17_T735	1
GSK3B	ADCY6_S54	1
GSK3B	ADD1_S12	1
GSK3B	ADD1_S355	1
GSK3B	ADD1_S358	1
GSK3B	ADD2_S613	1
GSK3B	ADD2_S693	1
GSK3B	ADD3_S681	1
GSK3B	AFDN_S1165	1
GSK3B	AFF1_S588	1
GSK3B	AHR_S436	1
GSK3B	AHR_S440	1
GSK3B	AHR_S444	1
GSK3B	AHR_S689	1
GSK3B	AHR_S693	1
GSK3B	AHR_S723	1
GSK3B	AHR_S727	1
GSK3B	AHR_T697	1
GSK3B	AHR_T731	1
GSK3B	AKAP11_T1136	1
GSK3B	AKAP11_T1140	1
GSK3B	AKAP1_T533	1
GSK3B	AKAP8L_S283	1
GSK3B	AMPH_S272	1
GSK3B	AMPH_S500	1
GSK3B	ANAPC1_S202	1
GSK3B	ANAPC1_S355	1
GSK3B	ANAPC1_S731	1
GSK3B	ANAPC2_S314	1
GSK3B	ANK2_S309	1
GSK3B	ANLN_S99	1
GSK3B	APBB1_T579	1
GSK3B	APC_S1501	1
GSK3B	APC_S1503	1
GSK3B	API5_S464	1
GSK3B	APPL1_S401	1
GSK3B	APP_T668	1
GSK3B	APP_T724	1
GSK3B	APP_T743	1
GSK3B	AREL1_T783	1
GSK3B	ARHGAP12_S240	1
GSK3B	ARHGAP12_T231	1
GSK3B	ARHGAP31_T789	1
GSK3B	ARHGEF12_S341	1
GSK3B	ARHGEF2_S931	1
GSK3B	ARHGEF6_S225	1
GSK3B	ARID1A_S1755	1
GSK3B	ARID1A_S696	1
GSK3B	ARID4B_S943	1
GSK3B	ARID4B_T936	1
GSK3B	ATN1_S101	1
GSK3B	ATXN3_S256	1
GSK3B	ATXN3_S29	1
GSK3B	ATXN7_S840	1
GSK3B	AXIN1_S486	1
GSK3B	AXIN1_S614	1
GSK3B	AXIN1_T481	1
GSK3B	BAG3_S279	1
GSK3B	BAG3_S377	1
GSK3B	BAX_S163	1
GSK3B	BAZ2A_S469	1
GSK3B	BCAM_S596	1
GSK3B	BCL2L11_S104	1
GSK3B	BCL2L11_S55	1
GSK3B	BCL2L11_S69	1
GSK3B	BCL2L12_S156	1
GSK3B	BCL2L1_S62	1
GSK3B	BCL2_S87	1
GSK3B	BCL7C_S114	1
GSK3B	BCL7C_S126	1
GSK3B	BCL7C_T118	1
GSK3B	BCL9_S687	1
GSK3B	BCLAF1_S177	1
GSK3B	BCLAF1_S222	1
GSK3B	BCLAF1_S318	1
GSK3B	BCLAF1_S531	1
GSK3B	BCLAF1_S658	1
GSK3B	BCLAF1_S757	1
GSK3B	BCLAF1_S760	1
GSK3B	BCR_S459	1
GSK3B	BCR_S463	1
GSK3B	BICD1_S585	1
GSK3B	BICD1_T597	1
GSK3B	BICD2_S582	1
GSK3B	BIN1_S296	1
GSK3B	BIN1_S298	1
GSK3B	BIN1_S303	1
GSK3B	BIN1_S304	1
GSK3B	BLM_S1296	1
GSK3B	BLM_T171	1
GSK3B	BMAL1_S17	1
GSK3B	BMAL1_T21	1
GSK3B	BORA_S274	1
GSK3B	BORA_S278	1
GSK3B	BRCA1_S1189	1
GSK3B	BRCA1_S1497	1
GSK3B	BRD2_S298	1
GSK3B	BRD2_S301	1
GSK3B	BRD3_S263	1
GSK3B	BSN_S1481	1
GSK3B	BSN_S1492	1
GSK3B	BSN_S2810	1
GSK3B	BUB3_S211	1
GSK3B	CABYR_S137	1
GSK3B	CABYR_S155	1
GSK3B	CABYR_S57	1
GSK3B	CABYR_T133	1
GSK3B	CABYR_T151	1
GSK3B	CABYR_T53	1
GSK3B	CACNA1E_S2073	1
GSK3B	CACNB4_S474	1
GSK3B	CACNG2_S253	1
GSK3B	CALD1_S462	1
GSK3B	CALD1_S759	1
GSK3B	CAMKK2_S129	1
GSK3B	CAMKK2_S133	1
GSK3B	CAMKK2_S137	1
GSK3B	CANX_S583	1
GSK3B	CAP1_S308	1
GSK3B	CAP1_S310	1
GSK3B	CASP9_T125	1
GSK3B	CBFA2T2_S33	1
GSK3B	CBLC_S40	1
GSK3B	CCDC6_S244	1
GSK3B	CCND1_T286	1
GSK3B	CCND1_T288	1
GSK3B	CCND2_T280	1
GSK3B	CCND3_T283	1
GSK3B	CCNE1_S387	1
GSK3B	CCNE1_S73	1
GSK3B	CCNE1_T380	1
GSK3B	CCNE1_T395	1
GSK3B	CCNE1_T77	1
GSK3B	CD274_S184	1
GSK3B	CD274_T180	1
GSK3B	CDC25A_S116	1
GSK3B	CDC25A_S76	1
GSK3B	CDC25B_S160	1
GSK3B	CDC27_S291	1
GSK3B	CDC6_S54	1
GSK3B	CDC6_S74	1
GSK3B	CDH1_S838	1
GSK3B	CDH1_S847	1
GSK3B	CDH1_S853	1
GSK3B	CDK13_S340	1
GSK3B	CDK13_S367	1
GSK3B	CDKN1A_S114	1
GSK3B	CDKN1A_S130	1
GSK3B	CDKN1A_T57	1
GSK3B	CDKN1B_S10	1
GSK3B	CDKN1B_S160	1
GSK3B	CDKN1B_S161	1
GSK3B	CDX2_S283	1
GSK3B	CDX2_S287	1
GSK3B	CDX2_S291	1
GSK3B	CDX2_S295	1
GSK3B	CDX2_S60	1
GSK3B	CEBPA_S234	1
GSK3B	CEBPA_T226	1
GSK3B	CEBPA_T230	1
GSK3B	CEBPB_S223	1
GSK3B	CEBPB_S230	1
GSK3B	CEBPB_S231	1
GSK3B	CEBPB_T226	1
GSK3B	CEBPB_T235	1
GSK3B	CEBPD_S167	1
GSK3B	CEBPD_T156	1
GSK3B	CEBPD_T171	1
GSK3B	CEBPE_T74	1
GSK3B	CELF1_S302	1
GSK3B	CEP43_S156	1
GSK3B	CEP43_S160	1
GSK3B	CHAF1B_S429	1
GSK3B	CHD3_S1601	1
GSK3B	CHD3_S713	1
GSK3B	CHD4_S1535	1
GSK3B	CHEK1_S280	1
GSK3B	CHEK2_T387	1
GSK3B	CHRM2_S232	1
GSK3B	CIC_S1382	1
GSK3B	CIC_S1409	1
GSK3B	CIITA_S373	1
GSK3B	CLASP2_S499	1
GSK3B	CLASP2_S503	1
GSK3B	CLASP2_S507	1
GSK3B	CLASP2_S533	1
GSK3B	CLASP2_S537	1
GSK3B	CLASP2_S733	1
GSK3B	CLASP2_S737	1
GSK3B	CLASP2_S741	1
GSK3B	CLOCK_S427	1
GSK3B	CNOT4_S301	1
GSK3B	COIL_S184	1
GSK3B	COPA_S173	1
GSK3B	CREB1_S129	1
GSK3B	CREB3L3_S73	1
GSK3B	CREM_S28	1
GSK3B	CREM_S53	1
GSK3B	CREM_S67	1
GSK3B	CREM_S83	1
GSK3B	CRKL_S107	1
GSK3B	CRMP1_S518	1
GSK3B	CRMP1_T509	1
GSK3B	CRMP1_T514	1
GSK3B	CSTF2T_S563	1
GSK3B	CTNNB1_S33	1
GSK3B	CTNNB1_S37	1
GSK3B	CTNNB1_S45	1
GSK3B	CTNNB1_S675	1
GSK3B	CTNNB1_T393	1
GSK3B	CTNNB1_T41	1
GSK3B	CTNND1_S252	1
GSK3B	CTNND1_T310	1
GSK3B	CTPS1_S571	1
GSK3B	CTR9_S1072	1
GSK3B	CTTN_S113	1
GSK3B	CTTN_S368	1
GSK3B	CTTN_S405	1
GSK3B	CTTN_S418	1
GSK3B	CTTN_T364	1
GSK3B	CTTN_T401	1
GSK3B	CUL3_S737	1
GSK3B	CUX1_S1237	1
GSK3B	CUX1_S1270	1
GSK3B	CXADR_S332	1
GSK3B	DAB1_S515	1
GSK3B	DAB2_S401	1
GSK3B	DAXX_S671	1
GSK3B	DCX_S306	1
GSK3B	DCX_S327	1
GSK3B	DCX_S332	1
GSK3B	DDIT3_S79	1
GSK3B	DDIT3_S82	1
GSK3B	DDIT4_T23	1
GSK3B	DDIT4_T25	1
GSK3B	DDX42_S751	1
GSK3B	DDX42_S754	1
GSK3B	DEAF1_S176	1
GSK3B	DES_S28	1
GSK3B	DES_S32	1
GSK3B	DIDO1_S1040	1
GSK3B	DIDO1_S523	1
GSK3B	DLG4_T19	1
GSK3B	DLGAP1_S134	1
GSK3B	DMTN_S156	1
GSK3B	DMTN_S92	1
GSK3B	DNM1L_S40	1
GSK3B	DNM1L_S44	1
GSK3B	DNM1L_S693	1
GSK3B	DNM1_S774	1
GSK3B	DPYSL2_S518	1
GSK3B	DPYSL2_S522	1
GSK3B	DPYSL2_T509	1
GSK3B	DPYSL2_T514	1
GSK3B	DPYSL2_T555	1
GSK3B	DPYSL3_S518	1
GSK3B	DPYSL3_S522	1
GSK3B	DPYSL3_S632	1
GSK3B	DPYSL3_T509	1
GSK3B	DPYSL3_T514	1
GSK3B	DPYSL3_T623	1
GSK3B	DPYSL3_T628	1
GSK3B	DPYSL5_T516	1
GSK3B	DROSHA_S300	1
GSK3B	DROSHA_S302	1
GSK3B	DSP_S2845	1
GSK3B	DSP_S2849	1
GSK3B	DUT_S99	1
GSK3B	DYNC1LI1_S405	1
GSK3B	DYNC1LI1_S516	1
GSK3B	E2F1_S332	1
GSK3B	E2F1_S337	1
GSK3B	E2F1_S403	1
GSK3B	E2F1_T433	1
GSK3B	EGLN2_S401	1
GSK3B	EGLN2_T405	1
GSK3B	EIF2AK2_T88	1
GSK3B	EIF2B5_S535	1
GSK3B	EIF2B5_S540	1
GSK3B	EIF2B5_S544	1
GSK3B	EIF3B_S85	1
GSK3B	EIF4B_S93	1
GSK3B	EIF4EBP1_S65	1
GSK3B	EIF4EBP1_T37	1
GSK3B	EIF4EBP1_T46	1
GSK3B	EIF4EBP1_T70	1
GSK3B	EIF4ENIF1_S586	1
GSK3B	EIF6_S235	1
GSK3B	EIF6_S239	1
GSK3B	EIF6_S243	1
GSK3B	EIF6_T231	1
GSK3B	ELK1_S389	1
GSK3B	ELK3_S363	1
GSK3B	EMSY_S238	1
GSK3B	ENDOG_S288	1
GSK3B	ENDOG_T128	1
GSK3B	EPB41L1_T550	1
GSK3B	EPN1_S357	1
GSK3B	EPS15L1_S229	1
GSK3B	ERCC5_S341	1
GSK3B	ERCC5_T338	1
GSK3B	ESR1_S102	1
GSK3B	ESR1_S104	1
GSK3B	ESR1_S106	1
GSK3B	ESR1_S118	1
GSK3B	ESR1_S305	1
GSK3B	ETS1_S269	1
GSK3B	ETS1_T265	1
GSK3B	ETS1_T38	1
GSK3B	EXO1_S598	1
GSK3B	EZH2_S363	1
GSK3B	EZH2_T367	1
GSK3B	FAAP20_S113	1
GSK3B	FADD_S194	1
GSK3B	FANCL_T178	1
GSK3B	FBXL21P_T33	1
GSK3B	FBXL2_T404	1
GSK3B	FBXO4_S12	1
GSK3B	FCAR_S284	1
GSK3B	FGF14_S226	1
GSK3B	FLII_S856	1
GSK3B	FOSL2_S200	1
GSK3B	FOSL2_S230	1
GSK3B	FOXL2_S33	1
GSK3B	FOXM1_S474	1
GSK3B	FOXM1_S704	1
GSK3B	FOXO1_S325	1
GSK3B	FOXP3_S270	1
GSK3B	FOXP3_S274	1
GSK3B	FRAT1_S188	1
GSK3B	FUBP1_T152	1
GSK3B	FYN_Y213	1
GSK3B	GATA6_S37	1
GSK3B	GBF1_S1784	1
GSK3B	GCM1_S322	1
GSK3B	GCM1_S326	1
GSK3B	GFI1_S94	1
GSK3B	GFI1_S98	1
GSK3B	GJB1_S229	1
GSK3B	GJC2_S372	1
GSK3B	GLE1_S88	1
GSK3B	GLE1_S92	1
GSK3B	GLE1_S93	1
GSK3B	GLE1_S99	1
GSK3B	GLE1_T102	1
GSK3B	GLI3_S861	1
GSK3B	GLI3_S873	1
GSK3B	GLI3_S903	1
GSK3B	GPHN_S268	1
GSK3B	GPHN_S270	1
GSK3B	GRB14_S358	1
GSK3B	GRB14_S362	1
GSK3B	GRB14_S366	1
GSK3B	GRB14_S370	1
GSK3B	GRB14_S419	1
GSK3B	GRB14_S423	1
GSK3B	GRK2_S670	1
GSK3B	GRM5_S135	1
GSK3B	GSR_S404	1
GSK3B	GTF2F1_T389	1
GSK3B	GTF2IRD1_S448	1
GSK3B	GTF3C1_S1653	1
GSK3B	GTSE1_S592	1
GSK3B	GYS1_S641	1
GSK3B	GYS1_S645	1
GSK3B	GYS1_S649	1
GSK3B	GYS1_S652	1
GSK3B	GYS1_S653	1
GSK3B	GYS1_S698	1
GSK3B	GYS1_S702	1
GSK3B	GYS1_S727	1
GSK3B	H1-5_T11	1
GSK3B	HCLS1_T308	1
GSK3B	HDAC4_S298	1
GSK3B	HDAC4_S302	1
GSK3B	HDAC6_S22	1
GSK3B	HDLBP_S944	1
GSK3B	HELB_S967	1
GSK3B	HELZ_S1177	1
GSK3B	HIF1A_S551	1
GSK3B	HNRNPDL_S241	1
GSK3B	HNRNPD_S83	1
GSK3B	HNRNPD_S87	1
GSK3B	HNRNPH2_S104	1
GSK3B	HRAS_S183	1
GSK3B	HRAS_T144	1
GSK3B	HRAS_T148	1
GSK3B	HSF1_S303	1
GSK3B	HSF1_S307	1
GSK3B	HSF1_S363	1
GSK3B	HSP90AA1_S726	1
GSK3B	HSP90AA1_T725	1
GSK3B	HSP90AB1_S718	1
GSK3B	HSPA1A_T636	1
GSK3B	HSPB8_T87	1
GSK3B	ID2_S5	1
GSK3B	IER3_T18	1
GSK3B	IFI16_S153	1
GSK3B	IKBKG_S17	1
GSK3B	IKBKG_S31	1
GSK3B	IKBKG_S43	1
GSK3B	IKBKG_S8	1
GSK3B	IKZF3_S378	1
GSK3B	IL16_T757	1
GSK3B	IL17RA_T780	1
GSK3B	IRF1_S184	1
GSK3B	IRF1_T180	1
GSK3B	IRF2BPL_S662	1
GSK3B	IRF3_S123	1
GSK3B	IRF3_S173	1
GSK3B	IRF3_T180	1
GSK3B	IRS1_S312	1
GSK3B	IRS1_S337	1
GSK3B	IRS1_S345	1
GSK3B	IRS2_S1203	1
GSK3B	IRS2_S388	1
GSK3B	IRS2_S915	1
GSK3B	ISL2_S157	1
GSK3B	ITSN1_S1130	1
GSK3B	JPH1_S452	1
GSK3B	JUNB_S251	1
GSK3B	JUNB_S259	1
GSK3B	JUNB_T255	1
GSK3B	JUND_S259	1
GSK3B	JUN_S243	1
GSK3B	JUN_S249	1
GSK3B	JUN_T239	1
GSK3B	KAT5_S119	1
GSK3B	KAT5_S123	1
GSK3B	KAT5_S86	1
GSK3B	KAT5_S90	1
GSK3B	KCNAB2_S20	1
GSK3B	KCNMA1_S924	1
GSK3B	KCTD15_S35	1
GSK3B	KDM1A_S683	1
GSK3B	KDM2B_S497	1
GSK3B	KDM6A_S818	1
GSK3B	KHDRBS1_T84	1
GSK3B	KIF1B_S1454	1
GSK3B	KLC2_S608	1
GSK3B	KLF5_S303	1
GSK3B	KMT2A_S2866	1
GSK3B	KMT2A_S3511	1
GSK3B	KNSTRN_S232	1
GSK3B	KNSTRN_S237	1
GSK3B	KNSTRN_T294	1
GSK3B	LAT_S84	1
GSK3B	LBR_S80	1
GSK3B	LBR_S84	1
GSK3B	LCMT1_S142	1
GSK3B	LCMT1_T205	1
GSK3B	LEF1_S166	1
GSK3B	LEPR_S100	1
GSK3B	LIFR_S1044	1
GSK3B	LMNA_S390	1
GSK3B	LMO7_S960	1
GSK3B	LMO7_S988	1
GSK3B	LMO7_S991	1
GSK3B	LRP6_S1490	1
GSK3B	LRP6_S1607	1
GSK3B	LRP6_T1572	1
GSK3B	LRRFIP1_S497	1
GSK3B	MACF1_S7222	1
GSK3B	MACF1_S7226	1
GSK3B	MACF1_S7230	1
GSK3B	MACF1_S7234	1
GSK3B	MACF1_S7310	1
GSK3B	MACF1_S7314	1
GSK3B	MACF1_S7318	1
GSK3B	MACF1_S7322	1
GSK3B	MACF1_S7326	1
GSK3B	MACF1_S7330	1
GSK3B	MAFA_S49	1
GSK3B	MAFA_S61	1
GSK3B	MAFA_S65	1
GSK3B	MAFA_T53	1
GSK3B	MAFA_T57	1
GSK3B	MAP1B_S1247	1
GSK3B	MAP1B_S1260	1
GSK3B	MAP1B_S1793	1
GSK3B	MAP1B_T1270	1
GSK3B	MAP2_S626	1
GSK3B	MAP2_T1609	1
GSK3B	MAP3K11_S789	1
GSK3B	MAP3K11_S793	1
GSK3B	MAP4K4_S631	1
GSK3B	MAP4_S696	1
GSK3B	MAP4_S941	1
GSK3B	MAPK4_S196	1
GSK3B	MAPK8IP1_T103	1
GSK3B	MAPK8_S377	1
GSK3B	MAPKAPK2_S272	1
GSK3B	MAPKAPK2_T25	1
GSK3B	MAPRE1_S155	1
GSK3B	MAPRE1_S156	1
GSK3B	MAPT_S126	1
GSK3B	MAPT_S137	1
GSK3B	MAPT_S140	1
GSK3B	MAPT_S141	1
GSK3B	MAPT_S144	1
GSK3B	MAPT_S150	1
GSK3B	MAPT_S184	1
GSK3B	MAPT_S195	1
GSK3B	MAPT_S198	1
GSK3B	MAPT_S199	1
GSK3B	MAPT_S200	1
GSK3B	MAPT_S202	1
GSK3B	MAPT_S204	1
GSK3B	MAPT_S208	1
GSK3B	MAPT_S210	1
GSK3B	MAPT_S214	1
GSK3B	MAPT_S235	1
GSK3B	MAPT_S258	1
GSK3B	MAPT_S262	1
GSK3B	MAPT_S307	1
GSK3B	MAPT_S311	1
GSK3B	MAPT_S315	1
GSK3B	MAPT_S324	1
GSK3B	MAPT_S338	1
GSK3B	MAPT_S342	1
GSK3B	MAPT_S346	1
GSK3B	MAPT_S355	1
GSK3B	MAPT_S396	1
GSK3B	MAPT_S400	1
GSK3B	MAPT_S404	1
GSK3B	MAPT_S409	1
GSK3B	MAPT_S413	1
GSK3B	MAPT_S422	1
GSK3B	MAPT_S46	1
GSK3B	MAPT_S501	1
GSK3B	MAPT_S512	1
GSK3B	MAPT_S515	1
GSK3B	MAPT_S516	1
GSK3B	MAPT_S518	1
GSK3B	MAPT_S519	1
GSK3B	MAPT_S525	1
GSK3B	MAPT_S526	1
GSK3B	MAPT_S530	1
GSK3B	MAPT_S531	1
GSK3B	MAPT_S533	1
GSK3B	MAPT_S534	1
GSK3B	MAPT_S537	1
GSK3B	MAPT_S543	1
GSK3B	MAPT_S545	1
GSK3B	MAPT_S549	1
GSK3B	MAPT_S552	1
GSK3B	MAPT_S554	1
GSK3B	MAPT_S570	1
GSK3B	MAPT_S575	1
GSK3B	MAPT_S579	1
GSK3B	MAPT_S593	1
GSK3B	MAPT_S597	1
GSK3B	MAPT_S637	1
GSK3B	MAPT_S687	1
GSK3B	MAPT_S713	1
GSK3B	MAPT_S717	1
GSK3B	MAPT_S721	1
GSK3B	MAPT_S726	1
GSK3B	MAPT_S730	1
GSK3B	MAPT_S731	1
GSK3B	MAPT_S735	1
GSK3B	MAPT_S739	1
GSK3B	MAPT_S744	1
GSK3B	MAPT_S748	1
GSK3B	MAPT_S757	1
GSK3B	MAPT_T123	1
GSK3B	MAPT_T147	1
GSK3B	MAPT_T153	1
GSK3B	MAPT_T154	1
GSK3B	MAPT_T159	1
GSK3B	MAPT_T173	1
GSK3B	MAPT_T175	1
GSK3B	MAPT_T181	1
GSK3B	MAPT_T205	1
GSK3B	MAPT_T212	1
GSK3B	MAPT_T217	1
GSK3B	MAPT_T231	1
GSK3B	MAPT_T470	1
GSK3B	MAPT_T492	1
GSK3B	MAPT_T498	1
GSK3B	MAPT_T50	1
GSK3B	MAPT_T522	1
GSK3B	MAPT_T529	1
GSK3B	MAPT_T534	1
GSK3B	MAPT_T540	1
GSK3B	MAPT_T547	1
GSK3B	MAPT_T548	1
GSK3B	MAPT_T552	1
GSK3B	MAPT_T566	1
GSK3B	MARCKS_S26	1
GSK3B	MARK2_S212	1
GSK3B	MCL1_S121	1
GSK3B	MCL1_S159	1
GSK3B	MCL1_T163	1
GSK3B	MCM2_S27	1
GSK3B	MED14_S986	1
GSK3B	MEF2A_S408	1
GSK3B	MEF2A_S453	1
GSK3B	MITF_S292	1
GSK3B	MITF_S298	1
GSK3B	MITF_S374	1
GSK3B	MITF_S383	1
GSK3B	MITF_S397	1
GSK3B	MITF_S398	1
GSK3B	MITF_S399	1
GSK3B	MITF_S401	1
GSK3B	MITF_S405	1
GSK3B	MKI67_S1376	1
GSK3B	MKI67_S2708	1
GSK3B	MKI67_S579	1
GSK3B	MKNK2_T249	1
GSK3B	MNX1_S77	1
GSK3B	MNX1_S79	1
GSK3B	MSH6_S830	1
GSK3B	MUC1_S1227	1
GSK3B	MUC1_S227	1
GSK3B	MUC1_S236	1
GSK3B	MUC1_S245	1
GSK3B	MYBL2_S282	1
GSK3B	MYBL2_S393	1
GSK3B	MYBL2_S577	1
GSK3B	MYBPC3_S133	1
GSK3B	MYBPC3_S304	1
GSK3B	MYB_T355	1
GSK3B	MYCL_S38	1
GSK3B	MYCL_S42	1
GSK3B	MYCL_S68	1
GSK3B	MYCL_S72	1
GSK3B	MYCN_S62	1
GSK3B	MYCN_T58	1
GSK3B	MYC_S277	1
GSK3B	MYC_S344	1
GSK3B	MYC_S62	1
GSK3B	MYC_T58	1
GSK3B	MYLK_S16	1
GSK3B	MYLK_S1776	1
GSK3B	MYOCD_S451	1
GSK3B	MYOCD_S455	1
GSK3B	MYOCD_S459	1
GSK3B	MYOCD_S463	1
GSK3B	MYOCD_S626	1
GSK3B	MYOCD_S630	1
GSK3B	MYOCD_S634	1
GSK3B	MYOCD_S638	1
GSK3B	NACA_T159	1
GSK3B	NACA_T2022	1
GSK3B	NACA_T869	1
GSK3B	NACC1_S274	1
GSK3B	NBR1_T586	1
GSK3B	NCF1_S345	1
GSK3B	NCOA1_S1033	1
GSK3B	NCOA1_T1179	1
GSK3B	NCOA3_S505	1
GSK3B	NCOA3_S867	1
GSK3B	NCOR1_S1977	1
GSK3B	NCOR1_S2184	1
GSK3B	NDEL1_S231	1
GSK3B	NDEL1_T219	1
GSK3B	NDRG1_S342	1
GSK3B	NDRG1_S352	1
GSK3B	NDRG1_S362	1
GSK3B	NEFH_S503	1
GSK3B	NEFH_S801	1
GSK3B	NEUROD1_S274	1
GSK3B	NFATC1_S233	1
GSK3B	NFATC1_S237	1
GSK3B	NFATC1_S278	1
GSK3B	NFATC1_S282	1
GSK3B	NFATC1_S286	1
GSK3B	NFATC1_S290	1
GSK3B	NFATC1_S299	1
GSK3B	NFATC2_S110	1
GSK3B	NFATC2_S171	1
GSK3B	NFATC2_S172	1
GSK3B	NFATC2_S174	1
GSK3B	NFATC2_S175	1
GSK3B	NFATC2_S177	1
GSK3B	NFATC2_S180	1
GSK3B	NFATC2_S213	1
GSK3B	NFATC2_S217	1
GSK3B	NFATC2_S221	1
GSK3B	NFATC2_S223	1
GSK3B	NFATC2_S245	1
GSK3B	NFATC2_S268	1
GSK3B	NFATC2_S270	1
GSK3B	NFATC2_S274	1
GSK3B	NFATC2_S276	1
GSK3B	NFATC2_S280	1
GSK3B	NFATC2_S326	1
GSK3B	NFATC2_S330	1
GSK3B	NFATC3_S207	1
GSK3B	NFATC3_S211	1
GSK3B	NFATC3_S215	1
GSK3B	NFE2L1_S379	1
GSK3B	NFE2L2_S335	1
GSK3B	NFE2L2_S342	1
GSK3B	NFE2L2_S344	1
GSK3B	NFE2L2_S347	1
GSK3B	NFE2L2_Y576	1
GSK3B	NFIA_S287	1
GSK3B	NFIA_S310	1
GSK3B	NFIC_S333	1
GSK3B	NFIC_S339	1
GSK3B	NFKB1_S852	1
GSK3B	NFKB1_S900	1
GSK3B	NFKB1_S903	1
GSK3B	NFKB1_S904	1
GSK3B	NFKB1_S907	1
GSK3B	NFKB1_S908	1
GSK3B	NFKB1_S938	1
GSK3B	NFKB2_S222	1
GSK3B	NFKB2_S226	1
GSK3B	NFKB2_S707	1
GSK3B	NFKB2_S711	1
GSK3B	NFRKB_S1291	1
GSK3B	NFRKB_S226	1
GSK3B	NFRKB_S228	1
GSK3B	NFRKB_S376	1
GSK3B	NIFK_S230	1
GSK3B	NIFK_T234	1
GSK3B	NIFK_T279	1
GSK3B	NMT1_S47	1
GSK3B	NOL4L_S130	1
GSK3B	NOTCH2_S2070	1
GSK3B	NOTCH2_S2093	1
GSK3B	NOTCH2_T1808	1
GSK3B	NOTCH2_T2068	1
GSK3B	NOTCH2_T2074	1
GSK3B	NPM1_T237	1
GSK3B	NR1D1_S55	1
GSK3B	NR1D1_S59	1
GSK3B	NR3C1_S404	1
GSK3B	NR5A1_S203	1
GSK3B	NSUN5_S327	1
GSK3B	NUDT11_S148	1
GSK3B	NUP214_S430	1
GSK3B	NUP214_T437	1
GSK3B	ODF2_S754	1
GSK3B	OGT_S3	1
GSK3B	OGT_S4	1
GSK3B	OPRD1_T361	1
GSK3B	ORC1_S258	1
GSK3B	ORC1_S273	1
GSK3B	OSBP2_S762	1
GSK3B	OSBP2_S763	1
GSK3B	OSBP2_S766	1
GSK3B	OSBP2_S768	1
GSK3B	OTUD7B_S100	1
GSK3B	OTUD7B_S449	1
GSK3B	PAK1IP1_S320	1
GSK3B	PAK1_S220	1
GSK3B	PAK1_T212	1
GSK3B	PAK5_S104	1
GSK3B	PAK6_S165	1
GSK3B	PAPOLG_S29	1
GSK3B	PAX3_S197	1
GSK3B	PAX3_S201	1
GSK3B	PAX3_S205	1
GSK3B	PAXBP1_S62	1
GSK3B	PCDH1_S962	1
GSK3B	PCDH7_S512	1
GSK3B	PCIF1_S144	1
GSK3B	PCYT1A_S315	1
GSK3B	PCYT1A_S319	1
GSK3B	PCYT1A_S329	1
GSK3B	PCYT1A_S331	1
GSK3B	PCYT1A_S343	1
GSK3B	PCYT1A_S347	1
GSK3B	PCYT1B_S319	1
GSK3B	PDE4B_S717	1
GSK3B	PDX1_S268	1
GSK3B	PDX1_S272	1
GSK3B	PDX1_S61	1
GSK3B	PDX1_S66	1
GSK3B	PELP1_S1059	1
GSK3B	PELP1_T745	1
GSK3B	PGR_S164	1
GSK3B	PGR_S390	1
GSK3B	PHC3_T609	1
GSK3B	PHF12_T880	1
GSK3B	PHLPP1_S1359	1
GSK3B	PHLPP1_S1379	1
GSK3B	PHLPP1_S1381	1
GSK3B	PHLPP1_T1363	1
GSK3B	PIAS1_S13	1
GSK3B	PIAS1_S17	1
GSK3B	PICK1_S342	1
GSK3B	PICK1_S415	1
GSK3B	PITPNM1_S621	1
GSK3B	PKM_T328	1
GSK3B	PLA2G4A_S505	1
GSK3B	PLCB1_S982	1
GSK3B	PLEC_T4539	1
GSK3B	PLEKHO1_S342	1
GSK3B	PNISR_S211	1
GSK3B	PNISR_S311	1
GSK3B	PNISR_S313	1
GSK3B	POGZ_S425	1
GSK3B	POLR2A_S1896	1
GSK3B	POLR2A_S1934	1
GSK3B	POP1_S730	1
GSK3B	PPARGC1A_S266	1
GSK3B	PPARGC1A_T263	1
GSK3B	PPARGC1A_T299	1
GSK3B	PPARG_S112	1
GSK3B	PPFIA1_S741	1
GSK3B	PPIF_S191	1
GSK3B	PPIG_T358	1
GSK3B	PPP1CA_T320	1
GSK3B	PPP1R13L_S183	1
GSK3B	PPP1R13L_S316	1
GSK3B	PPP1R13L_S597	1
GSK3B	PPP1R13L_T341	1
GSK3B	PPP1R16B_S333	1
GSK3B	PPP1R16B_S337	1
GSK3B	PPP1R1A_S67	1
GSK3B	PPP1R1A_T35	1
GSK3B	PPP1R1B_T34	1
GSK3B	PPP1R1B_T75	1
GSK3B	PPP1R2_T73	1
GSK3B	PPP4R2_S159	1
GSK3B	PRICKLE3_S502	1
GSK3B	PRKAA1_S486	1
GSK3B	PRKAA1_T482	1
GSK3B	PRKAA1_T490	1
GSK3B	PRKAB1_S181	1
GSK3B	PRKAR1B_S83	1
GSK3B	PRKAR2A_S48	1
GSK3B	PRKCE_S346	1
GSK3B	PRKCE_S368	1
GSK3B	PRLR_S349	1
GSK3B	PRPF4B_S356	1
GSK3B	PRPF4B_S431	1
GSK3B	PRPF4B_S437	1
GSK3B	PRPF4B_S569	1
GSK3B	PRPF4B_S578	1
GSK3B	PRRC2A_T610	1
GSK3B	PRRC2A_T782	1
GSK3B	PSEN1_S353	1
GSK3B	PSEN1_S357	1
GSK3B	PSMA5_S56	1
GSK3B	PSMD1_S315	1
GSK3B	PSMD1_T273	1
GSK3B	PSMD1_T311	1
GSK3B	PSPC1_S164	1
GSK3B	PSPC1_S473	1
GSK3B	PSPC1_S477	1
GSK3B	PTEN_S362	1
GSK3B	PTEN_S370	1
GSK3B	PTEN_T366	1
GSK3B	PTPN7_S93	1
GSK3B	PTTG1_S165	1
GSK3B	PTTG1_S183	1
GSK3B	PTTG1_S184	1
GSK3B	RAB11FIP5_S188	1
GSK3B	RAB11FIP5_T276	1
GSK3B	RAD18_S99	1
GSK3B	RANBP2_S21	1
GSK3B	RANBP2_S2276	1
GSK3B	RANBP2_S2280	1
GSK3B	RANBP2_S788	1
GSK3B	RAP1GAP_S456	1
GSK3B	RAP1GAP_S525	1
GSK3B	RAP1GAP_S589	1
GSK3B	RAP1GAP_T454	1
GSK3B	RARA_S77	1
GSK3B	RASSF1_S175	1
GSK3B	RASSF1_S178	1
GSK3B	RASSF1_S179	1
GSK3B	RASSF1_S182	1
GSK3B	RASSF1_S183	1
GSK3B	RB1_S249	1
GSK3B	RB1_S807	1
GSK3B	RB1_T252	1
GSK3B	RB1_T373	1
GSK3B	RBBP6_S730	1
GSK3B	RBL1_S1009	1
GSK3B	RBL1_S1041	1
GSK3B	RBL1_S615	1
GSK3B	RBL1_S640	1
GSK3B	RBL1_S749	1
GSK3B	RBL1_S964	1
GSK3B	RBL1_S975	1
GSK3B	RBL1_S988	1
GSK3B	RBL2_S1035	1
GSK3B	RBL2_S413	1
GSK3B	RBL2_S639	1
GSK3B	RBL2_S672	1
GSK3B	RBL2_T694	1
GSK3B	RBL2_T986	1
GSK3B	RBM14_T206	1
GSK3B	RBM38_S195	1
GSK3B	RBMX_S208	1
GSK3B	RCAN1_S108	1
GSK3B	RCAN1_S112	1
GSK3B	RCAN1_S163	1
GSK3B	RCAN1_S28	1
GSK3B	RELA_S468	1
GSK3B	RELA_S536	1
GSK3B	RELA_T254	1
GSK3B	RELB_S573	1
GSK3B	REST_S864	1
GSK3B	RFX1_S120	1
GSK3B	RFX1_T124	1
GSK3B	RICTOR_S1235	1
GSK3B	RICTOR_T1695	1
GSK3B	RIMS1_S895	1
GSK3B	RNPS1_S155	1
GSK3B	ROR2_S864	1
GSK3B	RPA2_S29	1
GSK3B	RPS3_T221	1
GSK3B	RPS6KA1_S363	1
GSK3B	RPS6KA1_T359	1
GSK3B	RPS6KA3_S369	1
GSK3B	RPS6KA4_S343	1
GSK3B	RPS6KA4_S347	1
GSK3B	RPS6KB1_S394	1
GSK3B	RPS6KB1_S441	1
GSK3B	RPS6KB1_T444	1
GSK3B	RPS6KB1_T470	1
GSK3B	RPTOR_S722	1
GSK3B	RPTOR_S792	1
GSK3B	RPTOR_S859	1
GSK3B	RPTOR_S863	1
GSK3B	RPTOR_S877	1
GSK3B	RRBP1_S615	1
GSK3B	RREB1_S36	1
GSK3B	RUNX1_S21	1
GSK3B	RUNX1_T14	1
GSK3B	RXRA_S260	1
GSK3B	RXRA_S49	1
GSK3B	RXRA_S66	1
GSK3B	RXRA_S78	1
GSK3B	SART1_T392	1
GSK3B	SCAF4_S154	1
GSK3B	SCML2_S511	1
GSK3B	SEC24B_S1224	1
GSK3B	SEPTIN5_S327	1
GSK3B	SF1_S80	1
GSK3B	SF1_S82	1
GSK3B	SFPQ_T687	1
GSK3B	SFSWAP_S834	1
GSK3B	SGK1_S78	1
GSK3B	SGTA_T303	1
GSK3B	SIGIRR_T372	1
GSK3B	SIK1_T182	1
GSK3B	SIN3A_S860	1
GSK3B	SIRT1_S47	1
GSK3B	SLC20A1_S269	1
GSK3B	SLC6A4_S48	1
GSK3B	SLC9A1_S723	1
GSK3B	SLC9A1_S726	1
GSK3B	SLCO4A1_S40	1
GSK3B	SMAD1_T202	1
GSK3B	SMAD2_S245	1
GSK3B	SMAD2_S250	1
GSK3B	SMAD2_T220	1
GSK3B	SMAD2_T8	1
GSK3B	SMAD3_S204	1
GSK3B	SMAD3_T66	1
GSK3B	SMAD4_T265	1
GSK3B	SMAD4_T269	1
GSK3B	SMAD4_T273	1
GSK3B	SMAD4_T277	1
GSK3B	SMARCAD1_S34	1
GSK3B	SMARCC1_S330	1
GSK3B	SMARCC1_T335	1
GSK3B	SMARCC2_S302	1
GSK3B	SMARCC2_S304	1
GSK3B	SMARCC2_S347	1
GSK3B	SMARCC2_T1208	1
GSK3B	SMC4_S22	1
GSK3B	SNAI1_S100	1
GSK3B	SNAI1_S104	1
GSK3B	SNAI1_S107	1
GSK3B	SNAI1_S111	1
GSK3B	SNAI1_S115	1
GSK3B	SNAI1_S119	1
GSK3B	SNAI1_S96	1
GSK3B	SNAI2_S100	1
GSK3B	SNAI2_S104	1
GSK3B	SNAI2_S92	1
GSK3B	SNAI2_S96	1
GSK3B	SNAPC4_S1224	1
GSK3B	SNCAIP_S556	1
GSK3B	SNCA_S129	1
GSK3B	SNRNP70_S226	1
GSK3B	SNTA1_S193	1
GSK3B	SNTA1_S201	1
GSK3B	SNW1_S224	1
GSK3B	SON_S1769	1
GSK3B	SORBS1_S345	1
GSK3B	SOS1_S1082	1
GSK3B	SOS1_S1210	1
GSK3B	SOX9_T236	1
GSK3B	SP1_S728	1
GSK3B	SP1_S732	1
GSK3B	SPAG5_S974	1
GSK3B	SPAG5_T111	1
GSK3B	SPAG5_T937	1
GSK3B	SPAG5_T978	1
GSK3B	SPEN_S1261	1
GSK3B	SPEN_S2120	1
GSK3B	SPEN_S736	1
GSK3B	SPEN_S740	1
GSK3B	SPI1_S140	1
GSK3B	SPI1_S41	1
GSK3B	SPIB_S37	1
GSK3B	SPTBN1_S2102	1
GSK3B	SPTBN1_S2138	1
GSK3B	SPTBN1_S2164	1
GSK3B	SPTBN1_S2165	1
GSK3B	SPTBN1_S2169	1
GSK3B	SQSTM1_S272	1
GSK3B	SRC_S43	1
GSK3B	SRC_S493	1
GSK3B	SRC_S51	1
GSK3B	SRC_Y419	1
GSK3B	SREBF1_S430	1
GSK3B	SREBF1_S434	1
GSK3B	SREBF1_S460	1
GSK3B	SREBF1_S464	1
GSK3B	SREBF1_S73	1
GSK3B	SREBF1_T426	1
GSK3B	SREBF1_T456	1
GSK3B	SRF_S224	1
GSK3B	SRRM1_S211	1
GSK3B	SRRM1_S389	1
GSK3B	SRRM1_S393	1
GSK3B	SRRM1_S402	1
GSK3B	SRRM1_S541	1
GSK3B	SRRM1_S549	1
GSK3B	SRRM1_S551	1
GSK3B	SRRM1_S560	1
GSK3B	SRRM1_S562	1
GSK3B	SRRM1_S583	1
GSK3B	SRRM1_S605	1
GSK3B	SRRM1_S607	1
GSK3B	SRRM1_S616	1
GSK3B	SRRM1_S626	1
GSK3B	SRRM1_S628	1
GSK3B	SRRM1_S665	1
GSK3B	SRRM1_S675	1
GSK3B	SRRM1_S756	1
GSK3B	SRRM1_S769	1
GSK3B	SRRM1_S781	1
GSK3B	SRRM1_S791	1
GSK3B	SRRM1_S795	1
GSK3B	SRRM1_S797	1
GSK3B	SRRM1_T406	1
GSK3B	SRRM1_T572	1
GSK3B	SRRM1_T574	1
GSK3B	SRRM1_T581	1
GSK3B	SRRM2_S1073	1
GSK3B	SRRM2_S1083	1
GSK3B	SRRM2_S1132	1
GSK3B	SRRM2_S1497	1
GSK3B	SRRM2_S1499	1
GSK3B	SRRM2_S1727	1
GSK3B	SRRM2_S1848	1
GSK3B	SRRM2_S2046	1
GSK3B	SRRM2_S2071	1
GSK3B	SRRM2_S2382	1
GSK3B	SRRM2_S2398	1
GSK3B	SRRM2_S2426	1
GSK3B	SRRM2_S2449	1
GSK3B	SRRM2_S2694	1
GSK3B	SRRM2_S351	1
GSK3B	SRRM2_S353	1
GSK3B	SRRM2_S377	1
GSK3B	SRRM2_S424	1
GSK3B	SRRM2_S908	1
GSK3B	SRRM2_S914	1
GSK3B	SRRM2_S937	1
GSK3B	SRRM2_S954	1
GSK3B	SRRM2_T1844	1
GSK3B	SRRM2_T1880	1
GSK3B	SRRM2_T1962	1
GSK3B	SRRM2_T2092	1
GSK3B	SRRM2_T2104	1
GSK3B	SRRM2_T2409	1
GSK3B	SRRM2_T252	1
GSK3B	SRRM2_T367	1
GSK3B	SRRT_T543	1
GSK3B	SRRT_T544	1
GSK3B	SRSF2_S188	1
GSK3B	SRSF2_S190	1
GSK3B	SRSF5_S233	1
GSK3B	SRSF7_S227	1
GSK3B	SRSF7_S233	1
GSK3B	STAT1_S727	1
GSK3B	STAT2_S381	1
GSK3B	STAT2_S393	1
GSK3B	STAT2_T385	1
GSK3B	STAT3_S727	1
GSK3B	STAT3_T714	1
GSK3B	STAT5B_S731	1
GSK3B	STK38_S11	1
GSK3B	STK38_S6	1
GSK3B	STK38_T7	1
GSK3B	STMN2_S62	1
GSK3B	STMN3_S60	1
GSK3B	STUB1_S19	1
GSK3B	STUB1_S23	1
GSK3B	STX7_T78	1
GSK3B	SUFU_S342	1
GSK3B	SUFU_S346	1
GSK3B	SUGP2_S277	1
GSK3B	SYAP1_T248	1
GSK3B	SYN1_S39	1
GSK3B	SYN1_S551	1
GSK3B	SYN1_S62	1
GSK3B	SYN1_S67	1
GSK3B	TACC3_S434	1
GSK3B	TAF2_S1194	1
GSK3B	TAF3_S243	1
GSK3B	TAF3_S297	1
GSK3B	TAF6_S653	1
GSK3B	TAL2_S100	1
GSK3B	TBK1_S172	1
GSK3B	TCAP_S157	1
GSK3B	TCAP_S161	1
GSK3B	TCF20_S583	1
GSK3B	TCF20_T1671	1
GSK3B	TCF3_T355	1
GSK3B	TCOF1_S1151	1
GSK3B	TCOF1_S890	1
GSK3B	TERF2IP_S154	1
GSK3B	TESK1_S220	1
GSK3B	TFEB_S134	1
GSK3B	TFEB_S138	1
GSK3B	THRAP3_S320	1
GSK3B	TJP2_S107	1
GSK3B	TJP2_S266	1
GSK3B	TJP2_S296	1
GSK3B	TLE3_S263	1
GSK3B	TLE3_S267	1
GSK3B	TLE3_S286	1
GSK3B	TLK2_S99	1
GSK3B	TNKS1BP1_S691	1
GSK3B	TNKS_S978	1
GSK3B	TNKS_S987	1
GSK3B	TNKS_S991	1
GSK3B	TNKS_T982	1
GSK3B	TOP2A_S1361	1
GSK3B	TP53BP1_S1635	1
GSK3B	TP53BP1_S166	1
GSK3B	TP53BP1_S176	1
GSK3B	TP53BP1_S178	1
GSK3B	TP53BP1_T1056	1
GSK3B	TP53BP1_T1638	1
GSK3B	TP53_S315	1
GSK3B	TP53_S33	1
GSK3B	TP53_S376	1
GSK3B	TPD52L2_S206	1
GSK3B	TPX2_S738	1
GSK3B	TRA2B_S264	1
GSK3B	TRA2B_S266	1
GSK3B	TRAF6_T266	1
GSK3B	TRERF1_S491	1
GSK3B	TSC2_S1337	1
GSK3B	TSC2_S1341	1
GSK3B	TSC2_S1379	1
GSK3B	TSC2_S1383	1
GSK3B	TTC39A_S9	1
GSK3B	UBA1_S835	1
GSK3B	UBE2A_S120	1
GSK3B	UBE2E3_S12	1
GSK3B	UBR1_T21	1
GSK3B	UBTF_S389	1
GSK3B	UBTF_S484	1
GSK3B	UBTF_T201	1
GSK3B	UNG_S64	1
GSK3B	UNG_T60	1
GSK3B	USF1_S186	1
GSK3B	USF1_T153	1
GSK3B	USF2_S155	1
GSK3B	USF2_T230	1
GSK3B	VDAC1_S13	1
GSK3B	VDAC1_T107	1
GSK3B	VDAC1_T51	1
GSK3B	VHL_S68	1
GSK3B	WEE1_S211	1
GSK3B	WRNIP1_S65	1
GSK3B	WT1_S63	1
GSK3B	WT1_S67	1
GSK3B	WT1_S69	1
GSK3B	WTAP_S306	1
GSK3B	XIAP_T180	1
GSK3B	YBX3_S34	1
GSK3B	YLPM1_S634	1
GSK3B	ZBTB16_S184	1
GSK3B	ZBTB16_T282	1
GSK3B	ZBTB21_S1003	1
GSK3B	ZBTB21_S983	1
GSK3B	ZC3HAV1_S257	1
GSK3B	ZC3HAV1_S267	1
GSK3B	ZC3HAV1_S271	1
GSK3B	ZFPM1_S666	1
GSK3B	ZHX1_S648	1
GSK3B	ZHX1_T682	1
GSK3B	ZMYM2_S838	1
GSK3B	ZMYM3_T817	1
GSK3B	ZMYND8_S490	1
GSK3B	ZNF217_S407	1
GSK3B	ZNF281_S638	1
GSK3B	ZNF322_S391	1
GSK3B	ZNF322_S396	1
GSK3B	ZNF335_S976	1
GSK3B	ZYX_S202	1
GSK3B	ZYX_S259	1
GSK3B	ZYX_S344	1
GSK3B	ZYX_T179	1
GSK3B	ZYX_T274	1
GSKIP	GSK3B_S9	1
GSPT2	EIF4EBP1_S65	1
GSR	FOXO3_T32	1
GSR	NR3C1_S211	1
GTF2E1	BCR_Y246	1
GTF2F1	RARG_S77	1
GTF2F1	RARG_S79	1
GTF2H1	AR_S516	1
GTF2H1	E2F1_S403	1
GTF2H1	E2F1_T433	1
GTF2H1	ESR1_S118	1
GTF2H1	NR5A1_S203	1
GTF2H1	POLR2A_S1619	1
GTF2H1	POLR2A_S1626	1
GTF2H1	POLR2A_S1647	1
GTF2H1	POLR2A_S1654	1
GTF2H1	POLR2A_S1668	1
GTF2H1	POLR2A_S1675	1
GTF2H1	POLR2A_S1696	1
GTF2H1	POLR2A_S1717	1
GTF2H1	POLR2A_S1724	1
GTF2H1	POLR2A_S1738	1
GTF2H1	POLR2A_S1766	1
GTF2H1	POLR2A_S1787	1
GTF2H1	POLR2A_S1864	1
GTF2H1	POLR2A_S1871	1
GTF2H1	POLR2A_S1882	1
GTF2H1	POLR2A_S1892	1
GTF2H1	POLR2A_S1899	1
GTF2H1	POLR2A_S1913	1
GTF2H1	POLR2A_S1920	1
GTF2H1	POLR2A_S1927	1
GTF2H1	POLR2A_S1934	1
GTF2H1	POLR2A_S1944	1
GTF2H1	POLR2A_S1951	1
GTF2H1	RARA_S77	1
GTF2H2	AR_S516	1
GTF2H2	E2F1_S403	1
GTF2H2	ESR1_S118	1
GTF2H2	NR5A1_S203	1
GTF2H2	POLR2A_S1619	1
GTF2H2	POLR2A_S1626	1
GTF2H2	POLR2A_S1647	1
GTF2H2	POLR2A_S1654	1
GTF2H2	POLR2A_S1668	1
GTF2H2	POLR2A_S1675	1
GTF2H2	POLR2A_S1696	1
GTF2H2	POLR2A_S1717	1
GTF2H2	POLR2A_S1724	1
GTF2H2	POLR2A_S1738	1
GTF2H2	POLR2A_S1766	1
GTF2H2	POLR2A_S1787	1
GTF2H2	POLR2A_S1864	1
GTF2H2	POLR2A_S1871	1
GTF2H2	POLR2A_S1882	1
GTF2H2	POLR2A_S1892	1
GTF2H2	POLR2A_S1899	1
GTF2H2	POLR2A_S1913	1
GTF2H2	POLR2A_S1920	1
GTF2H2	POLR2A_S1927	1
GTF2H2	POLR2A_S1934	1
GTF2H2	POLR2A_S1944	1
GTF2H2	POLR2A_S1951	1
GTF2H2	RARA_S77	1
GTF2H2C_2	AR_S516	1
GTF2H2C_2	E2F1_S403	1
GTF2H2C_2	ESR1_S118	1
GTF2H2C_2	NR5A1_S203	1
GTF2H2C_2	POLR2A_S1619	1
GTF2H2C_2	POLR2A_S1626	1
GTF2H2C_2	POLR2A_S1647	1
GTF2H2C_2	POLR2A_S1654	1
GTF2H2C_2	POLR2A_S1668	1
GTF2H2C_2	POLR2A_S1675	1
GTF2H2C_2	POLR2A_S1696	1
GTF2H2C_2	POLR2A_S1717	1
GTF2H2C_2	POLR2A_S1724	1
GTF2H2C_2	POLR2A_S1738	1
GTF2H2C_2	POLR2A_S1766	1
GTF2H2C_2	POLR2A_S1787	1
GTF2H2C_2	POLR2A_S1864	1
GTF2H2C_2	POLR2A_S1871	1
GTF2H2C_2	POLR2A_S1882	1
GTF2H2C_2	POLR2A_S1892	1
GTF2H2C_2	POLR2A_S1899	1
GTF2H2C_2	POLR2A_S1913	1
GTF2H2C_2	POLR2A_S1920	1
GTF2H2C_2	POLR2A_S1927	1
GTF2H2C_2	POLR2A_S1934	1
GTF2H2C_2	POLR2A_S1944	1
GTF2H2C_2	POLR2A_S1951	1
GTF2H2C_2	RARA_S77	1
GTF2H3	AR_S516	1
GTF2H3	E2F1_S403	1
GTF2H3	ESR1_S118	1
GTF2H3	NR5A1_S203	1
GTF2H3	POLR2A_S1619	1
GTF2H3	POLR2A_S1626	1
GTF2H3	POLR2A_S1647	1
GTF2H3	POLR2A_S1654	1
GTF2H3	POLR2A_S1668	1
GTF2H3	POLR2A_S1675	1
GTF2H3	POLR2A_S1696	1
GTF2H3	POLR2A_S1717	1
GTF2H3	POLR2A_S1724	1
GTF2H3	POLR2A_S1738	1
GTF2H3	POLR2A_S1766	1
GTF2H3	POLR2A_S1787	1
GTF2H3	POLR2A_S1864	1
GTF2H3	POLR2A_S1871	1
GTF2H3	POLR2A_S1882	1
GTF2H3	POLR2A_S1892	1
GTF2H3	POLR2A_S1899	1
GTF2H3	POLR2A_S1913	1
GTF2H3	POLR2A_S1920	1
GTF2H3	POLR2A_S1927	1
GTF2H3	POLR2A_S1934	1
GTF2H3	POLR2A_S1944	1
GTF2H3	POLR2A_S1951	1
GTF2H3	RARA_S77	1
GTF2H4	AR_S516	1
GTF2H4	E2F1_S403	1
GTF2H4	ESR1_S118	1
GTF2H4	NR5A1_S203	1
GTF2H4	POLR2A_S1619	1
GTF2H4	POLR2A_S1626	1
GTF2H4	POLR2A_S1647	1
GTF2H4	POLR2A_S1654	1
GTF2H4	POLR2A_S1668	1
GTF2H4	POLR2A_S1675	1
GTF2H4	POLR2A_S1696	1
GTF2H4	POLR2A_S1717	1
GTF2H4	POLR2A_S1724	1
GTF2H4	POLR2A_S1738	1
GTF2H4	POLR2A_S1766	1
GTF2H4	POLR2A_S1787	1
GTF2H4	POLR2A_S1864	1
GTF2H4	POLR2A_S1871	1
GTF2H4	POLR2A_S1882	1
GTF2H4	POLR2A_S1892	1
GTF2H4	POLR2A_S1899	1
GTF2H4	POLR2A_S1913	1
GTF2H4	POLR2A_S1920	1
GTF2H4	POLR2A_S1927	1
GTF2H4	POLR2A_S1934	1
GTF2H4	POLR2A_S1944	1
GTF2H4	POLR2A_S1951	1
GTF2H4	RARA_S77	1
GTF2H5	AR_S516	1
GTF2H5	E2F1_S403	1
GTF2H5	ESR1_S118	1
GTF2H5	NR5A1_S203	1
GTF2H5	POLR2A_S1619	1
GTF2H5	POLR2A_S1626	1
GTF2H5	POLR2A_S1647	1
GTF2H5	POLR2A_S1654	1
GTF2H5	POLR2A_S1668	1
GTF2H5	POLR2A_S1675	1
GTF2H5	POLR2A_S1696	1
GTF2H5	POLR2A_S1717	1
GTF2H5	POLR2A_S1724	1
GTF2H5	POLR2A_S1738	1
GTF2H5	POLR2A_S1766	1
GTF2H5	POLR2A_S1787	1
GTF2H5	POLR2A_S1864	1
GTF2H5	POLR2A_S1871	1
GTF2H5	POLR2A_S1882	1
GTF2H5	POLR2A_S1892	1
GTF2H5	POLR2A_S1899	1
GTF2H5	POLR2A_S1913	1
GTF2H5	POLR2A_S1920	1
GTF2H5	POLR2A_S1927	1
GTF2H5	POLR2A_S1934	1
GTF2H5	POLR2A_S1944	1
GTF2H5	POLR2A_S1951	1
GTF2H5	RARA_S77	1
GUCY2C	VASP_S157	1
GUCY2C	VASP_S239	1
GZMA	RYR2_S2808	1
H2AX	CHEK1_S345	1
H2AX	NPM1_S139	1
H2AX	TRIM28_S824	1
HACD1	PDPK1_S241	1
HACD1	RAF1_T269	1
HACD3	TP53_S37	1
HACD3	TP53_T18	1
HADHB	FOXO3_S294	1
HASPIN	H3C1_T4	1
HASPIN	PLK1_S330	1
HASPIN	PLK1_S335	1
HASPIN	PLK1_T210	1
HBEGF	EGFR_S1166	1
HBEGF	EGFR_Y1016	1
HBEGF	EGFR_Y1069	1
HBEGF	EGFR_Y1092	1
HBEGF	EGFR_Y1197	1
HBEGF	GSK3A_S21	1
HBEGF	GSK3A_S65	1
HBEGF	GSK3B_S66	1
HBEGF	HIF1A_Y565	1
HBZ	PRKCQ_T538	1
HCG22	ELAVL1_S202	1
HCK	ABL1_Y115	1
HCK	ABL1_Y128	1
HCK	ABL1_Y134	1
HCK	ABL1_Y139	1
HCK	ABL1_Y147	1
HCK	ABL1_Y158	1
HCK	ABL1_Y172	1
HCK	ABL1_Y185	1
HCK	ABL1_Y191	1
HCK	ABL1_Y204	1
HCK	ABL1_Y215	1
HCK	ABL1_Y226	1
HCK	ABL1_Y234	1
HCK	ABL1_Y245	1
HCK	ABL1_Y393	1
HCK	ABL1_Y412	1
HCK	ABL1_Y70	1
HCK	ABL1_Y89	1
HCK	ACAP2_Y742	1
HCK	ADAM15_Y715	1
HCK	ADAM15_Y735	1
HCK	ALK_Y1507	1
HCK	ALOX5_Y43	1
HCK	ALOX5_Y54	1
HCK	ALOX5_Y95	1
HCK	ANXA1_Y21	1
HCK	BCR_Y177	1
HCK	BCR_Y246	1
HCK	BCR_Y276	1
HCK	BLK_Y494	1
HCK	BLNK_Y96	1
HCK	CBL_Y731	1
HCK	CD247_Y111	1
HCK	CD247_Y123	1
HCK	CD247_Y142	1
HCK	CD247_Y153	1
HCK	CD247_Y72	1
HCK	CD247_Y83	1
HCK	CD3G_Y160	1
HCK	CD3G_Y171	1
HCK	CD6_Y662	1
HCK	CSF3R_Y752	1
HCK	CSF3R_Y779	1
HCK	CSF3R_Y787	1
HCK	CSF3R_Y814	1
HCK	DAPP1_Y139	1
HCK	DOK1_Y449	1
HCK	DOK2_Y271	1
HCK	DOK2_Y299	1
HCK	DOK2_Y345	1
HCK	EGFR_Y1016	1
HCK	EGFR_Y1069	1
HCK	EGFR_Y1092	1
HCK	EGFR_Y1110	1
HCK	EGFR_Y1172	1
HCK	EGFR_Y1197	1
HCK	ELMO1_Y18	1
HCK	ELMO1_Y216	1
HCK	ELMO1_Y240	1
HCK	ELMO1_Y31	1
HCK	ELMO1_Y395	1
HCK	ELMO1_Y511	1
HCK	ELMO1_Y720	1
HCK	EMD_Y95	1
HCK	EPHB3_Y614	1
HCK	FCGR2A_Y288	1
HCK	FCGR2A_Y304	1
HCK	FES_Y713	1
HCK	IFNAR1_Y481	1
HCK	ITGB3_Y773	1
HCK	ITK_Y512	1
HCK	LCP2_Y128	1
HCK	NGEF_Y179	1
HCK	PDPK1_Y373	1
HCK	PECAM1_Y713	1
HCK	PLCG1_Y1253	1
HCK	PLCG1_Y1254	1
HCK	PLCG1_Y771	1
HCK	PLCG1_Y783	1
HCK	PLCG2_Y753	1
HCK	PLCG2_Y759	1
HCK	PRKCD_Y313	1
HCK	PTK2B_Y580	1
HCK	PTK2_Y397	1
HCK	PXN_Y118	1
HCK	PXN_Y31	1
HCK	RAF1_Y341	1
HCK	RAPGEF1_Y504	1
HCK	RAPGEF1_Y522	1
HCK	RIN1_Y36	1
HCK	SKAP2_Y75	1
HCK	SNCA_S129	1
HCK	SNCA_Y125	1
HCK	STAT3_Y704	1
HCK	STAT3_Y705	1
HCK	STAT5A_Y694	1
HCK	STAT5B_Y699	1
HCK	TBK1_Y354	1
HCK	TBK1_Y394	1
HCK	TP73_Y28	1
HCK	WAS_Y291	1
HCK	ZNF24_Y335	1
HCRT	KDR_Y1175	1
HCRT	PPP1R1B_T75	1
HCRT	STAT3_Y705	1
HDAC3	STAT3_S727	1
HDAC3	STAT3_Y705	1
HDAC4	FOS_T325	1
HDAC8	RAD21_S454	1
HEMGN	CDKN1A_S146	1
HEMGN	YAP1_S127	1
HGF	ADD1_S726	1
HGF	AKT1_S473	1
HGF	AXL_Y779	1
HGF	BAD_S99	1
HGF	CAV1_Y14	1
HGF	CDK1_T14	1
HGF	CDKN1A_T145	1
HGF	CDKN1B_S10	1
HGF	CREB1_S133	1
HGF	CTNNB1_Y142	1
HGF	CTNNB1_Y654	1
HGF	CTNNB1_Y670	1
HGF	CTTN_Y421	1
HGF	DGKA_Y335	1
HGF	EGFR_Y1197	1
HGF	EPHA2_S897	1
HGF	GAB1_T476	1
HGF	GAB1_Y307	1
HGF	GAB1_Y373	1
HGF	GAB1_Y406	1
HGF	GAB1_Y627	1
HGF	INSR_Y1185	1
HGF	INSR_Y1189	1
HGF	INSR_Y1190	1
HGF	MAP2K1_S222	1
HGF	MAP2K2_S222	1
HGF	MAP2K2_S226	1
HGF	MAPK1_T185	1
HGF	MAPK1_Y205	1
HGF	MAPK3_T202	1
HGF	MAPK3_Y204	1
HGF	MAPK8_T183	1
HGF	MET_Y1003	1
HGF	MET_Y1230	1
HGF	MET_Y1234	1
HGF	MET_Y1235	1
HGF	MET_Y1313	1
HGF	MET_Y1349	1
HGF	MST1R_Y1238	1
HGF	MST1R_Y1239	1
HGF	MTOR_T308	1
HGF	NOS3_S1179	1
HGF	PRKCB_T642	1
HGF	PRKCD_T507	1
HGF	PTK2_S722	1
HGF	PTK2_Y397	1
HGF	PXN_S126	1
HGF	PXN_S178	1
HGF	PXN_S83	1
HGF	PXN_Y118	1
HGF	PXN_Y31	1
HGF	RB1_S612	1
HGF	RB1_S780	1
HGF	RELA_S468	1
HGF	RELB_S573	1
HGF	SPSB1_Y31	1
HGF	SRC_Y419	1
HGF	STAT6_Y641	1
HGF	STK11_S428	1
HGF	STMN1_S63	1
HGF	TIAM1_S29	1
HGF	VCL_Y822	1
HGS	EPS15_Y849	1
HIF1A	CTNNB1_Y333	1
HIF1A	DNM1L_S616	1
HIF1A	GPNMB_Y525	1
HIF1A	PTK6_Y351	1
HIF3A	ATM_S1981	1
HIF3A	ATM_S824	1
HIF3A	TRIM28_S824	1
HINT1	NOS1_S1417	1
HIPK1	CAMKK1_S475	1
HIPK1	CHEK1_S286	1
HIPK1	CHEK1_T279	1
HIPK1	DAXX_S668	1
HIPK1	MECP2_S216	1
HIPK1	MECP2_S80	1
HIPK1	PAGE4_S9	1
HIPK1	PAGE4_T51	1
HIPK1	PRKACA_T198	1
HIPK1	PRKCD_T507	1
HIPK1	RPS6KA2_S218	1
HIPK2	ATF1_S198	1
HIPK2	CBX4_T497	1
HIPK2	CDKN1B_S10	1
HIPK2	CEBPB_S76	1
HIPK2	CEBPB_T235	1
HIPK2	CREB1_S271	1
HIPK2	CTBP1_S422	1
HIPK2	CTBP2_S428	1
HIPK2	CTNNB1_S33	1
HIPK2	CTNNB1_S37	1
HIPK2	ELF4_S369	1
HIPK2	EP300_S2279	1
HIPK2	HDAC3_S374	1
HIPK2	HMGA1_S36	1
HIPK2	HMGA1_T42	1
HIPK2	HMGA1_T53	1
HIPK2	HMGA1_T67	1
HIPK2	HMGA1_T77	1
HIPK2	HMGA1_T78	1
HIPK2	KLF3_S101	1
HIPK2	KLF3_S108	1
HIPK2	KLF3_S111	1
HIPK2	KLF3_S216	1
HIPK2	KLF3_S224	1
HIPK2	KLF3_S250	1
HIPK2	KLF3_S71	1
HIPK2	KLF3_S78	1
HIPK2	KLF3_S92	1
HIPK2	MECP2_S216	1
HIPK2	MECP2_S80	1
HIPK2	NOTCH1_T2511	1
HIPK2	PAX6_T281	1
HIPK2	PAX6_T295	1
HIPK2	PAX6_T303	1
HIPK2	PAX6_T304	1
HIPK2	PAX6_T317	1
HIPK2	PAX6_T318	1
HIPK2	PAX6_T373	1
HIPK2	PAX6_T387	1
HIPK2	PDX1_S268	1
HIPK2	PML_S36	1
HIPK2	PML_S38	1
HIPK2	PML_S8	1
HIPK2	PPM1D_S54	1
HIPK2	PPM1D_S85	1
HIPK2	RUNX1_S249	1
HIPK2	RUNX1_S276	1
HIPK2	RUNX1_S303	1
HIPK2	RUNX1_T273	1
HIPK2	RUNX1_T300	1
HIPK2	SIAH2_S28	1
HIPK2	SIAH2_S68	1
HIPK2	SIAH2_T119	1
HIPK2	SIAH2_T26	1
HIPK2	SIRT1_S27	1
HIPK2	SIRT1_S682	1
HIPK2	SPAST_S268	1
HIPK2	STAT3_S727	1
HIPK2	TLE1_S239	1
HIPK2	TLE1_S286	1
HIPK2	TLE1_S289	1
HIPK2	TP53_S46	1
HIPK2	TP63_T491	1
HIPK2	ZBTB4_T795	1
HIPK2	ZBTB4_T797	1
HIPK2	ZBTB4_T983	1
HIPK3	ATF1_S198	1
HIPK3	DAXX_S668	1
HIPK3	FADD_S194	1
HIPK4	ARAP1_S648	1
HIPK4	CAMKK1_S82	1
HIPK4	HCLS1_T308	1
HIPK4	OPTN_S173	1
HIPK4	PRKACA_S11	1
HIPK4	PRKACA_T202	1
HIPK4	RPS6KA2_S546	1
HIPK4	RPS6KA2_T222	1
HIPK4	TP53_S9	1
HLX	STAT4_Y693	1
HMGA2	H2AX_S140	1
HMGB1	CAV1_Y14	1
HMGB1	MARCKS_S46	1
HMGB1	MSN_T558	1
HMOX1	ATR_S428	1
HMOX1	NOS3_S1177	1
HMOX1	PRKD1_S738	1
HMOX1	PRKD1_S742	1
HMOX1	TRIM28_S473	1
HNF1A	MTOR_T308	1
HNRNPK	GSK3B_S9	1
HNRNPM	SGK1_S422	1
HP	BAD_S99	1
HP	MDM2_S166	1
HPSE	EGFR_Y869	1
HRAS	BRAF_S579	1
HRAS	BRAF_S602	1
HRAS	BRAF_T373	1
HRAS	BRAF_T599	1
HRAS	GATA2_S192	1
HRAS	JUN_S63	1
HRAS	JUN_S73	1
HRAS	MAPK1_T185	1
HRAS	MAPK3_T202	1
HRAS	RAF1_S259	1
HRAS	RAF1_S338	1
HRAS	RAF1_S471	1
HRAS	RAF1_S494	1
HRAS	RAF1_S621	1
HRAS	RAF1_T268	1
HRAS	RAF1_T269	1
HRAS	RAF1_T491	1
HRAS	RPS6_S235	1
HRAS	SDC2_Y179	1
HRAS	STAT3_S727	1
HRAS	STIM1_S575	1
HRAS	STIM1_S608	1
HRAS	STIM1_S621	1
HRES1	BACE1_T252	1
HRES1	DPYSL2_S522	1
HRES1	MAPT_S235	1
HRES1	MAPT_S519	1
HRES1	MAPT_S721	1
HRES1	MAPT_T522	1
HRES1	MAPT_T548	1
HRES1	NR3C1_S211	1
HRES1	PAK1_T212	1
HRES1	PIK3C3_T159	1
HRES1	PTK2_S732	1
HRG	CTTN_S417	1
HRG	CTTN_S418	1
HRG	ERBB3_S686	1
HRG	ERBB3_Y1289	1
HRG	ESR1_S167	1
HRG	PTK2B_Y402	1
HRG	PTK2_Y861	1
HRG	SRC_Y216	1
HRH1	RELA_S536	1
HRH1	TH_S62	1
HSPA5	SRC_Y419	1
HSPA8	SLC6A4_S13	1
HSPB1	AKT1_S473	1
HSPB1	AR_S83	1
HSPB1	CDKN1A_T145	1
HSPB1	EGFR_T693	1
HSPB1	MAPT_S579	1
HSPB2	MAPKAPK3_S78	1
HTATIP2	CTNNB1_T41	1
HTN3	GSK3B_S9	1
HTN3	RICTOR_S9	1
HTR2C	EEF2_T57	1
HTR3A	ARRB2_T382	1
HTR3A	GSK3B_S9	1
HTR4	PPP1R1B_T34	1
HTR6	FYN_Y420	1
HTR6	PPP1R1B_T34	1
HTR7	RASGRF1_S927	1
HTT	ULK1_S556	1
HUNK	ITM2A_T35	1
HYOU1	BECN1_S30	1
HYOU1	EIF2S1_S52	1
HYOU1	ESR1_S118	1
HYOU1	MYC_T58	1
HYOU1	NOS3_T495	1
HYOU1	PGK1_S203	1
HYOU1	SRC_Y419	1
HYOU1	VASP_S239	1
IAPP	JUN_S63	1
IAPP	TP53_S20	1
IAPP	TPM1_S283	1
ICAM1	CDH5_Y658	1
ICAM1	CDH5_Y731	1
ICAM1	PXN_Y118	1
ID1	CDK1_T14	1
IDS	SCN5A_S1503	1
IFI44	SP1_T453	1
IFIH1	IKBKB_S177	1
IFITM1	TP53_T55	1
IFITM2	IRF3_S396	1
IFNA2	STAT1_Y701	1
IFNA2	STAT2_Y690	1
IFNB1	EIF2AK2_T446	1
IFNB1	EIF2AK2_T451	1
IFNB1	IRF3_S396	1
IFNB1	STAT1_S727	1
IFNB1	STAT1_Y701	1
IFNB1	ULK1_S556	1
IFNB1	ULK1_S758	1
IFNG	ATM_S1981	1
IFNG	EIF4B_S422	1
IFNG	EIF4E_S209	1
IFNG	EPRS1_S886	1
IFNG	EPRS1_S999	1
IFNG	GRIA1_S863	1
IFNG	JAK2_Y1007	1
IFNG	MAP3K5_Y718	1
IFNG	PAK1_T423	1
IFNG	RAF1_S259	1
IFNG	RB1_S795	1
IFNG	SNX8_Y126	1
IFNG	SNX8_Y95	1
IFNG	STAT1_S727	1
IFNG	STAT1_Y701	1
IFNG	STAT3_S727	1
IFNG	STAT3_Y705	1
IFNG	STAT5A_Y694	1
IFNG	TP53_S15	1
IFNGR1	EPRS1_S886	1
IFNGR1	EPRS1_S999	1
IFNGR1	STAT1_S727	1
IFNGR1	STAT1_Y701	1
IFNGR2	ESR1_S118	1
IFNGR2	STAT1_S727	1
IFNL3	STAT1_Y701	1
IGF1	ACLY_S455	1
IGF1	AKT1S1_T246	1
IGF1	AKT1_S473	1
IGF1	APP_T743	1
IGF1	AR_S215	1
IGF1	AR_S792	1
IGF1	BAD_S118	1
IGF1	BAD_S75	1
IGF1	BAD_S99	1
IGF1	CAV1_Y14	1
IGF1	EIF4EBP1_S65	1
IGF1	ESR1_S118	1
IGF1	ESR1_S167	1
IGF1	FLNA_S2152	1
IGF1	FOXG1_T279	1
IGF1	FOXO1_S319	1
IGF1	FOXO1_T24	1
IGF1	GSK3A_S21	1
IGF1	IGF1R_Y1161	1
IGF1	IGF1R_Y1165	1
IGF1	IGF1R_Y1166	1
IGF1	IRS1_S307	1
IGF1	IRS1_S312	1
IGF1	IRS1_S616	1
IGF1	IRS1_Y612	1
IGF1	IRS1_Y896	1
IGF1	NOS1_S1417	1
IGF1	NOS1_S852	1
IGF1	NOS3_S1177	1
IGF1	PDPK1_S241	1
IGF1	PREX1_S1169	1
IGF1	PRKAA1_S496	1
IGF1	PTK2_Y397	1
IGF1	RPS6KB1_T252	1
IGF1	RPS6KB1_T412	1
IGF1	SHC1_Y427	1
IGF1	SOX2_T118	1
IGF1	SRC_Y419	1
IGF1	STAT3_Y705	1
IGF1	STK11_S428	1
IGF1	TBC1D1_S237	1
IGF1	TBC1D4_S666	1
IGF1	TH_S62	1
IGF1	TSC2_T1462	1
IGF1	WNK1_T60	1
IGF1	YBX1_S102	1
IGF1R	ACLY_Y672	1
IGF1R	ACTC1_Y55	1
IGF1R	ADAM15_Y735	1
IGF1R	ADRB2_Y132	1
IGF1R	ADRB2_Y141	1
IGF1R	ADRB2_Y350	1
IGF1R	ADRB2_Y354	1
IGF1R	ALK_Y1278	1
IGF1R	ALK_Y1327	1
IGF1R	ANXA1_Y21	1
IGF1R	ANXA2_Y24	1
IGF1R	ANXA2_Y333	1
IGF1R	BAIAP2_Y506	1
IGF1R	BCAR1_Y653	1
IGF1R	BLNK_Y72	1
IGF1R	BLNK_Y96	1
IGF1R	BMX_Y224	1
IGF1R	CD28_Y191	1
IGF1R	CD3G_Y171	1
IGF1R	CD6_Y662	1
IGF1R	CDK1_Y15	1
IGF1R	CRK_Y221	1
IGF1R	CSF1R_Y699	1
IGF1R	CTNND1_Y217	1
IGF1R	CTTN_Y141	1
IGF1R	CTTN_Y178	1
IGF1R	CTTN_Y215	1
IGF1R	CTTN_Y470	1
IGF1R	DAB1_Y220	1
IGF1R	DDX3X_Y104	1
IGF1R	EFS_Y253	1
IGF1R	ESR1_S167	1
IGF1R	ESR1_Y219	1
IGF1R	ETS1_Y205	1
IGF1R	FGFR1_Y653	1
IGF1R	FGFR3_Y647	1
IGF1R	FIP1L1_Y426	1
IGF1R	GHR_Y566	1
IGF1R	GTF2I_Y318	1
IGF1R	HSPD1_Y227	1
IGF1R	IFNAR1_Y481	1
IGF1R	IFNAR2_Y411	1
IGF1R	IGFBP1_S126	1
IGF1R	IL2RB_Y387	1
IGF1R	INSR_Y1185	1
IGF1R	INSR_Y1189	1
IGF1R	INSR_Y1190	1
IGF1R	INSR_Y1355	1
IGF1R	INSR_Y1361	1
IGF1R	IRS1_S616	1
IGF1R	IRS1_Y1179	1
IGF1R	IRS1_Y1229	1
IGF1R	IRS1_Y465	1
IGF1R	IRS1_Y612	1
IGF1R	IRS1_Y632	1
IGF1R	IRS1_Y662	1
IGF1R	IRS1_Y732	1
IGF1R	IRS1_Y896	1
IGF1R	IRS1_Y941	1
IGF1R	IRS1_Y989	1
IGF1R	JAK2_Y1008	1
IGF1R	JAK3_Y981	1
IGF1R	KDR_Y1175	1
IGF1R	LCP2_Y113	1
IGF1R	LCP2_Y128	1
IGF1R	LPP_Y300	1
IGF1R	LPXN_Y22	1
IGF1R	MERTK_Y753	1
IGF1R	MERTK_Y754	1
IGF1R	MET_Y1235	1
IGF1R	MST1R_Y1238	1
IGF1R	MUC1_Y1229	1
IGF1R	NAPG_Y307	1
IGF1R	NTRK1_Y681	1
IGF1R	NTRK3_Y709	1
IGF1R	PCNA_Y133	1
IGF1R	PCNA_Y250	1
IGF1R	PCNA_Y60	1
IGF1R	PDPK1_Y373	1
IGF1R	PDPK1_Y376	1
IGF1R	PIK3R1_Y368	1
IGF1R	PIK3R1_Y580	1
IGF1R	PPP1R11_Y64	1
IGF1R	PTH1R_Y494	1
IGF1R	PTK2B_Y579	1
IGF1R	PTPN11_Y62	1
IGF1R	RET_Y905	1
IGF1R	SH2B3_Y273	1
IGF1R	SHC1_Y349	1
IGF1R	SIRPA_Y470	1
IGF1R	SIRPA_Y496	1
IGF1R	SKAP2_Y75	1
IGF1R	SLC6A1_Y107	1
IGF1R	TDO2_Y146	1
IGF1R	TRIM39_Y439	1
IGF1R	TXK_Y420	1
IGF1R	VAV2_Y142	1
IGF2	ESR1_S167	1
IGF2	IRS1_Y612	1
IGF2	IRS1_Y896	1
IGF2BP1	HSPB1_S78	1
IGF2BP1	HSPB1_S82	1
IGFBP3	NOS3_S1177	1
IKBKB	ASB8_S31	1
IKBKB	BAD_S25	1
IKBKB	BBC3_S10	1
IKBKB	BBC3_S106	1
IKBKB	BBC3_S96	1
IKBKB	BCL10_S134	1
IKBKB	BCL10_S136	1
IKBKB	BCL10_S138	1
IKBKB	BCL10_S141	1
IKBKB	BCL10_S144	1
IKBKB	BCL3_S454	1
IKBKB	CDKN2A_S8	1
IKBKB	COPS5_S201	1
IKBKB	COPS5_T205	1
IKBKB	CYLD_S418	1
IKBKB	CYLD_S422	1
IKBKB	CYLD_S432	1
IKBKB	CYLD_S436	1
IKBKB	CYLD_S439	1
IKBKB	CYLD_S441	1
IKBKB	CYLD_S444	1
IKBKB	DOK1_S439	1
IKBKB	DOK1_S443	1
IKBKB	DOK1_S446	1
IKBKB	DOK1_S450	1
IKBKB	EDC4_S107	1
IKBKB	EDC4_S405	1
IKBKB	EDC4_S583	1
IKBKB	EDC4_S855	1
IKBKB	EIF2AK2_T88	1
IKBKB	EIF2AK2_T89	1
IKBKB	ESR1_S305	1
IKBKB	FOS_S308	1
IKBKB	FOXO3_S280	1
IKBKB	FOXO3_S294	1
IKBKB	FOXO3_S644	1
IKBKB	HTT_S13	1
IKBKB	HTT_S16	1
IKBKB	HTT_T3	1
IKBKB	IKBKE_S172	1
IKBKB	IKBKG_S111	1
IKBKB	IKBKG_S136	1
IKBKB	IKBKG_S153	1
IKBKB	IKBKG_S31	1
IKBKB	IKBKG_S376	1
IKBKB	IKBKG_S383	1
IKBKB	IKBKG_S43	1
IKBKB	IKBKG_S444	1
IKBKB	IKBKG_S68	1
IKBKB	IKBKG_S85	1
IKBKB	IKBKG_S99	1
IKBKB	IRF3_S396	1
IKBKB	IRF3_S398	1
IKBKB	IRF3_S402	1
IKBKB	IRF3_S405	1
IKBKB	IRF3_T404	1
IKBKB	IRF5_S446	1
IKBKB	IRS1_S268	1
IKBKB	IRS1_S270	1
IKBKB	IRS1_S272	1
IKBKB	IRS1_S274	1
IKBKB	IRS1_S307	1
IKBKB	IRS1_S312	1
IKBKB	IRS1_S341	1
IKBKB	IRS1_S345	1
IKBKB	IRS1_S527	1
IKBKB	IRS1_S531	1
IKBKB	IRS2_S304	1
IKBKB	IRS2_S306	1
IKBKB	IRS2_S384	1
IKBKB	IRS2_S388	1
IKBKB	IRS2_S577	1
IKBKB	LRRK2_S910	1
IKBKB	LRRK2_S935	1
IKBKB	MAP3K8_S400	1
IKBKB	MAVS_S442	1
IKBKB	MTDH_S298	1
IKBKB	MTURN_S58	1
IKBKB	MYC_S67	1
IKBKB	MYC_S71	1
IKBKB	NAA10_S209	1
IKBKB	NCOA3_S857	1
IKBKB	NCOR2_S2407	1
IKBKB	NFKB1_S80	1
IKBKB	NFKB1_S923	1
IKBKB	NFKB1_S924	1
IKBKB	NFKB1_S927	1
IKBKB	NFKB1_S928	1
IKBKB	NFKB1_S932	1
IKBKB	NFKB1_S933	1
IKBKB	NFKBIA_S32	1
IKBKB	NFKBIA_S36	1
IKBKB	NFKBIB_S19	1
IKBKB	NFKBIB_S23	1
IKBKB	NKX3-2_S148	1
IKBKB	OPTN_S177	1
IKBKB	OPTN_S513	1
IKBKB	PFKFB3_S269	1
IKBKB	RAPGEF2_S1254	1
IKBKB	RELA_S131	1
IKBKB	RELA_S261	1
IKBKB	RELA_S311	1
IKBKB	RELA_S42	1
IKBKB	RELA_S45	1
IKBKB	RELA_S468	1
IKBKB	RELA_S536	1
IKBKB	RELB_S472	1
IKBKB	REL_S526	1
IKBKB	REL_S557	1
IKBKB	RPS3_S209	1
IKBKB	RPS3_S225	1
IKBKB	SNAP23_S95	1
IKBKB	STAT1_T749	1
IKBKB	TBK1_S172	1
IKBKB	TMIGD2_S220	1
IKBKB	TNFAIP3_S381	1
IKBKB	TNFRSF1A_S381	1
IKBKB	TP53_S362	1
IKBKB	TP53_S366	1
IKBKB	TP53_S392	1
IKBKB	TP63_S43	1
IKBKB	TP63_S51	1
IKBKB	TP73_S471	1
IKBKB	TSC1_S487	1
IKBKB	TSC1_S511	1
IKBKB	TWIST1_S123	1
IKBKB	TWIST1_T121	1
IKBKB	YWHAB_S132	1
IKBKE	AKT1_S473	1
IKBKE	AKT1_T308	1
IKBKE	ASB8_S17	1
IKBKE	CDK2AP1_S46	1
IKBKE	CYLD_S418	1
IKBKE	DDX3X_S102	1
IKBKE	ESR1_S167	1
IKBKE	FAF1_S556	1
IKBKE	FERMT2_S159	1
IKBKE	FOXO3_S644	1
IKBKE	GSK3A_S21	1
IKBKE	HTT_S13	1
IKBKE	IKBKB_S177	1
IKBKE	IKBKB_S181	1
IKBKE	IKBKB_S670	1
IKBKE	IKBKB_S672	1
IKBKE	IKBKB_S675	1
IKBKE	IKBKB_S682	1
IKBKE	IKBKB_S689	1
IKBKE	IKBKB_S692	1
IKBKE	IKBKB_S695	1
IKBKE	IKBKB_S697	1
IKBKE	IKBKB_S705	1
IKBKE	IKBKB_S733	1
IKBKE	IKBKB_S740	1
IKBKE	IKBKB_S750	1
IKBKE	IRF1_S215	1
IKBKE	IRF1_S219	1
IKBKE	IRF1_S221	1
IKBKE	IRF3_S385	1
IKBKE	IRF3_S386	1
IKBKE	IRF3_S396	1
IKBKE	IRF3_S398	1
IKBKE	IRF3_S402	1
IKBKE	IRF3_S405	1
IKBKE	IRF3_T404	1
IKBKE	IRF7_S471	1
IKBKE	IRF7_S472	1
IKBKE	IRF7_S477	1
IKBKE	IRF7_S479	1
IKBKE	IRF7_S484	1
IKBKE	IRF7_S485	1
IKBKE	IRF7_S490	1
IKBKE	IRF7_S492	1
IKBKE	IRS1_S268	1
IKBKE	IRS1_S270	1
IKBKE	IRS1_S272	1
IKBKE	IRS1_S274	1
IKBKE	IRS1_S307	1
IKBKE	IRS1_S312	1
IKBKE	IRS1_S341	1
IKBKE	IRS1_S345	1
IKBKE	IRS1_S527	1
IKBKE	IRS1_S531	1
IKBKE	IRS2_S304	1
IKBKE	IRS2_S306	1
IKBKE	IRS2_S384	1
IKBKE	IRS2_S388	1
IKBKE	IRS2_S577	1
IKBKE	LRRK2_S910	1
IKBKE	LRRK2_S935	1
IKBKE	NFATC1_S117	1
IKBKE	NFATC1_S151	1
IKBKE	NFATC1_S161	1
IKBKE	NFATC1_S324	1
IKBKE	NFKB1_S924	1
IKBKE	NFKB1_S928	1
IKBKE	NFKBIA_S32	1
IKBKE	NFKBIA_S36	1
IKBKE	PBXIP1_S147	1
IKBKE	PDE3B_S318	1
IKBKE	PELI1_S293	1
IKBKE	PELI1_S76	1
IKBKE	PELI1_T288	1
IKBKE	PELI1_T80	1
IKBKE	RELA_S468	1
IKBKE	RELA_S536	1
IKBKE	RELA_T308	1
IKBKE	RIGI_S855	1
IKBKE	STAT1_S708	1
IKBKE	STAT1_S727	1
IKBKE	STAT2_T404	1
IKBKE	TANK_S100	1
IKBKE	TANK_S126	1
IKBKE	TANK_S178	1
IKBKE	TANK_S208	1
IKBKE	TANK_S228	1
IKBKE	TANK_S257	1
IKBKE	TANK_S406	1
IKBKE	TANK_S409	1
IKBKE	TANK_S49	1
IKBKE	TRAF2_S11	1
IKBKE	TRAF3IP2_S328	1
IKBKE	XIAP_S430	1
IKBKE	YAP1_S403	1
IKBKE	YAP1_S419	1
IKBKG	BAD_S25	1
IKBKG	CYLD_S418	1
IKBKG	FOXO3_S644	1
IKBKG	IKBKB_S177	1
IKBKG	NCOR2_S2407	1
IKBKG	NFKBIA_S32	1
IKBKG	NFKBIA_S36	1
IKBKG	RELA_S536	1
IKZF1	BLNK_Y96	1
IL10	STAT1_Y701	1
IL10	STAT3_S727	1
IL10	STAT3_Y705	1
IL11	STAT1_Y701	1
IL12A	PPARG_S273	1
IL13	PRKCD_T507	1
IL13	STAT1_S727	1
IL13	STAT3_S727	1
IL13	STAT3_Y705	1
IL13	STAT6_Y641	1
IL15	ULK1_S556	1
IL17A	CEBPB_T235	1
IL17A	MAP3K7_T187	1
IL17A	NOS3_T495	1
IL17A	RELA_S536	1
IL17A	SGK1_S78	1
IL17A	STAT1_Y701	1
IL18	APP_T743	1
IL18	GSK3B_S9	1
IL1A	CEBPB_T235	1
IL1A	IKBKE_S172	1
IL1A	RELA_S536	1
IL1A	TAB1_S438	1
IL1A	TAB1_S452	1
IL1A	TAB1_S453	1
IL1A	TAB1_S456	1
IL1A	TAB1_S457	1
IL1A	TAB2_S372	1
IL1A	TAB2_S524	1
IL1A	TAB3_S506	1
IL1A	TAB3_S60	1
IL1A	TAB3_T404	1
IL1A	TBK1_S172	1
IL1B	ATF2_T71	1
IL1B	CDH5_Y658	1
IL1B	CEBPB_T235	1
IL1B	ESR1_S305	1
IL1B	GRIN2B_Y1474	1
IL1B	IFNAR1_S535	1
IL1B	IL12RB2_Y800	1
IL1B	IRS1_S307	1
IL1B	IRS1_S636	1
IL1B	JAK2_Y1007	1
IL1B	JAK2_Y1008	1
IL1B	MAP3K7_S439	1
IL1B	MAP3K7_T187	1
IL1B	NR2C2_S439	1
IL1B	PAK1_T423	1
IL1B	PTEN_S380	1
IL1B	RAF1_S259	1
IL1B	RAF1_S338	1
IL1B	RELA_S276	1
IL1B	RELA_S316	1
IL1B	RELA_S529	1
IL1B	RELA_S536	1
IL1B	SRC_Y419	1
IL1B	STAT1_S727	1
IL1B	STK11_S428	1
IL1B	TH_S40	1
IL1B	TYK2_Y1054	1
IL1B	TYK2_Y1055	1
IL1RL1	RB1_S807	1
IL2	AKT1_S473	1
IL2	AKT1_T308	1
IL2	AKT1_Y474	1
IL2	FOXO3_T32	1
IL2	GAB2_Y643	1
IL2	MAPK1_T185	1
IL2	MAPK1_Y187	1
IL2	MAPK3_T202	1
IL2	MAPK3_Y204	1
IL2	RAF1_S338	1
IL2	SAMHD1_T592	1
IL2	TRIM28_S473	1
IL21	STAT3_Y705	1
IL22	STAT3_Y705	1
IL24	EIF2S1_S52	1
IL25	EGFR_Y1110	1
IL25	SRC_Y419	1
IL25	STAT3_Y705	1
IL3	BAD_S75	1
IL3	BAD_S99	1
IL3	BCL2_S70	1
IL3	MCL1_S159	1
IL33	EGFR_Y1092	1
IL33	JUN_S63	1
IL34	CSF1R_Y708	1
IL4	RAF1_S338	1
IL4	STAT3_S727	1
IL4	STAT3_Y705	1
IL4	STAT6_Y641	1
IL5	NOS3_S1177	1
IL6	AR_Y535	1
IL6	ESR1_S118	1
IL6	ESR1_S167	1
IL6	IRS1_S323	1
IL6	LYN_Y397	1
IL6	LYN_Y508	1
IL6	MTOR_S2448	1
IL6	PTPN11_Y546	1
IL6	RPS6KB1_S447	1
IL6	SGK1_S78	1
IL6	STAT1_Y701	1
IL6	STAT3_S727	1
IL6	STAT3_Y705	1
IL6	STK11_S428	1
IL6	TWIST1_S18	1
IL6	TWIST1_S20	1
IL6	VASP_S157	1
IL6R	STAT3_S727	1
IL6R	STAT3_Y705	1
IL6ST	JAK2_Y1007	1
IL6ST	JAK2_Y1008	1
IL6ST	STAT3_Y705	1
IL7	FOXO3_T32	1
IL7	SAMHD1_T592	1
IL9	STAT3_Y705	1
ILK	AKT1_S473	1
ILK	AKT2_S474	1
ILK	AKT3_S472	1
ILK	CFL1_S3	1
ILK	DDX20_T688	1
ILK	GRIA1_S863	1
ILK	GSK3B_S9	1
ILK	MYL12B_S20	1
ILK	MYL12B_T19	1
ILK	MYL9_S20	1
ILK	MYL9_T19	1
ILK	NACA_S1906	1
ILK	NACA_S43	1
ILK	NACA_S753	1
ILK	NACA_T92	1
ILK	NFKBIA_S32	1
ILK	NOC2L_S121	1
ILK	NOC2L_S67	1
ILK	NOC2L_S672	1
ILK	PPP1R12A_T500	1
ILK	PPP1R12A_T696	1
ILK	PPP1R12A_T710	1
ILK	PPP1R14A_S136	1
ILK	PPP1R14A_T38	1
ILK	PPP1R14B_T57	1
ILK	PPP1R14C_T73	1
ILK	PRKACA_S140	1
ILK	RICTOR_T1135	1
ILK	YAP1_S127	1
IMPACT	CTNNB1_S45	1
IMPACT	HACE1_S385	1
IMPACT	NOS3_S1179	1
INCENP	BUB1_T609	1
ING2	NOS3_S1177	1
INPP4B	SGK3_T320	1
INS	AKT1S1_S183	1
INS	AKT1S1_T246	1
INS	AKT1_S473	1
INS	AKT1_T308	1
INS	AKT2_S474	1
INS	AKT2_T309	1
INS	ANXA2_Y24	1
INS	APPL1_S401	1
INS	ATF2_T71	1
INS	ATP2B1_S474	1
INS	BMAL1_S42	1
INS	CAV1_Y14	1
INS	CAV2_Y19	1
INS	CDKN1B_S10	1
INS	CEBPA_T226	1
INS	CREBBP_S437	1
INS	CRTC2_S136	1
INS	CRTC2_S171	1
INS	EIF2S1_S52	1
INS	EIF2S2_S2	1
INS	EIF4B_S422	1
INS	EIF4EBP1_S112	1
INS	EIF4EBP1_S65	1
INS	EIF4EBP1_T36	1
INS	EIF4EBP1_T70	1
INS	EIF4E_S209	1
INS	ERBB3_Y1289	1
INS	EXOC4_S32	1
INS	FAM168B_S157	1
INS	FOXO1_S256	1
INS	FOXO1_S319	1
INS	FOXO1_T24	1
INS	FOXO3_T32	1
INS	FOXO4_T32	1
INS	GATA2_S401	1
INS	GJA1_S368	1
INS	GSK3A_S21	1
INS	GSK3B_S21	1
INS	GSK3B_S9	1
INS	INSR_S473	1
INS	INSR_S994	1
INS	INSR_T1375	1
INS	INSR_Y1185	1
INS	INSR_Y1189	1
INS	INSR_Y1190	1
INS	INSR_Y1355	1
INS	INSR_Y1361	1
INS	INSR_Y999	1
INS	IRS1_S1101	1
INS	IRS1_S307	1
INS	IRS1_S312	1
INS	IRS1_S323	1
INS	IRS1_S527	1
INS	IRS1_S531	1
INS	IRS1_S616	1
INS	IRS1_S629	1
INS	IRS1_T309	1
INS	IRS1_Y612	1
INS	IRS1_Y632	1
INS	IRS1_Y896	1
INS	JUN_S73	1
INS	KLHL3_S433	1
INS	LMNA_S404	1
INS	LPIN1_S106	1
INS	MAP3K11_S674	1
INS	MAPK3_Y204	1
INS	MAPKAP1_T86	1
INS	MAPT_S519	1
INS	MED17_S53	1
INS	MTOR_S2448	1
INS	MTOR_S2481	1
INS	MTOR_T36	1
INS	MYLK_S1760	1
INS	NEDD4L_S327	1
INS	NOS1_S1417	1
INS	NOS3_S1177	1
INS	NOS3_S1179	1
INS	NOS3_S615	1
INS	NOS3_S617	1
INS	NOS3_T495	1
INS	NOS3_Y657	1
INS	PFKL_S775	1
INS	PHB1_Y114	1
INS	PHB1_Y259	1
INS	PLCG1_Y783	1
INS	PPARGC1A_S571	1
INS	PPP1R12A_S477	1
INS	PPP1R12A_S478	1
INS	PPP1R12A_S507	1
INS	PPP1R12A_S668	1
INS	PPP1R12A_S695	1
INS	PPP1R12B_S29	1
INS	PPP1R12B_S504	1
INS	PRKCE_S729	1
INS	PTPN1_Y152	1
INS	PTPN1_Y153	1
INS	PTPN1_Y66	1
INS	PTPN6_Y536	1
INS	RALGAPA2_S486	1
INS	RALGAPA2_S696	1
INS	RALGAPA2_T715	1
INS	RPS6KB1_S394	1
INS	RPS6KB1_S447	1
INS	RPS6KB1_T412	1
INS	RPS6KB1_T444	1
INS	RPS6_S235	1
INS	RPS6_S236	1
INS	RPS6_S240	1
INS	RPS6_S244	1
INS	RPTOR_S696	1
INS	RPTOR_S863	1
INS	SGK1_S422	1
INS	SH2B2_Y629	1
INS	SIK2_S358	1
INS	SLC5A2_S624	1
INS	SLC9A1_S648	1
INS	SRC_Y419	1
INS	STK11_S428	1
INS	STK4_S438	1
INS	STXBP4_S99	1
INS	TBC1D1_S235	1
INS	TBC1D1_S237	1
INS	TBC1D1_T596	1
INS	TBC1D4_S318	1
INS	TBC1D4_S341	1
INS	TBC1D4_S570	1
INS	TBC1D4_S588	1
INS	TBC1D4_S666	1
INS	TBC1D4_S704	1
INS	TBC1D4_S751	1
INS	TBC1D4_T642	1
INS	TBC1D4_T752	1
INS	TPPP3_S158	1
INS	TPT1_S9	1
INS	TSC2_T1462	1
INS	TTN_S11878	1
INS	TTN_S4010	1
INS	TTN_S4099	1
INS	ULK1_S758	1
INS	ULK1_S775	1
INS	USF1_S262	1
INS	WNK1_T60	1
INSR	ABL1_Y393	1
INSR	ABL1_Y412	1
INSR	ABL2_Y439	1
INSR	ABLIM1_Y410	1
INSR	ACTN1_Y12	1
INSR	ADRB2_Y132	1
INSR	ADRB2_Y141	1
INSR	ADRB2_Y350	1
INSR	ADRB2_Y354	1
INSR	AKT1_S473	1
INSR	ANAPC4_Y469	1
INSR	ANXA2_Y24	1
INSR	APLF_S116	1
INSR	APP_Y757	1
INSR	ARFGAP3_Y349	1
INSR	ARHGAP5_Y306	1
INSR	ATM_S1981	1
INSR	ATM_S1987	1
INSR	ATP1A1_Y10	1
INSR	BCAR1_Y653	1
INSR	BCR_Y246	1
INSR	BLNK_Y72	1
INSR	BLNK_Y96	1
INSR	BLVRA_Y198	1
INSR	BLVRA_Y228	1
INSR	BLVRA_Y291	1
INSR	BMX_Y566	1
INSR	BRCA1_S988	1
INSR	BUB1_S314	1
INSR	CALM1_Y100	1
INSR	CALM1_Y139	1
INSR	CALM2_Y100	1
INSR	CALM2_Y139	1
INSR	CALM3_Y100	1
INSR	CALM3_Y139	1
INSR	CBL_Y371	1
INSR	CBL_Y700	1
INSR	CBL_Y774	1
INSR	CCDC88A_Y1765	1
INSR	CCDC88C_Y2025	1
INSR	CD19_Y348	1
INSR	CD19_Y439	1
INSR	CD19_Y531	1
INSR	CD247_Y153	1
INSR	CD3D_Y160	1
INSR	CD79A_Y182	1
INSR	CD79A_Y199	1
INSR	CDC25A_S124	1
INSR	CDK1_Y15	1
INSR	CDKN1B_S140	1
INSR	CHD4_S1349	1
INSR	CHEK1_S317	1
INSR	CHEK1_S345	1
INSR	CHEK2_S15	1
INSR	CHEK2_T68	1
INSR	CREB1_S133	1
INSR	CRK_Y221	1
INSR	CTNNB1_S675	1
INSR	CTTN_Y466	1
INSR	CYLD_S418	1
INSR	DAPP1_Y139	1
INSR	DCK_S74	1
INSR	DCLRE1C_S516	1
INSR	DDX3Y_Y69	1
INSR	DOK1_Y362	1
INSR	DOK1_Y398	1
INSR	DYRK1A_Y145	1
INSR	E2F1_S31	1
INSR	EIF4EBP2_T37	1
INSR	EIF4EBP2_T46	1
INSR	ELAVL1_T118	1
INSR	ELP3_Y202	1
INSR	EP300_S106	1
INSR	EPOR_Y489	1
INSR	ERBB3_Y1262	1
INSR	ERCC6_S10	1
INSR	EXO1_S714	1
INSR	FABP4_Y20	1
INSR	FANCD2_S222	1
INSR	FCGR2A_Y281	1
INSR	FER_Y714	1
INSR	FGFR1_Y654	1
INSR	FGR_Y412	1
INSR	FH_T236	1
INSR	FLT1_Y1169	1
INSR	FLT1_Y1242	1
INSR	FLT1_Y794	1
INSR	FUBP1_Y58	1
INSR	GAB1_Y242	1
INSR	GAB1_Y285	1
INSR	GAB1_Y373	1
INSR	GAB1_Y447	1
INSR	GAB1_Y472	1
INSR	GAB1_Y589	1
INSR	GAB1_Y619	1
INSR	GAB1_Y627	1
INSR	GAB1_Y657	1
INSR	GAB1_Y659	1
INSR	GAB1_Y689	1
INSR	H2AC20_T121	1
INSR	H2AX_S140	1
INSR	HCK_Y410	1
INSR	HERC2_T4827	1
INSR	HNRNPA0_Y180	1
INSR	HSPA4_Y336	1
INSR	HSPB1_S78	1
INSR	HTR6_Y125	1
INSR	ID3_S65	1
INSR	IGF1R_Y1161	1
INSR	IGF1R_Y1165	1
INSR	IGF1R_Y1166	1
INSR	IGF1R_Y1346	1
INSR	IGF1R_Y980	1
INSR	IL2RB_Y418	1
INSR	IRS1_S1222	1
INSR	IRS1_S307	1
INSR	IRS1_Y1179	1
INSR	IRS1_Y1229	1
INSR	IRS1_Y465	1
INSR	IRS1_Y612	1
INSR	IRS1_Y632	1
INSR	IRS1_Y896	1
INSR	IRS1_Y941	1
INSR	IRS1_Y989	1
INSR	IRS2_Y628	1
INSR	IRS2_Y632	1
INSR	IRS2_Y653	1
INSR	IRS2_Y675	1
INSR	ITK_Y512	1
INSR	KIT_Y721	1
INSR	LPP_Y301	1
INSR	MAP3K14_T559	1
INSR	MAP4K1_Y381	1
INSR	MAPK7_S496	1
INSR	MAPT_S519	1
INSR	MET_Y1234	1
INSR	MPZL1_Y200	1
INSR	MSH5_Y742	1
INSR	NBN_S343	1
INSR	NEU1_Y242	1
INSR	NFKBIA_Y42	1
INSR	NOS1_S1417	1
INSR	NTRK1_Y676	1
INSR	NTRK1_Y680	1
INSR	NTRK2_Y706	1
INSR	NTRK3_Y710	1
INSR	OCLN_S490	1
INSR	PALB2_S157	1
INSR	PALB2_S376	1
INSR	PDGFRB_Y1009	1
INSR	PDGFRB_Y1021	1
INSR	PDGFRB_Y751	1
INSR	PDGFRB_Y763	1
INSR	PDGFRB_Y857	1
INSR	PDPK1_Y373	1
INSR	PDPK1_Y376	1
INSR	PDPK1_Y9	1
INSR	PHB1_Y114	1
INSR	PIK3R1_Y280	1
INSR	PIK3R1_Y307	1
INSR	PIK3R1_Y310	1
INSR	PIK3R1_Y337	1
INSR	PIK3R1_Y368	1
INSR	PIK3R1_Y580	1
INSR	PIK3R1_Y607	1
INSR	PIK3R1_Y68	1
INSR	PIK3R1_Y98	1
INSR	PIK3R3_Y341	1
INSR	PIKFYVE_Y1772	1
INSR	PNKP_S114	1
INSR	POLE_S1940	1
INSR	PPP1R12A_Y901	1
INSR	PPP1R8_Y335	1
INSR	PPP2CA_Y307	1
INSR	PRKDC_S2056	1
INSR	PRKDC_T2609	1
INSR	PSMB4_Y102	1
INSR	PTEN_Y174	1
INSR	PTEN_Y27	1
INSR	PTK2B_Y402	1
INSR	PTK2_Y397	1
INSR	PTK2_Y576	1
INSR	PTK2_Y577	1
INSR	PTK2_Y925	1
INSR	PTPN11_Y546	1
INSR	PTPN11_Y584	1
INSR	PTPN1_S50	1
INSR	PTPN1_Y152	1
INSR	PTPN1_Y153	1
INSR	PTPN1_Y66	1
INSR	PTPN6_Y536	1
INSR	PTPN6_Y538	1
INSR	PTPN6_Y564	1
INSR	PVR_Y398	1
INSR	RBM3_Y155	1
INSR	RGS16_Y168	1
INSR	RMDN3_Y176	1
INSR	RPA2_T21	1
INSR	RRAS_Y66	1
INSR	SHC1_Y318	1
INSR	SHC1_Y349	1
INSR	SHC1_Y427	1
INSR	SHC1_Y428	1
INSR	SMC3_S1083	1
INSR	STAT5B_Y699	1
INSR	SYK_Y348	1
INSR	SYK_Y526	1
INSR	TERF1_T371	1
INSR	TP53_S15	1
INSR	TP53_S37	1
INSR	TP53_S46	1
INSR	TP53_S6	1
INSR	TP53_S9	1
INSR	TRIM28_S473	1
INSR	TRIM28_S824	1
INSR	TSC2_Y1571	1
INSR	UIMC1_S677	1
INSR	VAV2_Y172	1
INSR	VIM_S459	1
INSR	WWOX_Y33	1
INSR	XRCC6_S155	1
INSR	ZAP70_Y492	1
INSR	ZAP70_Y493	1
INSR	ZFYVE16_Y219	1
INSR	ZNF24_Y335	1
INSR	ZNF264_Y343	1
INSR	ZNF264_Y511	1
IQGAP1	BRAF_S579	1
IQGAP1	MAP2K1_S218	1
IQGAP1	MAP2K1_S222	1
IQGAP1	MAPK1_T185	1
IQGAP1	MAPK1_Y187	1
IQGAP1	MAPK3_T202	1
IQGAP1	MAPK3_Y204	1
IQGAP1	WASL_Y256	1
IRAK1	CHEK1_S296	1
IRAK1	CHEK1_S305	1
IRAK1	GLIPR2_S58	1
IRAK1	OTUD7B_S100	1
IRAK1	PELI1_S125	1
IRAK1	PELI1_S293	1
IRAK1	PELI1_S70	1
IRAK1	PELI1_S76	1
IRAK1	PELI1_S78	1
IRAK1	PELI1_S82	1
IRAK1	PELI1_T127	1
IRAK1	PELI1_T288	1
IRAK1	PELI1_T80	1
IRAK1	PELI1_T86	1
IRAK1	PELI2_T290	1
IRAK1	STAT3_S726	1
IRAK1	STAT3_S727	1
IRAK1	TIRAP_T28	1
IRAK3	TRIM28_S14	1
IRAK3	TRIM28_S17	1
IRAK3	TRIM28_S49	1
IRAK3	TRIM28_S50	1
IRAK3	TRIM28_S501	1
IRAK3	TRIM28_S9	1
IRAK3	TRIM28_T541	1
IRAK4	IRAK1_S376	1
IRAK4	IRAK1_T209	1
IRAK4	IRAK1_T387	1
IRAK4	NCF1_S288	1
IRAK4	NCF1_S320	1
IRAK4	NCF1_S345	1
IRAK4	NCF1_S348	1
IRAK4	NCF1_S359	1
IRAK4	NCF1_S370	1
IRAK4	NCF1_T133	1
IRAK4	NCF1_T138	1
IRAK4	NCF1_T153	1
IRAK4	NCF1_T356	1
IRAK4	PELI1_S293	1
IRAK4	PELI1_S70	1
IRAK4	PELI1_S76	1
IRAK4	PELI1_S78	1
IRAK4	PELI1_S82	1
IRAK4	PELI1_T127	1
IRAK4	PELI1_T288	1
IRAK4	PELI1_T80	1
IRAK4	PELI1_T86	1
IRAK4	PKD1_S744	1
IRAK4	PKD1_S748	1
IRF7	IRF3_S386	1
IRS1	AKT1_S473	1
IRS1	AKT2_S474	1
IRS1	CDK1_T14	1
IRS1	IKBKB_S181	1
IRS1	INSR_S473	1
IRS1	IRS2_S523	1
IRS1	IRS2_S577	1
ISG15	IRF3_S396	1
ISG15	STAT1_Y701	1
ISL1	CTNNB1_S675	1
ISM1	PTK2_Y397	1
ITGAL	LAT_Y200	1
ITGB3	SRC_Y530	1
ITGB5	PTK2_Y861	1
ITK	ABLIM1_Y357	1
ITK	BCAR1_Y128	1
ITK	BCAR1_Y249	1
ITK	BMX_Y216	1
ITK	BMX_Y224	1
ITK	BTK_Y223	1
ITK	CD28_Y191	1
ITK	CD28_Y206	1
ITK	CD28_Y209	1
ITK	CD28_Y218	1
ITK	DEF6_Y210	1
ITK	DEF6_Y222	1
ITK	ERBIN_Y972	1
ITK	GRAP2_Y45	1
ITK	HAVCR2_Y265	1
ITK	LAT_Y110	1
ITK	LAT_Y156	1
ITK	LAT_Y161	1
ITK	LAT_Y200	1
ITK	LAT_Y220	1
ITK	LAT_Y255	1
ITK	LAT_Y36	1
ITK	LAT_Y45	1
ITK	LAT_Y64	1
ITK	LAT_Y70	1
ITK	LCK_Y192	1
ITK	LCP2_Y173	1
ITK	PLCG1_Y783	1
ITK	SIGLEC10_Y597	1
ITK	SIGLEC10_Y667	1
ITK	SIGLEC10_Y691	1
ITK	TEC_Y206	1
ITLN1	NOS3_S1177	1
IVNS1ABP	ATR_T1989	1
JADE1	AKT1_S473	1
JADE1	AKT1_T308	1
JAK1	CD274_Y112	1
JAK1	CTLA4_Y201	1
JAK1	EIF2AK2_Y101	1
JAK1	EIF2AK2_Y293	1
JAK1	EIF2AK3_Y585	1
JAK1	EIF2AK3_Y619	1
JAK1	EPOR_Y426	1
JAK1	EPOR_Y454	1
JAK1	EPOR_Y456	1
JAK1	EPOR_Y489	1
JAK1	H3C1_Y42	1
JAK1	IFNAR1_Y466	1
JAK1	IFNAR1_Y481	1
JAK1	IFNGR1_Y457	1
JAK1	IL10RA_Y446	1
JAK1	IL10RA_Y496	1
JAK1	IL2RB_Y364	1
JAK1	IL2RB_Y418	1
JAK1	IL2RB_Y536	1
JAK1	IL6ST_Y683	1
JAK1	IL6ST_Y759	1
JAK1	IL6ST_Y767	1
JAK1	IL6ST_Y814	1
JAK1	IL6ST_Y905	1
JAK1	IL6ST_Y915	1
JAK1	IL7R_Y449	1
JAK1	IL9R_Y407	1
JAK1	IRS1_Y612	1
JAK1	IRS1_Y632	1
JAK1	IRS1_Y662	1
JAK1	IRS1_Y732	1
JAK1	MAP3K5_Y718	1
JAK1	PTPN11_Y304	1
JAK1	PTPN11_Y327	1
JAK1	RACK1_Y194	1
JAK1	RAF1_Y341	1
JAK1	SH2B1_Y439	1
JAK1	SH2B1_Y494	1
JAK1	SIRT1_Y280	1
JAK1	SIRT1_Y301	1
JAK1	SNX8_Y126	1
JAK1	SNX8_Y95	1
JAK1	SOCS3_Y204	1
JAK1	SOCS3_Y221	1
JAK1	STAT1_Y701	1
JAK1	STAT2_Y690	1
JAK1	STAT3_Y704	1
JAK1	STAT3_Y705	1
JAK1	STAT5A_Y694	1
JAK1	STAT6_Y641	1
JAK1	TYK2_Y1054	1
JAK1	TYK2_Y1055	1
JAK2	ABI2_Y424	1
JAK2	AGGF1_S338	1
JAK2	ARAF_S299	1
JAK2	ARAF_T452	1
JAK2	ARAF_T455	1
JAK2	ARAF_Y302	1
JAK2	ARHGEF1_Y738	1
JAK2	ARHGEF1_Y753	1
JAK2	ATOH1_Y80	1
JAK2	BCR_Y177	1
JAK2	BECN1_Y333	1
JAK2	BRAF_S602	1
JAK2	BRAF_T599	1
JAK2	BRD4_Y97	1
JAK2	BRD4_Y98	1
JAK2	CCR2_Y139	1
JAK2	CDKN1A_Y77	1
JAK2	CDKN1B_Y88	1
JAK2	CDKN1C_Y91	1
JAK2	CSF2RB_Y593	1
JAK2	CSF2RB_Y628	1
JAK2	CTLA4_Y201	1
JAK2	EGFR_Y1069	1
JAK2	EGFR_Y1092	1
JAK2	EGFR_Y1110	1
JAK2	EPOR_Y368	1
JAK2	EPOR_Y426	1
JAK2	EPOR_Y454	1
JAK2	EPOR_Y456	1
JAK2	EPOR_Y468	1
JAK2	EPOR_Y485	1
JAK2	EPOR_Y489	1
JAK2	EPOR_Y504	1
JAK2	EZH2_Y641	1
JAK2	EZH2_Y646	1
JAK2	FGR_Y34	1
JAK2	FGR_Y412	1
JAK2	GAB2_Y452	1
JAK2	GAB2_Y643	1
JAK2	GHR_Y332	1
JAK2	GHR_Y487	1
JAK2	GHR_Y534	1
JAK2	GHR_Y566	1
JAK2	GHR_Y627	1
JAK2	GRB2_Y209	1
JAK2	GRB2_Y37	1
JAK2	GRB2_Y52	1
JAK2	GRB2_Y7	1
JAK2	GTF2I_Y248	1
JAK2	H3C1_Y42	1
JAK2	IFNGR1_Y457	1
JAK2	IL6ST_Y683	1
JAK2	IRS1_S323	1
JAK2	LEPR_Y1141	1
JAK2	LEPR_Y986	1
JAK2	LYN_Y397	1
JAK2	MAP3K5_Y718	1
JAK2	MAPK1_Y187	1
JAK2	MAPK3_Y204	1
JAK2	MPRIP_T491	1
JAK2	OSBP_Y394	1
JAK2	PAK1_Y153	1
JAK2	PAK1_Y201	1
JAK2	PAK1_Y285	1
JAK2	PDHA1_Y301	1
JAK2	PDK1_Y243	1
JAK2	PRLR_S349	1
JAK2	PRMT5_Y297	1
JAK2	PRMT5_Y304	1
JAK2	PRMT5_Y307	1
JAK2	PTPN11_Y304	1
JAK2	PTPN11_Y327	1
JAK2	RAF1_S338	1
JAK2	RAF1_S494	1
JAK2	RAF1_T491	1
JAK2	RAF1_Y340	1
JAK2	RAF1_Y341	1
JAK2	SH2B1_Y439	1
JAK2	SH2B1_Y494	1
JAK2	SIRPA_Y496	1
JAK2	SOCS3_Y204	1
JAK2	SOCS3_Y221	1
JAK2	STAP2_Y22	1
JAK2	STAP2_Y250	1
JAK2	STAP2_Y310	1
JAK2	STAP2_Y322	1
JAK2	STAT1_Y701	1
JAK2	STAT3_S727	1
JAK2	STAT3_Y704	1
JAK2	STAT3_Y705	1
JAK2	STAT4_Y693	1
JAK2	STAT5A_Y694	1
JAK2	STAT5B_Y699	1
JAK2	STRA6_Y643	1
JAK2	TET2_Y1939	1
JAK2	TET2_Y1964	1
JAK3	CTNNB1_Y30	1
JAK3	CTNNB1_Y64	1
JAK3	CTNNB1_Y654	1
JAK3	CTNNB1_Y86	1
JAK3	ELAVL1_Y200	1
JAK3	ELAVL1_Y63	1
JAK3	ELAVL1_Y68	1
JAK3	EZH2_Y244	1
JAK3	IL7R_Y449	1
JAK3	JAK1_Y1034	1
JAK3	JAK1_Y1035	1
JAK3	JAK2_Y1008	1
JAK3	NFATC1_Y371	1
JAK3	PLD2_Y415	1
JAK3	SHC1_Y410	1
JAK3	SHC1_Y448	1
JAK3	SIGLEC10_Y597	1
JAK3	SIGLEC10_Y667	1
JAK3	SIGLEC10_Y691	1
JAK3	STAT1_Y701	1
JAK3	STAT5A_Y694	1
JAK3	STAT6_Y641	1
JUN	ATF2_T69	1
JUN	ATF2_T71	1
JUN	EEF1A2_S205	1
JUN	EEF1A2_S358	1
JUN	IRS1_S307	1
JUN	KIF5C_S176	1
JUN	MAP2K4_T261	1
JUN	MAPK9_T183	1
JUN	MAPT_S519	1
JUN	MAPT_T522	1
JUN	PXN_S178	1
JUN	SP1_T739	1
JUN	STAT3_S727	1
KANK2	GRIN2B_S1116	1
KAT2A	PFKFB3_S461	1
KAT2A	PPARGC1A_S571	1
KAT2B	PFKFB3_S461	1
KCNA3	STAT1_S727	1
KCNE2	KCNQ1_S27	1
KCNG1	MAP3K7_T187	1
KCNH1	PAX3_S205	1
KCNIP3	RHOA_S188	1
KDR	CBL_Y774	1
KDR	FLT1_Y1169	1
KDR	FLT1_Y1213	1
KDR	FLT1_Y1333	1
KDR	FLT1_Y794	1
KDR	FLT4_Y1230	1
KDR	FLT4_Y1231	1
KDR	FLT4_Y1265	1
KDR	NOS3_S1177	1
KDR	PFN1_Y129	1
KDR	PLCG1_Y1253	1
KDR	PTK2_Y194	1
KDR	PTK2_Y397	1
KDR	SHC1_Y349	1
KDR	SHC1_Y427	1
KHK	PRPS1_T225	1
KIF5B	STAT3_Y705	1
KIT	CXCR4_S339	1
KIT	FLT3_Y591	1
KIT	LAT2_Y110	1
KIT	LAT2_Y118	1
KIT	MITF_S180	1
KIT	PDGFRB_Y740	1
KIT	PDGFRB_Y751	1
KIT	PDGFRB_Y857	1
KIT	PHB1_Y259	1
KIT	RASA1_Y460	1
KIT	SH2B1_Y439	1
KIT	SLA_Y120	1
KIT	SLA_Y258	1
KIT	SLA_Y273	1
KIT	STAT1_Y701	1
KIT	XKR5_Y369	1
KIT	XKR5_Y487	1
KIT	XKR5_Y543	1
KITLG	AKT1_S473	1
KITLG	AKT1_T308	1
KITLG	BAD_S75	1
KITLG	BTK_Y223	1
KITLG	CXCR4_S339	1
KITLG	FOXO3_S253	1
KITLG	KIT_Y568	1
KITLG	KIT_Y570	1
KITLG	KIT_Y823	1
KITLG	MITF_S409	1
KITLG	STAT3_S727	1
KLK3	LGALS3_Y107	1
KLK6	SNCA_S129	1
KLRK1	LCP2_Y128	1
KLRK1	RELA_S536	1
KLRK1	RPS6_S240	1
KLRK1	RPS6_S244	1
KLRK1	VAV1_Y160	1
KLRK1	VAV1_Y174	1
KNG1	ACE_S1299	1
KNG1	CDH5_Y658	1
KNG1	CDH5_Y685	1
KNG1	FHIT_Y114	1
KNG1	MARCKS_S159	1
KNG1	NOS3_S1179	1
KNG1	NOS3_T495	1
KNG1	RAF1_S338	1
KRAS	BRAF_S579	1
KRAS	BRAF_S602	1
KRAS	BRAF_T373	1
KRAS	BRAF_T599	1
KRAS	CAV1_Y14	1
KRAS	DYRK1B_S421	1
KRAS	MAP3K1_S67	1
KRAS	MYC_S62	1
KRAS	PKM_T45	1
KRAS	RAF1_S259	1
KRAS	RAF1_S338	1
KRAS	RAF1_S471	1
KRAS	RAF1_S494	1
KRAS	RAF1_S621	1
KRAS	RAF1_T268	1
KRAS	RAF1_T269	1
KRAS	RAF1_T491	1
KRAS	RPS6KB1_T444	1
KRAS	TP53_S37	1
KRAS	TP53_S392	1
KRT1	BECN1_S409	1
KRT1	BECN1_T406	1
KRT1	BID_T59	1
KRT1	CDC25A_S79	1
KRT1	CDC25A_S82	1
KRT1	CTNNB1_S33	1
KRT1	CTNNB1_S37	1
KRT1	CTNNB1_S45	1
KRT1	CTNNB1_S675	1
KRT1	CTNNB1_T41	1
KRT1	CTNND1_S268	1
KRT1	CTNND1_S269	1
KRT1	DEPTOR_S299	1
KRT1	EPHA2_S901	1
KRT1	FOXO1_S322	1
KRT1	FOXO1_S325	1
KRT1	FOXO3_S318	1
KRT1	FOXO3_S321	1
KRT1	GJA1_S325	1
KRT1	HIF1A_S247	1
KRT1	IRS4_S856	1
KRT1	IRS4_S859	1
KRT1	NFATC3_S177	1
KRT1	NUP214_S45	1
KRT1	PPP1R1B_S137	1
KRT1	PPP1R1B_T34	1
KRT1	RHOB_S185	1
KRT1	RPS6_S247	1
KRT1	SNAI1_S104	1
KRT1	SNCA_S129	1
KRT1	TP53_S20	1
KRT1	TP53_T18	1
KRT1	TRPM4_S839	1
KRT15	PLCG1_Y783	1
KSR1	BRAF_S151	1
KSR1	BRAF_S602	1
KSR1	BRAF_S750	1
KSR1	BRAF_T401	1
KSR1	BRAF_T599	1
KSR1	BRAF_T753	1
KSR1	MAP2K1_S218	1
KSR1	MAP2K1_S222	1
KSR1	MAP2K2_S222	1
KSR1	MAP2K2_S226	1
KSR1	MAPK1_T185	1
KSR1	MAPK1_Y187	1
KSR1	MAPK3_T202	1
KSR1	MAPK3_Y204	1
KSR1	RAF1_S259	1
KSR1	RAF1_S338	1
KSR1	RAF1_S471	1
KSR1	RAF1_S494	1
KSR1	RAF1_T269	1
KSR1	RAF1_T491	1
KSR2	PRKACA_S11	1
KSR2	PRKACA_S339	1
LAT	AMOT_S175	1
LAT	YAP1_S127	1
LAT	YAP1_S381	1
LATS1	AMOT_S175	1
LATS1	CDC26_S78	1
LATS1	CDC26_T7	1
LATS1	INCENP_S894	1
LATS1	KIF23_S716	1
LATS1	KIF23_S814	1
LATS1	MAP3K11_T477	1
LATS1	PPP1R12A_S445	1
LATS1	PPP1R12A_S473	1
LATS1	PPP2R1A_S9	1
LATS1	PRPS1_S285	1
LATS1	PRPS2_T285	1
LATS1	RAF1_S259	1
LATS1	RPTOR_S606	1
LATS1	SASH1_S407	1
LATS1	WWTR1_S89	1
LATS1	YAP1_S109	1
LATS1	YAP1_S127	1
LATS1	YAP1_S164	1
LATS1	YAP1_S381	1
LATS1	YAP1_S397	1
LATS1	YAP1_S61	1
LATS1	ZYX_S150	1
LATS2	ABL1_T197	1
LATS2	AMOTL2_S159	1
LATS2	AMOT_S175	1
LATS2	CDC26_T7	1
LATS2	CDKN1A_S146	1
LATS2	INCENP_S894	1
LATS2	KIF23_S716	1
LATS2	KIF23_S814	1
LATS2	PQBP1_S247	1
LATS2	PRPS1_S285	1
LATS2	PRPS2_T285	1
LATS2	RPTOR_S606	1
LATS2	SNAI1_T203	1
LATS2	WWTR1_S311	1
LATS2	WWTR1_S89	1
LATS2	YAP1_S109	1
LATS2	YAP1_S127	1
LATS2	YAP1_S164	1
LATS2	YAP1_S381	1
LATS2	YAP1_S397	1
LATS2	YAP1_S61	1
LATS2	YWHAG_S59	1
LCK	ABL1_Y226	1
LCK	ABL1_Y393	1
LCK	ABL1_Y412	1
LCK	ABL2_Y439	1
LCK	ACAP2_Y750	1
LCK	ACLY_Y672	1
LCK	ACP1_Y132	1
LCK	ACP1_Y133	1
LCK	ADAM15_Y715	1
LCK	ADAM15_Y735	1
LCK	ADAM17_S819	1
LCK	BTLA_Y226	1
LCK	BTLA_Y243	1
LCK	BTLA_Y257	1
LCK	BTLA_Y282	1
LCK	CBL_Y700	1
LCK	CBL_Y731	1
LCK	CBL_Y774	1
LCK	CCDC50_Y217	1
LCK	CCDC50_Y279	1
LCK	CCDC50_Y304	1
LCK	CCDC50_Y393	1
LCK	CCDC50_Y455	1
LCK	CCDC50_Y480	1
LCK	CD247_Y142	1
LCK	CD28_Y191	1
LCK	CD28_Y209	1
LCK	CD33_Y340	1
LCK	CD3E_Y188	1
LCK	CD3E_Y199	1
LCK	CD5_Y453	1
LCK	CD5_Y487	1
LCK	CD79B_Y103	1
LCK	CD79B_Y196	1
LCK	CD79B_Y197	1
LCK	CD79B_Y207	1
LCK	CD79B_Y208	1
LCK	CD79B_Y92	1
LCK	CHN2_Y153	1
LCK	CTLA4_Y201	1
LCK	CTLA4_Y218	1
LCK	CTTN_Y449	1
LCK	DAPP1_Y139	1
LCK	DEF6_Y133	1
LCK	DEF6_Y144	1
LCK	DEF6_Y210	1
LCK	DGKA_Y335	1
LCK	DOK1_Y174	1
LCK	DOK1_Y449	1
LCK	EFS_Y253	1
LCK	EGFR_Y1016	1
LCK	EGFR_Y1069	1
LCK	EGFR_Y1092	1
LCK	EGFR_Y1110	1
LCK	EGFR_Y1172	1
LCK	EGFR_Y1197	1
LCK	ELP3_Y202	1
LCK	EPHA3_Y602	1
LCK	ERBB3_Y1199	1
LCK	ERF_Y16	1
LCK	ESR1_Y537	1
LCK	EZR_Y146	1
LCK	FGR_Y34	1
LCK	FGR_Y412	1
LCK	FLNB_Y2502	1
LCK	FLT3_Y589	1
LCK	FOXP3_Y330	1
LCK	FOXP3_Y342	1
LCK	FYB1_Y595	1
LCK	G3BP1_Y56	1
LCK	HGS_Y216	1
LCK	HNRNPK_Y234	1
LCK	IL2RB_Y381	1
LCK	IL2RB_Y384	1
LCK	IL2RB_Y387	1
LCK	IL2RB_Y418	1
LCK	IL2RB_Y536	1
LCK	INPPL1_Y886	1
LCK	INPPL1_Y986	1
LCK	ITGB2_Y735	1
LCK	ITK_Y512	1
LCK	JAK3_Y981	1
LCK	JUN_S73	1
LCK	LAT_Y156	1
LCK	LAT_Y200	1
LCK	LAT_Y220	1
LCK	LAT_Y64	1
LCK	LAX1_Y193	1
LCK	LAX1_Y268	1
LCK	LAX1_Y294	1
LCK	LAX1_Y373	1
LCK	LCP2_Y113	1
LCK	LCP2_Y128	1
LCK	LCP2_Y145	1
LCK	LCP2_Y423	1
LCK	LCP2_Y426	1
LCK	LPP_Y301	1
LCK	MAPK14_Y323	1
LCK	MAPK3_Y204	1
LCK	MED28_Y64	1
LCK	MGRN1_Y394	1
LCK	MUC1_Y1229	1
LCK	NFKBIA_Y42	1
LCK	NGEF_Y179	1
LCK	PECAM1_Y663	1
LCK	PECAM1_Y713	1
LCK	PIK3R1_Y388	1
LCK	PIK3R1_Y418	1
LCK	PIK3R1_Y688	1
LCK	PLCG1_Y771	1
LCK	PLCG2_Y1197	1
LCK	PLCG2_Y1217	1
LCK	PLCG2_Y743	1
LCK	PLCG2_Y753	1
LCK	PLCG2_Y759	1
LCK	PPP2CA_Y307	1
LCK	PPP2CB_Y307	1
LCK	PRDX1_Y194	1
LCK	PRKCD_Y313	1
LCK	PRKCD_Y334	1
LCK	PRKCD_Y514	1
LCK	PRKCQ_Y90	1
LCK	PSTPIP1_Y345	1
LCK	PTEN_Y240	1
LCK	PTEN_Y315	1
LCK	PTK2_Y397	1
LCK	PTPN6_Y536	1
LCK	PTPN6_Y538	1
LCK	PTPN6_Y564	1
LCK	PTPN6_Y566	1
LCK	PTPN6_Y63	1
LCK	PVR_Y398	1
LCK	RASA1_Y283	1
LCK	RASA1_Y460	1
LCK	RET_Y1062	1
LCK	SH2B3_Y273	1
LCK	SH2D2A_Y260	1
LCK	SH2D2A_Y270	1
LCK	SH2D2A_Y280	1
LCK	SH2D2A_Y290	1
LCK	SH2D2A_Y300	1
LCK	SH2D2A_Y305	1
LCK	SH2D2A_Y315	1
LCK	SHC1_Y239	1
LCK	SHC1_Y240	1
LCK	SHC1_Y317	1
LCK	SHC1_Y318	1
LCK	SHC1_Y349	1
LCK	SHC1_Y350	1
LCK	SHC1_Y427	1
LCK	SHC1_Y428	1
LCK	SIGLEC10_Y597	1
LCK	SIGLEC10_Y667	1
LCK	SIGLEC10_Y691	1
LCK	SLAMF1_Y307	1
LCK	SLC25A4_Y195	1
LCK	SLC4A1_Y21	1
LCK	SLC4A1_Y904	1
LCK	SNCA_S129	1
LCK	SNCA_Y125	1
LCK	SOCS3_Y204	1
LCK	SOCS3_Y221	1
LCK	SPTAN1_Y1176	1
LCK	SSBP3_Y23	1
LCK	SSBP3_Y25	1
LCK	STAT1_Y701	1
LCK	STAT2_Y690	1
LCK	STAT3_Y705	1
LCK	STAT5A_Y694	1
LCK	STK11_Y36	1
LCK	SYK_Y526	1
LCK	TACC1_Y533	1
LCK	TBK1_Y354	1
LCK	TBK1_Y394	1
LCK	THEMIS_Y174	1
LCK	THEMIS_Y353	1
LCK	THEMIS_Y429	1
LCK	THEMIS_Y540	1
LCK	THEMIS_Y541	1
LCK	THEMIS_Y95	1
LCK	TIGIT_Y225	1
LCK	TYROBP_Y91	1
LCK	VAV1_Y142	1
LCK	VAV1_Y160	1
LCK	VAV1_Y174	1
LCK	VAV2_Y142	1
LCK	VAV2_Y159	1
LCK	VAV2_Y172	1
LCK	WAS_Y291	1
LCK	ZAP70_Y12	1
LCK	ZAP70_Y126	1
LCK	ZAP70_Y167	1
LCK	ZAP70_Y178	1
LCK	ZAP70_Y185	1
LCK	ZAP70_Y186	1
LCK	ZAP70_Y292	1
LCK	ZAP70_Y315	1
LCK	ZAP70_Y319	1
LCK	ZAP70_Y474	1
LCK	ZAP70_Y492	1
LCK	ZAP70_Y493	1
LCK	ZAP70_Y69	1
LCK	ZNF264_Y343	1
LCK	ZNF264_Y511	1
LCN2	MAPT_S235	1
LCN2	MAPT_S519	1
LCN2	MAPT_S721	1
LCN2	MAPT_T522	1
LCN2	MAPT_T548	1
LCN2	NR3C1_S211	1
LEP	EGFR_Y869	1
LEP	ERBB2_Y1248	1
LEP	FOXO1_S256	1
LEP	FYN_Y420	1
LEP	IRS1_S307	1
LEP	IRS1_S323	1
LEP	JAK2_S523	1
LEP	JAK2_Y1007	1
LEP	JAK2_Y1008	1
LEP	JAK2_Y813	1
LEP	KDR_Y117	1
LEP	KDR_Y1175	1
LEP	KDR_Y951	1
LEP	KDR_Y996	1
LEP	LEPR_Y1079	1
LEP	NOS3_S1177	1
LEP	PDIA3_S150	1
LEP	PTEN_S370	1
LEP	PTEN_S385	1
LEP	PTEN_T366	1
LEP	PTK2_Y397	1
LEP	PTPRA_Y798	1
LEP	RB1_S795	1
LEP	RELA_S276	1
LEP	RPS6KB1_T412	1
LEP	SLC12A5_T1030	1
LEP	SLC12A5_T929	1
LEP	STAT3_S727	1
LEP	STAT3_Y705	1
LGALS1	BCL2_S70	1
LGALS1	BCL2_T56	1
LGALS1	STAT3_Y705	1
LGALS3	PXN_Y31	1
LGI1	H2AC20_T121	1
LGI1	RAF1_S259	1
LGR5	IQGAP1_S1443	1
LHCGR	PTK2_Y576	1
LHX3	CFL1_S3	1
LIAS	CREB1_S133	1
LIAS	EP300_S1834	1
LIAS	JUN_S63	1
LIAS	NOS3_S633	1
LIF	AKT1_S473	1
LIF	DAPK3_T265	1
LIF	IL6ST_S782	1
LIF	STAP2_Y250	1
LIF	STAT1_Y701	1
LIF	STAT3_S727	1
LIF	STAT3_Y705	1
LIMK1	CFL1_S3	1
LIMK1	CFL2_S24	1
LIMK1	CFL2_S3	1
LIMK1	DSTN_S3	1
LIMK1	MMP14_T567	1
LIMK1	MMP14_Y573	1
LIMK2	CFL1_S3	1
LIMK2	CRK_S125	1
LIMK2	CRK_S196	1
LIMK2	DSTN_S3	1
LIMK2	PRKCD_S302	1
LIMK2	PRKCD_S304	1
LIMK2	PRKCD_S306	1
LIMK2	PTK2B_S392	1
LIMK2	PTK2B_T15	1
LIMS1	BCL2L11_S69	1
LIPG	MAPK10_T221	1
LIPG	MAPK8_T183	1
LIPG	MAPK9_T183	1
LIPG	MTOR_S2448	1
LIPG	PTEN_S380	1
LIPG	PTPN11_Y546	1
LIPG	RPS6KB1_T412	1
LMTK2	CFTR_S737	1
LMTK2	GSK3B_S9	1
LMTK2	PPP1CA_T320	1
LMTK2	PPP1CA_T331	1
LMTK2	PYGB_S15	1
LMTK3	FOXO3_S318	1
LMTK3	FOXO3_S321	1
LMTK3	H2AX_S140	1
LOX	GRIA1_S849	1
LOX	GRIA1_S863	1
LPA	BAD_S75	1
LPA	CEBPB_T235	1
LPA	CTNNB1_S552	1
LPA	CTNNB1_S675	1
LPA	EGFR_Y869	1
LPA	EIF2S1_S52	1
LPA	IFNAR1_S535	1
LPA	NTRK1_Y680	1
LPA	NTRK1_Y681	1
LPA	PPP1R12A_S695	1
LPA	PTK2_S910	1
LPAR1	MYL12A_S19	1
LPAR1	PTK2B_Y402	1
LPAR2	PTK2B_Y402	1
LPAR2	TRIP6_Y55	1
LPAR6	SNCA_S129	1
LPL	STAT1_Y701	1
LRIF1	CHEK1_S345	1
LRP1	EPHA2_S897	1
LRP6	CTNNB1_S675	1
LRP6	LRP5_S1503	1
LRRC4	IKBKB_S181	1
LRRFIP1	CTNNB1_S552	1
LRRK1	CDK5RAP2_S140	1
LRRK1	CDK5RAP2_T102	1
LRRK1	CLIP1_S1188	1
LRRK1	CLIP1_S1190	1
LRRK1	CLIP1_S1225	1
LRRK1	CLIP1_S1318	1
LRRK1	CLIP1_T1099	1
LRRK1	CLIP1_T13	1
LRRK1	CLIP1_T1384	1
LRRK1	CLIP1_T191	1
LRRK1	CLIP1_T27	1
LRRK1	CLIP1_T36	1
LRRK1	CLIP1_T459	1
LRRK1	LCP1_S5	1
LRRK2	AKT1_S473	1
LRRK2	AP2M1_T156	1
LRRK2	APP_T743	1
LRRK2	ARHGEF7_T164	1
LRRK2	BCL2_T56	1
LRRK2	DNAJC6_S570	1
LRRK2	DNM1L_T595	1
LRRK2	EIF4EBP1_S65	1
LRRK2	EIF4EBP1_T46	1
LRRK2	EZR_T567	1
LRRK2	FZD3_T598	1
LRRK2	HDAC3_S424	1
LRRK2	HIF1A_S797	1
LRRK2	HIF1A_Y565	1
LRRK2	LARS1_T293	1
LRRK2	MAP3K5_T825	1
LRRK2	MAP3K5_T838	1
LRRK2	MAPT_S396	1
LRRK2	MAPT_T149	1
LRRK2	MAPT_T153	1
LRRK2	MAPT_T169	1
LRRK2	MAPT_T181	1
LRRK2	MAPT_T205	1
LRRK2	MAPT_T212	1
LRRK2	MAPT_T231	1
LRRK2	MAPT_T263	1
LRRK2	MAPT_T466	1
LRRK2	MAPT_T498	1
LRRK2	MAPT_T522	1
LRRK2	MAPT_T529	1
LRRK2	MAPT_T548	1
LRRK2	MSN_T558	1
LRRK2	NFKB1_S337	1
LRRK2	NLRC4_S533	1
LRRK2	NSF_T645	1
LRRK2	NSF_T646	1
LRRK2	PRDX3_T146	1
LRRK2	PTK2_T474	1
LRRK2	PTK2_Y397	1
LRRK2	RAB10_T73	1
LRRK2	RAB12_S106	1
LRRK2	RAB29_S72	1
LRRK2	RAB29_T71	1
LRRK2	RAB5B_T6	1
LRRK2	RAB8A_T72	1
LRRK2	RDX_T564	1
LRRK2	RIPK2_S176	1
LRRK2	RPS11_T28	1
LRRK2	RPS11_T46	1
LRRK2	RPS11_T54	1
LRRK2	RPS15_T136	1
LRRK2	SH3GL2_S75	1
LRRK2	SH3GL2_T73	1
LRRK2	SNAPIN_T117	1
LRRK2	SNCA_S129	1
LRRK2	SQSTM1_S349	1
LRRK2	SQSTM1_S403	1
LRRK2	SQSTM1_T138	1
LRRK2	TP53_T304	1
LRRK2	TP53_T377	1
LSR	ZNRF2_S19	1
LSS	NOS3_S633	1
LSS	NOS3_T495	1
LTK	PREB_Y10	1
LYN	ABL1_Y115	1
LYN	ABL1_Y128	1
LYN	ABL1_Y134	1
LYN	ABL1_Y139	1
LYN	ABL1_Y147	1
LYN	ABL1_Y158	1
LYN	ABL1_Y172	1
LYN	ABL1_Y185	1
LYN	ABL1_Y191	1
LYN	ABL1_Y204	1
LYN	ABL1_Y215	1
LYN	ABL1_Y226	1
LYN	ABL1_Y234	1
LYN	ABL1_Y245	1
LYN	ABL1_Y393	1
LYN	ABL1_Y412	1
LYN	ABL1_Y70	1
LYN	ABL1_Y89	1
LYN	ACLY_Y131	1
LYN	ACLY_Y227	1
LYN	ACLY_Y252	1
LYN	ACLY_Y384	1
LYN	ACLY_Y659	1
LYN	ACLY_Y682	1
LYN	AKAP8_Y146	1
LYN	AKAP8_Y150	1
LYN	AKAP8_Y152	1
LYN	AKAP8_Y154	1
LYN	AKAP8_Y170	1
LYN	AKAP8_Y311	1
LYN	AKAP8_Y436	1
LYN	AKAP8_Y51	1
LYN	AKAP8_Y53	1
LYN	AKAP8_Y539	1
LYN	AKAP8_Y80	1
LYN	BCR_Y177	1
LYN	BTK_Y223	1
LYN	BTK_Y551	1
LYN	CASP8_Y380	1
LYN	CASP8_Y439	1
LYN	CASP8_Y448	1
LYN	CASP8_Y507	1
LYN	CBL_Y371	1
LYN	CD19_Y409	1
LYN	CD19_Y500	1
LYN	CD19_Y531	1
LYN	CD19_Y532	1
LYN	CD22_Y762	1
LYN	CD22_Y807	1
LYN	CD22_Y822	1
LYN	CD247_Y111	1
LYN	CD247_Y123	1
LYN	CD247_Y142	1
LYN	CD247_Y153	1
LYN	CD247_Y72	1
LYN	CD247_Y83	1
LYN	CD28_Y191	1
LYN	CD33_Y340	1
LYN	CD3G_Y160	1
LYN	CD3G_Y171	1
LYN	CD5_Y453	1
LYN	CD79A_Y150	1
LYN	CD79A_Y182	1
LYN	CD79A_Y188	1
LYN	CD79A_Y199	1
LYN	CD79B_Y103	1
LYN	CD79B_Y196	1
LYN	CD79B_Y197	1
LYN	CD79B_Y207	1
LYN	CD79B_Y208	1
LYN	CD79B_Y92	1
LYN	CD84_Y279	1
LYN	CDK1_Y15	1
LYN	CDK2_Y15	1
LYN	CDK4_Y17	1
LYN	CDKN1A_Y77	1
LYN	CDKN1B_Y88	1
LYN	CDKN1C_Y91	1
LYN	CEACAM1_Y520	1
LYN	CFTR_Y515	1
LYN	CSF2RB_Y466	1
LYN	CSF2RB_Y468	1
LYN	CSF2RB_Y822	1
LYN	CSF2RB_Y882	1
LYN	CSNK2A1_S194	1
LYN	CSNK2A1_S2	1
LYN	CSNK2A1_Y119	1
LYN	CSNK2A1_Y125	1
LYN	CSNK2A1_Y255	1
LYN	DAB1_Y198	1
LYN	DAPP1_Y139	1
LYN	DOCK1_Y722	1
LYN	DOK1_Y449	1
LYN	DOK2_Y271	1
LYN	DOK2_Y299	1
LYN	DOK2_Y345	1
LYN	EGFR_Y1016	1
LYN	EGFR_Y1069	1
LYN	EGFR_Y1092	1
LYN	EGFR_Y1110	1
LYN	EGFR_Y1125	1
LYN	EGFR_Y1172	1
LYN	EGFR_Y1197	1
LYN	EPOR_Y368	1
LYN	EPOR_Y489	1
LYN	ERBB2_Y1196	1
LYN	FCER1G_Y65	1
LYN	FCER1G_Y76	1
LYN	FCGR2A_Y280	1
LYN	FCGR2A_Y281	1
LYN	FCGR2A_Y287	1
LYN	FCGR2A_Y288	1
LYN	FCGR2A_Y303	1
LYN	FCGR2A_Y304	1
LYN	FCGR2B_Y272	1
LYN	FCGR2B_Y273	1
LYN	FCGR2B_Y291	1
LYN	FCGR2B_Y292	1
LYN	FCGR2C_Y287	1
LYN	FCGR2C_Y294	1
LYN	FCGR2C_Y310	1
LYN	FYB1_Y651	1
LYN	GCSAM_Y106	1
LYN	GCSAM_Y107	1
LYN	GCSAM_Y109	1
LYN	GCSAM_Y128	1
LYN	GCSAM_Y130	1
LYN	GCSAM_Y80	1
LYN	GCSAM_Y86	1
LYN	GRB10_Y67	1
LYN	HCK_Y410	1
LYN	HCLS1_Y222	1
LYN	HCLS1_Y360	1
LYN	HCLS1_Y378	1
LYN	HCLS1_Y397	1
LYN	HNRNPK_Y380	1
LYN	IKBKB_Y188	1
LYN	IKBKB_Y199	1
LYN	IKBKG_Y374	1
LYN	INSR_Y999	1
LYN	IRF5_Y313	1
LYN	IRF5_Y335	1
LYN	KIT_Y721	1
LYN	LAIR1_Y281	1
LYN	LASP1_Y171	1
LYN	LAT2_Y110	1
LYN	LAT2_Y118	1
LYN	LAT2_Y119	1
LYN	LAT2_Y136	1
LYN	LAT2_Y95	1
LYN	LCK_Y192	1
LYN	LCP2_Y113	1
LYN	LPXN_Y72	1
LYN	LY96_Y131	1
LYN	LY96_Y22	1
LYN	MAP2_Y67	1
LYN	MAP2_Y745	1
LYN	MAP4K1_Y381	1
LYN	MCM7_Y600	1
LYN	MET_Y1313	1
LYN	MPZL1_Y263	1
LYN	NGEF_Y179	1
LYN	NMT1_Y117	1
LYN	NMT1_Y180	1
LYN	PAG1_Y317	1
LYN	PAG1_Y387	1
LYN	PAG1_Y417	1
LYN	PDGFRB_Y771	1
LYN	PDIA3_Y445	1
LYN	PDIA3_Y454	1
LYN	PDIA3_Y467	1
LYN	PEAK1_Y635	1
LYN	PECAM1_Y663	1
LYN	PLCG1_Y771	1
LYN	PLCG1_Y783	1
LYN	PLCG2_Y743	1
LYN	PLCG2_Y753	1
LYN	PLCG2_Y759	1
LYN	PPP1R8_Y111	1
LYN	PPP1R8_Y122	1
LYN	PPP1R8_Y193	1
LYN	PPP1R8_Y264	1
LYN	PPP1R8_Y335	1
LYN	PPP1R8_Y40	1
LYN	PRKCD_Y155	1
LYN	PRKCD_Y187	1
LYN	PRKCD_Y313	1
LYN	PRKCD_Y52	1
LYN	PRKCD_Y567	1
LYN	PRKCD_Y64	1
LYN	PTEN_Y240	1
LYN	PTGS2_Y120	1
LYN	PTK2B_Y579	1
LYN	PTK2_Y397	1
LYN	PTK6_Y342	1
LYN	PTPN6_Y536	1
LYN	PTPN6_Y564	1
LYN	PTPN6_Y566	1
LYN	RAF1_Y340	1
LYN	RAF1_Y341	1
LYN	RET_Y1096	1
LYN	RGS16_Y168	1
LYN	RGS16_Y177	1
LYN	RMDN3_Y176	1
LYN	SLAMF1_Y281	1
LYN	SLAMF1_Y327	1
LYN	SLC4A1_Y21	1
LYN	SLC4A1_Y359	1
LYN	SLC4A1_Y46	1
LYN	SLC4A1_Y8	1
LYN	SLC4A1_Y904	1
LYN	SLCO1B1_Y645	1
LYN	SNCA_S129	1
LYN	SNCA_Y125	1
LYN	SOCS1_Y80	1
LYN	SRC_Y419	1
LYN	STAM2_Y371	1
LYN	STAT3_Y705	1
LYN	STAT5A_Y694	1
LYN	STOML2_Y124	1
LYN	SYK_Y131	1
LYN	SYK_Y323	1
LYN	SYK_Y348	1
LYN	SYK_Y352	1
LYN	SYK_Y525	1
LYN	SYK_Y526	1
LYN	TBC1D15_Y215	1
LYN	TRIM28_Y449	1
LYN	TRIM28_Y458	1
LYN	TRIM28_Y517	1
LYN	TRPV4_Y253	1
LYN	TXK_Y420	1
LYN	WAS_Y291	1
LYN	YY1_Y254	1
LYN	YY1_Y383	1
LYN	YY1_Y8	1
LYN	ZAP70_Y493	1
LYST	TP53_S15	1
MAF1	RB1_S780	1
MAF1	SYK_Y352	1
MAGEC2	TRIM28_S824	1
MAGI2	PTEN_T382	1
MAGI2	PTEN_T383	1
MAK	CBL_S483	1
MAK	CBL_S667	1
MAK	CBL_S669	1
MAP1A	CEBPB_T235	1
MAP1B	CEBPB_T235	1
MAP1LC3A	CEBPB_T235	1
MAP1LC3B	CEBPB_T235	1
MAP1S	CEBPB_T235	1
MAP2	CEBPB_T235	1
MAP2K1	ARRB2_T382	1
MAP2K1	BAD_S75	1
MAP2K1	CASP9_T125	1
MAP2K1	CTTN_S368	1
MAP2K1	CTTN_S381	1
MAP2K1	CTTN_S405	1
MAP2K1	CTTN_S418	1
MAP2K1	DUSP1_S364	1
MAP2K1	FOXM1_S331	1
MAP2K1	FOXM1_S704	1
MAP2K1	GSK3B_S219	1
MAP2K1	GSK3B_Y216	1
MAP2K1	HSF1_S326	1
MAP2K1	HSPB8_S27	1
MAP2K1	HSPB8_T87	1
MAP2K1	IRS1_S307	1
MAP2K1	JAK2_S523	1
MAP2K1	KRT8_S102	1
MAP2K1	KRT8_S74	1
MAP2K1	MACC1_Y673	1
MAP2K1	MACC1_Y695	1
MAP2K1	MACC1_Y793	1
MAP2K1	MAPK14_T180	1
MAP2K1	MAPK14_Y182	1
MAP2K1	MAPK1_T185	1
MAP2K1	MAPK1_T63	1
MAP2K1	MAPK1_Y187	1
MAP2K1	MAPK1_Y205	1
MAP2K1	MAPK3_T202	1
MAP2K1	MAPK3_T207	1
MAP2K1	MAPK3_T80	1
MAP2K1	MAPK3_Y204	1
MAP2K1	MAPK3_Y210	1
MAP2K1	MAPK3_Y222	1
MAP2K1	MYOD1_Y156	1
MAP2K1	NEK3_S253	1
MAP2K1	PARVA_S14	1
MAP2K1	PARVA_S19	1
MAP2K1	PARVA_S4	1
MAP2K1	PARVA_S8	1
MAP2K1	PARVA_T16	1
MAP2K1	PGR_S294	1
MAP2K1	PKM_S37	1
MAP2K1	PLCB1_S982	1
MAP2K1	PPARG_S112	1
MAP2K1	PRKCD_T50	1
MAP2K1	PRKCD_Y187	1
MAP2K1	PRKCD_Y334	1
MAP2K1	PTK2_S910	1
MAP2K1	RAF1_S338	1
MAP2K1	RB1_S795	1
MAP2K1	RPS6KA4_S196	1
MAP2K1	RPS6KA4_S343	1
MAP2K1	RPS6KA4_S347	1
MAP2K1	RPS6KA4_S360	1
MAP2K1	RPS6KA4_T562	1
MAP2K1	RPS6KA4_T568	1
MAP2K1	SMAD2_S245	1
MAP2K1	SMAD2_S250	1
MAP2K1	SMAD2_S255	1
MAP2K1	SMAD2_T220	1
MAP2K1	SMAD2_T8	1
MAP2K1	SPIB_T56	1
MAP2K1	STAT3_S727	1
MAP2K1	STAT3_Y705	1
MAP2K1	TAL1_S122	1
MAP2K1	TARDBP_T153	1
MAP2K1	TARDBP_Y155	1
MAP2K1	TP53_S20	1
MAP2K1	UBTF_T117	1
MAP2K1	UBTF_T201	1
MAP2K1	ZFYVE28_S586	1
MAP2K1	ZFYVE28_T870	1
MAP2K2	ATF2_T71	1
MAP2K2	CASP9_T125	1
MAP2K2	DUSP1_S359	1
MAP2K2	FOS_T325	1
MAP2K2	FOS_T331	1
MAP2K2	HSF1_S326	1
MAP2K2	HSF1_S344	1
MAP2K2	KRT8_S102	1
MAP2K2	KRT8_S74	1
MAP2K2	MAPK1_T185	1
MAP2K2	MAPK1_Y187	1
MAP2K2	MAPK1_Y205	1
MAP2K2	MAPK3_S283	1
MAP2K2	MAPK3_T202	1
MAP2K2	MAPK3_T80	1
MAP2K2	MAPK3_Y204	1
MAP2K2	MAPK3_Y222	1
MAP2K2	RPS6KA2_Y217	1
MAP2K2	RPS6KA2_Y573	1
MAP2K2	SMAD4_T277	1
MAP2K2	STAT3_S727	1
MAP2K2	STAT3_Y705	1
MAP2K2	TP53_S20	1
MAP2K2	UBTF_T117	1
MAP2K2	UBTF_T201	1
MAP2K3	HSPB1_S15	1
MAP2K3	HSPB1_S78	1
MAP2K3	HSPB1_S82	1
MAP2K3	MAPK11_T180	1
MAP2K3	MAPK11_Y182	1
MAP2K3	MAPK12_T183	1
MAP2K3	MAPK12_Y185	1
MAP2K3	MAPK12_Y27	1
MAP2K3	MAPK13_T180	1
MAP2K3	MAPK13_Y182	1
MAP2K3	MAPK14_T180	1
MAP2K3	MAPK14_Y182	1
MAP2K3	MAPK1_T185	1
MAP2K3	MAPK1_T63	1
MAP2K3	MAPK1_Y187	1
MAP2K3	MAPK1_Y205	1
MAP2K4	APAF1_S268	1
MAP2K4	AR_S651	1
MAP2K4	BIRC5_T34	1
MAP2K4	CTNNB1_S45	1
MAP2K4	CTTN_Y508	1
MAP2K4	EIF4A2_S80	1
MAP2K4	EIF4A2_T82	1
MAP2K4	FOXO1_S212	1
MAP2K4	FOXO3_S209	1
MAP2K4	IKBKB_S177	1
MAP2K4	IKBKB_S181	1
MAP2K4	MAPK10_T183	1
MAP2K4	MAPK10_T221	1
MAP2K4	MAPK10_Y185	1
MAP2K4	MAPK10_Y223	1
MAP2K4	MAPK12_T183	1
MAP2K4	MAPK12_Y185	1
MAP2K4	MAPK14_T180	1
MAP2K4	MAPK14_Y182	1
MAP2K4	MAPK8_S284	1
MAP2K4	MAPK8_S377	1
MAP2K4	MAPK8_T183	1
MAP2K4	MAPK8_T228	1
MAP2K4	MAPK8_Y185	1
MAP2K4	MAPK8_Y259	1
MAP2K4	MAPK9_T183	1
MAP2K4	MAPK9_Y185	1
MAP2K4	MDM4_S342	1
MAP2K4	PRKCD_T507	1
MAP2K4	RXRA_Y249	1
MAP2K4	TP53_S33	1
MAP2K5	MAPK7_T219	1
MAP2K5	MAPK7_T733	1
MAP2K5	MAPK7_Y221	1
MAP2K5	PTK2_Y861	1
MAP2K6	AR_S651	1
MAP2K6	HSF4_T471	1
MAP2K6	HSPB1_S15	1
MAP2K6	HSPB1_S78	1
MAP2K6	HSPB1_S82	1
MAP2K6	MAPK11_T180	1
MAP2K6	MAPK11_Y182	1
MAP2K6	MAPK12_T183	1
MAP2K6	MAPK12_Y185	1
MAP2K6	MAPK13_T180	1
MAP2K6	MAPK13_Y182	1
MAP2K6	MAPK14_T180	1
MAP2K6	MAPK14_Y182	1
MAP2K6	MAPK8_T183	1
MAP2K6	MAPK8_Y185	1
MAP2K6	PAK6_S246	1
MAP2K6	PAK6_T564	1
MAP2K6	PAK6_Y566	1
MAP2K6	PIP4K2B_S326	1
MAP2K6	PRKCD_T50	1
MAP2K6	PRKCD_Y187	1
MAP2K6	STAT4_S721	1
MAP2K7	FADD_S194	1
MAP2K7	IRS1_S312	1
MAP2K7	MAPK10_T183	1
MAP2K7	MAPK10_T221	1
MAP2K7	MAPK10_Y223	1
MAP2K7	MAPK8_T183	1
MAP2K7	MAPK8_Y185	1
MAP2K7	MAPK9_S407	1
MAP2K7	MAPK9_T183	1
MAP2K7	MAPK9_T404	1
MAP2K7	MAPK9_Y185	1
MAP2K7	STAT3_Y705	1
MAP3K1	ETS2_T72	1
MAP3K1	FADD_S194	1
MAP3K1	MAFA_S14	1
MAP3K1	MAFA_S65	1
MAP3K1	MAP2K1_S218	1
MAP3K1	MAP2K1_S222	1
MAP3K1	MAP2K1_T292	1
MAP3K1	MAP2K3_S218	1
MAP3K1	MAP2K3_T222	1
MAP3K1	MAP2K4_S257	1
MAP3K1	MAP2K4_T261	1
MAP3K1	MAP2K6_S207	1
MAP3K1	MAP2K6_T211	1
MAP3K1	MAP2K7_S271	1
MAP3K1	MAP2K7_T275	1
MAP3K1	MAP3K11_S281	1
MAP3K1	MAP3K11_T277	1
MAP3K1	MAPK14_T180	1
MAP3K1	MAPK14_Y182	1
MAP3K1	MAPK3_T202	1
MAP3K1	MAPK3_Y204	1
MAP3K1	MAPK8_T183	1
MAP3K1	MAPK8_Y185	1
MAP3K1	NFATC3_S207	1
MAP3K1	NFATC3_S211	1
MAP3K1	NFATC3_S215	1
MAP3K1	NFATC3_T204	1
MAP3K1	NFATC3_T210	1
MAP3K1	NFKBIA_S32	1
MAP3K1	NFKBIA_S36	1
MAP3K1	NOTCH1_T2511	1
MAP3K1	SMAD3_S208	1
MAP3K1	STAT3_S727	1
MAP3K10	CEACAM1_S508	1
MAP3K10	DYRK2_S449	1
MAP3K10	DYRK2_T381	1
MAP3K10	MAP2K3_S218	1
MAP3K10	MAP2K3_T222	1
MAP3K10	MAP2K6_S207	1
MAP3K10	MAP2K6_T211	1
MAP3K10	TCF3_S341	1
MAP3K10	TCF3_S352	1
MAP3K10	TCF3_S359	1
MAP3K10	TCF3_S379	1
MAP3K10	TCF3_T355	1
MAP3K11	BRAF_S602	1
MAP3K11	BRAF_T599	1
MAP3K11	CAMKK1_S452	1
MAP3K11	CEBPB_S110	1
MAP3K11	CEBPB_T235	1
MAP3K11	GLI1_S1089	1
MAP3K11	GLI1_T394	1
MAP3K11	MAP2K3_S218	1
MAP3K11	MAP2K3_T222	1
MAP3K11	MAP2K4_S257	1
MAP3K11	MAP2K4_T261	1
MAP3K11	MAP3K1_T1400	1
MAP3K11	MAP3K1_T1412	1
MAP3K11	PAK1_S133	1
MAP3K11	PAK1_S204	1
MAP3K11	PIN1_S138	1
MAP3K11	PRKAA1_T183	1
MAP3K11	PXN_S178	1
MAP3K11	PXN_Y118	1
MAP3K11	RAC1_S71	1
MAP3K12	MAPK11_T180	1
MAP3K12	MAPK11_Y182	1
MAP3K12	MAPK14_T180	1
MAP3K12	MAPK14_Y182	1
MAP3K12	MYL12B_S20	1
MAP3K12	MYL12B_T19	1
MAP3K13	MAP2K7_S58	1
MAP3K13	RB1_S608	1
MAP3K13	RB1_S612	1
MAP3K13	RB1_S780	1
MAP3K13	RB1_S788	1
MAP3K13	RB1_S795	1
MAP3K13	RB1_S807	1
MAP3K13	RB1_S811	1
MAP3K13	RB1_T356	1
MAP3K13	RB1_T373	1
MAP3K13	RB1_T821	1
MAP3K13	RB1_T826	1
MAP3K13	RBL2_S672	1
MAP3K13	SAMHD1_S278	1
MAP3K13	SAMHD1_T592	1
MAP3K13	TRIM25_S12	1
MAP3K14	ACTR2_T237	1
MAP3K14	ACTR2_T238	1
MAP3K14	ACTR2_Y202	1
MAP3K14	CHUK_S176	1
MAP3K14	CHUK_S180	1
MAP3K14	G6PD_S278	1
MAP3K14	G6PD_S40	1
MAP3K14	G6PD_S486	1
MAP3K14	G6PD_S8	1
MAP3K14	GRK5_S484	1
MAP3K14	IKBKB_S177	1
MAP3K14	IKBKB_S181	1
MAP3K14	MAPK1_T185	1
MAP3K14	MAPK1_Y187	1
MAP3K14	MAPK3_T202	1
MAP3K14	MAPK3_Y204	1
MAP3K14	NFKB2_S108	1
MAP3K14	NFKB2_S115	1
MAP3K14	NFKB2_S123	1
MAP3K14	NFKB2_S22	1
MAP3K14	NFKB2_S717	1
MAP3K14	NFKB2_S865	1
MAP3K14	NFKB2_S866	1
MAP3K14	NFKB2_S869	1
MAP3K14	NFKB2_S870	1
MAP3K14	NFKB2_S872	1
MAP3K14	NFKB2_S99	1
MAP3K14	NFKBIA_S32	1
MAP3K14	NFKBIA_S36	1
MAP3K14	RPS6KA2_S218	1
MAP3K14	STAT3_S727	1
MAP3K14	STAT3_Y705	1
MAP3K15	WNK4_S575	1
MAP3K19	SUFU_S342	1
MAP3K19	SUFU_S346	1
MAP3K19	TRIP10_S296	1
MAP3K19	TRIP10_S426	1
MAP3K2	CTNNB1_S675	1
MAP3K2	IRF3_S173	1
MAP3K2	MAP2K5_S311	1
MAP3K2	MAP2K5_T315	1
MAP3K2	MAPK3_T202	1
MAP3K2	MAPK3_Y204	1
MAP3K2	RIPK4_T184	1
MAP3K2	STK38_S91	1
MAP3K20	CDS1_T68	1
MAP3K20	CHEK2_T68	1
MAP3K20	H3C1_S29	1
MAP3K20	MAP2K6_S207	1
MAP3K20	MAP2K6_T211	1
MAP3K21	IL17RB_Y447	1
MAP3K21	JUN_S63	1
MAP3K21	MAP2K1_S218	1
MAP3K21	MAP2K1_S222	1
MAP3K3	CHUK_S176	1
MAP3K3	CHUK_S180	1
MAP3K3	GLI1_S1078	1
MAP3K3	GLI1_S201	1
MAP3K3	GLI1_S204	1
MAP3K3	GLI1_S243	1
MAP3K3	GLI1_S968	1
MAP3K3	GLI1_T1074	1
MAP3K3	IKBKB_S177	1
MAP3K3	IKBKB_S181	1
MAP3K3	MAP2K3_S218	1
MAP3K3	MAP2K3_T222	1
MAP3K3	MAP2K5_S311	1
MAP3K3	MAP2K5_T315	1
MAP3K3	RCAN1_S163	1
MAP3K3	RCAN1_S167	1
MAP3K3	RIPK4_T184	1
MAP3K3	SQSTM1_S272	1
MAP3K3	SQSTM1_T269	1
MAP3K4	MAPK10_T221	1
MAP3K4	MAPK10_Y223	1
MAP3K4	MAPK8_T183	1
MAP3K4	MAPK8_Y185	1
MAP3K4	MAPK9_T183	1
MAP3K4	MAPK9_Y185	1
MAP3K5	ATF2_T69	1
MAP3K5	CDKN1A_S98	1
MAP3K5	DAXX_S176	1
MAP3K5	DAXX_S184	1
MAP3K5	MAP2K3_S218	1
MAP3K5	MAP2K3_T222	1
MAP3K5	MAP2K4_S257	1
MAP3K5	MAP2K4_T261	1
MAP3K5	MAP2K6_S207	1
MAP3K5	MAP2K6_T211	1
MAP3K5	MAPK14_T180	1
MAP3K5	MAPK14_Y182	1
MAP3K5	MAPK8_T183	1
MAP3K5	MAPK8_Y185	1
MAP3K5	MAPRE1_S40	1
MAP3K5	MAPRE1_T154	1
MAP3K5	MAPRE1_T206	1
MAP3K5	PDPK1_S241	1
MAP3K5	PDPK1_S394	1
MAP3K5	PDPK1_S398	1
MAP3K5	SIAH1_T235	1
MAP3K5	SIAH1_T239	1
MAP3K5	SIAH1_T70	1
MAP3K5	SIAH1_T74	1
MAP3K5	STRAP_S179	1
MAP3K5	STRAP_T175	1
MAP3K5	TNNT2_S195	1
MAP3K5	TNNT2_S198	1
MAP3K5	TNNT2_S205	1
MAP3K5	TNNT2_S208	1
MAP3K5	TNNT2_T191	1
MAP3K5	TNNT2_T194	1
MAP3K5	TNNT2_T201	1
MAP3K5	TNNT2_T204	1
MAP3K5	ZNF622_S314	1
MAP3K5	ZNF622_T318	1
MAP3K6	MAP3K5_T838	1
MAP3K6	MAPK14_T180	1
MAP3K6	MAPK14_Y182	1
MAP3K6	MAPK8_T183	1
MAP3K6	MAPK8_Y185	1
MAP3K7	ATAT1_S237	1
MAP3K7	CDC25C_S216	1
MAP3K7	CHUK_S176	1
MAP3K7	E2F1_S332	1
MAP3K7	E2F1_S337	1
MAP3K7	EEF1A1_T261	1
MAP3K7	EIF4B_S230	1
MAP3K7	EIF4B_T27	1
MAP3K7	FLNA_T1286	1
MAP3K7	FUBP1_T152	1
MAP3K7	GAPVD1_S1012	1
MAP3K7	GAPVD1_T1013	1
MAP3K7	HDAC4_S246	1
MAP3K7	HDAC5_S259	1
MAP3K7	HDAC5_S260	1
MAP3K7	HDAC7_S155	1
MAP3K7	HDAC7_S194	1
MAP3K7	HIPK2_Y361	1
MAP3K7	HNRNPA2B1_T176	1
MAP3K7	HSP90B1_S674	1
MAP3K7	HSP90B1_T669	1
MAP3K7	HSP90B1_T675	1
MAP3K7	IKBKB_S177	1
MAP3K7	IKBKB_S181	1
MAP3K7	IKBKG_S178	1
MAP3K7	KSR1_S406	1
MAP3K7	LDHA_T3	1
MAP3K7	LRRK2_S935	1
MAP3K7	MAP2K4_S257	1
MAP3K7	MAP2K4_T261	1
MAP3K7	MAP2K6_S207	1
MAP3K7	MAP2K6_T211	1
MAP3K7	MTOR_S2481	1
MAP3K7	NFATC4_S289	1
MAP3K7	PINX1_S200	1
MAP3K7	PKP2_S82	1
MAP3K7	POLD2_T33	1
MAP3K7	PPP1R13L_S183	1
MAP3K7	PPP1R13L_S187	1
MAP3K7	PPP1R13L_S220	1
MAP3K7	PPP1R13L_S225	1
MAP3K7	PPP1R13L_S395	1
MAP3K7	PPP1R13L_S526	1
MAP3K7	PPP1R13L_S81	1
MAP3K7	PPP1R13L_S84	1
MAP3K7	PPP1R13L_T341	1
MAP3K7	PRKAA2_T172	1
MAP3K7	PRKCD_T333	1
MAP3K7	PRKCD_T511	1
MAP3K7	PTPN3_S359	1
MAP3K7	RAB1A_T75	1
MAP3K7	RAB8A_T72	1
MAP3K7	RAP1A_S11	1
MAP3K7	RBMX_T216	1
MAP3K7	RIPK1_S320	1
MAP3K7	RPA2_S11	1
MAP3K7	RPA2_S29	1
MAP3K7	RUVBL2_S220	1
MAP3K7	RUVBL2_T338	1
MAP3K7	SMAD1_S463	1
MAP3K7	SMAD1_S465	1
MAP3K7	SMAD3_S422	1
MAP3K7	SMAD3_S423	1
MAP3K7	SMAD3_S425	1
MAP3K7	SQSTM1_S349	1
MAP3K7	SRSF4_S316	1
MAP3K7	SRSF4_S78	1
MAP3K7	SRSF4_T436	1
MAP3K7	SUMO4_S28	1
MAP3K7	TAB1_S452	1
MAP3K7	TAB1_S453	1
MAP3K7	TAB1_S456	1
MAP3K7	TAB1_S457	1
MAP3K7	TNFAIP8L2_S3	1
MAP3K7	TRIM28_S19	1
MAP3K7	TRIM28_S26	1
MAP3K7	TRIM28_S437	1
MAP3K7	TRIM28_S598	1
MAP3K7	TRIM28_T541	1
MAP3K7	TRIM28_T611	1
MAP3K7	TRIM28_T620	1
MAP3K7	TRIP10_T302	1
MAP3K7	TUBA1B_T334	1
MAP3K7	TUBB_T166	1
MAP3K7	ULK1_S317	1
MAP3K8	ABL1_T735	1
MAP3K8	ABL1_T754	1
MAP3K8	CAMKK1_S82	1
MAP3K8	CDK1_T161	1
MAP3K8	CHEK1_S307	1
MAP3K8	CHEK1_S345	1
MAP3K8	CREB1_S133	1
MAP3K8	EIF4EBP1_T70	1
MAP3K8	EIF4G1_S1147	1
MAP3K8	EIF4G1_S1154	1
MAP3K8	EZR_T567	1
MAP3K8	H2BC3_S33	1
MAP3K8	IRF3_S123	1
MAP3K8	IRF3_S173	1
MAP3K8	IRF3_S175	1
MAP3K8	IRF3_S188	1
MAP3K8	IRF3_T180	1
MAP3K8	MAP2K1_S218	1
MAP3K8	MAP2K1_S222	1
MAP3K8	MAP2K1_S24	1
MAP3K8	MAP2K1_S244	1
MAP3K8	MAP2K1_S248	1
MAP3K8	MAP2K2_S222	1
MAP3K8	MAP2K2_S226	1
MAP3K8	MAP2K2_S372	1
MAP3K8	MAP2K3_S218	1
MAP3K8	MAP2K4_S257	1
MAP3K8	MAP2K4_T261	1
MAP3K8	MAP2K6_S207	1
MAP3K8	MAP3K14_T559	1
MAP3K8	MAPK1_T185	1
MAP3K8	MAPK1_Y187	1
MAP3K8	MAPK3_T202	1
MAP3K8	MAPK3_Y204	1
MAP3K8	MSN_T558	1
MAP3K8	NPM1_T199	1
MAP3K8	PIN1_S16	1
MAP3K8	PLCB3_S537	1
MAP3K8	PLK1_S137	1
MAP3K8	PLK1_T210	1
MAP3K8	PTK2_Y397	1
MAP3K8	RDX_T564	1
MAP3K8	RPS6KA1_S380	1
MAP3K8	RPS6KA1_S389	1
MAP4	CEBPB_T235	1
MAP4K1	BLNK_T152	1
MAP4K1	CARD11_S556	1
MAP4K1	CARD11_S558	1
MAP4K1	LCP2_S376	1
MAP4K1	MAP3K11_S281	1
MAP4K1	PSMD2_S361	1
MAP4K2	HTT_T3	1
MAP4K2	MAP3K1_T1400	1
MAP4K2	MAP3K1_T1412	1
MAP4K2	PAXBP1_S191	1
MAP4K2	PAXBP1_S295	1
MAP4K2	PRH2_S24	1
MAP4K2	PRKCQ_T219	1
MAP4K2	PSMD2_S361	1
MAP4K2	STIP1_S481	1
MAP4K3	AHR_S36	1
MAP4K3	IQGAP1_S480	1
MAP4K3	MAP3K1_T1400	1
MAP4K3	MAP3K1_T1412	1
MAP4K3	PRKCQ_S676	1
MAP4K3	PRKCQ_S695	1
MAP4K3	PRKCQ_T538	1
MAP4K3	TFEB_S211	1
MAP4K3	TFEB_S3	1
MAP4K4	ACTR2_T237	1
MAP4K4	CHUK_S176	1
MAP4K4	CHUK_S180	1
MAP4K4	EZR_T567	1
MAP4K4	HTT_S13	1
MAP4K4	HTT_T3	1
MAP4K4	LATS1_T1079	1
MAP4K4	MAP3K11_T738	1
MAP4K4	MAP3K1_T1400	1
MAP4K4	MAP3K1_T1412	1
MAP4K4	MMP14_S577	1
MAP4K4	MMP14_T567	1
MAP4K4	MOB1A_T35	1
MAP4K4	MSN_T558	1
MAP4K4	NFKB2_S866	1
MAP4K4	NR3C1_T519	1
MAP4K4	NR3C1_T562	1
MAP4K4	RDX_T564	1
MAP4K4	SLC9A1_S648	1
MAP4K4	SMAD1_T322	1
MAP4K4	STAT3_S727	1
MAP4K4	STAT3_Y705	1
MAP4K4	TCF7L2_S177	1
MAP4K4	TRAF2_S35	1
MAP4K5	GSK3B_S9	1
MAP4K5	MAP3K1_T1400	1
MAP4K5	MAP3K1_T1412	1
MAP4K5	STUB1_T271	1
MAP6	CEBPB_T235	1
MAP7	CEBPB_T235	1
MAP7D3	CEBPB_T235	1
MAP9	CEBPB_T235	1
MAPK1	ABI1_S183	1
MAPK1	ABI1_S216	1
MAPK1	ABI1_S222	1
MAPK1	ABI1_S225	1
MAPK1	ABI1_S267	1
MAPK1	ABI1_S392	1
MAPK1	ABI1_S410	1
MAPK1	ABI1_T265	1
MAPK1	ABI1_T394	1
MAPK1	ADAM17_T735	1
MAPK1	ADCY6_S54	1
MAPK1	ADD1_S355	1
MAPK1	ADD1_S358	1
MAPK1	ADD1_S669	1
MAPK1	ADD1_S707	1
MAPK1	ADD2_S592	1
MAPK1	ADD2_S596	1
MAPK1	ADD2_S600	1
MAPK1	AEBP1_T621	1
MAPK1	AHNAK_S216	1
MAPK1	AHNAK_S5099	1
MAPK1	AHNAK_S5110	1
MAPK1	AHNAK_T5794	1
MAPK1	AHNAK_T694	1
MAPK1	AKAP4_T265	1
MAPK1	ALOX5_S272	1
MAPK1	ALOX5_S664	1
MAPK1	AMPH_S293	1
MAPK1	AMPH_S295	1
MAPK1	APBB1_S175	1
MAPK1	APBB1_S287	1
MAPK1	APBB1_S347	1
MAPK1	APBB1_T709	1
MAPK1	ARHGAP26_S685	1
MAPK1	ARHGEF2_T678	1
MAPK1	ARHGEF2_T679	1
MAPK1	ARID4B_T936	1
MAPK1	ARRB1_S404	1
MAPK1	ARRB1_S412	1
MAPK1	ARRB2_S14	1
MAPK1	ARRB2_T276	1
MAPK1	AR_S516	1
MAPK1	ASB2_S323	1
MAPK1	ATF2_S90	1
MAPK1	ATF2_T69	1
MAPK1	ATF2_T71	1
MAPK1	ATP1A1_S16	1
MAPK1	BAD_S75	1
MAPK1	BANP_T337	1
MAPK1	BANP_T352	1
MAPK1	BCL2L11_S69	1
MAPK1	BCL2_S70	1
MAPK1	BCL2_S87	1
MAPK1	BCL2_T56	1
MAPK1	BCL2_T69	1
MAPK1	BCL2_T74	1
MAPK1	BCL3_S122	1
MAPK1	BCL6_S333	1
MAPK1	BCL6_S343	1
MAPK1	BCL7C_S126	1
MAPK1	BMF_S74	1
MAPK1	BMF_S77	1
MAPK1	BRAF_S151	1
MAPK1	BRAF_S750	1
MAPK1	BRAF_T401	1
MAPK1	BRAF_T753	1
MAPK1	BTG2_S147	1
MAPK1	CACNG2_T321	1
MAPK1	CAD_S1038	1
MAPK1	CAD_S1900	1
MAPK1	CAD_T1884	1
MAPK1	CAD_T1906	1
MAPK1	CAD_T456	1
MAPK1	CALD1_S534	1
MAPK1	CALD1_S759	1
MAPK1	CALD1_S789	1
MAPK1	CAPN2_S50	1
MAPK1	CASP8_S387	1
MAPK1	CASP8_S446	1
MAPK1	CASP9_S307	1
MAPK1	CASP9_T125	1
MAPK1	CCDC88A_S233	1
MAPK1	CCDC88A_S237	1
MAPK1	CCNB1_S126	1
MAPK1	CCNB1_S128	1
MAPK1	CCNE1_T395	1
MAPK1	CD19_Y348	1
MAPK1	CD19_Y378	1
MAPK1	CD19_Y409	1
MAPK1	CD19_Y439	1
MAPK1	CDC42EP1_S113	1
MAPK1	CDC42EP1_S195	1
MAPK1	CDC42EP2_S101	1
MAPK1	CDCA5_S209	1
MAPK1	CDCA5_S79	1
MAPK1	CDK2_T160	1
MAPK1	CDKN1A_S114	1
MAPK1	CDKN1A_S130	1
MAPK1	CDKN1A_S98	1
MAPK1	CDKN1A_T57	1
MAPK1	CDKN1B_S10	1
MAPK1	CDKN1B_S178	1
MAPK1	CDKN1B_T187	1
MAPK1	CEBPA_S21	1
MAPK1	CEBPB_S110	1
MAPK1	CEBPB_T226	1
MAPK1	CEBPB_T235	1
MAPK1	CEBPE_T74	1
MAPK1	CENPE_S2605	1
MAPK1	CENPE_S2608	1
MAPK1	CENPE_S2639	1
MAPK1	CENPE_S2654	1
MAPK1	CEP55_S425	1
MAPK1	CEP55_S428	1
MAPK1	CHD4_S1535	1
MAPK1	CIC_S1389	1
MAPK1	CIC_S1409	1
MAPK1	CIITA_S280	1
MAPK1	CIITA_S288	1
MAPK1	CITED2_S85	1
MAPK1	CITED2_T166	1
MAPK1	CITED2_T175	1
MAPK1	CLK3_S9	1
MAPK1	CNOT4_S301	1
MAPK1	COPS6_S148	1
MAPK1	CREB1_S133	1
MAPK1	CREBBP_S93	1
MAPK1	CRTC2_S238	1
MAPK1	CRTC3_S391	1
MAPK1	CRY1_S247	1
MAPK1	CRYAB_S45	1
MAPK1	CSNK2A1_S362	1
MAPK1	CSNK2A1_T360	1
MAPK1	CSPG4_T2310	1
MAPK1	CTNNB1_S675	1
MAPK1	CTNND1_T308	1
MAPK1	CTNND1_T310	1
MAPK1	CTNND1_T906	1
MAPK1	CTTN_S368	1
MAPK1	CTTN_S381	1
MAPK1	CTTN_S405	1
MAPK1	CTTN_S418	1
MAPK1	CTTN_T364	1
MAPK1	DAPK1_S734	1
MAPK1	DAPK1_T180	1
MAPK1	DAZAP1_T269	1
MAPK1	DAZAP1_T315	1
MAPK1	DDHD1_S727	1
MAPK1	DHPS_S233	1
MAPK1	DLG2_S323	1
MAPK1	DLG2_S428	1
MAPK1	DLG4_S290	1
MAPK1	DLG4_T287	1
MAPK1	DMTN_S90	1
MAPK1	DMTN_S92	1
MAPK1	DMTN_S96	1
MAPK1	DNM1L_S616	1
MAPK1	DNMT3A_S255	1
MAPK1	DOCK1_T1772	1
MAPK1	DUSP16_S446	1
MAPK1	DUSP16_S501	1
MAPK1	DUSP1_S296	1
MAPK1	DUSP1_S323	1
MAPK1	DUSP1_S359	1
MAPK1	DUSP1_S364	1
MAPK1	DUSP5_S346	1
MAPK1	DUSP5_S376	1
MAPK1	DUSP5_T321	1
MAPK1	DUSP6_S159	1
MAPK1	DUSP6_S197	1
MAPK1	DUSP6_S331	1
MAPK1	DYNC1I2_S87	1
MAPK1	DYNC1LI1_S516	1
MAPK1	DYRK1B_S421	1
MAPK1	E2F1_S337	1
MAPK1	EGFR_T693	1
MAPK1	EIF2AK2_S456	1
MAPK1	EIF2AK2_S83	1
MAPK1	EIF2AK2_T451	1
MAPK1	EIF2S1_S52	1
MAPK1	EIF4EBP1_S65	1
MAPK1	EIF4EBP1_S83	1
MAPK1	EIF4EBP1_T36	1
MAPK1	EIF4EBP1_T37	1
MAPK1	EIF4EBP1_T45	1
MAPK1	EIF4EBP1_T46	1
MAPK1	EIF4EBP1_T70	1
MAPK1	EIF4ENIF1_S586	1
MAPK1	EIF4G1_S1232	1
MAPK1	ELK1_S324	1
MAPK1	ELK1_S383	1
MAPK1	ELK1_S389	1
MAPK1	ELK1_S422	1
MAPK1	ELK1_T336	1
MAPK1	ELK1_T353	1
MAPK1	ELK1_T363	1
MAPK1	ELK1_T368	1
MAPK1	ELK1_T417	1
MAPK1	EP300_S1038	1
MAPK1	EP300_S2039	1
MAPK1	EP300_S2279	1
MAPK1	EP300_S2315	1
MAPK1	EP300_S2366	1
MAPK1	EP300_T1960	1
MAPK1	EP300_T317	1
MAPK1	EP300_T938	1
MAPK1	EPAS1_S672	1
MAPK1	ERBB2_T701	1
MAPK1	ERF_S154	1
MAPK1	ERF_S161	1
MAPK1	ERF_S21	1
MAPK1	ERF_S246	1
MAPK1	ERF_S251	1
MAPK1	ERF_S327	1
MAPK1	ERF_T148	1
MAPK1	ERF_T526	1
MAPK1	ERG_S103	1
MAPK1	ERG_S222	1
MAPK1	ERG_S283	1
MAPK1	ERG_S88	1
MAPK1	ESPL1_S1126	1
MAPK1	ESPL1_S1545	1
MAPK1	ESPL1_S330	1
MAPK1	ESPL1_T1346	1
MAPK1	ESR1_S104	1
MAPK1	ESR1_S106	1
MAPK1	ESR1_S118	1
MAPK1	ESR1_T311	1
MAPK1	ETS1_T38	1
MAPK1	ETS1_T82	1
MAPK1	ETS2_T72	1
MAPK1	ETV3_S139	1
MAPK1	ETV6_S213	1
MAPK1	ETV6_S257	1
MAPK1	EWSR1_T79	1
MAPK1	EXOC7_S250	1
MAPK1	FBXW7_T205	1
MAPK1	FGFR1_S777	1
MAPK1	FGFR1_S808	1
MAPK1	FGFR2_S780	1
MAPK1	FHOD1_S498	1
MAPK1	FOSL2_S320	1
MAPK1	FOSL2_T322	1
MAPK1	FOS_S362	1
MAPK1	FOS_S374	1
MAPK1	FOS_T232	1
MAPK1	FOS_T325	1
MAPK1	FOS_T331	1
MAPK1	FOXO3_S12	1
MAPK1	FOXO3_S294	1
MAPK1	FOXO3_S344	1
MAPK1	FOXO3_S425	1
MAPK1	GAB1_S355	1
MAPK1	GAB1_S381	1
MAPK1	GAB1_S454	1
MAPK1	GAB1_S551	1
MAPK1	GAB1_S567	1
MAPK1	GAB1_S581	1
MAPK1	GAB1_S597	1
MAPK1	GAB1_T312	1
MAPK1	GAB1_T476	1
MAPK1	GAB1_T503	1
MAPK1	GAB2_S585	1
MAPK1	GAB2_S623	1
MAPK1	GABRR1_S434	1
MAPK1	GABRR1_S435	1
MAPK1	GABRR1_S440	1
MAPK1	GABRR1_T394	1
MAPK1	GAP43_S151	1
MAPK1	GATA4_S105	1
MAPK1	GATA6_S266	1
MAPK1	GIGYF2_S30	1
MAPK1	GJA1_S255	1
MAPK1	GJA1_S279	1
MAPK1	GJA1_S282	1
MAPK1	GLE1_S88	1
MAPK1	GLE1_S92	1
MAPK1	GLE1_S93	1
MAPK1	GLE1_S99	1
MAPK1	GLE1_T102	1
MAPK1	GLRA1_S408	1
MAPK1	GORASP1_S274	1
MAPK1	GORASP2_T222	1
MAPK1	GORASP2_T225	1
MAPK1	GRB10_S104	1
MAPK1	GRB10_S150	1
MAPK1	GRB10_S360	1
MAPK1	GRB10_S372	1
MAPK1	GRB10_S418	1
MAPK1	GRB10_S430	1
MAPK1	GRB10_S476	1
MAPK1	GRB10_S92	1
MAPK1	GRB10_T422	1
MAPK1	GRK2_S670	1
MAPK1	GSK3B_S9	1
MAPK1	GSK3B_T275	1
MAPK1	GSK3B_T403	1
MAPK1	GSK3B_T43	1
MAPK1	GTF2I_S627	1
MAPK1	GTF2I_S633	1
MAPK1	GTF2I_S668	1
MAPK1	GTF2I_S674	1
MAPK1	H3-3B_S29	1
MAPK1	H3C1_S29	1
MAPK1	HDAC6_T1031	1
MAPK1	HECTD3_T157	1
MAPK1	HELLS_S503	1
MAPK1	HIF1A_S641	1
MAPK1	HIF1A_S643	1
MAPK1	HIF1A_S665	1
MAPK1	HIF1A_S667	1
MAPK1	HNRNPH1_S104	1
MAPK1	HNRNPK_S284	1
MAPK1	HSF1_S303	1
MAPK1	HSF1_S307	1
MAPK1	HSF1_S326	1
MAPK1	HSF1_S363	1
MAPK1	HSF4_S298	1
MAPK1	IER3_S126	1
MAPK1	IER3_T123	1
MAPK1	IER3_T18	1
MAPK1	IL16_S144	1
MAPK1	IL16_S845	1
MAPK1	IL16_S922	1
MAPK1	IL16_T757	1
MAPK1	IL2RB_T476	1
MAPK1	ILKAP_T315	1
MAPK1	ILKAP_T333	1
MAPK1	IRS1_S312	1
MAPK1	IRS1_S616	1
MAPK1	IRS1_S636	1
MAPK1	IRS1_S639	1
MAPK1	IRX2_S46	1
MAPK1	IRX2_S64	1
MAPK1	ITPR1_S1765	1
MAPK1	ITPR1_S436	1
MAPK1	JADE1_S392	1
MAPK1	JADE1_S89	1
MAPK1	JAK2_S523	1
MAPK1	JUND_S100	1
MAPK1	JUND_S259	1
MAPK1	JUN_S243	1
MAPK1	JUN_S63	1
MAPK1	JUN_S73	1
MAPK1	KCND2_S616	1
MAPK1	KCND2_T602	1
MAPK1	KCND2_T607	1
MAPK1	KDM4B_S352	1
MAPK1	KDM4B_S566	1
MAPK1	KDM4B_S622	1
MAPK1	KDM4B_T1065	1
MAPK1	KDM4B_T305	1
MAPK1	KHDRBS1_S58	1
MAPK1	KHDRBS1_T72	1
MAPK1	KHDRBS1_T84	1
MAPK1	KLC1_S460	1
MAPK1	KLF8_S48	1
MAPK1	KRT8_S102	1
MAPK1	KRT8_S432	1
MAPK1	KRT8_S74	1
MAPK1	KSR1_S320	1
MAPK1	KSR1_S334	1
MAPK1	KSR1_S458	1
MAPK1	KSR1_T137	1
MAPK1	KSR1_T151	1
MAPK1	KSR1_T274	1
MAPK1	L1CAM_S1204	1
MAPK1	L1CAM_S1248	1
MAPK1	LCK_S194	1
MAPK1	LCK_S42	1
MAPK1	LCK_S59	1
MAPK1	LIFR_S1044	1
MAPK1	LIFR_S1077	1
MAPK1	LIFR_S534	1
MAPK1	LIFR_S927	1
MAPK1	LIMA1_S362	1
MAPK1	LIMA1_S604	1
MAPK1	LIN28A_S200	1
MAPK1	LIPE_T891	1
MAPK1	LRP6_S1490	1
MAPK1	LRP6_T1572	1
MAPK1	LYL1_S36	1
MAPK1	MAFA_S14	1
MAPK1	MAFA_S65	1
MAPK1	MAP2K1_S218	1
MAPK1	MAP2K1_S222	1
MAPK1	MAP2K1_S231	1
MAPK1	MAP2K1_T286	1
MAPK1	MAP2K1_T292	1
MAPK1	MAP2K1_T386	1
MAPK1	MAP2K2_S222	1
MAPK1	MAP2K2_S226	1
MAPK1	MAPK3_S225	1
MAPK1	MAPK6_S189	1
MAPK1	MAPK7_T733	1
MAPK1	MAPKAPK2_S272	1
MAPK1	MAPKAPK2_S9	1
MAPK1	MAPKAPK2_T222	1
MAPK1	MAPKAPK2_T25	1
MAPK1	MAPKAPK2_T334	1
MAPK1	MAPKAPK2_Y63	1
MAPK1	MAPKAPK5_T182	1
MAPK1	MAPKAPK5_T214	1
MAPK1	MAPT_S144	1
MAPK1	MAPT_S191	1
MAPK1	MAPT_S199	1
MAPK1	MAPT_S202	1
MAPK1	MAPT_S235	1
MAPK1	MAPT_S396	1
MAPK1	MAPT_S404	1
MAPK1	MAPT_S422	1
MAPK1	MAPT_S46	1
MAPK1	MAPT_S519	1
MAPK1	MAPT_S534	1
MAPK1	MAPT_S537	1
MAPK1	MAPT_S570	1
MAPK1	MAPT_S721	1
MAPK1	MAPT_S731	1
MAPK1	MAPT_S739	1
MAPK1	MAPT_S757	1
MAPK1	MAPT_T117	1
MAPK1	MAPT_T123	1
MAPK1	MAPT_T153	1
MAPK1	MAPT_T175	1
MAPK1	MAPT_T181	1
MAPK1	MAPT_T205	1
MAPK1	MAPT_T212	1
MAPK1	MAPT_T217	1
MAPK1	MAPT_T231	1
MAPK1	MAPT_T470	1
MAPK1	MAPT_T492	1
MAPK1	MAPT_T498	1
MAPK1	MAPT_T50	1
MAPK1	MAPT_T522	1
MAPK1	MAPT_T540	1
MAPK1	MAPT_T547	1
MAPK1	MAPT_T552	1
MAPK1	MARCKS_S46	1
MAPK1	MBP_T125	1
MAPK1	MBP_T229	1
MAPK1	MBP_T232	1
MAPK1	MBP_T96	1
MAPK1	MBP_T99	1
MAPK1	MCL1_T163	1
MAPK1	MCRIP1_S21	1
MAPK1	MCRIP1_T30	1
MAPK1	MCTS1_T81	1
MAPK1	MCTS1_T82	1
MAPK1	MED14_S986	1
MAPK1	MED1_S1156	1
MAPK1	MED1_S1192	1
MAPK1	MED1_S1207	1
MAPK1	MED1_S1223	1
MAPK1	MED1_S1433	1
MAPK1	MED1_S1453	1
MAPK1	MED1_S545	1
MAPK1	MED1_T1032	1
MAPK1	MED1_T1057	1
MAPK1	MED1_T1215	1
MAPK1	MED1_T1457	1
MAPK1	MED1_T562	1
MAPK1	MED1_T623	1
MAPK1	MED1_T628	1
MAPK1	MED1_T805	1
MAPK1	MEF2A_S453	1
MAPK1	MEF2C_S397	1
MAPK1	METTL3_S43	1
MAPK1	METTL3_S50	1
MAPK1	METTL3_S525	1
MAPK1	MITF_S180	1
MAPK1	MITF_S409	1
MAPK1	MITF_S73	1
MAPK1	MKNK1_T250	1
MAPK1	MKNK1_T255	1
MAPK1	MKNK2_T244	1
MAPK1	MKNK2_T249	1
MAPK1	MKNK2_T379	1
MAPK1	MRTFA_S454	1
MAPK1	MTMR2_S58	1
MAPK1	MYB_S532	1
MAPK1	MYB_S653	1
MAPK1	MYCN_S62	1
MAPK1	MYC_S293	1
MAPK1	MYC_S62	1
MAPK1	MYC_S71	1
MAPK1	MYC_T58	1
MAPK1	MYLK_S16	1
MAPK1	MYLK_S1779	1
MAPK1	MYO9B_T1346	1
MAPK1	NANOG_S52	1
MAPK1	NANOG_S65	1
MAPK1	NCAM1_T803	1
MAPK1	NCF1_S345	1
MAPK1	NCF2_T233	1
MAPK1	NCOA1_S1033	1
MAPK1	NCOA1_S1185	1
MAPK1	NCOA1_S22	1
MAPK1	NCOA1_S395	1
MAPK1	NCOA1_S517	1
MAPK1	NCOA1_T1179	1
MAPK1	NCOA2_S736	1
MAPK1	NCOA6_S884	1
MAPK1	NDE1_S239	1
MAPK1	NDE1_T215	1
MAPK1	NDEL1_T219	1
MAPK1	NDEL1_T245	1
MAPK1	NEFH_S518	1
MAPK1	NEFH_S526	1
MAPK1	NEFH_S532	1
MAPK1	NEFL_T21	1
MAPK1	NEUROD1_S162	1
MAPK1	NEUROD1_S259	1
MAPK1	NEUROD1_S266	1
MAPK1	NEUROD1_S274	1
MAPK1	NFATC4_S168	1
MAPK1	NFATC4_S170	1
MAPK1	NFATC4_S213	1
MAPK1	NFATC4_S217	1
MAPK1	NFATC4_S221	1
MAPK1	NFATC4_S676	1
MAPK1	NFATC4_S739	1
MAPK1	NID1_S333	1
MAPK1	NOS2_S745	1
MAPK1	NOX5_S498	1
MAPK1	NOX5_S544	1
MAPK1	NOXA1_S282	1
MAPK1	NR2C2_S19	1
MAPK1	NR2C2_S68	1
MAPK1	NR3C1_S226	1
MAPK1	NR3C2_S196	1
MAPK1	NR3C2_S227	1
MAPK1	NR3C2_S238	1
MAPK1	NR3C2_S263	1
MAPK1	NR3C2_S287	1
MAPK1	NR3C2_S361	1
MAPK1	NR4A1_S431	1
MAPK1	NR4A1_S444	1
MAPK1	NR4A1_T143	1
MAPK1	NR4A1_T156	1
MAPK1	NR4A2_S126	1
MAPK1	NR4A2_T129	1
MAPK1	NR4A2_T132	1
MAPK1	NR4A2_T185	1
MAPK1	NR5A1_S203	1
MAPK1	NRIP1_T207	1
MAPK1	NUP133_S131	1
MAPK1	NUP133_S267	1
MAPK1	NUP133_S45	1
MAPK1	NUP133_S50	1
MAPK1	NUP133_T10	1
MAPK1	NUP133_T28	1
MAPK1	NUP133_T63	1
MAPK1	NUP153_S257	1
MAPK1	NUP153_S320	1
MAPK1	NUP153_S334	1
MAPK1	NUP153_S338	1
MAPK1	NUP153_S516	1
MAPK1	NUP153_S522	1
MAPK1	NUP153_S529	1
MAPK1	NUP153_T369	1
MAPK1	NUP153_T388	1
MAPK1	NUP153_T413	1
MAPK1	NUP214_S1710	1
MAPK1	NUP214_S1809	1
MAPK1	NUP50_S221	1
MAPK1	NUP50_S315	1
MAPK1	PAK1_S220	1
MAPK1	PAK1_S223	1
MAPK1	PAK1_T212	1
MAPK1	PAK1_T230	1
MAPK1	PALLD_S688	1
MAPK1	PALLD_S808	1
MAPK1	PARP1_S372	1
MAPK1	PARP1_T373	1
MAPK1	PARVA_S4	1
MAPK1	PARVA_S8	1
MAPK1	PBK_T9	1
MAPK1	PCBP2_S173	1
MAPK1	PCBP2_S189	1
MAPK1	PCBP2_S272	1
MAPK1	PCBP2_T213	1
MAPK1	PCYT1A_S315	1
MAPK1	PDE4B_S487	1
MAPK1	PDE4B_S659	1
MAPK1	PDE4C_S535	1
MAPK1	PDE4C_S641	1
MAPK1	PDE4D_S413	1
MAPK1	PDE4D_S490	1
MAPK1	PDE4D_S579	1
MAPK1	PDE4D_S715	1
MAPK1	PDX1_S61	1
MAPK1	PDX1_S66	1
MAPK1	PDXDC1_T691	1
MAPK1	PFAS_T619	1
MAPK1	PGK1_S203	1
MAPK1	PGR_S130	1
MAPK1	PGR_S162	1
MAPK1	PGR_S190	1
MAPK1	PGR_S20	1
MAPK1	PGR_S213	1
MAPK1	PGR_S294	1
MAPK1	PGR_S345	1
MAPK1	PITPNM1_S300	1
MAPK1	PITPNM1_S600	1
MAPK1	PITPNM1_S638	1
MAPK1	PITPNM1_S896	1
MAPK1	PITPNM1_T1223	1
MAPK1	PITPNM1_T287	1
MAPK1	PITPNM1_T794	1
MAPK1	PKM_S37	1
MAPK1	PLA2G4A_S505	1
MAPK1	PLA2G4A_S727	1
MAPK1	PLA2G4A_T268	1
MAPK1	PLCB1_S982	1
MAPK1	PML_S36	1
MAPK1	PML_S38	1
MAPK1	PML_S40	1
MAPK1	PML_S403	1
MAPK1	PML_S505	1
MAPK1	PML_S527	1
MAPK1	PML_S530	1
MAPK1	PML_T28	1
MAPK1	POLR2A_S1616	1
MAPK1	POLR2A_S1619	1
MAPK1	POLR2A_S1626	1
MAPK1	POLR2A_S1647	1
MAPK1	POLR2A_S1654	1
MAPK1	POLR2A_S1668	1
MAPK1	POLR2A_S1675	1
MAPK1	POLR2A_S1696	1
MAPK1	POLR2A_S1717	1
MAPK1	POLR2A_S1724	1
MAPK1	POLR2A_S1738	1
MAPK1	POLR2A_S1766	1
MAPK1	POLR2A_S1787	1
MAPK1	POLR2A_S1815	1
MAPK1	POLR2A_S1843	1
MAPK1	POLR2A_S1847	1
MAPK1	POLR2A_S1850	1
MAPK1	POLR2A_S1857	1
MAPK1	POLR2A_S1861	1
MAPK1	POLR2A_S1864	1
MAPK1	POLR2A_S1868	1
MAPK1	POLR2A_S1871	1
MAPK1	POLR2A_S1875	1
MAPK1	POLR2A_S1878	1
MAPK1	POLR2A_S1882	1
MAPK1	POLR2A_S1889	1
MAPK1	POLR2A_S1892	1
MAPK1	POLR2A_S1896	1
MAPK1	POLR2A_S1899	1
MAPK1	POLR2A_S1906	1
MAPK1	POLR2A_S1913	1
MAPK1	POLR2A_S1917	1
MAPK1	POLR2A_S1920	1
MAPK1	POLR2A_S1927	1
MAPK1	POLR2A_S1931	1
MAPK1	POLR2A_S1934	1
MAPK1	POLR2A_S1944	1
MAPK1	POLR2A_S1951	1
MAPK1	POLR2A_T1854	1
MAPK1	POLR2A_T1885	1
MAPK1	POLR2A_T1903	1
MAPK1	POU5F1_S111	1
MAPK1	POU5F1_S355	1
MAPK1	POU5F1_T118	1
MAPK1	PPARA_S12	1
MAPK1	PPARA_S21	1
MAPK1	PPARG_S112	1
MAPK1	PPARG_S84	1
MAPK1	PPP1R13L_S110	1
MAPK1	PPP1R13L_S113	1
MAPK1	PPP1R13L_S120	1
MAPK1	PPP1R13L_S158	1
MAPK1	PPP1R13L_S183	1
MAPK1	PPP1R13L_S187	1
MAPK1	PPP1R13L_S280	1
MAPK1	PPP1R13L_S316	1
MAPK1	PPP1R13L_S358	1
MAPK1	PPP1R13L_S395	1
MAPK1	PPP1R13L_S53	1
MAPK1	PPP1R13L_S567	1
MAPK1	PPP1R13L_S597	1
MAPK1	PPP1R13L_T123	1
MAPK1	PPP1R9B_S15	1
MAPK1	PPP1R9B_S17	1
MAPK1	PPP1R9B_S205	1
MAPK1	PPP2R5C_S337	1
MAPK1	PRDX6_T177	1
MAPK1	PRKAR1A_S83	1
MAPK1	PTBP2_S308	1
MAPK1	PTK2_Y925	1
MAPK1	PTPN12_S571	1
MAPK1	PTPN5_S268	1
MAPK1	PTPN5_T255	1
MAPK1	PTPN7_S132	1
MAPK1	PTPN7_S198	1
MAPK1	PTPN7_S93	1
MAPK1	PTPN7_T105	1
MAPK1	PTPN7_T171	1
MAPK1	PTPN7_T66	1
MAPK1	PTPRCAP_S163	1
MAPK1	PTPRR_T116	1
MAPK1	PTPRR_T361	1
MAPK1	PTPRR_Y370	1
MAPK1	PTPRR_Y44	1
MAPK1	PTPRR_Y62	1
MAPK1	PTTG1_S165	1
MAPK1	PXN_S126	1
MAPK1	PXN_S130	1
MAPK1	PXN_S83	1
MAPK1	RAC1_T108	1
MAPK1	RAD23B_S160	1
MAPK1	RAD23B_T155	1
MAPK1	RAF1_S259	1
MAPK1	RAF1_S289	1
MAPK1	RAF1_S29	1
MAPK1	RAF1_S296	1
MAPK1	RAF1_S301	1
MAPK1	RAF1_S43	1
MAPK1	RAF1_S642	1
MAPK1	RAI14_T249	1
MAPK1	RAMAC_S36	1
MAPK1	RARA_S77	1
MAPK1	RASGRP2_S394	1
MAPK1	RBL1_S964	1
MAPK1	RBL2_S1035	1
MAPK1	RBM17_S222	1
MAPK1	RBM17_T71	1
MAPK1	RCAN1_S167	1
MAPK1	RELA_S276	1
MAPK1	RELA_S536	1
MAPK1	RELA_T435	1
MAPK1	REST_S861	1
MAPK1	REST_S864	1
MAPK1	RGS19_S151	1
MAPK1	RORA_T128	1
MAPK1	RORA_T216	1
MAPK1	RPS3_T221	1
MAPK1	RPS3_T42	1
MAPK1	RPS6KA1_S221	1
MAPK1	RPS6KA1_S363	1
MAPK1	RPS6KA1_S372	1
MAPK1	RPS6KA1_S380	1
MAPK1	RPS6KA1_S732	1
MAPK1	RPS6KA1_T359	1
MAPK1	RPS6KA1_T368	1
MAPK1	RPS6KA1_T573	1
MAPK1	RPS6KA2_S218	1
MAPK1	RPS6KA2_S360	1
MAPK1	RPS6KA2_S377	1
MAPK1	RPS6KA2_S730	1
MAPK1	RPS6KA2_T356	1
MAPK1	RPS6KA2_T570	1
MAPK1	RPS6KA3_S227	1
MAPK1	RPS6KA3_S369	1
MAPK1	RPS6KA3_S386	1
MAPK1	RPS6KA3_S715	1
MAPK1	RPS6KA3_T231	1
MAPK1	RPS6KA3_T365	1
MAPK1	RPS6KA3_T577	1
MAPK1	RPS6KA3_Y488	1
MAPK1	RPS6KA3_Y529	1
MAPK1	RPS6KA4_S347	1
MAPK1	RPS6KA5_S360	1
MAPK1	RPS6KA5_S376	1
MAPK1	RPS6KA5_T581	1
MAPK1	RPS6KA5_T700	1
MAPK1	RPS6KA6_S372	1
MAPK1	RPS6KA6_S389	1
MAPK1	RPS6KA6_T581	1
MAPK1	RPS6KB1_S434	1
MAPK1	RPS6KB1_S447	1
MAPK1	RPS6KB1_T444	1
MAPK1	RPTOR_S696	1
MAPK1	RPTOR_S8	1
MAPK1	RPTOR_S863	1
MAPK1	RRAS2_S186	1
MAPK1	RRAS_S201	1
MAPK1	RSPH3_T243	1
MAPK1	RSPH3_T286	1
MAPK1	RTL10_S69	1
MAPK1	RUNX1_S249	1
MAPK1	RUNX1_S266	1
MAPK1	RUNX1_S276	1
MAPK1	RUNX1_S293	1
MAPK1	RUNX1_S303	1
MAPK1	RUNX1_S462	1
MAPK1	RUNX1_T273	1
MAPK1	RUNX1_T300	1
MAPK1	RXRA_S260	1
MAPK1	RXRA_T82	1
MAPK1	SCNN1B_T615	1
MAPK1	SCNN1G_T622	1
MAPK1	SEC16A_T593	1
MAPK1	SF3B1_T354	1
MAPK1	SGK1_S78	1
MAPK1	SH2B1_S88	1
MAPK1	SH2B1_S96	1
MAPK1	SHARPIN_S165	1
MAPK1	SHC4_T159	1
MAPK1	SHOC2_T507	1
MAPK1	SLC6A4_T616	1
MAPK1	SLC9A1_S693	1
MAPK1	SLC9A1_S723	1
MAPK1	SLC9A1_S726	1
MAPK1	SLC9A1_S766	1
MAPK1	SLC9A1_S770	1
MAPK1	SLC9A1_S771	1
MAPK1	SLC9A1_S785	1
MAPK1	SLC9A1_T779	1
MAPK1	SMAD1_S132	1
MAPK1	SMAD1_S187	1
MAPK1	SMAD1_S195	1
MAPK1	SMAD1_S206	1
MAPK1	SMAD1_S214	1
MAPK1	SMAD2_S245	1
MAPK1	SMAD2_S250	1
MAPK1	SMAD2_S255	1
MAPK1	SMAD2_T220	1
MAPK1	SMAD2_T8	1
MAPK1	SMAD3_S204	1
MAPK1	SMAD3_S208	1
MAPK1	SMAD3_S213	1
MAPK1	SMAD3_T179	1
MAPK1	SMAD4_T277	1
MAPK1	SMARCAD1_S34	1
MAPK1	SMC4_S22	1
MAPK1	SNAI1_S104	1
MAPK1	SNAI1_S82	1
MAPK1	SNAI2_S104	1
MAPK1	SNAI2_S87	1
MAPK1	SNTA1_S193	1
MAPK1	SNTA1_S201	1
MAPK1	SORBS3_S188	1
MAPK1	SORBS3_S530	1
MAPK1	SOS1_S1082	1
MAPK1	SOS1_S1132	1
MAPK1	SOS1_S1167	1
MAPK1	SOS1_S1178	1
MAPK1	SOS1_S1193	1
MAPK1	SOS1_S1197	1
MAPK1	SOS1_S1210	1
MAPK1	SOS1_S1275	1
MAPK1	SOS1_S757	1
MAPK1	SOX10_S24	1
MAPK1	SOX10_S45	1
MAPK1	SOX10_T240	1
MAPK1	SOX10_T244	1
MAPK1	SP1_S59	1
MAPK1	SP1_T278	1
MAPK1	SP1_T453	1
MAPK1	SP1_T739	1
MAPK1	SP3_S73	1
MAPK1	SPHK1_S225	1
MAPK1	SPHK1_S311	1
MAPK1	SPHK2_S387	1
MAPK1	SPHK2_T614	1
MAPK1	SREBF1_S117	1
MAPK1	SREBF1_S147	1
MAPK1	SREBF1_S439	1
MAPK1	SREBF1_S93	1
MAPK1	SREBF1_T81	1
MAPK1	SREBF2_S432	1
MAPK1	SREBF2_S455	1
MAPK1	SREBF2_S469	1
MAPK1	SRRM1_S795	1
MAPK1	SRRM1_T406	1
MAPK1	STAT1_S727	1
MAPK1	STAT3_S726	1
MAPK1	STAT3_S727	1
MAPK1	STAT5A_S193	1
MAPK1	STAT5A_S726	1
MAPK1	STAT5A_S780	1
MAPK1	STIM1_S575	1
MAPK1	STIM1_S608	1
MAPK1	STIM1_S621	1
MAPK1	STK11_S325	1
MAPK1	STK11_S428	1
MAPK1	STMN1_S25	1
MAPK1	STMN1_S38	1
MAPK1	STMN2_S62	1
MAPK1	STMN2_S73	1
MAPK1	STMN3_S68	1
MAPK1	TAB1_S438	1
MAPK1	TAF6_S653	1
MAPK1	TAGLN2_S145	1
MAPK1	TCF3_S352	1
MAPK1	TCF3_S359	1
MAPK1	TCF3_T355	1
MAPK1	TERF2_S365	1
MAPK1	TFAM_S177	1
MAPK1	TFCP2_S291	1
MAPK1	TFCP2_S309	1
MAPK1	TFEB_S142	1
MAPK1	TFEB_S211	1
MAPK1	TGS1_S298	1
MAPK1	THRB_S142	1
MAPK1	TH_S31	1
MAPK1	TH_S58	1
MAPK1	TH_S62	1
MAPK1	TH_T8	1
MAPK1	TNFRSF1A_S273	1
MAPK1	TNFRSF1A_S274	1
MAPK1	TNFRSF1A_T280	1
MAPK1	TNKS1BP1_T1032	1
MAPK1	TNKS1BP1_T131	1
MAPK1	TOB1_S152	1
MAPK1	TOB1_S154	1
MAPK1	TOB1_S164	1
MAPK1	TOP2A_S1213	1
MAPK1	TOP2A_S1247	1
MAPK1	TOP2A_S1354	1
MAPK1	TOP2A_S1361	1
MAPK1	TOP2A_S1393	1
MAPK1	TP53BP2_S827	1
MAPK1	TP53BP2_S833	1
MAPK1	TP53_S15	1
MAPK1	TP53_S33	1
MAPK1	TP53_T55	1
MAPK1	TP53_T81	1
MAPK1	TPPP_S160	1
MAPK1	TPPP_S18	1
MAPK1	TPR_S2155	1
MAPK1	TPR_T2116	1
MAPK1	TPR_T2137	1
MAPK1	TPR_T2214	1
MAPK1	TRAP1_S511	1
MAPK1	TSC22D3_S188	1
MAPK1	TSC22D3_S42	1
MAPK1	TSC2_S1097	1
MAPK1	TSC2_S1155	1
MAPK1	TSC2_S1449	1
MAPK1	TSC2_S1452	1
MAPK1	TSC2_S540	1
MAPK1	TSC2_S664	1
MAPK1	TTK_S821	1
MAPK1	TTN_S3873	1
MAPK1	TWIST1_S68	1
MAPK1	TXNIP_T349	1
MAPK1	UBAP2L_T844	1
MAPK1	UBE2A_S120	1
MAPK1	UBTF_S389	1
MAPK1	UBTF_S484	1
MAPK1	UBTF_T117	1
MAPK1	UBTF_T201	1
MAPK1	UNG_T60	1
MAPK1	WASF2_S296	1
MAPK1	WASF2_S308	1
MAPK1	WTAP_S306	1
MAPK1	WTAP_S341	1
MAPK1	WTAP_T148	1
MAPK1	WWC1_S542	1
MAPK1	WWC1_S548	1
MAPK1	XBP1_S181	1
MAPK1	XBP1_S68	1
MAPK1	XPO5_S416	1
MAPK1	XPO5_S497	1
MAPK1	XPO5_T345	1
MAPK1	YBX1_S36	1
MAPK1	YTHDF2_S39	1
MAPK1	YTHDF2_T381	1
MAPK1	ZC3HC1_S395	1
MAPK1	ZFP36_S228	1
MAPK1	ZMYM2_S838	1
MAPK1	ZYX_S259	1
MAPK10	ADD1_S12	1
MAPK10	ADD1_S355	1
MAPK10	AKT2_S474	1
MAPK10	AMPH_S272	1
MAPK10	AMPH_S500	1
MAPK10	ANAPC2_S314	1
MAPK10	APLP2_T736	1
MAPK10	APP_T668	1
MAPK10	APP_T743	1
MAPK10	ARHGAP12_S240	1
MAPK10	ATF2_S112	1
MAPK10	ATF2_S90	1
MAPK10	ATF2_T116	1
MAPK10	ATF2_T69	1
MAPK10	ATF2_T71	1
MAPK10	ATN1_S101	1
MAPK10	ATN1_S168	1
MAPK10	ATN1_S739	1
MAPK10	BAD_S91	1
MAPK10	BCL2L11_S104	1
MAPK10	BCL2L11_S118	1
MAPK10	BCL2L11_S55	1
MAPK10	BCL2L11_S58	1
MAPK10	BCL2L11_S59	1
MAPK10	BCL2L11_S69	1
MAPK10	BCL2L11_S73	1
MAPK10	BCL2L11_S77	1
MAPK10	BCL2L11_T116	1
MAPK10	BCL2L11_T56	1
MAPK10	BCL2_S70	1
MAPK10	BCL2_S87	1
MAPK10	BCL2_T69	1
MAPK10	BCOR_S423	1
MAPK10	BID_T59	1
MAPK10	CBL_S483	1
MAPK10	CCDC6_S244	1
MAPK10	CCNB1_S126	1
MAPK10	CCNB1_S128	1
MAPK10	CDC16_S560	1
MAPK10	CDC20_T106	1
MAPK10	CDC25C_S168	1
MAPK10	CDK13_S367	1
MAPK10	CDKN1A_S130	1
MAPK10	CDKN1A_S98	1
MAPK10	CDKN1A_T57	1
MAPK10	CEBPB_T226	1
MAPK10	CEBPB_T235	1
MAPK10	CEBPE_T74	1
MAPK10	CEP43_S160	1
MAPK10	COIL_S202	1
MAPK10	CRKL_S107	1
MAPK10	CRYAA_S45	1
MAPK10	DAXX_S668	1
MAPK10	DAXX_S671	1
MAPK10	DAXX_S688	1
MAPK10	DAXX_S702	1
MAPK10	EIF2AK2_S83	1
MAPK10	EIF4B_S504	1
MAPK10	EIF4EBP1_T36	1
MAPK10	EIF4EBP1_T45	1
MAPK10	ELK3_S357	1
MAPK10	ELK3_S363	1
MAPK10	EPS15L1_S229	1
MAPK10	EPS15_S563	1
MAPK10	ESR1_S118	1
MAPK10	ESR1_T311	1
MAPK10	ETS1_T38	1
MAPK10	ETS1_T82	1
MAPK10	FOS_S374	1
MAPK10	FOXO4_T451	1
MAPK10	FOXO4_T455	1
MAPK10	GRK2_S670	1
MAPK10	GTF3C4_S611	1
MAPK10	GYS1_S645	1
MAPK10	H3C1_S29	1
MAPK10	HLCS_S147	1
MAPK10	HNRNPK_S116	1
MAPK10	HNRNPK_S216	1
MAPK10	HNRNPK_S284	1
MAPK10	HNRNPK_S353	1
MAPK10	HSF1_S307	1
MAPK10	HSF1_S363	1
MAPK10	IQGAP1_S330	1
MAPK10	ITSN1_S897	1
MAPK10	ITSN1_S904	1
MAPK10	JUN_S63	1
MAPK10	JUN_S73	1
MAPK10	JUN_T91	1
MAPK10	JUN_T93	1
MAPK10	KCNAB2_S20	1
MAPK10	KIF1B_S1454	1
MAPK10	KIF5C_S176	1
MAPK10	KMT2B_T159	1
MAPK10	LCK_S59	1
MAPK10	LIFR_S1044	1
MAPK10	LMNB1_T20	1
MAPK10	MAP2K7_S35	1
MAPK10	MAP4_S696	1
MAPK10	MAPK6_S189	1
MAPK10	MAPK8IP1_S15	1
MAPK10	MAPK8IP1_S197	1
MAPK10	MAPK8IP1_S29	1
MAPK10	MAPK8IP1_S341	1
MAPK10	MAPK8IP1_S421	1
MAPK10	MAPK8IP1_T103	1
MAPK10	MAPK8IP1_T205	1
MAPK10	MAPK8IP1_T284	1
MAPK10	MAPK8IP3_T265	1
MAPK10	MAPK8IP3_T275	1
MAPK10	MAPK8IP3_T286	1
MAPK10	MAPKAPK2_S272	1
MAPK10	MAPKAPK2_T222	1
MAPK10	MAPKAPK2_T25	1
MAPK10	MAPKAPK2_T334	1
MAPK10	MARK2_S483	1
MAPK10	MCOLN1_T34	1
MAPK10	MEF2A_S235	1
MAPK10	MEF2A_S255	1
MAPK10	MEF2A_S347	1
MAPK10	MEF2A_S400	1
MAPK10	MEF2A_S408	1
MAPK10	MEF2A_S445	1
MAPK10	MEF2A_T108	1
MAPK10	MEF2A_T304	1
MAPK10	MEF2A_T311	1
MAPK10	MEF2C_S397	1
MAPK10	MYB_S653	1
MAPK10	MYC_S62	1
MAPK10	MYC_S71	1
MAPK10	MYC_T58	1
MAPK10	MYLK_S16	1
MAPK10	MYOD1_S5	1
MAPK10	NAP1L1_T62	1
MAPK10	NCK2_S90	1
MAPK10	NDEL1_S198	1
MAPK10	NDEL1_S242	1
MAPK10	NFATC1_S159	1
MAPK10	NFATC1_S172	1
MAPK10	NFATC2_S270	1
MAPK10	NFATC2_S326	1
MAPK10	NFATC2_S99	1
MAPK10	NFATC3_S207	1
MAPK10	NFATC3_S211	1
MAPK10	NFIA_S310	1
MAPK10	NR3C1_S226	1
MAPK10	NUDT11_S148	1
MAPK10	NUP214_S430	1
MAPK10	NUP214_T437	1
MAPK10	ORC1_S258	1
MAPK10	ORC1_S273	1
MAPK10	OSBP2_S762	1
MAPK10	OSBP2_S763	1
MAPK10	OSBP2_S766	1
MAPK10	OSBP2_S768	1
MAPK10	PCYT1A_S315	1
MAPK10	PCYT1A_S319	1
MAPK10	PCYT1A_S329	1
MAPK10	PCYT1A_S343	1
MAPK10	PCYT1B_S319	1
MAPK10	PHACTR1_T104	1
MAPK10	PLA2G4A_S505	1
MAPK10	PLEC_S1435	1
MAPK10	PPARA_S12	1
MAPK10	PPARA_S21	1
MAPK10	PPM1J_S93	1
MAPK10	PPP4R2_S159	1
MAPK10	PRRC2A_S1004	1
MAPK10	RAD18_S99	1
MAPK10	RBM39_S136	1
MAPK10	RBM6_T923	1
MAPK10	RCAN1_S167	1
MAPK10	RPS6KA1_S372	1
MAPK10	RPS6KA1_T368	1
MAPK10	RPS6KB1_S447	1
MAPK10	RPS6KB1_T444	1
MAPK10	RXRA_S260	1
MAPK10	RXRA_T82	1
MAPK10	SFN_S186	1
MAPK10	SLC9A1_S723	1
MAPK10	SNTA1_S193	1
MAPK10	SNTA1_S201	1
MAPK10	SPTBN1_S2102	1
MAPK10	SRRM2_S1387	1
MAPK10	SRRM2_S1831	1
MAPK10	SRRM2_S2398	1
MAPK10	SRRM2_S398	1
MAPK10	SRRM2_S424	1
MAPK10	SRRM2_S924	1
MAPK10	SRRM2_T1003	1
MAPK10	SRRM2_T1844	1
MAPK10	SRRM2_T2092	1
MAPK10	SRRM2_T367	1
MAPK10	SRRT_T543	1
MAPK10	STMN1_S25	1
MAPK10	STMN1_S38	1
MAPK10	STMN2_S62	1
MAPK10	STMN2_S73	1
MAPK10	STUB1_S19	1
MAPK10	STUB1_S23	1
MAPK10	STUB1_S273	1
MAPK10	SYAP1_T248	1
MAPK10	SYN1_S438	1
MAPK10	TAB1_T431	1
MAPK10	TAF3_S297	1
MAPK10	TAL2_S100	1
MAPK10	TCF20_S583	1
MAPK10	TCF3_T355	1
MAPK10	TP53_S37	1
MAPK10	TP53_T55	1
MAPK10	USP47_S910	1
MAPK10	WTAP_S306	1
MAPK10	YWHAZ_S184	1
MAPK10	ZFYVE16_S939	1
MAPK10	ZHX1_S648	1
MAPK10	ZHX1_T36	1
MAPK10	ZYX_S202	1
MAPK10	ZYX_S259	1
MAPK10	ZYX_S267	1
MAPK10	ZYX_S281	1
MAPK10	ZYX_S308	1
MAPK10	ZYX_S344	1
MAPK10	ZYX_T179	1
MAPK10	ZYX_T270	1
MAPK10	ZYX_T274	1
MAPK11	ATF2_T69	1
MAPK11	ATF2_T71	1
MAPK11	ATF7_T51	1
MAPK11	CCND1_T286	1
MAPK11	CCND3_T283	1
MAPK11	CDC25B_S249	1
MAPK11	CREB1_S133	1
MAPK11	DDIT3_S79	1
MAPK11	DDIT3_S82	1
MAPK11	E2F1_S403	1
MAPK11	E2F1_T433	1
MAPK11	EEF2K_S396	1
MAPK11	EGFR_S1039	1
MAPK11	EGFR_T1041	1
MAPK11	ELK4_S381	1
MAPK11	ELK4_S387	1
MAPK11	EP300_S12	1
MAPK11	ESR1_T311	1
MAPK11	EWSR1_T79	1
MAPK11	GDI1_S121	1
MAPK11	GYS1_S645	1
MAPK11	GYS1_S653	1
MAPK11	GYS1_S727	1
MAPK11	GYS1_T721	1
MAPK11	HBP1_S135	1
MAPK11	HBP1_S402	1
MAPK11	HIF1A_S641	1
MAPK11	HIF1A_S687	1
MAPK11	HNF4A_S145	1
MAPK11	HNF4A_S167	1
MAPK11	HSF1_S303	1
MAPK11	HSF1_S307	1
MAPK11	HSF1_S326	1
MAPK11	KAT5_T106	1
MAPK11	KAT5_T158	1
MAPK11	KHSRP_T692	1
MAPK11	KRT8_S74	1
MAPK11	MAPKAPK2_S272	1
MAPK11	MAPKAPK2_T222	1
MAPK11	MAPKAPK2_T334	1
MAPK11	MAPKAPK5_T182	1
MAPK11	MEF2A_T312	1
MAPK11	MEF2A_T319	1
MAPK11	MEF2C_S287	1
MAPK11	MEF2C_T293	1
MAPK11	MEF2C_T300	1
MAPK11	MITF_S414	1
MAPK11	NR3C1_S211	1
MAPK11	NR3C1_S226	1
MAPK11	PER1_S661	1
MAPK11	PIAS2_S113	1
MAPK11	PIAS2_S116	1
MAPK11	PPARGC1A_S266	1
MAPK11	PPARGC1A_T263	1
MAPK11	PPARGC1A_T299	1
MAPK11	PPP1R13L_S110	1
MAPK11	PPP1R13L_S113	1
MAPK11	PPP1R13L_S120	1
MAPK11	PPP1R13L_S158	1
MAPK11	PPP1R13L_S183	1
MAPK11	PPP1R13L_S187	1
MAPK11	PPP1R13L_S280	1
MAPK11	PPP1R13L_S316	1
MAPK11	PPP1R13L_S358	1
MAPK11	PPP1R13L_S395	1
MAPK11	PPP1R13L_S567	1
MAPK11	PPP1R13L_T123	1
MAPK11	PRKCE_S350	1
MAPK11	RPS6KA5_S212	1
MAPK11	RPS6KA5_S360	1
MAPK11	RPS6KA5_S376	1
MAPK11	RPS6KA5_T581	1
MAPK11	RPS6KA5_T700	1
MAPK11	RPTOR_S771	1
MAPK11	RPTOR_S863	1
MAPK11	SLC9A1_S723	1
MAPK11	SLC9A1_S726	1
MAPK11	SLC9A1_S729	1
MAPK11	SLC9A1_T718	1
MAPK11	SNX27_S51	1
MAPK11	SOD2_S106	1
MAPK11	SOD2_T79	1
MAPK11	SREBF1_S63	1
MAPK11	SREBF1_T426	1
MAPK11	TCF3_S139	1
MAPK11	TP53BP1_T1609	1
MAPK11	TP53_S392	1
MAPK11	TWIST1_S68	1
MAPK11	USF1_T153	1
MAPK11	ZBTB21_S1003	1
MAPK11	ZBTB21_S983	1
MAPK11	ZNHIT1_T103	1
MAPK12	ATF2_S90	1
MAPK12	ATF2_T69	1
MAPK12	ATF2_T71	1
MAPK12	CCND3_T283	1
MAPK12	CTNNB1_S605	1
MAPK12	DLG1_S122	1
MAPK12	DLG1_S158	1
MAPK12	DLG1_S443	1
MAPK12	DLG1_T209	1
MAPK12	EEF2K_S396	1
MAPK12	ETS1_T38	1
MAPK12	GJA1_S255	1
MAPK12	GJA1_S282	1
MAPK12	HLCS_S147	1
MAPK12	HSF1_S303	1
MAPK12	HSF1_S307	1
MAPK12	HSF1_S326	1
MAPK12	HSP90AA1_S595	1
MAPK12	HSPB1_S78	1
MAPK12	HSPB1_S82	1
MAPK12	HTRA2_S142	1
MAPK12	KAT5_T106	1
MAPK12	KAT5_T158	1
MAPK12	KRT8_S74	1
MAPK12	MAPK9_Y185	1
MAPK12	MAPT_S144	1
MAPK12	MAPT_S202	1
MAPK12	MAPT_S231	1
MAPK12	MAPT_S262	1
MAPK12	MAPT_S320	1
MAPK12	MAPT_S396	1
MAPK12	MAPT_S404	1
MAPK12	MAPT_S519	1
MAPK12	MAPT_S537	1
MAPK12	MAPT_S637	1
MAPK12	MAPT_S655	1
MAPK12	MAPT_S731	1
MAPK12	MAPT_S739	1
MAPK12	MAPT_T123	1
MAPK12	MAPT_T147	1
MAPK12	MAPT_T173	1
MAPK12	MAPT_T181	1
MAPK12	MAPT_T205	1
MAPK12	MAPT_T231	1
MAPK12	MAPT_T498	1
MAPK12	MAPT_T522	1
MAPK12	MAPT_T540	1
MAPK12	MAPT_T548	1
MAPK12	MAPT_T566	1
MAPK12	MARCKS_S46	1
MAPK12	MEF2A_S355	1
MAPK12	MEF2A_T312	1
MAPK12	MEF2A_T319	1
MAPK12	MEF2C_S387	1
MAPK12	MEF2D_S180	1
MAPK12	MYOD1_S200	1
MAPK12	MYOD1_S201	1
MAPK12	NOL4L_S130	1
MAPK12	NUP62_S272	1
MAPK12	NUP62_T269	1
MAPK12	PPARGC1A_S266	1
MAPK12	PPARGC1A_T263	1
MAPK12	PPARGC1A_T299	1
MAPK12	PTPN3_S459	1
MAPK12	RCSD1_S108	1
MAPK12	RXRA_S260	1
MAPK12	RXRA_T82	1
MAPK12	SGK1_S78	1
MAPK12	SH3BP5_S194	1
MAPK12	SH3BP5_S264	1
MAPK12	SH3BP5_S351	1
MAPK12	SH3BP5_S421	1
MAPK12	SNTA1_S189	1
MAPK12	SNTA1_S193	1
MAPK12	SNTA1_S201	1
MAPK12	SREBF1_S63	1
MAPK12	SREBF1_T426	1
MAPK12	TCF3_S139	1
MAPK12	TP53BP1_T1609	1
MAPK12	TP53_S33	1
MAPK12	UBXN1_S200	1
MAPK13	CACNA1E_S2073	1
MAPK13	CCND3_T283	1
MAPK13	CHEK1_S286	1
MAPK13	CHEK1_S331	1
MAPK13	DLG1_S122	1
MAPK13	DLG1_S158	1
MAPK13	DLG1_T209	1
MAPK13	EEF2K_S359	1
MAPK13	EEF2K_S396	1
MAPK13	EEF2K_S74	1
MAPK13	GRHL3_T454	1
MAPK13	HSF1_S303	1
MAPK13	HSF1_S307	1
MAPK13	HSF1_S326	1
MAPK13	HSPB1_S78	1
MAPK13	HSPB1_S82	1
MAPK13	ISL1_S269	1
MAPK13	KAT5_T106	1
MAPK13	KAT5_T158	1
MAPK13	KRT8_S74	1
MAPK13	MAPT_S396	1
MAPK13	MAPT_S404	1
MAPK13	MAPT_S512	1
MAPK13	MAPT_S518	1
MAPK13	MAPT_S519	1
MAPK13	MAPT_S526	1
MAPK13	MAPT_S687	1
MAPK13	MAPT_S731	1
MAPK13	MAPT_S739	1
MAPK13	MAPT_T212	1
MAPK13	MAPT_T217	1
MAPK13	MAPT_T498	1
MAPK13	MAPT_T522	1
MAPK13	MAPT_T547	1
MAPK13	MAPT_T552	1
MAPK13	PRKD1_S397	1
MAPK13	PRKD1_S401	1
MAPK13	RCSD1_S108	1
MAPK13	RCSD1_S68	1
MAPK13	SFSWAP_S834	1
MAPK13	SQSTM1_S272	1
MAPK13	SQSTM1_T269	1
MAPK13	STMN1_S25	1
MAPK13	STMN1_S38	1
MAPK13	TP53BP1_T1609	1
MAPK13	TP53_S33	1
MAPK13	TP53_S46	1
MAPK13	ZBTB21_S422	1
MAPK14	ACLY_T447	1
MAPK14	ADAM17_T735	1
MAPK14	AFDN_S1165	1
MAPK14	AGO2_S387	1
MAPK14	AIMP2_S156	1
MAPK14	AKT1S1_S212	1
MAPK14	AKT2_S474	1
MAPK14	ANLN_S323	1
MAPK14	ANLN_S99	1
MAPK14	AP3D1_S825	1
MAPK14	ARHGEF12_S341	1
MAPK14	ARID4B_S943	1
MAPK14	ARID4B_T936	1
MAPK14	ARRB1_S412	1
MAPK14	AR_S651	1
MAPK14	ASPH_S29	1
MAPK14	ATF2_S112	1
MAPK14	ATF2_S90	1
MAPK14	ATF2_S94	1
MAPK14	ATF2_T116	1
MAPK14	ATF2_T51	1
MAPK14	ATF2_T53	1
MAPK14	ATF2_T69	1
MAPK14	ATF2_T71	1
MAPK14	ATF6_T166	1
MAPK14	ATG5_T75	1
MAPK14	ATN1_S101	1
MAPK14	ATN1_S34	1
MAPK14	ATRX_S34	1
MAPK14	BACE1_S83	1
MAPK14	BAD_S75	1
MAPK14	BAG3_S377	1
MAPK14	BAG6_S1117	1
MAPK14	BAG6_S973	1
MAPK14	BAZ1B_S158	1
MAPK14	BAZ2A_S469	1
MAPK14	BCL2L11_S104	1
MAPK14	BCL2L11_S55	1
MAPK14	BCL2L11_S69	1
MAPK14	BCL2L11_S73	1
MAPK14	BCL2L11_T116	1
MAPK14	BCL2L11_T56	1
MAPK14	BCL2L1_S62	1
MAPK14	BCL2_S87	1
MAPK14	BCL2_T56	1
MAPK14	BCL7C_S114	1
MAPK14	BCL7C_S126	1
MAPK14	BCL7C_T118	1
MAPK14	BCL9_S687	1
MAPK14	BCR_S459	1
MAPK14	BIN1_S296	1
MAPK14	BIN1_S303	1
MAPK14	BIN1_S304	1
MAPK14	BIRC5_T34	1
MAPK14	BRD2_S298	1
MAPK14	BRD2_S301	1
MAPK14	BRD4_S470	1
MAPK14	BTG2_S149	1
MAPK14	BUB3_S211	1
MAPK14	CALD1_S759	1
MAPK14	CANX_S583	1
MAPK14	CASP3_S150	1
MAPK14	CASP8_S347	1
MAPK14	CASP8_S406	1
MAPK14	CASP9_T125	1
MAPK14	CBFA2T2_S33	1
MAPK14	CBX4_T497	1
MAPK14	CCND2_T280	1
MAPK14	CCND3_T283	1
MAPK14	CCNE1_T395	1
MAPK14	CCNK_S324	1
MAPK14	CCNK_S329	1
MAPK14	CDC25B_S160	1
MAPK14	CDC25B_S249	1
MAPK14	CDC25B_S323	1
MAPK14	CDC25B_S375	1
MAPK14	CDC25C_S216	1
MAPK14	CDC27_T289	1
MAPK14	CDC27_T446	1
MAPK14	CDC6_S106	1
MAPK14	CDC6_S54	1
MAPK14	CDC6_S74	1
MAPK14	CDK4_T172	1
MAPK14	CDKN1A_S130	1
MAPK14	CDKN1A_S98	1
MAPK14	CDKN1A_T57	1
MAPK14	CDKN1B_S10	1
MAPK14	CDKN2D_S66	1
MAPK14	CDT1_S391	1
MAPK14	CDT1_S411	1
MAPK14	CDT1_S491	1
MAPK14	CDT1_T402	1
MAPK14	CDT1_T406	1
MAPK14	CDX2_S283	1
MAPK14	CDX2_S287	1
MAPK14	CDX2_S291	1
MAPK14	CDX2_S295	1
MAPK14	CDX2_S60	1
MAPK14	CHAF1B_S429	1
MAPK14	CHAF1B_S538	1
MAPK14	CHD3_S1601	1
MAPK14	CHD3_S713	1
MAPK14	CHD4_S1535	1
MAPK14	CNOT3_S299	1
MAPK14	COPA_S173	1
MAPK14	CORO1B_S2	1
MAPK14	CREB1_S133	1
MAPK14	CRYAB_S59	1
MAPK14	CSNK1E_S363	1
MAPK14	CSNK2B_S209	1
MAPK14	CSTF2T_S563	1
MAPK14	CTR9_S1072	1
MAPK14	CUX1_S1237	1
MAPK14	CUX1_S1270	1
MAPK14	DAB2_S227	1
MAPK14	DAB2_S401	1
MAPK14	DAB2_T221	1
MAPK14	DAXX_S671	1
MAPK14	DDIT3_S102	1
MAPK14	DDIT3_S105	1
MAPK14	DDIT3_S79	1
MAPK14	DDIT3_S82	1
MAPK14	DDX42_S751	1
MAPK14	DDX42_S754	1
MAPK14	DDX5_T446	1
MAPK14	DDX5_T564	1
MAPK14	DHX9_S87	1
MAPK14	DLG4_S418	1
MAPK14	DLGAP1_S437	1
MAPK14	DLX5_S34	1
MAPK14	DMTN_S156	1
MAPK14	DMTN_S92	1
MAPK14	DROSHA_S221	1
MAPK14	DROSHA_S255	1
MAPK14	DROSHA_S300	1
MAPK14	DROSHA_S355	1
MAPK14	DROSHA_T274	1
MAPK14	DYNC1LI1_S207	1
MAPK14	DYNC1LI1_S405	1
MAPK14	DYNC1LI1_S516	1
MAPK14	DYNC1LI1_T513	1
MAPK14	E2F1_S337	1
MAPK14	EEA1_T1392	1
MAPK14	EEF2K_S359	1
MAPK14	EEF2K_S396	1
MAPK14	EGFR_S1039	1
MAPK14	EGFR_T1041	1
MAPK14	EGFR_T693	1
MAPK14	EGFR_Y1069	1
MAPK14	EIF2AK2_T451	1
MAPK14	EIF2S1_S52	1
MAPK14	EIF3B_S85	1
MAPK14	EIF4EBP1_S65	1
MAPK14	EIF4EBP1_T36	1
MAPK14	EIF4EBP1_T37	1
MAPK14	EIF4EBP1_T45	1
MAPK14	EIF4EBP1_T46	1
MAPK14	EIF4ENIF1_S586	1
MAPK14	EIF5B_S1168	1
MAPK14	ELAVL1_S88	1
MAPK14	ELAVL1_T118	1
MAPK14	ELK1_S324	1
MAPK14	ELK1_S383	1
MAPK14	ELK1_S389	1
MAPK14	ELK1_S422	1
MAPK14	ELK1_T336	1
MAPK14	ELK1_T417	1
MAPK14	ELK3_S357	1
MAPK14	ELK3_S363	1
MAPK14	ELK4_S381	1
MAPK14	ELK4_S387	1
MAPK14	EMSY_S1213	1
MAPK14	EMSY_S238	1
MAPK14	EP400_S736	1
MAPK14	EPB41L1_T475	1
MAPK14	EPB41L1_T550	1
MAPK14	EPB41L2_S499	1
MAPK14	EPS15_S796	1
MAPK14	ERCC5_S341	1
MAPK14	ERCC5_S384	1
MAPK14	ERCC5_S526	1
MAPK14	ERCC5_T338	1
MAPK14	ESR1_S118	1
MAPK14	ESR1_S294	1
MAPK14	ESR1_T311	1
MAPK14	ETS1_T38	1
MAPK14	ETS2_T72	1
MAPK14	ETV6_S22	1
MAPK14	ETV6_S257	1
MAPK14	EVPL_S2025	1
MAPK14	EWSR1_T79	1
MAPK14	EXO1_S598	1
MAPK14	EZH2_T367	1
MAPK14	EZH2_T487	1
MAPK14	F3_S285	1
MAPK14	F3_S290	1
MAPK14	FANCD2_S592	1
MAPK14	FEN1_S187	1
MAPK14	FGFR1_S777	1
MAPK14	FGFR1_S808	1
MAPK14	FH_T90	1
MAPK14	FIP1L1_S259	1
MAPK14	FKBP5_S13	1
MAPK14	FNBP4_S541	1
MAPK14	FOXC1_S241	1
MAPK14	FOXC1_S272	1
MAPK14	FOXC2_S367	1
MAPK14	FOXM1_S704	1
MAPK14	FOXO3_S12	1
MAPK14	FOXO3_S294	1
MAPK14	FOXO3_S344	1
MAPK14	FOXO3_S425	1
MAPK14	FOXO3_S7	1
MAPK14	FPR1_S342	1
MAPK14	G3BP2_T227	1
MAPK14	GABBR2_S884	1
MAPK14	GAP43_S96	1
MAPK14	GATA2_S192	1
MAPK14	GBF1_S1784	1
MAPK14	GDI1_S121	1
MAPK14	GJA1_S279	1
MAPK14	GJA1_S282	1
MAPK14	GRHL3_T454	1
MAPK14	GRK2_S670	1
MAPK14	GSK3B_S389	1
MAPK14	GSK3B_T390	1
MAPK14	GSK3B_T43	1
MAPK14	GTF2F1_T389	1
MAPK14	GTF2IRD1_S448	1
MAPK14	GTF3C1_S1653	1
MAPK14	H3-3B_S29	1
MAPK14	H3C1_S11	1
MAPK14	HBP1_S402	1
MAPK14	HDLBP_S944	1
MAPK14	HNF4A_S145	1
MAPK14	HNF4A_S167	1
MAPK14	HNRNPDL_S241	1
MAPK14	HNRNPD_S83	1
MAPK14	HSF1_S303	1
MAPK14	HSF1_S307	1
MAPK14	HSF1_S326	1
MAPK14	HSPB1_S176	1
MAPK14	HSPB8_T87	1
MAPK14	HTRA2_S142	1
MAPK14	ID2_S5	1
MAPK14	IDH3G_T363	1
MAPK14	IER3_T18	1
MAPK14	IFNAR1_S532	1
MAPK14	IFNAR2_S400	1
MAPK14	IKBKB_S672	1
MAPK14	ILF3_T592	1
MAPK14	IRS1_S312	1
MAPK14	IRS1_S341	1
MAPK14	IRS1_S345	1
MAPK14	IRS1_S531	1
MAPK14	IRS2_S1100	1
MAPK14	IRS2_S1203	1
MAPK14	IRS2_S388	1
MAPK14	IRS2_S915	1
MAPK14	ISL1_S269	1
MAPK14	JDP2_T148	1
MAPK14	JDP2_T159	1
MAPK14	JPH1_S452	1
MAPK14	JUNB_S259	1
MAPK14	JUNB_S79	1
MAPK14	JUNB_T102	1
MAPK14	JUNB_T104	1
MAPK14	JUNB_T255	1
MAPK14	JUND_S259	1
MAPK14	JUN_S63	1
MAPK14	JUN_S73	1
MAPK14	JUN_T91	1
MAPK14	KARS1_S49	1
MAPK14	KARS1_T52	1
MAPK14	KAT5_T106	1
MAPK14	KAT5_T158	1
MAPK14	KCNB1_S800	1
MAPK14	KCNB1_S805	1
MAPK14	KCNQ2_S427	1
MAPK14	KCNQ2_S436	1
MAPK14	KDM2B_S497	1
MAPK14	KHDRBS1_S58	1
MAPK14	KHDRBS1_T33	1
MAPK14	KHDRBS1_T84	1
MAPK14	KHSRP_S181	1
MAPK14	KHSRP_T692	1
MAPK14	KMT2A_S2866	1
MAPK14	KMT2A_S3036	1
MAPK14	KMT2A_S3511	1
MAPK14	KRT8_S102	1
MAPK14	KRT8_S432	1
MAPK14	KRT8_S74	1
MAPK14	LAD1_S177	1
MAPK14	LAMP2_T211	1
MAPK14	LAMP2_T213	1
MAPK14	LAT_S84	1
MAPK14	LBR_S71	1
MAPK14	LCP2_S207	1
MAPK14	LIMK1_S310	1
MAPK14	LMO7_S988	1
MAPK14	LMO7_S991	1
MAPK14	LMO7_T1048	1
MAPK14	MAFA_S14	1
MAPK14	MAFA_T134	1
MAPK14	MAFA_T57	1
MAPK14	MAOA_S209	1
MAPK14	MAP2_S626	1
MAPK14	MAP2_T1609	1
MAPK14	MAP4K2_S394	1
MAPK14	MAP4_S280	1
MAPK14	MAP4_S696	1
MAPK14	MAP4_S787	1
MAPK14	MAP4_T521	1
MAPK14	MAPK4_S196	1
MAPK14	MAPK8IP1_S29	1
MAPK14	MAPK8IP1_S341	1
MAPK14	MAPK8IP1_S421	1
MAPK14	MAPK8IP1_T284	1
MAPK14	MAPKAPK2_S272	1
MAPK14	MAPKAPK2_S9	1
MAPK14	MAPKAPK2_T206	1
MAPK14	MAPKAPK2_T222	1
MAPK14	MAPKAPK2_T25	1
MAPK14	MAPKAPK2_T317	1
MAPK14	MAPKAPK2_T334	1
MAPK14	MAPKAPK5_T182	1
MAPK14	MATR3_S604	1
MAPK14	MAX_S135	1
MAPK14	MAX_S144	1
MAPK14	MAX_S40	1
MAPK14	MAX_S49	1
MAPK14	MDM4_S314	1
MAPK14	MECP2_S80	1
MAPK14	MED1_T805	1
MAPK14	MEF2A_S192	1
MAPK14	MEF2A_S223	1
MAPK14	MEF2A_S235	1
MAPK14	MEF2A_S255	1
MAPK14	MEF2A_S347	1
MAPK14	MEF2A_S400	1
MAPK14	MEF2A_S408	1
MAPK14	MEF2A_S445	1
MAPK14	MEF2A_S453	1
MAPK14	MEF2A_S471	1
MAPK14	MEF2A_S479	1
MAPK14	MEF2A_S486	1
MAPK14	MEF2A_S494	1
MAPK14	MEF2A_S98	1
MAPK14	MEF2A_T108	1
MAPK14	MEF2A_T304	1
MAPK14	MEF2A_T311	1
MAPK14	MEF2A_T312	1
MAPK14	MEF2A_T319	1
MAPK14	MEF2C_S222	1
MAPK14	MEF2C_S287	1
MAPK14	MEF2C_S387	1
MAPK14	MEF2C_S396	1
MAPK14	MEF2C_S397	1
MAPK14	MEF2C_S419	1
MAPK14	MEF2C_S429	1
MAPK14	MEF2C_T293	1
MAPK14	MEF2C_T300	1
MAPK14	MEF2C_T303	1
MAPK14	MEF2C_T310	1
MAPK14	MGMT_S201	1
MAPK14	MITF_S414	1
MAPK14	MKI67_S2708	1
MAPK14	MKNK1_T209	1
MAPK14	MKNK1_T214	1
MAPK14	MKNK1_T250	1
MAPK14	MKNK1_T255	1
MAPK14	MKNK2_T244	1
MAPK14	MKNK2_T249	1
MAPK14	MKNK2_T379	1
MAPK14	MRTFA_S312	1
MAPK14	MRTFA_S333	1
MAPK14	MSH6_S830	1
MAPK14	MTA1_S576	1
MAPK14	MYBL2_T487	1
MAPK14	MYB_T355	1
MAPK14	MYCN_S62	1
MAPK14	MYCN_T58	1
MAPK14	MYC_S62	1
MAPK14	MYC_T58	1
MAPK14	MYLK_S947	1
MAPK14	MYLK_T978	1
MAPK14	NCF1_S345	1
MAPK14	NCF1_S348	1
MAPK14	NCOA1_S1033	1
MAPK14	NCOA1_S1185	1
MAPK14	NCOA1_S372	1
MAPK14	NCOA1_S517	1
MAPK14	NCOA1_T1179	1
MAPK14	NCOA3_S505	1
MAPK14	NCOA3_S543	1
MAPK14	NCOA3_S860	1
MAPK14	NCOA3_S867	1
MAPK14	NCOR1_S158	1
MAPK14	NCOR1_S1977	1
MAPK14	NCOR1_S2120	1
MAPK14	NCOR1_S2184	1
MAPK14	NEFH_S793	1
MAPK14	NEFH_S801	1
MAPK14	NEUROD1_S274	1
MAPK14	NFATC1_S159	1
MAPK14	NFATC1_S172	1
MAPK14	NFATC2_S110	1
MAPK14	NFATC2_S171	1
MAPK14	NFATC2_S172	1
MAPK14	NFATC2_S174	1
MAPK14	NFATC2_S175	1
MAPK14	NFATC2_S177	1
MAPK14	NFATC2_S180	1
MAPK14	NFATC2_S213	1
MAPK14	NFATC2_S217	1
MAPK14	NFATC2_S221	1
MAPK14	NFATC2_S268	1
MAPK14	NFATC2_S274	1
MAPK14	NFATC2_S276	1
MAPK14	NFATC2_S280	1
MAPK14	NFATC2_S326	1
MAPK14	NFATC4_S168	1
MAPK14	NFATC4_S170	1
MAPK14	NFATC4_S213	1
MAPK14	NFATC4_S217	1
MAPK14	NFATC4_S221	1
MAPK14	NFATC4_S231	1
MAPK14	NFATC4_S233	1
MAPK14	NFKBIA_S283	1
MAPK14	NFKBIA_S293	1
MAPK14	NFKBIA_T299	1
MAPK14	NFRKB_S228	1
MAPK14	NOLC1_S623	1
MAPK14	NOLC1_T607	1
MAPK14	NOTCH2_T1808	1
MAPK14	NOXA1_S239	1
MAPK14	NOXA1_S282	1
MAPK14	NR2F6_S34	1
MAPK14	NR3C1_S134	1
MAPK14	NR3C1_S203	1
MAPK14	NR3C1_S211	1
MAPK14	NR3C1_S226	1
MAPK14	NR5A1_S203	1
MAPK14	NUP62_S408	1
MAPK14	NUP98_S623	1
MAPK14	OTUD7B_S449	1
MAPK14	PAK1_S220	1
MAPK14	PAK1_T212	1
MAPK14	PAK6_S165	1
MAPK14	PALM_T141	1
MAPK14	PAPOLG_S29	1
MAPK14	PCDH7_S512	1
MAPK14	PCIF1_S144	1
MAPK14	PDX1_S61	1
MAPK14	PDX1_S66	1
MAPK14	PHF12_T880	1
MAPK14	PHF3_S1133	1
MAPK14	PIAS2_S113	1
MAPK14	PIAS2_S116	1
MAPK14	PIP4K2B_S326	1
MAPK14	PITPNM1_S382	1
MAPK14	PKP4_S1049	1
MAPK14	PKP4_S336	1
MAPK14	PLA2G4A_S505	1
MAPK14	PLA2G4A_S727	1
MAPK14	PLCB1_S982	1
MAPK14	POLA1_S209	1
MAPK14	POLR2A_S1896	1
MAPK14	POLR2A_S1934	1
MAPK14	POU3F2_S91	1
MAPK14	POU3F2_S96	1
MAPK14	POU3F2_T440	1
MAPK14	PPARA_S12	1
MAPK14	PPARA_S21	1
MAPK14	PPARGC1A_S266	1
MAPK14	PPARGC1A_T263	1
MAPK14	PPARGC1A_T299	1
MAPK14	PPARG_S112	1
MAPK14	PPFIA1_S693	1
MAPK14	PPFIA1_S741	1
MAPK14	PPP1CB_T316	1
MAPK14	PPP1R1A_S67	1
MAPK14	PRKCE_S350	1
MAPK14	PRPF4B_S277	1
MAPK14	PRPF4B_S356	1
MAPK14	PRPF4B_S387	1
MAPK14	PRPF4B_S437	1
MAPK14	PRPF4B_S569	1
MAPK14	PRRC2A_S1219	1
MAPK14	PRRC2A_T610	1
MAPK14	PSEN1_T354	1
MAPK14	PSMD1_T273	1
MAPK14	PSMD1_T311	1
MAPK14	PTBP2_S27	1
MAPK14	PTBP2_S308	1
MAPK14	PTPN1_S386	1
MAPK14	PTPN7_S132	1
MAPK14	PTPN7_S198	1
MAPK14	PTPN7_S93	1
MAPK14	PTPN7_T105	1
MAPK14	PTPN7_T171	1
MAPK14	PTPN7_T66	1
MAPK14	PXN_S85	1
MAPK14	RANBP2_S21	1
MAPK14	RANBP2_S2276	1
MAPK14	RANBP2_S2280	1
MAPK14	RANBP2_S2510	1
MAPK14	RANGAP1_S428	1
MAPK14	RANGAP1_S442	1
MAPK14	RARA_S77	1
MAPK14	RARG_S77	1
MAPK14	RARG_S79	1
MAPK14	RB1_S249	1
MAPK14	RB1_S567	1
MAPK14	RB1_S807	1
MAPK14	RB1_S811	1
MAPK14	RB1_S838	1
MAPK14	RB1_T252	1
MAPK14	RB1_T373	1
MAPK14	RB1_T841	1
MAPK14	RBL1_S1009	1
MAPK14	RBL1_S615	1
MAPK14	RBL1_S640	1
MAPK14	RBL1_S650	1
MAPK14	RBL1_S749	1
MAPK14	RBL1_S964	1
MAPK14	RBL1_S975	1
MAPK14	RBL1_S988	1
MAPK14	RBL1_T332	1
MAPK14	RBL1_T369	1
MAPK14	RBL1_T997	1
MAPK14	RBL2_S1035	1
MAPK14	RBL2_S1044	1
MAPK14	RBL2_S1080	1
MAPK14	RBL2_S1112	1
MAPK14	RBL2_S413	1
MAPK14	RBL2_S639	1
MAPK14	RBL2_S662	1
MAPK14	RBL2_S672	1
MAPK14	RBL2_T1097	1
MAPK14	RBL2_T401	1
MAPK14	RBL2_T642	1
MAPK14	RBL2_T694	1
MAPK14	RBL2_T986	1
MAPK14	RBM17_S222	1
MAPK14	RBM17_T71	1
MAPK14	RBPJ_T339	1
MAPK14	RBSN_S215	1
MAPK14	RCAN1_S108	1
MAPK14	RCAN1_S112	1
MAPK14	RELA_S536	1
MAPK14	RIMS1_S895	1
MAPK14	RPA2_S23	1
MAPK14	RPA2_S29	1
MAPK14	RPS27_S27	1
MAPK14	RPS6KA1_S363	1
MAPK14	RPS6KA3_Y529	1
MAPK14	RPS6KA4_S196	1
MAPK14	RPS6KA4_S343	1
MAPK14	RPS6KA4_S347	1
MAPK14	RPS6KA4_S360	1
MAPK14	RPS6KA4_T562	1
MAPK14	RPS6KA4_T568	1
MAPK14	RPS6KA5_S212	1
MAPK14	RPS6KA5_S360	1
MAPK14	RPS6KA5_S376	1
MAPK14	RPS6KA5_T581	1
MAPK14	RPS6KA5_T700	1
MAPK14	RPS6KB1_S394	1
MAPK14	RRBP1_S615	1
MAPK14	RUNX1_S21	1
MAPK14	RUNX1_T14	1
MAPK14	RUNX2_S312	1
MAPK14	S100A9_T113	1
MAPK14	SAP30_S138	1
MAPK14	SCAF11_S101	1
MAPK14	SCAF11_S23	1
MAPK14	SCAF4_S154	1
MAPK14	SCAF4_T237	1
MAPK14	SENP6_S919	1
MAPK14	SF1_S80	1
MAPK14	SF1_S82	1
MAPK14	SGK1_S78	1
MAPK14	SHC1_S54	1
MAPK14	SHC1_T386	1
MAPK14	SIK1_S435	1
MAPK14	SIN3A_S1112	1
MAPK14	SIN3A_S860	1
MAPK14	SIPA1_S67	1
MAPK14	SIRT1_S27	1
MAPK14	SIRT1_S47	1
MAPK14	SKIC2_S245	1
MAPK14	SKP2_S64	1
MAPK14	SLC20A1_S269	1
MAPK14	SLC6A2_T30	1
MAPK14	SLC6A4_T616	1
MAPK14	SLC9A1_S693	1
MAPK14	SLC9A1_S723	1
MAPK14	SLC9A1_S726	1
MAPK14	SLC9A1_S729	1
MAPK14	SLC9A1_T718	1
MAPK14	SLCO4A1_S40	1
MAPK14	SMAD3_S204	1
MAPK14	SMAD3_S208	1
MAPK14	SMAD3_S213	1
MAPK14	SMAD9_T136	1
MAPK14	SMARCA5_S66	1
MAPK14	SMARCAD1_S34	1
MAPK14	SMARCC1_T335	1
MAPK14	SMTN_S245	1
MAPK14	SNAI1_S107	1
MAPK14	SNAP91_S313	1
MAPK14	SNAPC4_S1224	1
MAPK14	SNTA1_S201	1
MAPK14	SNW1_S224	1
MAPK14	SNX27_S51	1
MAPK14	SON_S1769	1
MAPK14	SON_S2013	1
MAPK14	SON_S283	1
MAPK14	SOS1_S1082	1
MAPK14	SOS1_S1210	1
MAPK14	SOX9_S211	1
MAPK14	SPAG9_T1264	1
MAPK14	SPEN_S1261	1
MAPK14	SPEN_S2101	1
MAPK14	SPEN_S2120	1
MAPK14	SPEN_S736	1
MAPK14	SPIB_T56	1
MAPK14	SPTBN1_S2138	1
MAPK14	SQSTM1_T269	1
MAPK14	SREBF1_S39	1
MAPK14	SREBF1_S63	1
MAPK14	SREBF1_T402	1
MAPK14	SREBF1_T426	1
MAPK14	SRRM1_S541	1
MAPK14	SRRM1_S551	1
MAPK14	SRRM1_S562	1
MAPK14	SRRM1_S583	1
MAPK14	SRRM1_S607	1
MAPK14	SRRM1_S616	1
MAPK14	SRRM1_S626	1
MAPK14	SRRM1_S628	1
MAPK14	SRRM1_S665	1
MAPK14	SRRM1_S675	1
MAPK14	SRRM1_S738	1
MAPK14	SRRM1_S740	1
MAPK14	SRRM1_S769	1
MAPK14	SRRM1_S781	1
MAPK14	SRRM1_S791	1
MAPK14	SRRM1_S795	1
MAPK14	SRRM1_T220	1
MAPK14	SRRM1_T406	1
MAPK14	SRRM1_T572	1
MAPK14	SRRM1_T574	1
MAPK14	SRRM1_T581	1
MAPK14	SRRM2_S1132	1
MAPK14	SRRM2_S1444	1
MAPK14	SRRM2_S1502	1
MAPK14	SRRM2_S1582	1
MAPK14	SRRM2_S746	1
MAPK14	SRRM2_S857	1
MAPK14	SRRM2_T1511	1
MAPK14	SRSF5_S233	1
MAPK14	SRSF7_S233	1
MAPK14	STAT1_S727	1
MAPK14	STAT1_Y701	1
MAPK14	STAT3_S727	1
MAPK14	STAT3_Y705	1
MAPK14	STAT4_S721	1
MAPK14	STK10_S438	1
MAPK14	STMN2_S65	1
MAPK14	STMN2_S73	1
MAPK14	STUB1_S19	1
MAPK14	STX7_T78	1
MAPK14	STXBP1_T574	1
MAPK14	TAB1_S378	1
MAPK14	TAB1_S423	1
MAPK14	TAB1_S438	1
MAPK14	TAB1_S452	1
MAPK14	TAB1_S453	1
MAPK14	TAB1_S456	1
MAPK14	TAB1_S457	1
MAPK14	TAB1_T431	1
MAPK14	TAB3_S60	1
MAPK14	TAB3_T404	1
MAPK14	TACC3_S434	1
MAPK14	TAF2_S1194	1
MAPK14	TAF3_S243	1
MAPK14	TAF6_S653	1
MAPK14	TCEA1_S100	1
MAPK14	TCF3_S139	1
MAPK14	TCF3_T355	1
MAPK14	TCOF1_S890	1
MAPK14	TERF2IP_S154	1
MAPK14	THOC1_S560	1
MAPK14	THRAP3_S320	1
MAPK14	THRAP3_S535	1
MAPK14	TH_S31	1
MAPK14	TJP2_S107	1
MAPK14	TJP2_S266	1
MAPK14	TJP2_S296	1
MAPK14	TLE3_S286	1
MAPK14	TLN2_T1843	1
MAPK14	TP53BP1_T1609	1
MAPK14	TP53_S15	1
MAPK14	TP53_S315	1
MAPK14	TP53_S33	1
MAPK14	TP53_S392	1
MAPK14	TP53_S46	1
MAPK14	TP53_T81	1
MAPK14	TP63_S301	1
MAPK14	TP63_S361	1
MAPK14	TP63_S66	1
MAPK14	TP63_S68	1
MAPK14	TPX2_S738	1
MAPK14	TRA2B_S266	1
MAPK14	TRERF1_S491	1
MAPK14	TRIM9_S76	1
MAPK14	TRIM9_S80	1
MAPK14	TSC1_T417	1
MAPK14	TWIST1_S68	1
MAPK14	TXNIP_S361	1
MAPK14	UBA1_S4	1
MAPK14	UBA1_S835	1
MAPK14	UBE2A_S120	1
MAPK14	UBTF_S389	1
MAPK14	UBTF_T117	1
MAPK14	UBTF_T201	1
MAPK14	UNG_T60	1
MAPK14	USF1_T153	1
MAPK14	USP21_S538	1
MAPK14	WEE1_S139	1
MAPK14	YBX3_S34	1
MAPK14	YLPM1_S634	1
MAPK14	ZAP70_T293	1
MAPK14	ZFPM1_S666	1
MAPK14	ZHX1_T36	1
MAPK14	ZHX1_T9	1
MAPK14	ZMYND8_S547	1
MAPK14	ZNF148_S412	1
MAPK14	ZNF335_S976	1
MAPK14	ZNHIT1_T103	1
MAPK15	BCL2_S70	1
MAPK15	BCL2_S87	1
MAPK15	BCL2_T69	1
MAPK15	CBL_S483	1
MAPK15	CBL_S900	1
MAPK15	CCNB1_S126	1
MAPK15	CCNB1_S128	1
MAPK15	CDKN1A_S130	1
MAPK15	CDKN1A_T57	1
MAPK15	CEBPB_T235	1
MAPK15	CEBPE_T74	1
MAPK15	ESR1_S118	1
MAPK15	ESR1_T311	1
MAPK15	ETS1_T38	1
MAPK15	ETS1_T82	1
MAPK15	FOS_S374	1
MAPK15	GRK2_S670	1
MAPK15	H3C1_S29	1
MAPK15	HSF1_S307	1
MAPK15	JUN_S63	1
MAPK15	JUN_S73	1
MAPK15	LCK_S59	1
MAPK15	LIFR_S1044	1
MAPK15	MAPK6_S189	1
MAPK15	MAPKAPK2_S272	1
MAPK15	MAPKAPK2_T222	1
MAPK15	MAPKAPK2_T25	1
MAPK15	MAPKAPK2_T334	1
MAPK15	MEF2C_S397	1
MAPK15	MYB_S653	1
MAPK15	MYLK_S16	1
MAPK15	NFKBIA_S32	1
MAPK15	NFKBIA_S36	1
MAPK15	NR3C1_S226	1
MAPK15	PLA2G4A_S505	1
MAPK15	PPARA_S12	1
MAPK15	PPARA_S21	1
MAPK15	RCAN1_S167	1
MAPK15	RPS6KA1_S372	1
MAPK15	RPS6KA1_T368	1
MAPK15	RXRA_S260	1
MAPK15	RXRA_T82	1
MAPK15	SNTA1_S193	1
MAPK15	SNTA1_S201	1
MAPK15	STMN1_S25	1
MAPK15	STMN1_S38	1
MAPK15	STMN2_S62	1
MAPK15	STMN2_S73	1
MAPK15	TCF3_T355	1
MAPK15	TP53_T55	1
MAPK3	ABI1_S183	1
MAPK3	ABI1_S216	1
MAPK3	ABI1_S225	1
MAPK3	ABI1_S267	1
MAPK3	ABI1_S392	1
MAPK3	ABI1_S410	1
MAPK3	ABI1_T265	1
MAPK3	ABI1_T394	1
MAPK3	ABLIM1_S431	1
MAPK3	ADAM17_T735	1
MAPK3	ALOX5_S272	1
MAPK3	ALOX5_S664	1
MAPK3	AMPH_S293	1
MAPK3	AMPH_S295	1
MAPK3	APBB1_S175	1
MAPK3	APBB1_S287	1
MAPK3	APBB1_S347	1
MAPK3	APBB1_T709	1
MAPK3	ARHGAP26_S685	1
MAPK3	ARHGEF2_S959	1
MAPK3	ARHGEF2_T678	1
MAPK3	ARHGEF2_T679	1
MAPK3	ARRB1_S404	1
MAPK3	ARRB1_S412	1
MAPK3	ARRB2_S14	1
MAPK3	ARRB2_T276	1
MAPK3	AR_S516	1
MAPK3	AR_S651	1
MAPK3	ASB2_S323	1
MAPK3	ATF2_T69	1
MAPK3	ATF2_T71	1
MAPK3	BAD_S75	1
MAPK3	BAG3_S289	1
MAPK3	BAG3_S377	1
MAPK3	BAG3_T285	1
MAPK3	BANP_T337	1
MAPK3	BANP_T352	1
MAPK3	BAZ1B_S158	1
MAPK3	BCL2L11_S69	1
MAPK3	BCL2_S70	1
MAPK3	BCL2_S87	1
MAPK3	BCL2_T56	1
MAPK3	BCL2_T69	1
MAPK3	BCL2_T74	1
MAPK3	BCL6_S333	1
MAPK3	BCL6_S343	1
MAPK3	BCL9_S687	1
MAPK3	BLVRA_S230	1
MAPK3	BRAF_S151	1
MAPK3	BRAF_S750	1
MAPK3	BRAF_T401	1
MAPK3	BRAF_T753	1
MAPK3	BSN_S1492	1
MAPK3	BTG2_S147	1
MAPK3	CAD_S1038	1
MAPK3	CAD_S1900	1
MAPK3	CAD_T1884	1
MAPK3	CAD_T1906	1
MAPK3	CAD_T456	1
MAPK3	CALD1_S528	1
MAPK3	CALD1_S534	1
MAPK3	CALD1_S554	1
MAPK3	CALD1_S560	1
MAPK3	CALD1_S724	1
MAPK3	CALD1_S759	1
MAPK3	CALD1_S789	1
MAPK3	CALD1_T730	1
MAPK3	CANX_S564	1
MAPK3	CANX_S583	1
MAPK3	CAPN2_S50	1
MAPK3	CASP8_S387	1
MAPK3	CASP8_S446	1
MAPK3	CASP9_S307	1
MAPK3	CASP9_T125	1
MAPK3	CCDC6_S244	1
MAPK3	CCNB1_S126	1
MAPK3	CCNB1_S128	1
MAPK3	CDC25A_S18	1
MAPK3	CDC25A_S88	1
MAPK3	CDCA5_S209	1
MAPK3	CDCA5_S79	1
MAPK3	CDK2_T160	1
MAPK3	CDKN1A_S130	1
MAPK3	CDKN1A_S98	1
MAPK3	CDKN1A_T57	1
MAPK3	CDKN1B_T187	1
MAPK3	CEBPA_S21	1
MAPK3	CEBPB_S110	1
MAPK3	CEBPB_S231	1
MAPK3	CEBPB_T235	1
MAPK3	CEBPE_T74	1
MAPK3	CIC_S1389	1
MAPK3	CIC_S1409	1
MAPK3	CIITA_S280	1
MAPK3	CIITA_S288	1
MAPK3	CREB1_S133	1
MAPK3	CREBBP_S93	1
MAPK3	CREM_S277	1
MAPK3	CRTC3_S391	1
MAPK3	CRYAB_S45	1
MAPK3	CTNND1_T308	1
MAPK3	CTNND1_T310	1
MAPK3	CTNND1_T906	1
MAPK3	CTTN_S368	1
MAPK3	CTTN_S381	1
MAPK3	CTTN_S405	1
MAPK3	CTTN_S418	1
MAPK3	CTTN_T364	1
MAPK3	DAPK1_S734	1
MAPK3	DEAF1_S176	1
MAPK3	DHPS_S233	1
MAPK3	DNM1L_S616	1
MAPK3	DUSP1_S296	1
MAPK3	DUSP1_S323	1
MAPK3	DUSP1_S359	1
MAPK3	DUSP1_S364	1
MAPK3	DUSP4_S386	1
MAPK3	DUSP4_S391	1
MAPK3	DUSP5_S346	1
MAPK3	DUSP5_S376	1
MAPK3	DUSP5_T321	1
MAPK3	DUSP6_S159	1
MAPK3	DUSP6_S174	1
MAPK3	DUSP6_S197	1
MAPK3	DUSP6_S300	1
MAPK3	DUSP6_S331	1
MAPK3	E2F4_S244	1
MAPK3	E2F4_S384	1
MAPK3	EGFR_T693	1
MAPK3	EIF4EBP1_S65	1
MAPK3	EIF4G1_S1232	1
MAPK3	ELK1_S324	1
MAPK3	ELK1_S383	1
MAPK3	ELK1_S389	1
MAPK3	ELK1_S422	1
MAPK3	ELK1_T336	1
MAPK3	ELK1_T417	1
MAPK3	ELK4_S381	1
MAPK3	ELK4_S387	1
MAPK3	EP300_S1038	1
MAPK3	EP300_S2039	1
MAPK3	EPAS1_S672	1
MAPK3	EPS8_S625	1
MAPK3	ERBB2_T701	1
MAPK3	ERBB4_S1051	1
MAPK3	ERBB4_T699	1
MAPK3	ERG_S283	1
MAPK3	ESR1_S104	1
MAPK3	ESR1_S106	1
MAPK3	ESR1_S118	1
MAPK3	ESR1_T311	1
MAPK3	ETS1_T38	1
MAPK3	ETS1_T82	1
MAPK3	ETS2_T72	1
MAPK3	ETV6_S213	1
MAPK3	ETV6_S22	1
MAPK3	ETV6_S257	1
MAPK3	ETV6_T18	1
MAPK3	ETV6_T31	1
MAPK3	EWSR1_T79	1
MAPK3	EXOC7_S250	1
MAPK3	FBXO4_S12	1
MAPK3	FBXW7_T205	1
MAPK3	FGFR1_S777	1
MAPK3	FGFR1_S808	1
MAPK3	FGFR2_S780	1
MAPK3	FHOD1_S498	1
MAPK3	FOSL2_S320	1
MAPK3	FOSL2_T322	1
MAPK3	FOS_S362	1
MAPK3	FOS_S374	1
MAPK3	FOS_T232	1
MAPK3	FOS_T325	1
MAPK3	FOS_T331	1
MAPK3	FOXM1_S331	1
MAPK3	FOXO3_S12	1
MAPK3	FOXO3_S294	1
MAPK3	FOXO3_S344	1
MAPK3	FOXO3_S425	1
MAPK3	GAB1_S381	1
MAPK3	GAB1_S454	1
MAPK3	GAB1_S551	1
MAPK3	GAB1_S567	1
MAPK3	GAB1_S581	1
MAPK3	GAB1_S597	1
MAPK3	GAB1_T312	1
MAPK3	GAB1_T476	1
MAPK3	GAB2_S141	1
MAPK3	GAB2_S480	1
MAPK3	GAB2_S543	1
MAPK3	GAB2_S585	1
MAPK3	GAB2_S623	1
MAPK3	GAP43_S151	1
MAPK3	GATA6_S266	1
MAPK3	GJA1_S255	1
MAPK3	GJA1_S279	1
MAPK3	GJA1_S282	1
MAPK3	GLE1_S88	1
MAPK3	GLE1_S92	1
MAPK3	GLE1_S93	1
MAPK3	GLE1_S99	1
MAPK3	GLE1_T102	1
MAPK3	GLRA1_S408	1
MAPK3	GORASP2_T222	1
MAPK3	GORASP2_T225	1
MAPK3	GPHN_S270	1
MAPK3	GRB10_S104	1
MAPK3	GRB10_S150	1
MAPK3	GRB10_S418	1
MAPK3	GRB10_S430	1
MAPK3	GRB10_S476	1
MAPK3	GRB10_S92	1
MAPK3	GRHL1_S76	1
MAPK3	GRK2_S670	1
MAPK3	GSK3B_S9	1
MAPK3	GSK3B_T275	1
MAPK3	GSK3B_T403	1
MAPK3	GSK3B_T43	1
MAPK3	GTF2I_S627	1
MAPK3	GTF2I_S633	1
MAPK3	GTF2I_S668	1
MAPK3	GTF2I_S674	1
MAPK3	H3-3B_S29	1
MAPK3	H3C1_S29	1
MAPK3	HDAC6_S1035	1
MAPK3	HDAC6_T1031	1
MAPK3	HIF1A_S641	1
MAPK3	HIF1A_S643	1
MAPK3	HNF4A_S138	1
MAPK3	HNF4A_S142	1
MAPK3	HNF4A_S143	1
MAPK3	HNF4A_S147	1
MAPK3	HNF4A_S148	1
MAPK3	HNF4A_S151	1
MAPK3	HNF4A_S167	1
MAPK3	HNF4A_S262	1
MAPK3	HNF4A_S265	1
MAPK3	HNF4A_S313	1
MAPK3	HNF4A_S461	1
MAPK3	HNF4A_S95	1
MAPK3	HNF4A_T139	1
MAPK3	HNF4A_T166	1
MAPK3	HNF4A_T467	1
MAPK3	HNF4A_T469	1
MAPK3	HNRNPK_S116	1
MAPK3	HNRNPK_S284	1
MAPK3	HNRNPK_S353	1
MAPK3	HSF1_S307	1
MAPK3	HSF1_S326	1
MAPK3	HSF4_S298	1
MAPK3	HSPB8_S24	1
MAPK3	HSPB8_S27	1
MAPK3	HSPB8_T87	1
MAPK3	IL16_S144	1
MAPK3	IL16_S845	1
MAPK3	IL16_S922	1
MAPK3	IL16_T757	1
MAPK3	IL2RB_T476	1
MAPK3	ILKAP_T315	1
MAPK3	ILKAP_T333	1
MAPK3	IRS1_S1078	1
MAPK3	IRS1_S312	1
MAPK3	IRS1_S348	1
MAPK3	IRS1_S531	1
MAPK3	IRS1_S616	1
MAPK3	IRS1_S636	1
MAPK3	IRS1_S892	1
MAPK3	IRX2_S317	1
MAPK3	IRX2_S325	1
MAPK3	ISX_S183	1
MAPK3	ITGB4_S1356	1
MAPK3	JAK2_S523	1
MAPK3	JUNB_S259	1
MAPK3	JUND_S100	1
MAPK3	JUN_S63	1
MAPK3	JUN_S73	1
MAPK3	KARS1_S207	1
MAPK3	KARS1_S235	1
MAPK3	KLC1_S460	1
MAPK3	KRT8_S102	1
MAPK3	KRT8_S432	1
MAPK3	KRT8_S460	1
MAPK3	KRT8_S74	1
MAPK3	KSR1_S334	1
MAPK3	KSR1_S458	1
MAPK3	KSR1_T274	1
MAPK3	LAT_T155	1
MAPK3	LAT_T184	1
MAPK3	LAT_T191	1
MAPK3	LCK_S194	1
MAPK3	LCK_S42	1
MAPK3	LCK_S59	1
MAPK3	LIFR_S1044	1
MAPK3	LIFR_S534	1
MAPK3	LIMA1_S362	1
MAPK3	LIMA1_S374	1
MAPK3	LIMA1_S604	1
MAPK3	LIN28A_S200	1
MAPK3	LIPE_T891	1
MAPK3	LMNA_S22	1
MAPK3	LRP6_S1490	1
MAPK3	LRP6_T1572	1
MAPK3	LYL1_S36	1
MAPK3	MAFG_S124	1
MAPK3	MAGEA11_S174	1
MAPK3	MAP2K1_S218	1
MAPK3	MAP2K1_S222	1
MAPK3	MAP2K1_T286	1
MAPK3	MAP2K1_T292	1
MAPK3	MAP2K2_S222	1
MAPK3	MAP2K2_S226	1
MAPK3	MAP3K11_S705	1
MAPK3	MAP3K11_S758	1
MAPK3	MAPK1_Y187	1
MAPK3	MAPK6_S189	1
MAPK3	MAPK7_T733	1
MAPK3	MAPK8_T183	1
MAPK3	MAPKAPK2_S272	1
MAPK3	MAPKAPK2_T222	1
MAPK3	MAPKAPK2_T25	1
MAPK3	MAPKAPK2_T334	1
MAPK3	MAPT_S199	1
MAPK3	MAPT_S202	1
MAPK3	MAPT_S235	1
MAPK3	MAPT_S396	1
MAPK3	MAPT_S404	1
MAPK3	MAPT_S422	1
MAPK3	MAPT_S46	1
MAPK3	MAPT_S534	1
MAPK3	MAPT_S537	1
MAPK3	MAPT_S570	1
MAPK3	MAPT_S731	1
MAPK3	MAPT_S739	1
MAPK3	MAPT_S757	1
MAPK3	MAPT_T153	1
MAPK3	MAPT_T175	1
MAPK3	MAPT_T181	1
MAPK3	MAPT_T205	1
MAPK3	MAPT_T212	1
MAPK3	MAPT_T217	1
MAPK3	MAPT_T231	1
MAPK3	MAPT_T470	1
MAPK3	MAPT_T492	1
MAPK3	MAPT_T50	1
MAPK3	MAPT_T540	1
MAPK3	MAPT_T547	1
MAPK3	MAPT_T552	1
MAPK3	MAPT_T566	1
MAPK3	MARCKS_S46	1
MAPK3	MARS1_S209	1
MAPK3	MARS1_S825	1
MAPK3	MAZ_T72	1
MAPK3	MAZ_T98	1
MAPK3	MBP_T125	1
MAPK3	MBP_T232	1
MAPK3	MBP_T96	1
MAPK3	MBP_T99	1
MAPK3	MCL1_T163	1
MAPK3	MCL1_T92	1
MAPK3	MCRIP1_S21	1
MAPK3	MCRIP1_T30	1
MAPK3	MCTS1_T81	1
MAPK3	MCTS1_T82	1
MAPK3	MED14_S986	1
MAPK3	MED1_S1156	1
MAPK3	MED1_S1192	1
MAPK3	MED1_S1207	1
MAPK3	MED1_S1433	1
MAPK3	MED1_S1453	1
MAPK3	MED1_S545	1
MAPK3	MED1_S664	1
MAPK3	MED1_T1032	1
MAPK3	MED1_T1051	1
MAPK3	MED1_T1057	1
MAPK3	MED1_T1215	1
MAPK3	MED1_T1457	1
MAPK3	MED1_T562	1
MAPK3	MED1_T623	1
MAPK3	MED1_T628	1
MAPK3	MED1_T805	1
MAPK3	MEF2C_S397	1
MAPK3	METTL3_S43	1
MAPK3	METTL3_S50	1
MAPK3	METTL3_S525	1
MAPK3	MITF_S180	1
MAPK3	MITF_S73	1
MAPK3	MKNK1_S221	1
MAPK3	MKNK1_S460	1
MAPK3	MKNK1_T250	1
MAPK3	MKNK1_T255	1
MAPK3	MKNK1_T385	1
MAPK3	MKNK2_T244	1
MAPK3	MKNK2_T249	1
MAPK3	MKNK2_T379	1
MAPK3	MRTFA_S454	1
MAPK3	MTMR2_S58	1
MAPK3	MYB_S532	1
MAPK3	MYB_S653	1
MAPK3	MYCN_S62	1
MAPK3	MYC_S62	1
MAPK3	MYLK_S16	1
MAPK3	MYLK_S1779	1
MAPK3	MYLK_S947	1
MAPK3	MYLK_T978	1
MAPK3	NCF1_S345	1
MAPK3	NCF1_S348	1
MAPK3	NCKIPSD_T242	1
MAPK3	NCOA1_S1185	1
MAPK3	NCOA1_T1179	1
MAPK3	NCOA2_S736	1
MAPK3	NEUROD1_S274	1
MAPK3	NFATC1_S159	1
MAPK3	NFATC1_S172	1
MAPK3	NFATC4_S168	1
MAPK3	NFATC4_S213	1
MAPK3	NFATC4_S217	1
MAPK3	NFATC4_S221	1
MAPK3	NFATC4_S676	1
MAPK3	NFATC4_S739	1
MAPK3	NOS2_S745	1
MAPK3	NOXA1_S282	1
MAPK3	NR3C1_S226	1
MAPK3	NR3C2_S196	1
MAPK3	NR3C2_S227	1
MAPK3	NR3C2_S238	1
MAPK3	NR3C2_S263	1
MAPK3	NR3C2_S287	1
MAPK3	NR3C2_S361	1
MAPK3	NRIP1_T207	1
MAPK3	NUMA1_T2015	1
MAPK3	NUP153_S257	1
MAPK3	NUP153_S320	1
MAPK3	NUP153_S334	1
MAPK3	NUP153_S338	1
MAPK3	NUP153_S516	1
MAPK3	NUP153_S522	1
MAPK3	NUP153_S529	1
MAPK3	NUP153_T369	1
MAPK3	NUP153_T388	1
MAPK3	NUP153_T413	1
MAPK3	NUP214_S1710	1
MAPK3	NUP214_S1809	1
MAPK3	NUP50_S221	1
MAPK3	NUP50_S315	1
MAPK3	OSBP2_S762	1
MAPK3	OSBP2_S763	1
MAPK3	OSBP2_S766	1
MAPK3	OSBP2_S768	1
MAPK3	PAK1_T292	1
MAPK3	PALLD_S688	1
MAPK3	PALLD_S808	1
MAPK3	PAPSS2_T579	1
MAPK3	PCBP2_S173	1
MAPK3	PCBP2_S189	1
MAPK3	PCBP2_S272	1
MAPK3	PCBP2_T213	1
MAPK3	PCYT1A_S315	1
MAPK3	PDE4D_S579	1
MAPK3	PDE4D_S651	1
MAPK3	PDE4D_S715	1
MAPK3	PDE6G_T22	1
MAPK3	PGR_S130	1
MAPK3	PGR_S162	1
MAPK3	PGR_S190	1
MAPK3	PGR_S20	1
MAPK3	PGR_S213	1
MAPK3	PGR_S294	1
MAPK3	PGR_S345	1
MAPK3	PGR_S676	1
MAPK3	PINX1_T164	1
MAPK3	PIP5K1C_S650	1
MAPK3	PKM_S37	1
MAPK3	PLA2G4A_S505	1
MAPK3	PLCB1_S982	1
MAPK3	PML_S36	1
MAPK3	PML_S38	1
MAPK3	PML_S40	1
MAPK3	PML_S527	1
MAPK3	PML_S530	1
MAPK3	PML_T28	1
MAPK3	POLR2A_S1616	1
MAPK3	POLR2A_S1619	1
MAPK3	POLR2A_S1626	1
MAPK3	POLR2A_S1647	1
MAPK3	POLR2A_S1654	1
MAPK3	POLR2A_S1668	1
MAPK3	POLR2A_S1675	1
MAPK3	POLR2A_S1696	1
MAPK3	POLR2A_S1717	1
MAPK3	POLR2A_S1724	1
MAPK3	POLR2A_S1738	1
MAPK3	POLR2A_S1766	1
MAPK3	POLR2A_S1787	1
MAPK3	POLR2A_S1815	1
MAPK3	POLR2A_S1843	1
MAPK3	POLR2A_S1847	1
MAPK3	POLR2A_S1850	1
MAPK3	POLR2A_S1857	1
MAPK3	POLR2A_S1861	1
MAPK3	POLR2A_S1864	1
MAPK3	POLR2A_S1868	1
MAPK3	POLR2A_S1871	1
MAPK3	POLR2A_S1875	1
MAPK3	POLR2A_S1878	1
MAPK3	POLR2A_S1882	1
MAPK3	POLR2A_S1889	1
MAPK3	POLR2A_S1892	1
MAPK3	POLR2A_S1896	1
MAPK3	POLR2A_S1899	1
MAPK3	POLR2A_S1906	1
MAPK3	POLR2A_S1913	1
MAPK3	POLR2A_S1917	1
MAPK3	POLR2A_S1920	1
MAPK3	POLR2A_S1927	1
MAPK3	POLR2A_S1931	1
MAPK3	POLR2A_S1934	1
MAPK3	POLR2A_S1944	1
MAPK3	POLR2A_S1951	1
MAPK3	POLR2A_T1854	1
MAPK3	POLR2A_T1885	1
MAPK3	POLR2A_T1903	1
MAPK3	POU5F1_S111	1
MAPK3	PPARA_S12	1
MAPK3	PPARA_S21	1
MAPK3	PPARGC1A_T263	1
MAPK3	PPARG_S112	1
MAPK3	PPP2R5C_S337	1
MAPK3	PTK2_Y925	1
MAPK3	PTPN12_S571	1
MAPK3	PTPN7_S132	1
MAPK3	PTPN7_S198	1
MAPK3	PTPN7_S93	1
MAPK3	PTPN7_T105	1
MAPK3	PTPN7_T171	1
MAPK3	PTPN7_T66	1
MAPK3	PTPRCAP_S163	1
MAPK3	PTPRR_T116	1
MAPK3	PTPRR_T361	1
MAPK3	PTPRR_Y370	1
MAPK3	PTPRR_Y44	1
MAPK3	PTPRR_Y62	1
MAPK3	PTTG1_S165	1
MAPK3	PXN_S126	1
MAPK3	PXN_S130	1
MAPK3	PXN_S83	1
MAPK3	RAB5A_S123	1
MAPK3	RAC1_T108	1
MAPK3	RAF1_S259	1
MAPK3	RAF1_S289	1
MAPK3	RAF1_S29	1
MAPK3	RAF1_S296	1
MAPK3	RAF1_S301	1
MAPK3	RAF1_S43	1
MAPK3	RAF1_S642	1
MAPK3	RARG_S79	1
MAPK3	RCAN1_S112	1
MAPK3	RCAN1_S167	1
MAPK3	RCAN1_S32	1
MAPK3	RELA_S276	1
MAPK3	RELA_S536	1
MAPK3	REST_S861	1
MAPK3	REST_S864	1
MAPK3	RGS19_S151	1
MAPK3	RHOA_S88	1
MAPK3	RHOA_T100	1
MAPK3	RPS3_T221	1
MAPK3	RPS3_T42	1
MAPK3	RPS6KA1_S221	1
MAPK3	RPS6KA1_S363	1
MAPK3	RPS6KA1_S372	1
MAPK3	RPS6KA1_S380	1
MAPK3	RPS6KA1_S732	1
MAPK3	RPS6KA1_T359	1
MAPK3	RPS6KA1_T368	1
MAPK3	RPS6KA1_T573	1
MAPK3	RPS6KA2_S218	1
MAPK3	RPS6KA2_S360	1
MAPK3	RPS6KA2_S377	1
MAPK3	RPS6KA2_S730	1
MAPK3	RPS6KA2_T356	1
MAPK3	RPS6KA2_T570	1
MAPK3	RPS6KA3_S227	1
MAPK3	RPS6KA3_S369	1
MAPK3	RPS6KA3_S386	1
MAPK3	RPS6KA3_S715	1
MAPK3	RPS6KA3_T231	1
MAPK3	RPS6KA3_T365	1
MAPK3	RPS6KA3_T577	1
MAPK3	RPS6KA3_Y529	1
MAPK3	RPS6KA5_S360	1
MAPK3	RPS6KA5_S376	1
MAPK3	RPS6KA5_T581	1
MAPK3	RPS6KB1_S434	1
MAPK3	RPS6KB1_S441	1
MAPK3	RPS6KB1_S447	1
MAPK3	RPS6KB1_T444	1
MAPK3	RPTOR_S696	1
MAPK3	RPTOR_S8	1
MAPK3	RPTOR_S863	1
MAPK3	RRAS2_S186	1
MAPK3	RRAS_S201	1
MAPK3	RRN3_S633	1
MAPK3	RRN3_S649	1
MAPK3	RSPH3_T286	1
MAPK3	RTL10_S69	1
MAPK3	RUNX1_S249	1
MAPK3	RUNX1_S266	1
MAPK3	RUNX1_S276	1
MAPK3	RUNX1_S293	1
MAPK3	RUNX1_S303	1
MAPK3	RUNX1_S462	1
MAPK3	RUNX1_T300	1
MAPK3	RUNX2_S24	1
MAPK3	RUNX2_S275	1
MAPK3	RUNX2_S28	1
MAPK3	RUNX2_S294	1
MAPK3	RUNX2_S312	1
MAPK3	RUNX2_S314	1
MAPK3	RUNX2_S340	1
MAPK3	RUNX2_S43	1
MAPK3	RUNX2_S503	1
MAPK3	RXRA_S260	1
MAPK3	RXRA_T82	1
MAPK3	SCNN1B_T615	1
MAPK3	SCNN1G_T622	1
MAPK3	SEC16A_T593	1
MAPK3	SH2B1_S88	1
MAPK3	SH2B1_S96	1
MAPK3	SHARPIN_S165	1
MAPK3	SHOC2_T507	1
MAPK3	SLC6A4_T616	1
MAPK3	SMAD1_S187	1
MAPK3	SMAD1_S195	1
MAPK3	SMAD1_S206	1
MAPK3	SMAD1_S214	1
MAPK3	SMAD2_S245	1
MAPK3	SMAD2_S250	1
MAPK3	SMAD2_S255	1
MAPK3	SMAD2_S458	1
MAPK3	SMAD2_T220	1
MAPK3	SMAD2_T8	1
MAPK3	SMAD3_S204	1
MAPK3	SMAD3_S208	1
MAPK3	SMAD3_S213	1
MAPK3	SMAD3_T179	1
MAPK3	SMAD4_T277	1
MAPK3	SNTA1_S193	1
MAPK3	SNTA1_S201	1
MAPK3	SNW1_S224	1
MAPK3	SORBS3_S188	1
MAPK3	SOS1_S1132	1
MAPK3	SOS1_S1167	1
MAPK3	SOS1_S1178	1
MAPK3	SOS1_S1193	1
MAPK3	SOS1_S1210	1
MAPK3	SOX2_S251	1
MAPK3	SP1_S59	1
MAPK3	SP1_T278	1
MAPK3	SP1_T453	1
MAPK3	SP1_T739	1
MAPK3	SP3_S73	1
MAPK3	SPHK1_S225	1
MAPK3	SPHK1_S311	1
MAPK3	SPHK2_S387	1
MAPK3	SPHK2_T614	1
MAPK3	SPIB_T56	1
MAPK3	SREBF1_S117	1
MAPK3	SREBF1_S147	1
MAPK3	SREBF1_S439	1
MAPK3	SREBF2_S432	1
MAPK3	SREBF2_S455	1
MAPK3	SREBF2_S469	1
MAPK3	SRRM2_S994	1
MAPK3	SSBP3_S327	1
MAPK3	SSBP3_S361	1
MAPK3	SSBP3_T340	1
MAPK3	STAT1_S727	1
MAPK3	STAT3_S726	1
MAPK3	STAT3_S727	1
MAPK3	STAT3_Y705	1
MAPK3	STAT5A_S726	1
MAPK3	STAT5A_S780	1
MAPK3	STK11_S428	1
MAPK3	STMN1_S25	1
MAPK3	STMN1_S38	1
MAPK3	STMN2_S62	1
MAPK3	STMN2_S73	1
MAPK3	SULT4A1_T11	1
MAPK3	SYMPK_T1257	1
MAPK3	SYN3_S462	1
MAPK3	SYN3_S470	1
MAPK3	SYN3_S484	1
MAPK3	TAB1_S438	1
MAPK3	TAL1_S122	1
MAPK3	TAL2_S100	1
MAPK3	TCF3_T355	1
MAPK3	TFCP2_S291	1
MAPK3	TFCP2_S309	1
MAPK3	THRB_S142	1
MAPK3	TH_S31	1
MAPK3	TH_S35	1
MAPK3	TH_S58	1
MAPK3	TH_S62	1
MAPK3	TH_T8	1
MAPK3	TOB1_S152	1
MAPK3	TOB1_S154	1
MAPK3	TOB1_S164	1
MAPK3	TOP2A_S1213	1
MAPK3	TOP2A_S1247	1
MAPK3	TOP2A_S1354	1
MAPK3	TOP2A_S1361	1
MAPK3	TOP2A_S1393	1
MAPK3	TP53_S15	1
MAPK3	TP53_S392	1
MAPK3	TP53_T55	1
MAPK3	TRAP1_S511	1
MAPK3	TRIM28_S594	1
MAPK3	TRIM28_S697	1
MAPK3	TRIM28_S752	1
MAPK3	TRIM28_S757	1
MAPK3	TRIM28_T541	1
MAPK3	TRPV3_T264	1
MAPK3	TSC2_S540	1
MAPK3	TSC2_S664	1
MAPK3	TTK_S821	1
MAPK3	TWIST1_S68	1
MAPK3	UBTF_S484	1
MAPK3	UBTF_S638	1
MAPK3	UBTF_T117	1
MAPK3	UBTF_T201	1
MAPK3	WASF2_S343	1
MAPK3	WASF2_S351	1
MAPK3	WASF2_T346	1
MAPK3	WTAP_S306	1
MAPK3	WTAP_S341	1
MAPK3	WTAP_T148	1
MAPK3	WWC1_S542	1
MAPK3	WWC1_S548	1
MAPK3	XBP1_S181	1
MAPK3	XBP1_S68	1
MAPK3	XPO5_S416	1
MAPK3	XPO5_S497	1
MAPK3	XPO5_T345	1
MAPK3	YTHDF2_S39	1
MAPK3	YTHDF2_T381	1
MAPK3	ZHX1_T36	1
MAPK3	ZHX1_T9	1
MAPK3	ZMYM3_T817	1
MAPK4	AKT1_T308	1
MAPK4	BCL2_S70	1
MAPK4	BCL2_S87	1
MAPK4	BCL2_T69	1
MAPK4	CCNB1_S126	1
MAPK4	CCNB1_S128	1
MAPK4	CDKN1A_S130	1
MAPK4	CDKN1A_T57	1
MAPK4	CEBPB_T235	1
MAPK4	CEBPE_T74	1
MAPK4	ESR1_S118	1
MAPK4	ESR1_T311	1
MAPK4	ETS1_T82	1
MAPK4	FOS_S374	1
MAPK4	GRK2_S670	1
MAPK4	H3C1_S29	1
MAPK4	HSF1_S307	1
MAPK4	LCK_S59	1
MAPK4	LIFR_S1044	1
MAPK4	MAPK6_S189	1
MAPK4	MAPKAPK2_S272	1
MAPK4	MAPKAPK2_T222	1
MAPK4	MAPKAPK2_T25	1
MAPK4	MAPKAPK2_T334	1
MAPK4	MAPKAPK5_T182	1
MAPK4	MEF2C_S397	1
MAPK4	MYB_S653	1
MAPK4	MYLK_S16	1
MAPK4	NR3C1_S226	1
MAPK4	PLA2G4A_S505	1
MAPK4	PPARA_S12	1
MAPK4	PPARA_S21	1
MAPK4	RCAN1_S167	1
MAPK4	RPS6KA1_S372	1
MAPK4	RPS6KA1_T368	1
MAPK4	RXRA_S260	1
MAPK4	RXRA_T82	1
MAPK4	SNTA1_S193	1
MAPK4	SNTA1_S201	1
MAPK4	STMN1_S25	1
MAPK4	STMN1_S38	1
MAPK4	STMN2_S62	1
MAPK4	STMN2_S73	1
MAPK4	TCF3_T355	1
MAPK4	TP53_T55	1
MAPK6	BCL2_S70	1
MAPK6	BCL2_S87	1
MAPK6	BCL2_T69	1
MAPK6	CCNB1_S126	1
MAPK6	CCNB1_S128	1
MAPK6	CDKN1A_S130	1
MAPK6	CDKN1A_T57	1
MAPK6	CEBPB_T235	1
MAPK6	CEBPE_T74	1
MAPK6	ESR1_S118	1
MAPK6	ESR1_T311	1
MAPK6	ETS1_T82	1
MAPK6	FOS_S374	1
MAPK6	GRK2_S670	1
MAPK6	H3C1_S29	1
MAPK6	HSF1_S307	1
MAPK6	IER3_T18	1
MAPK6	LCK_S59	1
MAPK6	LIFR_S1044	1
MAPK6	MAPKAPK2_S272	1
MAPK6	MAPKAPK2_T222	1
MAPK6	MAPKAPK2_T25	1
MAPK6	MAPKAPK2_T334	1
MAPK6	MAPKAPK5_T182	1
MAPK6	MEF2C_S397	1
MAPK6	MYB_S653	1
MAPK6	MYLK_S16	1
MAPK6	NCOA3_S857	1
MAPK6	NR3C1_S226	1
MAPK6	ORC1_S199	1
MAPK6	ORC1_S258	1
MAPK6	ORC1_S287	1
MAPK6	ORC1_T203	1
MAPK6	PDLIM5_S111	1
MAPK6	PDLIM5_S137	1
MAPK6	PDLIM5_S313	1
MAPK6	PDLIM5_S360	1
MAPK6	PDLIM5_T417	1
MAPK6	PLA2G4A_S505	1
MAPK6	PPARA_S12	1
MAPK6	PPARA_S21	1
MAPK6	RCAN1_S167	1
MAPK6	RPS6KA1_S372	1
MAPK6	RPS6KA1_T368	1
MAPK6	RXRA_S260	1
MAPK6	RXRA_T82	1
MAPK6	SNTA1_S193	1
MAPK6	SNTA1_S201	1
MAPK6	STMN1_S25	1
MAPK6	STMN1_S38	1
MAPK6	STMN2_S62	1
MAPK6	STMN2_S73	1
MAPK6	TCF3_T355	1
MAPK6	TDP2_S60	1
MAPK6	TP53_T55	1
MAPK7	BCL2_S70	1
MAPK7	BCL2_S87	1
MAPK7	BCL2_T69	1
MAPK7	CCNB1_S126	1
MAPK7	CCNB1_S128	1
MAPK7	CDKN1A_S130	1
MAPK7	CDKN1A_T57	1
MAPK7	CEBPB_T235	1
MAPK7	CEBPE_T74	1
MAPK7	DLG1_S158	1
MAPK7	ESR1_S118	1
MAPK7	ESR1_T311	1
MAPK7	ETS1_T38	1
MAPK7	ETS1_T82	1
MAPK7	FOS_S32	1
MAPK7	FOS_S374	1
MAPK7	FOS_T232	1
MAPK7	FOXO3_S294	1
MAPK7	FOXO3_S315	1
MAPK7	GJA1_S255	1
MAPK7	GJA1_S279	1
MAPK7	GJA1_S282	1
MAPK7	GRK2_S670	1
MAPK7	GSK3B_S9	1
MAPK7	H3C1_S29	1
MAPK7	HSF1_S307	1
MAPK7	LCK_S59	1
MAPK7	LIFR_S1044	1
MAPK7	MAP2K5_S129	1
MAPK7	MAP2K5_S133	1
MAPK7	MAP2K5_S137	1
MAPK7	MAP2K5_S142	1
MAPK7	MAP2K5_S149	1
MAPK7	MAPK6_S189	1
MAPK7	MAPK8_S377	1
MAPK7	MAPKAPK2_S272	1
MAPK7	MAPKAPK2_T222	1
MAPK7	MAPKAPK2_T25	1
MAPK7	MAPKAPK2_T334	1
MAPK7	MEF2A_S235	1
MAPK7	MEF2A_S255	1
MAPK7	MEF2A_S347	1
MAPK7	MEF2A_S355	1
MAPK7	MEF2A_S400	1
MAPK7	MEF2A_S408	1
MAPK7	MEF2A_T108	1
MAPK7	MEF2A_T304	1
MAPK7	MEF2A_T311	1
MAPK7	MEF2A_T312	1
MAPK7	MEF2A_T319	1
MAPK7	MEF2C_S222	1
MAPK7	MEF2C_S240	1
MAPK7	MEF2C_S387	1
MAPK7	MEF2C_S396	1
MAPK7	MEF2C_S397	1
MAPK7	MEF2C_S419	1
MAPK7	MEF2C_S429	1
MAPK7	MEF2C_T293	1
MAPK7	MEF2C_T300	1
MAPK7	MEF2D_S180	1
MAPK7	MEF2D_S444	1
MAPK7	MYB_S653	1
MAPK7	MYC_S62	1
MAPK7	MYLK_S16	1
MAPK7	NFATC4_S168	1
MAPK7	NFATC4_S170	1
MAPK7	NR3C1_S226	1
MAPK7	PLA2G4A_S505	1
MAPK7	PML_S403	1
MAPK7	PML_T409	1
MAPK7	PPARA_S12	1
MAPK7	PPARA_S21	1
MAPK7	PTK2_S910	1
MAPK7	RCAN1_S167	1
MAPK7	RPS6KA1_S221	1
MAPK7	RPS6KA1_S363	1
MAPK7	RPS6KA1_S372	1
MAPK7	RPS6KA1_S380	1
MAPK7	RPS6KA1_S732	1
MAPK7	RPS6KA1_T359	1
MAPK7	RPS6KA1_T368	1
MAPK7	RPS6KA1_T573	1
MAPK7	RPS6KA2_S218	1
MAPK7	RPS6KA2_S360	1
MAPK7	RPS6KA2_S377	1
MAPK7	RPS6KA2_S730	1
MAPK7	RPS6KA2_T356	1
MAPK7	RPS6KA2_T570	1
MAPK7	RPS6KA3_S227	1
MAPK7	RPS6KA3_S369	1
MAPK7	RPS6KA3_S386	1
MAPK7	RPS6KA3_S715	1
MAPK7	RPS6KA3_T231	1
MAPK7	RPS6KA3_T365	1
MAPK7	RXRA_S260	1
MAPK7	RXRA_T82	1
MAPK7	SGK1_S173	1
MAPK7	SGK1_S74	1
MAPK7	SGK1_S78	1
MAPK7	SGK1_T369	1
MAPK7	SMURF2_T249	1
MAPK7	SNTA1_S193	1
MAPK7	SNTA1_S201	1
MAPK7	STMN1_S25	1
MAPK7	STMN1_S38	1
MAPK7	STMN2_S62	1
MAPK7	STMN2_S73	1
MAPK7	TCF3_T355	1
MAPK7	TP53_T55	1
MAPK7	TRIM28_S19	1
MAPK7	TRIM28_S50	1
MAPK7	TRIM28_S594	1
MAPK7	TRIM28_S697	1
MAPK7	TRIM28_S752	1
MAPK7	TRIM28_S757	1
MAPK7	TRIM28_T541	1
MAPK7	ZBTB21_S983	1
MAPK8	AAK1_T640	1
MAPK8	ABCB9_S530	1
MAPK8	ABL1_S569	1
MAPK8	ADCY6_S54	1
MAPK8	AIMP1_S140	1
MAPK8	AIMP1_S164	1
MAPK8	AKAP1_T533	1
MAPK8	AKT1_T450	1
MAPK8	ANAPC1_S202	1
MAPK8	ANAPC1_S355	1
MAPK8	ANAPC1_S555	1
MAPK8	ANAPC1_S688	1
MAPK8	ANAPC1_T291	1
MAPK8	ANAPC1_T530	1
MAPK8	APBB1_S175	1
MAPK8	APBB1_S287	1
MAPK8	APBB1_S347	1
MAPK8	APBB1_T707	1
MAPK8	APLP2_T495	1
MAPK8	APLP2_T736	1
MAPK8	APP_T668	1
MAPK8	APP_T743	1
MAPK8	ARHGAP8_S455	1
MAPK8	ARID1A_S1755	1
MAPK8	AR_S651	1
MAPK8	ATF2_S112	1
MAPK8	ATF2_S90	1
MAPK8	ATF2_T116	1
MAPK8	ATF2_T51	1
MAPK8	ATF2_T53	1
MAPK8	ATF2_T69	1
MAPK8	ATF2_T71	1
MAPK8	ATF7_T51	1
MAPK8	ATF7_T53	1
MAPK8	ATN1_S101	1
MAPK8	ATN1_S168	1
MAPK8	ATN1_S739	1
MAPK8	ATXN7_S840	1
MAPK8	BAD_S118	1
MAPK8	BAD_S75	1
MAPK8	BAD_S91	1
MAPK8	BCL2L11_S104	1
MAPK8	BCL2L11_S118	1
MAPK8	BCL2L11_S44	1
MAPK8	BCL2L11_S55	1
MAPK8	BCL2L11_S58	1
MAPK8	BCL2L11_S59	1
MAPK8	BCL2L11_S69	1
MAPK8	BCL2L11_S73	1
MAPK8	BCL2L11_S77	1
MAPK8	BCL2L11_T116	1
MAPK8	BCL2L11_T56	1
MAPK8	BCL2L1_S62	1
MAPK8	BCL2L1_T115	1
MAPK8	BCL2L1_T47	1
MAPK8	BCL2_S70	1
MAPK8	BCL2_S87	1
MAPK8	BCL2_T56	1
MAPK8	BCL2_T69	1
MAPK8	BCL2_T74	1
MAPK8	BCLAF1_S177	1
MAPK8	BCLAF1_S318	1
MAPK8	BCLAF1_S658	1
MAPK8	BCLAF1_S760	1
MAPK8	BID_T59	1
MAPK8	BLM_S1296	1
MAPK8	BMF_S74	1
MAPK8	BMF_S77	1
MAPK8	BRCA1_S1189	1
MAPK8	BRCA1_S1497	1
MAPK8	BRCA1_S632	1
MAPK8	BRCA1_T967	1
MAPK8	BSN_S1481	1
MAPK8	BSN_S1492	1
MAPK8	BSN_S2810	1
MAPK8	BUB3_S211	1
MAPK8	CACNB4_S474	1
MAPK8	CACNB4_T377	1
MAPK8	CALD1_T638	1
MAPK8	CALD1_T730	1
MAPK8	CAST_S243	1
MAPK8	CCNB1_S126	1
MAPK8	CCNB1_S128	1
MAPK8	CCNT2_S480	1
MAPK8	CDC23_T562	1
MAPK8	CDC25B_S101	1
MAPK8	CDC25B_S103	1
MAPK8	CDC25B_S115	1
MAPK8	CDC25B_S117	1
MAPK8	CDC25C_S168	1
MAPK8	CDC27_S291	1
MAPK8	CDC27_S364	1
MAPK8	CDK13_S383	1
MAPK8	CDK16_S95	1
MAPK8	CDK4_T172	1
MAPK8	CDKN1A_S130	1
MAPK8	CDKN1A_S98	1
MAPK8	CDKN1A_T57	1
MAPK8	CDKN1B_S10	1
MAPK8	CDT1_S391	1
MAPK8	CDT1_S411	1
MAPK8	CDT1_S491	1
MAPK8	CDT1_T29	1
MAPK8	CDT1_T402	1
MAPK8	CDT1_T406	1
MAPK8	CEBPB_T235	1
MAPK8	CEBPE_T74	1
MAPK8	CEP43_S156	1
MAPK8	CHEK2_T387	1
MAPK8	CHRM2_S232	1
MAPK8	CIC_S1382	1
MAPK8	CIC_S1409	1
MAPK8	CLASP1_S1223	1
MAPK8	CNOT4_S301	1
MAPK8	COIL_T303	1
MAPK8	CTBP1_S422	1
MAPK8	CTNNB1_S33	1
MAPK8	CTNNB1_S37	1
MAPK8	CTNNB1_T41	1
MAPK8	CTNND2_S32	1
MAPK8	CUL3_S737	1
MAPK8	DAB1_S515	1
MAPK8	DCP1A_S315	1
MAPK8	DCX_S306	1
MAPK8	DCX_S339	1
MAPK8	DCX_T326	1
MAPK8	DEAF1_S176	1
MAPK8	DGCR8_S153	1
MAPK8	DIABLO_S6	1
MAPK8	DIABLO_S9	1
MAPK8	DLG4_S295	1
MAPK8	DNM1_S774	1
MAPK8	DPYSL2_T509	1
MAPK8	DPYSL2_T514	1
MAPK8	DYNC1LI2_S194	1
MAPK8	EEF1A2_S205	1
MAPK8	EEF1A2_S358	1
MAPK8	EEF2K_S396	1
MAPK8	EIF4ENIF1_S301	1
MAPK8	EIF4ENIF1_S374	1
MAPK8	EIF4ENIF1_S513	1
MAPK8	EIF4ENIF1_S587	1
MAPK8	EIF4ENIF1_S693	1
MAPK8	EIF4ENIF1_S752	1
MAPK8	EIF4G1_S1232	1
MAPK8	ELF4_S641	1
MAPK8	ELK1_S304	1
MAPK8	ELK1_S324	1
MAPK8	ELK1_S383	1
MAPK8	ELK1_S389	1
MAPK8	ELK1_S422	1
MAPK8	ELK1_T336	1
MAPK8	ELK1_T417	1
MAPK8	ELK3_S357	1
MAPK8	ERBIN_S857	1
MAPK8	ERF_S154	1
MAPK8	ERF_S161	1
MAPK8	ERF_S21	1
MAPK8	ERF_S246	1
MAPK8	ERF_S251	1
MAPK8	ERF_S327	1
MAPK8	ERF_T148	1
MAPK8	ERF_T526	1
MAPK8	ESR1_S118	1
MAPK8	ESR1_T311	1
MAPK8	ETS1_T82	1
MAPK8	EWSR1_T79	1
MAPK8	FLII_S856	1
MAPK8	FOSL1_S265	1
MAPK8	FOSL1_S74	1
MAPK8	FOS_S374	1
MAPK8	FOXO3_S574	1
MAPK8	FOXO4_S230	1
MAPK8	FOXO4_T227	1
MAPK8	FOXO4_T451	1
MAPK8	FOXO4_T455	1
MAPK8	FUBP1_S629	1
MAPK8	FUBP1_T152	1
MAPK8	FZR1_S163	1
MAPK8	GLE1_S88	1
MAPK8	GLE1_S92	1
MAPK8	GLE1_S93	1
MAPK8	GLE1_S99	1
MAPK8	GLE1_T102	1
MAPK8	GNMT_S10	1
MAPK8	GRB7_S194	1
MAPK8	GRK2_S670	1
MAPK8	GYS1_S640	1
MAPK8	GYS1_S641	1
MAPK8	H2AX_S140	1
MAPK8	H3-3B_S29	1
MAPK8	H3C1_S29	1
MAPK8	HDAC6_S22	1
MAPK8	HDGF_T200	1
MAPK8	HNRNPH2_S104	1
MAPK8	HNRNPK_S116	1
MAPK8	HNRNPK_S216	1
MAPK8	HNRNPK_S353	1
MAPK8	HSF1_S303	1
MAPK8	HSF1_S307	1
MAPK8	HSF1_S314	1
MAPK8	HSF1_S326	1
MAPK8	HSF1_S363	1
MAPK8	HSF1_S419	1
MAPK8	HSF1_S444	1
MAPK8	HSF1_T369	1
MAPK8	IKBKG_S31	1
MAPK8	IRF2BPL_S659	1
MAPK8	IRF2BPL_S662	1
MAPK8	IRF3_S173	1
MAPK8	IRS1_S1078	1
MAPK8	IRS1_S307	1
MAPK8	IRS1_S312	1
MAPK8	IRS1_S315	1
MAPK8	IRS1_S348	1
MAPK8	IRS1_S531	1
MAPK8	IRS1_S616	1
MAPK8	IRS1_S636	1
MAPK8	IRS1_S892	1
MAPK8	ISL2_S157	1
MAPK8	ITCH_S199	1
MAPK8	ITCH_S232	1
MAPK8	ITCH_S240	1
MAPK8	ITCH_S273	1
MAPK8	ITCH_T222	1
MAPK8	ITCH_T263	1
MAPK8	JDP2_T148	1
MAPK8	JDP2_T159	1
MAPK8	JUNB_T102	1
MAPK8	JUNB_T104	1
MAPK8	JUND_S100	1
MAPK8	JUN_S243	1
MAPK8	JUN_S63	1
MAPK8	JUN_S73	1
MAPK8	JUN_T239	1
MAPK8	JUN_T91	1
MAPK8	JUN_T93	1
MAPK8	JUN_T95	1
MAPK8	KAT5_S90	1
MAPK8	KCNMA1_S924	1
MAPK8	KDM5C_S1359	1
MAPK8	KRT8_S102	1
MAPK8	KRT8_S432	1
MAPK8	KRT8_S74	1
MAPK8	LAT_T155	1
MAPK8	LAT_T184	1
MAPK8	LAT_T191	1
MAPK8	LCK_S59	1
MAPK8	LEF1_S166	1
MAPK8	LEF1_T155	1
MAPK8	LIFR_S1044	1
MAPK8	LIMD1_S272	1
MAPK8	LIMD1_S277	1
MAPK8	LIMD1_S421	1
MAPK8	LIMD1_S424	1
MAPK8	LMNA_S22	1
MAPK8	LMNA_T19	1
MAPK8	LRRFIP1_S497	1
MAPK8	MAD1L1_S428	1
MAPK8	MAP1B_S1247	1
MAPK8	MAP1B_S1260	1
MAPK8	MAP1B_S1438	1
MAPK8	MAP1B_S1793	1
MAPK8	MAP2_T1616	1
MAPK8	MAP2_T1619	1
MAPK8	MAP2_T1625	1
MAPK8	MAP4K4_S795	1
MAPK8	MAPK6_S189	1
MAPK8	MAPK8IP1_S15	1
MAPK8	MAPK8IP1_S197	1
MAPK8	MAPK8IP1_S235	1
MAPK8	MAPK8IP1_S29	1
MAPK8	MAPK8IP1_S341	1
MAPK8	MAPK8IP1_S421	1
MAPK8	MAPK8IP1_T103	1
MAPK8	MAPK8IP1_T205	1
MAPK8	MAPK8IP1_T284	1
MAPK8	MAPK8IP3_T265	1
MAPK8	MAPK8IP3_T275	1
MAPK8	MAPK8IP3_T286	1
MAPK8	MAPKAPK2_S272	1
MAPK8	MAPKAPK2_T222	1
MAPK8	MAPKAPK2_T25	1
MAPK8	MAPKAPK2_T334	1
MAPK8	MAPKAPK5_T182	1
MAPK8	MAPT_S202	1
MAPK8	MAPT_S396	1
MAPK8	MAPT_S537	1
MAPK8	MAPT_S731	1
MAPK8	MAPT_T181	1
MAPK8	MAPT_T231	1
MAPK8	MAPT_T566	1
MAPK8	MARCKS_S46	1
MAPK8	MATK_S501	1
MAPK8	MCL1_S121	1
MAPK8	MCL1_S64	1
MAPK8	MCL1_T163	1
MAPK8	MEF2A_T312	1
MAPK8	MEF2A_T319	1
MAPK8	MEF2C_S397	1
MAPK8	MEF2D_S180	1
MAPK8	MITF_S180	1
MAPK8	MITF_S408	1
MAPK8	MITF_S485	1
MAPK8	MKNK2_T379	1
MAPK8	MTF2_T24	1
MAPK8	MYBL2_S577	1
MAPK8	MYBL2_T487	1
MAPK8	MYB_S653	1
MAPK8	MYC_S62	1
MAPK8	MYC_S71	1
MAPK8	MYLK_S16	1
MAPK8	NASP_T390	1
MAPK8	NCL_S563	1
MAPK8	NCL_T106	1
MAPK8	NCL_T113	1
MAPK8	NCL_T121	1
MAPK8	NCL_T214	1
MAPK8	NCL_T76	1
MAPK8	NCL_T84	1
MAPK8	NCL_T92	1
MAPK8	NCL_T99	1
MAPK8	NCOA3_S505	1
MAPK8	NCOA3_S543	1
MAPK8	NCOA3_S860	1
MAPK8	NCOA3_S867	1
MAPK8	NCOA3_T24	1
MAPK8	NDEL1_S231	1
MAPK8	NDEL1_T245	1
MAPK8	NEIL1_S207	1
MAPK8	NEIL1_S306	1
MAPK8	NEIL1_S61	1
MAPK8	NF1_S2515	1
MAPK8	NF1_S864	1
MAPK8	NFATC1_S172	1
MAPK8	NFATC2_S168	1
MAPK8	NFATC2_S330	1
MAPK8	NFATC2_T116	1
MAPK8	NFATC3_S163	1
MAPK8	NFATC3_S165	1
MAPK8	NFATC4_S168	1
MAPK8	NFATC4_S170	1
MAPK8	NFATC4_S213	1
MAPK8	NFATC4_S217	1
MAPK8	NFATC4_S276	1
MAPK8	NFATC4_S280	1
MAPK8	NFE2L2_S40	1
MAPK8	NFE2_S157	1
MAPK8	NFE2_S346	1
MAPK8	NFIA_S287	1
MAPK8	NFIB_S295	1
MAPK8	NFIC_S339	1
MAPK8	NLRP3_S198	1
MAPK8	NMT1_S47	1
MAPK8	NPM1_S10	1
MAPK8	NPM1_T234	1
MAPK8	NPM1_T237	1
MAPK8	NPM1_T95	1
MAPK8	NR3C1_S226	1
MAPK8	NR4A1_S108	1
MAPK8	NR4A1_S95	1
MAPK8	NRL_S50	1
MAPK8	NSUN5_T195	1
MAPK8	OSBP2_S762	1
MAPK8	OSBP2_S763	1
MAPK8	OSBP2_S766	1
MAPK8	OSBP2_S768	1
MAPK8	PAK5_T107	1
MAPK8	PAK6_S165	1
MAPK8	PAX2_S394	1
MAPK8	PCDH1_S962	1
MAPK8	PHC3_T609	1
MAPK8	PIN1_S115	1
MAPK8	PKM_T365	1
MAPK8	PLA2G4A_S505	1
MAPK8	POGZ_S1338	1
MAPK8	POGZ_S425	1
MAPK8	PPARA_S12	1
MAPK8	PPARA_S21	1
MAPK8	PPARG_S112	1
MAPK8	PPARG_S84	1
MAPK8	PPM1J_S93	1
MAPK8	PPM1J_T201	1
MAPK8	PPM1J_T204	1
MAPK8	PPP1R13L_S110	1
MAPK8	PPP1R13L_S113	1
MAPK8	PPP1R13L_S120	1
MAPK8	PPP1R13L_S158	1
MAPK8	PPP1R13L_S183	1
MAPK8	PPP1R13L_S187	1
MAPK8	PPP1R13L_S280	1
MAPK8	PPP1R13L_S358	1
MAPK8	PPP1R13L_S395	1
MAPK8	PPP1R13L_S53	1
MAPK8	PPP1R13L_S567	1
MAPK8	PPP1R13L_S597	1
MAPK8	PPP1R13L_T123	1
MAPK8	PPP1R1B_T75	1
MAPK8	PRDM2_S643	1
MAPK8	PRICKLE3_S502	1
MAPK8	PRRC2A_T782	1
MAPK8	PSMD4_T250	1
MAPK8	PTTG1_S165	1
MAPK8	PXN_S178	1
MAPK8	RAD18_S471	1
MAPK8	RAP1GAP_S484	1
MAPK8	RARA_S445	1
MAPK8	RARA_S461	1
MAPK8	RARA_T181	1
MAPK8	RBM15_S128	1
MAPK8	RBM17_S222	1
MAPK8	RBM17_T71	1
MAPK8	RBMX_S208	1
MAPK8	RBMX_S58	1
MAPK8	RCAN1_S167	1
MAPK8	RCSD1_S216	1
MAPK8	RCSD1_S68	1
MAPK8	RCSD1_S83	1
MAPK8	RELA_S276	1
MAPK8	REST_S864	1
MAPK8	RNH1_T82	1
MAPK8	RPA1_S135	1
MAPK8	RPA1_T191	1
MAPK8	RPA2_S23	1
MAPK8	RPA2_S29	1
MAPK8	RPS6KA1_S372	1
MAPK8	RPS6KA1_T368	1
MAPK8	RPS6KA3_S369	1
MAPK8	RPS6KB1_S434	1
MAPK8	RPS6KB1_S441	1
MAPK8	RPS6KB1_S447	1
MAPK8	RPTOR_S696	1
MAPK8	RPTOR_S863	1
MAPK8	RPTOR_T706	1
MAPK8	RREB1_S36	1
MAPK8	RUNX2_S118	1
MAPK8	RXRA_S260	1
MAPK8	RXRA_T82	1
MAPK8	RXRA_Y169	1
MAPK8	RXRA_Y249	1
MAPK8	RXRA_Y397	1
MAPK8	S100A11_S6	1
MAPK8	SARM1_S548	1
MAPK8	SCML2_S499	1
MAPK8	SCML2_S511	1
MAPK8	SEPTIN5_T336	1
MAPK8	SF3B1_T235	1
MAPK8	SF3B1_T350	1
MAPK8	SF3B1_T354	1
MAPK8	SFN_S186	1
MAPK8	SIRT1_S27	1
MAPK8	SIRT1_S47	1
MAPK8	SIRT1_T530	1
MAPK8	SIRT6_S10	1
MAPK8	SLC41A3_S275	1
MAPK8	SMAD2_S250	1
MAPK8	SMAD2_T220	1
MAPK8	SMAD2_T8	1
MAPK8	SMAD3_S213	1
MAPK8	SMAD4_T277	1
MAPK8	SMARCC2_S302	1
MAPK8	SND1_T103	1
MAPK8	SNRNP70_S226	1
MAPK8	SNTA1_S193	1
MAPK8	SNTA1_S201	1
MAPK8	SP1_S59	1
MAPK8	SP1_T278	1
MAPK8	SP1_T739	1
MAPK8	SREBF1_S117	1
MAPK8	SREBF1_S93	1
MAPK8	SREBF1_T81	1
MAPK8	SRF_S224	1
MAPK8	SRRM2_S1727	1
MAPK8	SRRM2_S2071	1
MAPK8	SRRM2_S377	1
MAPK8	SRRM2_S802	1
MAPK8	SRRM2_T1453	1
MAPK8	SRRM2_T1880	1
MAPK8	SRRM2_T1962	1
MAPK8	SRRM2_T384	1
MAPK8	SRRT_T544	1
MAPK8	SSBP4_S320	1
MAPK8	SSBP4_T333	1
MAPK8	STAT1_Y701	1
MAPK8	STAT3_S726	1
MAPK8	STAT3_S727	1
MAPK8	STAT3_Y705	1
MAPK8	STAT5B_S731	1
MAPK8	STAT6_S707	1
MAPK8	STK4_S82	1
MAPK8	STMN1_S25	1
MAPK8	STMN1_S38	1
MAPK8	STMN2_S62	1
MAPK8	STMN2_S73	1
MAPK8	STMN3_S60	1
MAPK8	STUB1_S19	1
MAPK8	STUB1_S23	1
MAPK8	STUB1_S273	1
MAPK8	SUGP2_S277	1
MAPK8	SYMPK_S1243	1
MAPK8	SYN1_S427	1
MAPK8	SYT4_S135	1
MAPK8	TAB1_S438	1
MAPK8	TAF3_S229	1
MAPK8	TCF3_T355	1
MAPK8	TLK2_S99	1
MAPK8	TMEM245_S332	1
MAPK8	TNFRSF1B_T436	1
MAPK8	TOPORS_S98	1
MAPK8	TP53BP1_S1028	1
MAPK8	TP53BP1_S1114	1
MAPK8	TP53BP1_S1635	1
MAPK8	TP53BP1_S380	1
MAPK8	TP53BP1_S500	1
MAPK8	TP53BP1_S552	1
MAPK8	TP53BP1_T1056	1
MAPK8	TP53BP1_T1638	1
MAPK8	TP53_S20	1
MAPK8	TP53_S315	1
MAPK8	TP53_S33	1
MAPK8	TP53_S37	1
MAPK8	TP53_S46	1
MAPK8	TP53_T55	1
MAPK8	TP53_T81	1
MAPK8	TP63_S51	1
MAPK8	TPD52L2_S206	1
MAPK8	TRIM28_S19	1
MAPK8	TRIM28_S50	1
MAPK8	TRIM28_S594	1
MAPK8	TRIM28_S697	1
MAPK8	TRIM28_S752	1
MAPK8	TRIM28_S757	1
MAPK8	TRIM28_T541	1
MAPK8	TWIST1_S68	1
MAPK8	UBE2A_S120	1
MAPK8	UBR1_T21	1
MAPK8	WDR62_T1053	1
MAPK8	XPO1_S391	1
MAPK8	YAP1_S138	1
MAPK8	YAP1_S317	1
MAPK8	YAP1_S367	1
MAPK8	YAP1_T119	1
MAPK8	YAP1_T154	1
MAPK8	YAP1_T362	1
MAPK8	YAP1_T412	1
MAPK8	YWHAB_S186	1
MAPK8	YWHAZ_S184	1
MAPK8	ZBTB16_S184	1
MAPK8	ZBTB16_S197	1
MAPK8	ZBTB16_S256	1
MAPK8	ZBTB16_S76	1
MAPK8	ZBTB16_T282	1
MAPK8	ZC3HAV1_S378	1
MAPK8	ZEB1_S679	1
MAPK8	ZHX1_S648	1
MAPK8	ZHX1_T36	1
MAPK8	ZHX1_T9	1
MAPK8	ZMYM2_S838	1
MAPK8	ZNF516_S116	1
MAPK8IP1	APP_T743	1
MAPK9	ABLIM1_S431	1
MAPK9	ADAM17_T735	1
MAPK9	ADCY9_S610	1
MAPK9	ADD1_S358	1
MAPK9	AKT1_S473	1
MAPK9	AMPH_S276	1
MAPK9	AMPH_S285	1
MAPK9	APLP2_T736	1
MAPK9	APP_T668	1
MAPK9	APP_T743	1
MAPK9	ARHGAP12_T231	1
MAPK9	ARHGEF6_S225	1
MAPK9	ARID1A_S772	1
MAPK9	ATF2_S90	1
MAPK9	ATF2_T69	1
MAPK9	ATF2_T71	1
MAPK9	ATN1_S739	1
MAPK9	BAD_S91	1
MAPK9	BAZ1B_S158	1
MAPK9	BCL2L11_S104	1
MAPK9	BCL2L11_S118	1
MAPK9	BCL2L11_S55	1
MAPK9	BCL2L11_S58	1
MAPK9	BCL2L11_S59	1
MAPK9	BCL2L11_S69	1
MAPK9	BCL2L11_S73	1
MAPK9	BCL2L11_S77	1
MAPK9	BCL2L11_T116	1
MAPK9	BCL2L11_T56	1
MAPK9	BCL2L1_S62	1
MAPK9	BCL2L1_T115	1
MAPK9	BCL2L1_T47	1
MAPK9	BCL2_S70	1
MAPK9	BCL2_S87	1
MAPK9	BCL2_T69	1
MAPK9	BICD2_S582	1
MAPK9	BID_T59	1
MAPK9	CACNG2_S253	1
MAPK9	CCNB1_S126	1
MAPK9	CCNB1_S128	1
MAPK9	CCND1_T286	1
MAPK9	CDC16_T581	1
MAPK9	CDC20_T70	1
MAPK9	CDC25C_S168	1
MAPK9	CDC25C_T130	1
MAPK9	CDC25C_T48	1
MAPK9	CDK13_S342	1
MAPK9	CDK4_T172	1
MAPK9	CDKN1A_S130	1
MAPK9	CDKN1A_S98	1
MAPK9	CDKN1A_T57	1
MAPK9	CEBPB_T235	1
MAPK9	CEBPE_T74	1
MAPK9	CRMP1_T509	1
MAPK9	CTNNB1_S191	1
MAPK9	CTNNB1_S605	1
MAPK9	CTTN_S405	1
MAPK9	CTTN_S418	1
MAPK9	CTTN_T401	1
MAPK9	CXADR_S332	1
MAPK9	DCX_S334	1
MAPK9	DCX_T321	1
MAPK9	DCX_T331	1
MAPK9	DDX23_S14	1
MAPK9	EEF2K_S359	1
MAPK9	EEF2K_S396	1
MAPK9	EGLN2_S162	1
MAPK9	EGLN2_S74	1
MAPK9	EIF2AK2_S83	1
MAPK9	EIF3G_S42	1
MAPK9	EIF4ENIF1_S301	1
MAPK9	EIF4ENIF1_S374	1
MAPK9	EIF4ENIF1_S513	1
MAPK9	EIF4ENIF1_S564	1
MAPK9	EIF4ENIF1_S587	1
MAPK9	EIF4ENIF1_S670	1
MAPK9	EIF4ENIF1_S693	1
MAPK9	ELK1_S304	1
MAPK9	ELK1_S324	1
MAPK9	ELK1_S383	1
MAPK9	ELK1_S389	1
MAPK9	ELK1_S422	1
MAPK9	ELK1_T336	1
MAPK9	ELK1_T417	1
MAPK9	ELK3_S357	1
MAPK9	EPS15L1_S255	1
MAPK9	ESR1_S118	1
MAPK9	ESR1_T311	1
MAPK9	ETS1_T38	1
MAPK9	ETS1_T82	1
MAPK9	ETS2_T72	1
MAPK9	FADD_S194	1
MAPK9	FOSL2_S200	1
MAPK9	FOS_S374	1
MAPK9	FOS_T232	1
MAPK9	FOS_T325	1
MAPK9	FOS_T331	1
MAPK9	FOXO4_T451	1
MAPK9	FOXO4_T455	1
MAPK9	GORASP1_S189	1
MAPK9	GORASP1_S274	1
MAPK9	GRK2_S670	1
MAPK9	H2AX_S140	1
MAPK9	H3-3B_S29	1
MAPK9	H3C1_S29	1
MAPK9	HCLS1_S275	1
MAPK9	HMGA1_T77	1
MAPK9	HNRNPUL1_S718	1
MAPK9	HSF1_S307	1
MAPK9	HSF1_S320	1
MAPK9	HSF1_S363	1
MAPK9	ID3_S5	1
MAPK9	IFI16_S153	1
MAPK9	IRS1_S307	1
MAPK9	IRS1_S315	1
MAPK9	IRS1_Y612	1
MAPK9	IRS1_Y632	1
MAPK9	ITSN1_S1130	1
MAPK9	JADE3_S85	1
MAPK9	JDP2_T148	1
MAPK9	JDP2_T159	1
MAPK9	JUN_S243	1
MAPK9	JUN_S63	1
MAPK9	JUN_S73	1
MAPK9	JUN_T239	1
MAPK9	JUN_T91	1
MAPK9	JUN_T93	1
MAPK9	KAT5_S90	1
MAPK9	KCTD15_S35	1
MAPK9	KIF22_S427	1
MAPK9	LCK_S59	1
MAPK9	LIFR_S1044	1
MAPK9	LIMD1_S272	1
MAPK9	LIMD1_S277	1
MAPK9	LIMD1_S421	1
MAPK9	LIMD1_S424	1
MAPK9	MAP2K2_T394	1
MAPK9	MAP4K4_S631	1
MAPK9	MAP4_S787	1
MAPK9	MAPK10_T221	1
MAPK9	MAPK6_S189	1
MAPK9	MAPK8IP1_S15	1
MAPK9	MAPK8IP1_S197	1
MAPK9	MAPK8IP1_S29	1
MAPK9	MAPK8IP1_S341	1
MAPK9	MAPK8IP1_S421	1
MAPK9	MAPK8IP1_T103	1
MAPK9	MAPK8IP1_T205	1
MAPK9	MAPK8IP1_T284	1
MAPK9	MAPK8IP3_T265	1
MAPK9	MAPK8IP3_T275	1
MAPK9	MAPK8IP3_T286	1
MAPK9	MAPK8_T183	1
MAPK9	MAPKAPK2_S272	1
MAPK9	MAPKAPK2_T222	1
MAPK9	MAPKAPK2_T25	1
MAPK9	MAPKAPK2_T334	1
MAPK9	MAPKAPK5_T182	1
MAPK9	MAPT_S202	1
MAPK9	MAPT_S537	1
MAPK9	MAPT_T181	1
MAPK9	MAPT_T212	1
MAPK9	MAPT_T217	1
MAPK9	MAPT_T231	1
MAPK9	MAPT_T547	1
MAPK9	MAPT_T552	1
MAPK9	MAPT_T566	1
MAPK9	MARCKS_S46	1
MAPK9	MARK1_S403	1
MAPK9	MARK2_S422	1
MAPK9	MCM2_S27	1
MAPK9	MEF2A_S235	1
MAPK9	MEF2A_S255	1
MAPK9	MEF2A_S400	1
MAPK9	MEF2A_T108	1
MAPK9	MEF2A_T304	1
MAPK9	MEF2A_T311	1
MAPK9	MEF2C_S397	1
MAPK9	MFN2_S27	1
MAPK9	MYB_S653	1
MAPK9	MYC_S62	1
MAPK9	MYC_S71	1
MAPK9	MYLK_S16	1
MAPK9	NDEL1_T219	1
MAPK9	NEUROD1_T262	1
MAPK9	NFATC2_S223	1
MAPK9	NFATC3_S163	1
MAPK9	NFATC3_S165	1
MAPK9	NFATC3_S207	1
MAPK9	NFATC3_S211	1
MAPK9	NFATC3_S215	1
MAPK9	NFATC3_S288	1
MAPK9	NFATC3_S292	1
MAPK9	NFATC3_S296	1
MAPK9	NFATC3_S300	1
MAPK9	NFATC3_S366	1
MAPK9	NFATC4_S168	1
MAPK9	NFATC4_S170	1
MAPK9	NFATC4_S213	1
MAPK9	NFATC4_S217	1
MAPK9	NFATC4_S276	1
MAPK9	NFATC4_S280	1
MAPK9	NFIC_S194	1
MAPK9	NFIC_S333	1
MAPK9	NR3C1_S226	1
MAPK9	PAK1IP1_S320	1
MAPK9	PAK5_S104	1
MAPK9	PCYT1B_S315	1
MAPK9	PDX1_S61	1
MAPK9	PDX1_S66	1
MAPK9	PIN1_S115	1
MAPK9	PLA2G4A_S505	1
MAPK9	PLEC_S4613	1
MAPK9	PLEC_S720	1
MAPK9	PLEC_T4539	1
MAPK9	PNISR_S211	1
MAPK9	PNISR_S311	1
MAPK9	PPARA_S12	1
MAPK9	PPARA_S21	1
MAPK9	PPM1J_S93	1
MAPK9	PPP1R13L_S110	1
MAPK9	PPP1R13L_S113	1
MAPK9	PPP1R13L_S120	1
MAPK9	PPP1R13L_S158	1
MAPK9	PPP1R13L_S183	1
MAPK9	PPP1R13L_S187	1
MAPK9	PPP1R13L_S280	1
MAPK9	PPP1R13L_S358	1
MAPK9	PPP1R13L_S395	1
MAPK9	PPP1R13L_S53	1
MAPK9	PPP1R13L_S567	1
MAPK9	PPP1R13L_S597	1
MAPK9	PPP1R13L_T123	1
MAPK9	PPP1R1B_T34	1
MAPK9	PRKAR1A_S83	1
MAPK9	PSEN1_S319	1
MAPK9	PSEN1_T320	1
MAPK9	PSMA5_S56	1
MAPK9	PTPN7_S93	1
MAPK9	PTPN7_T66	1
MAPK9	PURB_S100	1
MAPK9	PWP1_S57	1
MAPK9	RAD18_S409	1
MAPK9	RAPGEF6_S1494	1
MAPK9	RBM14_T572	1
MAPK9	RCAN1_S167	1
MAPK9	RFX1_S120	1
MAPK9	RPA2_S23	1
MAPK9	RPA2_S29	1
MAPK9	RPS3_T221	1
MAPK9	RPS6KA1_S372	1
MAPK9	RPS6KA1_T368	1
MAPK9	RPS6KB1_S434	1
MAPK9	RPS6KB1_T470	1
MAPK9	RRN3_T200	1
MAPK9	RXRA_S260	1
MAPK9	RXRA_T82	1
MAPK9	SEC24B_S1224	1
MAPK9	SFN_S186	1
MAPK9	SH3BP5_S194	1
MAPK9	SH3BP5_S264	1
MAPK9	SH3BP5_S351	1
MAPK9	SH3BP5_S421	1
MAPK9	SIRT1_S27	1
MAPK9	SLBP_T62	1
MAPK9	SLC6A4_T616	1
MAPK9	SLC9A1_S726	1
MAPK9	SMAD4_T277	1
MAPK9	SMARCC2_S302	1
MAPK9	SMARCC2_S304	1
MAPK9	SMARCC2_S306	1
MAPK9	SMARCC2_T1208	1
MAPK9	SMARCC2_T308	1
MAPK9	SMARCC2_T322	1
MAPK9	SMARCC2_T548	1
MAPK9	SNRNP70_S226	1
MAPK9	SNTA1_S193	1
MAPK9	SNTA1_S201	1
MAPK9	SOX10_S24	1
MAPK9	SOX10_S45	1
MAPK9	SPTBN1_S2169	1
MAPK9	SREBF1_S117	1
MAPK9	SRRM2_S1179	1
MAPK9	SRRM2_S2272	1
MAPK9	SRRM2_S2382	1
MAPK9	SRRM2_S2449	1
MAPK9	SRRM2_T2104	1
MAPK9	SRRM2_T2409	1
MAPK9	STAT3_S727	1
MAPK9	STMN1_S25	1
MAPK9	STMN1_S38	1
MAPK9	STMN2_S62	1
MAPK9	STMN2_S73	1
MAPK9	SUPT5H_S666	1
MAPK9	SUPT5H_S671	1
MAPK9	SUPT5H_T1034	1
MAPK9	SUPT5H_T775	1
MAPK9	SUPT5H_T784	1
MAPK9	SUPT5H_T799	1
MAPK9	SYN1_S39	1
MAPK9	SYN1_S510	1
MAPK9	SYN1_S551	1
MAPK9	SYN1_S67	1
MAPK9	TAB1_S438	1
MAPK9	TCF20_S574	1
MAPK9	TCF3_T355	1
MAPK9	TFAP4_S124	1
MAPK9	TNKS1BP1_S1385	1
MAPK9	TNKS1BP1_S672	1
MAPK9	TNKS1BP1_S691	1
MAPK9	TOB1_S152	1
MAPK9	TOB1_S154	1
MAPK9	TOB1_S164	1
MAPK9	TP53_S20	1
MAPK9	TP53_S315	1
MAPK9	TP53_S33	1
MAPK9	TP53_S37	1
MAPK9	TP53_S46	1
MAPK9	TP53_S6	1
MAPK9	TP53_T55	1
MAPK9	TP53_T81	1
MAPK9	TRIP10_T302	1
MAPK9	USP6NL_S585	1
MAPK9	XPO1_S391	1
MAPK9	XRN2_S448	1
MAPK9	YAP1_S138	1
MAPK9	YAP1_S317	1
MAPK9	YAP1_S367	1
MAPK9	YAP1_T119	1
MAPK9	YAP1_T154	1
MAPK9	YAP1_T362	1
MAPK9	YAP1_T412	1
MAPK9	YWHAZ_S184	1
MAPK9	ZHX1_S648	1
MAPK9	ZHX1_T36	1
MAPK9	ZNF217_S570	1
MAPK9	ZNF217_S795	1
MAPK9	ZYX_S267	1
MAPK9	ZYX_S344	1
MAPKAP1	AKT1_S473	1
MAPKAP1	INSR_S473	1
MAPKAPK2	AATF_T366	1
MAPKAPK2	AGO2_S387	1
MAPKAPK2	AKT1_S473	1
MAPKAPK2	ALOX5_S272	1
MAPKAPK2	ALOX5_S664	1
MAPKAPK2	ARPC5_S77	1
MAPKAPK2	ARPC5_S80	1
MAPKAPK2	BAG2_S20	1
MAPKAPK2	BCL2L1_S62	1
MAPKAPK2	BECN1_S90	1
MAPKAPK2	CAD_T456	1
MAPKAPK2	CDC25B_S169	1
MAPKAPK2	CDC25B_S282	1
MAPKAPK2	CDC25B_S309	1
MAPKAPK2	CDC25B_S323	1
MAPKAPK2	CDC25B_S353	1
MAPKAPK2	CDC25B_S375	1
MAPKAPK2	CDC25C_S216	1
MAPKAPK2	CEP131_S47	1
MAPKAPK2	CEP131_S78	1
MAPKAPK2	COPS5_S177	1
MAPKAPK2	CREB1_S133	1
MAPKAPK2	CRYAB_S59	1
MAPKAPK2	DAZL_S65	1
MAPKAPK2	DDX5_S198	1
MAPKAPK2	E2F1_S364	1
MAPKAPK2	EEF2K_S377	1
MAPKAPK2	EGFR_S1071	1
MAPKAPK2	ELAVL1_T118	1
MAPKAPK2	ESR1_S118	1
MAPKAPK2	ETV1_S191	1
MAPKAPK2	ETV1_S216	1
MAPKAPK2	GJA1_S255	1
MAPKAPK2	GJA1_S279	1
MAPKAPK2	GJA1_S282	1
MAPKAPK2	HNRNPA0_S84	1
MAPKAPK2	HSF1_S121	1
MAPKAPK2	HSPA1L_S241	1
MAPKAPK2	HSPB1_S15	1
MAPKAPK2	HSPB1_S78	1
MAPKAPK2	HSPB1_S82	1
MAPKAPK2	HSPB1_S86	1
MAPKAPK2	IL6ST_S782	1
MAPKAPK2	KRT18_S53	1
MAPKAPK2	KRT20_S13	1
MAPKAPK2	LIMK1_S323	1
MAPKAPK2	LIMK1_T508	1
MAPKAPK2	LPCAT2_S34	1
MAPKAPK2	LSP1_S142	1
MAPKAPK2	LSP1_S190	1
MAPKAPK2	LSP1_S204	1
MAPKAPK2	LSP1_S252	1
MAPKAPK2	LSP1_S332	1
MAPKAPK2	LSP1_S380	1
MAPKAPK2	MDM2_S157	1
MAPKAPK2	MDM2_S163	1
MAPKAPK2	MDM2_S166	1
MAPKAPK2	MDM2_S172	1
MAPKAPK2	MRTFA_S312	1
MAPKAPK2	MRTFA_S333	1
MAPKAPK2	NCOA1_S1185	1
MAPKAPK2	NCOA1_T1179	1
MAPKAPK2	NELFE_S115	1
MAPKAPK2	NELFE_S251	1
MAPKAPK2	NELFE_S51	1
MAPKAPK2	PARN_S557	1
MAPKAPK2	PDE4A_S152	1
MAPKAPK2	PDE4D_S133	1
MAPKAPK2	PFKFB3_S461	1
MAPKAPK2	PIAS1_S522	1
MAPKAPK2	PLK1_S326	1
MAPKAPK2	PLK1_S383	1
MAPKAPK2	POU5F1_S111	1
MAPKAPK2	POU5F1_S93	1
MAPKAPK2	RBM7_S136	1
MAPKAPK2	RBM7_S204	1
MAPKAPK2	RCSD1_S179	1
MAPKAPK2	RCSD1_S244	1
MAPKAPK2	RIPK1_S166	1
MAPKAPK2	RIPK1_S320	1
MAPKAPK2	RIPK1_S335	1
MAPKAPK2	RPS6KA3_S386	1
MAPKAPK2	RTN4_S107	1
MAPKAPK2	SRF_S103	1
MAPKAPK2	SRF_S85	1
MAPKAPK2	STAT3_S726	1
MAPKAPK2	STAT3_S727	1
MAPKAPK2	TAB3_S506	1
MAPKAPK2	TH_S19	1
MAPKAPK2	TH_S40	1
MAPKAPK2	TH_S404	1
MAPKAPK2	TH_S435	1
MAPKAPK2	TH_S44	1
MAPKAPK2	TH_S67	1
MAPKAPK2	TH_S71	1
MAPKAPK2	TP53_S20	1
MAPKAPK2	TRIM28_S473	1
MAPKAPK2	TRIM29_S550	1
MAPKAPK2	TRIM29_S552	1
MAPKAPK2	TSC2_S1210	1
MAPKAPK2	TSC2_S1211	1
MAPKAPK2	TSC2_S1254	1
MAPKAPK2	TSC2_S1798	1
MAPKAPK2	TSC2_S664	1
MAPKAPK2	TSC2_T1462	1
MAPKAPK2	UBE2J1_S184	1
MAPKAPK2	VIM_S39	1
MAPKAPK2	VIM_S51	1
MAPKAPK2	VIM_S55	1
MAPKAPK2	VIM_S56	1
MAPKAPK2	VIM_S83	1
MAPKAPK2	WNK4_S575	1
MAPKAPK2	YWHAZ_S58	1
MAPKAPK2	ZFP36L1_S203	1
MAPKAPK2	ZFP36L1_S54	1
MAPKAPK2	ZFP36L1_S92	1
MAPKAPK2	ZFP36_S113	1
MAPKAPK2	ZFP36_S184	1
MAPKAPK2	ZFP36_S186	1
MAPKAPK2	ZFP36_S52	1
MAPKAPK2	ZFP36_S60	1
MAPKAPK2	ZFP36_S66	1
MAPKAPK3	BECN1_S90	1
MAPKAPK3	EEF2K_S377	1
MAPKAPK3	HLCS_S79	1
MAPKAPK3	HSPB1_S15	1
MAPKAPK3	HSPB1_S78	1
MAPKAPK3	HSPB1_S82	1
MAPKAPK3	RCSD1_S179	1
MAPKAPK3	RCSD1_S244	1
MAPKAPK3	RTN4_S107	1
MAPKAPK3	TAB3_S506	1
MAPKAPK3	WNK4_S575	1
MAPKAPK5	CBL_S483	1
MAPKAPK5	CBL_S668	1
MAPKAPK5	CSDC2_S19	1
MAPKAPK5	DAXX_S498	1
MAPKAPK5	DAXX_S671	1
MAPKAPK5	DAXX_S712	1
MAPKAPK5	DNAJB1_S149	1
MAPKAPK5	DNAJB1_S151	1
MAPKAPK5	DNAJB1_S171	1
MAPKAPK5	EEF2K_S377	1
MAPKAPK5	EIF4B_S340	1
MAPKAPK5	EIF4B_S462	1
MAPKAPK5	EIF4B_S507	1
MAPKAPK5	EIF4B_S93	1
MAPKAPK5	EIF4ENIF1_S568	1
MAPKAPK5	EIF4ENIF1_S74	1
MAPKAPK5	FOXO3_S215	1
MAPKAPK5	FOXO3_S551	1
MAPKAPK5	FOXO3_S555	1
MAPKAPK5	GEMIN2_T48	1
MAPKAPK5	HSPB1_S15	1
MAPKAPK5	HSPB1_S78	1
MAPKAPK5	HSPB1_S82	1
MAPKAPK5	KALRN_S487	1
MAPKAPK5	MAPK4_S186	1
MAPKAPK5	MAPK6_S189	1
MAPKAPK5	NEUROD1_S274	1
MAPKAPK5	NPM1_S222	1
MAPKAPK5	NPM1_T237	1
MAPKAPK5	PLA2G4A_S727	1
MAPKAPK5	PPP1R13L_S110	1
MAPKAPK5	PPP1R13L_S113	1
MAPKAPK5	PPP1R13L_S120	1
MAPKAPK5	PPP1R13L_S280	1
MAPKAPK5	PPP1R13L_S357	1
MAPKAPK5	PPP1R13L_S358	1
MAPKAPK5	PPP1R13L_S395	1
MAPKAPK5	PPP1R13L_T123	1
MAPKAPK5	PPP1R13L_T570	1
MAPKAPK5	RHEB_S130	1
MAPKAPK5	SAFB2_S8	1
MAPKAPK5	SEPTIN8_S163	1
MAPKAPK5	SEPTIN8_S192	1
MAPKAPK5	SEPTIN8_S242	1
MAPKAPK5	SMAD4_T277	1
MAPKAPK5	SRSF1_S199	1
MAPKAPK5	TBC1D22A_S132	1
MAPKAPK5	TBC1D22A_S135	1
MAPKAPK5	TBC1D22A_T51	1
MAPKAPK5	TH_S19	1
MAPKAPK5	TH_S40	1
MAPKAPK5	TH_S404	1
MAPKAPK5	TH_S435	1
MAPKAPK5	TH_S71	1
MAPKAPK5	TP53_S37	1
MAPKAPK5	UBE2I_S71	1
MAPKAPK5	WNK4_S575	1
MAPKAPK5	ZYX_S258	1
MAPKAPK5	ZYX_S313	1
MAPKAPK5	ZYX_T270	1
MAPRE1	CEBPB_T235	1
MAPRE3	CEBPB_T235	1
MAPT	CEBPB_T235	1
MARK1	CCDC88A_S245	1
MARK1	DCX_S47	1
MARK1	DIXDC1_S381	1
MARK1	DIXDC1_S592	1
MARK1	DLG4_S561	1
MARK1	FEZ1_S58	1
MARK1	H2AX_S140	1
MARK1	HDAC7_S194	1
MARK1	MAP2_S1540	1
MARK1	MAP2_S1679	1
MARK1	MAP2_S1710	1
MARK1	MAP2_S1795	1
MARK1	MAP2_S1799	1
MARK1	MAP2_S1802	1
MARK1	MAP2_S184	1
MARK1	MAP2_S323	1
MARK1	MAP2_S354	1
MARK1	MAP2_S385	1
MARK1	MAP2_S439	1
MARK1	MAP2_S443	1
MARK1	MAP2_S446	1
MARK1	MAP2_S474	1
MARK1	MAP4_S1073	1
MARK1	MAP4_S663	1
MARK1	MAP4_S928	1
MARK1	MAP4_S941	1
MARK1	MAPT_S204	1
MARK1	MAPT_S235	1
MARK1	MAPT_S247	1
MARK1	MAPT_S262	1
MARK1	MAPT_S266	1
MARK1	MAPT_S267	1
MARK1	MAPT_S293	1
MARK1	MAPT_S298	1
MARK1	MAPT_S305	1
MARK1	MAPT_S320	1
MARK1	MAPT_S324	1
MARK1	MAPT_S356	1
MARK1	MAPT_S396	1
MARK1	MAPT_S422	1
MARK1	MAPT_S579	1
MARK1	MAPT_S597	1
MARK1	MAPT_S610	1
MARK1	MAPT_S622	1
MARK1	MAPT_S628	1
MARK1	MAPT_S637	1
MARK1	MAPT_S640	1
MARK1	MAPT_S641	1
MARK1	MAPT_S655	1
MARK1	MAPT_S659	1
MARK1	MAPT_S673	1
MARK1	MAPT_S691	1
MARK1	MAPT_S731	1
MARK1	MAPT_S757	1
MARK1	MAPT_T231	1
MARK1	MAPT_T566	1
MARK1	TNK1_S502	1
MARK2	ARHGEF2_S143	1
MARK2	ARHGEF2_S172	1
MARK2	ARHGEF2_S186	1
MARK2	ARHGEF2_S885	1
MARK2	ARHGEF2_S886	1
MARK2	ARHGEF2_S959	1
MARK2	ARHGEF2_S960	1
MARK2	BAIAP2_S325	1
MARK2	BAIAP2_S366	1
MARK2	CRTC2_S171	1
MARK2	CRTC2_S274	1
MARK2	DCX_S47	1
MARK2	DLG4_S561	1
MARK2	EIF2S1_S52	1
MARK2	FEZ1_S58	1
MARK2	HDAC4_S246	1
MARK2	HDAC5_S259	1
MARK2	HDAC5_S260	1
MARK2	HDAC7_S155	1
MARK2	HDAC7_S194	1
MARK2	KIF13B_S1381	1
MARK2	KIF13B_S1410	1
MARK2	KSR1_S406	1
MARK2	MAP4_S1073	1
MARK2	MAP4_S941	1
MARK2	MAPT_S262	1
MARK2	MAPT_S293	1
MARK2	MAPT_S324	1
MARK2	MAPT_S356	1
MARK2	MAPT_S579	1
MARK2	MAPT_S597	1
MARK2	MAPT_S691	1
MARK2	MIS18BP1_S142	1
MARK2	MIS18BP1_S191	1
MARK2	PARD3_S144	1
MARK2	PARD3_S873	1
MARK2	PINK1_T313	1
MARK2	RAB11FIP1_S234	1
MARK2	RAB11FIP2_S227	1
MARK2	RNF41_S254	1
MARK2	UTRN_S1258	1
MARK3	ARHGEF2_S151	1
MARK3	CDC25B_S323	1
MARK3	CDC25C_S216	1
MARK3	CDC25C_S287	1
MARK3	CHEK2_S19	1
MARK3	CHEK2_S33	1
MARK3	CHEK2_S35	1
MARK3	CHEK2_T26	1
MARK3	FEZ1_S58	1
MARK3	HDAC7_S194	1
MARK3	KSR1_S311	1
MARK3	KSR1_S406	1
MARK3	KSR1_S469	1
MARK3	MAP4_S1073	1
MARK3	MAP4_S941	1
MARK3	MEF2C_S222	1
MARK3	PKP2_S82	1
MARK3	PPP1R2_S72	1
MARK3	PPP2R5D_S90	1
MARK3	PTPN3_S359	1
MARK3	TNK1_S502	1
MARK4	DIXDC1_S592	1
MARK4	HDAC7_S194	1
MARK4	MAP4_S1073	1
MARK4	MAP4_S941	1
MARK4	MAPT_S579	1
MARK4	TNK1_S502	1
MAST1	GRK5_S484	1
MAST2	CHGB_S182	1
MAST2	CHGB_S183	1
MAST2	CHGB_S263	1
MAST2	CHGB_S311	1
MAST2	CHGB_S335	1
MAST2	CHGB_S377	1
MAST2	CHGB_S405	1
MAST3	ARPP19_S46	1
MASTL	ARPP19_S62	1
MASTL	CDK1_T14	1
MASTL	ENSA_S67	1
MAT1A	TEK_Y1102	1
MATK	FGR_Y34	1
MATK	FGR_Y412	1
MATK	LYN_Y508	1
MATK	SIRPA_Y429	1
MATK	SIRPA_Y453	1
MATK	SRC_Y530	1
MAU2	MAP3K5_T838	1
MAVS	IKBKE_S172	1
MAVS	IRF3_S396	1
MAVS	RELA_S468	1
MAVS	TBK1_S172	1
MBTPS1	DPYSL2_T555	1
MBTPS1	MITF_S180	1
MBTPS1	PTK2_Y576	1
MBTPS1	VIM_S72	1
MC1R	ATR_S435	1
MC4R	PPP1R1B_T34	1
MCAT	ATR_S20	1
MCAT	MAPT_S579	1
MCAT	STAT3_S727	1
MCAT	STMN1_S16	1
MCF2L2	IRS1_Y896	1
MCL1	BCL2L11_S87	1
MCL1	BCL2_T56	1
MCL1	EIF2S1_S52	1
MCM3	CDC37_S13	1
MDC1	H2AX_S140	1
MDC1	ID3_S65	1
MDM2	AR_S215	1
MDM2	RB1_S807	1
MDM2	TP53_S15	1
MDM4	MDM2_S166	1
MDM4	TP53_S46	1
MED1	MAPT_S516	1
MED12	LIPE_S552	1
MED12	LIPE_S950	1
MEFV	MDM2_S166	1
MEFV	VIM_S39	1
MELK	CDC25B_S169	1
MELK	CDC25B_S219	1
MELK	CDC25B_S280	1
MELK	CDC25B_S307	1
MELK	CDC25B_S321	1
MELK	CDC25B_S323	1
MELK	CDKN1A_T55	1
MELK	DBNL_S269	1
MELK	EIF4B_S406	1
MELK	EIF4B_S422	1
MELK	EZH2_S220	1
MELK	PDPK1_T354	1
MELK	PXN_Y118	1
MELK	SMAD2_S245	1
MELK	SMAD3_S204	1
MELK	SMAD4_S343	1
MELK	SMAD7_T96	1
MELK	STRAP_S188	1
MELK	TP53_S15	1
MELK	TTC5_S188	1
MELK	TXN_T76	1
MEMO1	ESR1_Y537	1
MERTK	AKT1_S473	1
MERTK	AKT1_T308	1
MERTK	MLKL_Y376	1
MERTK	STAT3_Y705	1
MERTK	STAT5A_Y694	1
MERTK	STAT5B_Y699	1
MET	ABI2_Y207	1
MET	CTNNB1_Y142	1
MET	CTNNB1_Y654	1
MET	CTTN_Y508	1
MET	GAB1_Y285	1
MET	GAB1_Y307	1
MET	GAB1_Y373	1
MET	GAB1_Y406	1
MET	GAB1_Y447	1
MET	GAB1_Y472	1
MET	GAB1_Y589	1
MET	GAB1_Y619	1
MET	GAB1_Y627	1
MET	GAB1_Y657	1
MET	GAB1_Y659	1
MET	GAB1_Y689	1
MET	GSK3B_Y56	1
MET	INSR_Y1185	1
MET	IQGAP1_Y1510	1
MET	IRS1_Y612	1
MET	IRS1_Y896	1
MET	MST1R_Y1238	1
MET	MST1R_Y1239	1
MET	MST1R_Y1353	1
MET	MST1R_Y1360	1
MET	PARP1_Y907	1
MET	PBK_Y74	1
MET	PTK2_S910	1
MET	PTK2_Y194	1
MET	PTK2_Y397	1
MET	PTK2_Y407	1
MET	PTK2_Y5	1
MET	PTK2_Y576	1
MET	PTK2_Y577	1
MET	PTK2_Y861	1
MET	PTK2_Y925	1
MET	PXN_S178	1
MET	RHOA_Y42	1
MET	RPS6KB1_T252	1
MET	SHC1_Y427	1
MET	SHC1_Y428	1
MET	SPSB1_Y31	1
MFAP3L	MAPK1_T185	1
MFAP3L	MAPK1_Y187	1
MFSD11	CEBPB_T235	1
MFSD11	NOS3_S1177	1
MFSD11	TRPV1_S801	1
MFSD11	VAV1_Y174	1
MGAT5	EGFR_Y1092	1
MIF	PRKCD_S645	1
MIF	PRKCD_Y313	1
MINK1	NR3C1_T524	1
MINK1	NR3C1_T562	1
MINK1	NR3C1_T635	1
MINK1	PRICKLE1_T370	1
MINK1	SMAD1_T322	1
MINK1	SMAD2_T324	1
MINPP1	NOS3_S1177	1
MINPP1	NOS3_S1179	1
MINPP1	NOS3_Y657	1
MINPP1	PTPN11_Y546	1
MINPP1	SRC_Y419	1
MINPP1	TP53_S15	1
MKNK1	EIF4B_S425	1
MKNK1	EIF4B_T32	1
MKNK1	EIF4E_S209	1
MKNK1	EIF4E_S240	1
MKNK1	HNRNPA1_S192	1
MKNK1	HNRNPA1_S362	1
MKNK1	HNRNPA1_S363	1
MKNK1	HNRNPA1_S364	1
MKNK1	PLA2G4A_S727	1
MKNK1	PNPLA8_S511	1
MKNK1	SFPQ_S283	1
MKNK1	SFPQ_S8	1
MKNK1	SPRY2_S112	1
MKNK1	SPRY2_S121	1
MKNK2	ADRB2_S355	1
MKNK2	ADRB2_S356	1
MKNK2	CCR5_S336	1
MKNK2	CCR5_S337	1
MKNK2	CCR5_S342	1
MKNK2	CCR5_S349	1
MKNK2	CHRM2_S232	1
MKNK2	CHRM2_S234	1
MKNK2	CHRM2_S250	1
MKNK2	CHRM2_S251	1
MKNK2	CHRM2_S282	1
MKNK2	CHRM2_S283	1
MKNK2	CHRM2_S286	1
MKNK2	CHRM2_S288	1
MKNK2	CHRM2_S290	1
MKNK2	CHRM2_S294	1
MKNK2	CHRM2_S309	1
MKNK2	CHRM2_S311	1
MKNK2	CHRM2_T271	1
MKNK2	CHRM2_T287	1
MKNK2	CHRM2_T302	1
MKNK2	CHRM2_T307	1
MKNK2	CHRM2_T310	1
MKNK2	EIF4E_S209	1
MKNK2	EIF4E_S240	1
MKNK2	HNRNPA1_S192	1
MKNK2	HNRNPA1_S362	1
MKNK2	HNRNPA1_S363	1
MKNK2	HNRNPA1_S364	1
MKNK2	MC4R_S329	1
MKNK2	MC4R_S330	1
MKNK2	MC4R_T312	1
MKNK2	PLEC_S4642	1
MKNK2	SFPQ_S283	1
MKNK2	SFPQ_S8	1
MKNK2	SPRY2_S112	1
MKNK2	SPRY2_S121	1
MKNK2	TRIM28_S50	1
MKNK2	TRIM28_S598	1
MKNK2	TRIM28_S689	1
MKNK2	TRIM28_S9	1
MLST8	AKT1_S473	1
MLST8	AKT1_T450	1
MLST8	AMOTL2_S759	1
MLST8	EIF4EBP1_S65	1
MLST8	EIF4EBP1_T36	1
MLST8	EIF4EBP1_T37	1
MLST8	EIF4EBP1_T45	1
MLST8	EIF4EBP1_T46	1
MLST8	EIF4EBP1_T70	1
MLST8	FBXW8_S85	1
MLST8	ISCU_S14	1
MLST8	JMJD1C_T505	1
MLST8	MAF1_S60	1
MLST8	MAF1_S68	1
MLST8	MAF1_S75	1
MLST8	NRBF2_S113	1
MLST8	NRBF2_S120	1
MLST8	RPS6KB1_T390	1
MLST8	RPS6KB1_T412	1
MLST8	SGK1_S422	1
MLST8	TFEB_S142	1
MLST8	TFEB_S211	1
MLST8	ULK1_S758	1
MMP1	PTK2_Y397	1
MMP12	TRAF2_S11	1
MNAT1	AR_S516	1
MNAT1	CDK2_T160	1
MNAT1	CDK4_T172	1
MNAT1	E2F1_S403	1
MNAT1	ESR1_S102	1
MNAT1	ESR1_S104	1
MNAT1	ESR1_S106	1
MNAT1	ESR1_S118	1
MNAT1	NR5A1_S203	1
MNAT1	POLR2A_S1619	1
MNAT1	POLR2A_S1626	1
MNAT1	POLR2A_S1647	1
MNAT1	POLR2A_S1654	1
MNAT1	POLR2A_S1668	1
MNAT1	POLR2A_S1675	1
MNAT1	POLR2A_S1696	1
MNAT1	POLR2A_S1717	1
MNAT1	POLR2A_S1724	1
MNAT1	POLR2A_S1738	1
MNAT1	POLR2A_S1766	1
MNAT1	POLR2A_S1787	1
MNAT1	POLR2A_S1864	1
MNAT1	POLR2A_S1871	1
MNAT1	POLR2A_S1882	1
MNAT1	POLR2A_S1892	1
MNAT1	POLR2A_S1899	1
MNAT1	POLR2A_S1913	1
MNAT1	POLR2A_S1920	1
MNAT1	POLR2A_S1927	1
MNAT1	POLR2A_S1934	1
MNAT1	POLR2A_S1944	1
MNAT1	POLR2A_S1951	1
MNAT1	RARA_S77	1
MNAT1	TP53_S33	1
MNAT1	TP53_S371	1
MNAT1	TP53_S376	1
MNAT1	TP53_S378	1
MOCOS	VIM_S459	1
MOK	SOX10_S45	1
MOS	MAP2K1_S218	1
MOS	MAP2K1_S222	1
MOS	MAPT_S516	1
MOS	VIM_S459	1
MOS	VIM_T458	1
MPEG1	CETN2_T118	1
MPEG1	NCAPH2_S492	1
MPO	PXN_Y118	1
MPRIP	DAXX_S668	1
MPRIP	MLKL_S358	1
MPRIP	MLKL_T357	1
MPRIP	RIPK1_S161	1
MPZ	GSK3B_Y216	1
MPZ	JUN_S73	1
MPZ	MAP3K5_T838	1
MRE11	BRCA2_S3291	1
MRE11	FANCD2_S222	1
MRPS33	CTNNB1_S45	1
MSC	CHEK2_T68	1
MSC	PLA2G4A_S505	1
MSLN	KIFC1_S6	1
MST1	BCL2L1_S14	1
MST1	BECN1_T108	1
MST1	CRKL_Y207	1
MST1	FOXO1_S212	1
MST1	FOXO3_S209	1
MST1	H2AX_S140	1
MST1	H2BC3_S15	1
MST1	IRF3_T253	1
MST1	IRF3_T75	1
MST1	LATS2_T1041	1
MST1	PCNA_Y211	1
MST1	PDX1_T11	1
MST1	PRDX1_T183	1
MST1	PRKCA_S226	1
MST1	PRKCA_T228	1
MST1	STK38_T444	1
MST1	STK4_T177	1
MST1	STK4_T183	1
MST1	STK4_T387	1
MST1	VASP_S157	1
MST1	YAP1_S127	1
MST1R	GJB1_Y243	1
MST1R	MET_Y1234	1
MST1R	MET_Y1235	1
MST1R	MET_Y1252	1
MST1R	MET_Y1253	1
MST1R	MET_Y1349	1
MST1R	MET_Y1356	1
MST1R	MET_Y1367	1
MST1R	MET_Y1374	1
MST1R	PCNA_Y211	1
MT-ND1	SNCA_S129	1
MTMR2	H2AX_S140	1
MTMR2	TRIM28_S824	1
MTOR	ACLY_S455	1
MTOR	AKT1S1_S183	1
MTOR	AKT1S1_S203	1
MTOR	AKT1S1_S212	1
MTOR	AKT1S1_S221	1
MTOR	AKT1S1_S241	1
MTOR	AKT1_S473	1
MTOR	AKT1_T308	1
MTOR	AKT1_T450	1
MTOR	AKT2_S474	1
MTOR	AMBRA1_S52	1
MTOR	AMOTL2_S759	1
MTOR	ANKRD17_S2045	1
MTOR	ANKRD17_S2047	1
MTOR	APBA3_S7	1
MTOR	APBA3_T5	1
MTOR	AR_S96	1
MTOR	ATG13_S224	1
MTOR	BAG3_S289	1
MTOR	BAG3_T285	1
MTOR	BCL2L1_S62	1
MTOR	CDKN1B_T157	1
MTOR	CRTC2_S136	1
MTOR	CTNND1_S268	1
MTOR	DAP_S51	1
MTOR	DEPTOR_S265	1
MTOR	DEPTOR_S286	1
MTOR	DEPTOR_S287	1
MTOR	DEPTOR_S291	1
MTOR	DEPTOR_S293	1
MTOR	DEPTOR_S299	1
MTOR	DEPTOR_T295	1
MTOR	DNMT1_S714	1
MTOR	DNMT1_S730	1
MTOR	DUSP10_S224	1
MTOR	DUSP10_S230	1
MTOR	DUSP6_S159	1
MTOR	DUSP6_S197	1
MTOR	EEF2K_S72	1
MTOR	EEF2K_S74	1
MTOR	EGLN1_S125	1
MTOR	EIF4B_S422	1
MTOR	EIF4EBP1_S101	1
MTOR	EIF4EBP1_S44	1
MTOR	EIF4EBP1_S6	1
MTOR	EIF4EBP1_S65	1
MTOR	EIF4EBP1_S83	1
MTOR	EIF4EBP1_T36	1
MTOR	EIF4EBP1_T37	1
MTOR	EIF4EBP1_T41	1
MTOR	EIF4EBP1_T45	1
MTOR	EIF4EBP1_T46	1
MTOR	EIF4EBP1_T70	1
MTOR	ELL_S309	1
MTOR	ELP1_S1174	1
MTOR	ESR1_S104	1
MTOR	ESR1_S106	1
MTOR	ESR1_S167	1
MTOR	FBXW8_S85	1
MTOR	FOXO3_T32	1
MTOR	GLI1_S84	1
MTOR	GRB10_S150	1
MTOR	GRB10_S428	1
MTOR	GRB10_S474	1
MTOR	GRB10_S476	1
MTOR	GRB10_S503	1
MTOR	GRB10_T155	1
MTOR	HSF1_S303	1
MTOR	HSF1_S326	1
MTOR	IRS1_S307	1
MTOR	IRS1_S312	1
MTOR	IRS1_S315	1
MTOR	IRS1_S616	1
MTOR	IRS1_S636	1
MTOR	IRS1_S639	1
MTOR	ISCU_S14	1
MTOR	JMJD1C_T505	1
MTOR	LARP1_S689	1
MTOR	LARP1_S697	1
MTOR	LARP1_S766	1
MTOR	LARP1_S774	1
MTOR	LARP6_S348	1
MTOR	LARP6_S409	1
MTOR	MAF1_S60	1
MTOR	MAF1_S68	1
MTOR	MAF1_S75	1
MTOR	MAPKAP1_S260	1
MTOR	MAPT_S579	1
MTOR	MDM2_S166	1
MTOR	MKNK2_S74	1
MTOR	MYCN_S62	1
MTOR	MYC_S62	1
MTOR	NFATC4_S168	1
MTOR	NRBF2_S113	1
MTOR	NRBF2_S120	1
MTOR	OXSR1_S339	1
MTOR	PASK_S949	1
MTOR	PASK_S953	1
MTOR	PASK_S956	1
MTOR	PASK_T640	1
MTOR	PASK_T642	1
MTOR	PATL1_S179	1
MTOR	PATL1_S184	1
MTOR	PIP4K2C_S324	1
MTOR	PIP4K2C_S328	1
MTOR	PKN2_T958	1
MTOR	PRKCE_S729	1
MTOR	PRKCE_T566	1
MTOR	PRKCE_T710	1
MTOR	RNF168_S60	1
MTOR	RPRD1B_S166	1
MTOR	RPS6KB1_S394	1
MTOR	RPS6KB1_S40	1
MTOR	RPS6KB1_S434	1
MTOR	RPS6KB1_S447	1
MTOR	RPS6KB1_T252	1
MTOR	RPS6KB1_T389	1
MTOR	RPS6KB1_T390	1
MTOR	RPS6KB1_T412	1
MTOR	RPS6KB1_T444	1
MTOR	RPS6KB2_S370	1
MTOR	RPS6KB2_T228	1
MTOR	RPS6KB2_T388	1
MTOR	RPS6_S235	1
MTOR	RPS6_S236	1
MTOR	RPS6_S240	1
MTOR	RPS6_S244	1
MTOR	RPTOR_S855	1
MTOR	RPTOR_S859	1
MTOR	RPTOR_S863	1
MTOR	RRAGC_S21	1
MTOR	RRAGC_T394	1
MTOR	RRM1_S631	1
MTOR	RRN3_S44	1
MTOR	RUBCNL_S157	1
MTOR	SENP3_S139	1
MTOR	SENP3_S141	1
MTOR	SENP3_S143	1
MTOR	SENP3_S25	1
MTOR	SENP3_S26	1
MTOR	SENP3_T142	1
MTOR	SENP3_T145	1
MTOR	SGK1_S422	1
MTOR	SGK1_S517	1
MTOR	SKP2_S64	1
MTOR	SLC7A11_S26	1
MTOR	SOD1_T40	1
MTOR	SQSTM1_S349	1
MTOR	SRRM1_T572	1
MTOR	SRRM1_T574	1
MTOR	SRRM2_S1318	1
MTOR	SRRM2_S1326	1
MTOR	SRRM2_S1329	1
MTOR	STAT1_S727	1
MTOR	STAT3_S727	1
MTOR	STAT3_Y705	1
MTOR	TFEB_S122	1
MTOR	TFEB_S142	1
MTOR	TFEB_S211	1
MTOR	TP53_S15	1
MTOR	TRIM28_S473	1
MTOR	TRIM28_S824	1
MTOR	UBR4_S2932	1
MTOR	ULK1_S638	1
MTOR	ULK1_S758	1
MTOR	UVRAG_S493	1
MTOR	UVRAG_S498	1
MTOR	UVRAG_S508	1
MTOR	UVRAG_S522	1
MTOR	UVRAG_S549	1
MTOR	UVRAG_S550	1
MTOR	UVRAG_S571	1
MTOR	UVRAG_S582	1
MTOR	WASHC2A_S700	1
MTOR	WASHC2A_S704	1
MTOR	WNK1_S2032	1
MTOR	WNK1_S2292	1
MTOR	YAP1_S436	1
MTOR	YY1_S365	1
MTOR	YY1_T30	1
MTOR	ZNF768_S139	1
MTOR	ZNRF2_S145	1
MTR	PLCG2_Y1217	1
MTR	SMARCD3_S247	1
MTX1	CREB1_S133	1
MUC1	ABL1_T735	1
MUC1	PTK2_Y861	1
MUC1	SMAD2_S245	1
MUC1	SMAD2_S250	1
MUC1	SMAD2_S255	1
MUC1	SMAD2_S465	1
MUC1	SMAD2_S467	1
MUC1	TP53_S46	1
MUC13	ERBB2_Y1248	1
MUC4	ERBB2_Y1248	1
MYC	CDKN1B_T187	1
MYC	GSK3B_S9	1
MYC	H2AX_S140	1
MYC	MAPT_S579	1
MYCBP2	IKBKB_S181	1
MYCN	H2AX_S17	1
MYDGF	STAT1_Y701	1
MYL1	NFE2L2_S40	1
MYLK	CALD1_S744	1
MYLK	MYL12A_S19	1
MYLK	MYL12A_S2	1
MYLK	MYL12A_T10	1
MYLK	MYL12A_T18	1
MYLK	MYL12B_S20	1
MYLK	MYL12B_T19	1
MYLK	MYL2_S15	1
MYLK	MYL9_S20	1
MYLK	MYL9_T19	1
MYLK2	MAP4K5_S433	1
MYLK2	MAPK8_T367	1
MYLK2	MEF2C_T80	1
MYLK2	PPP2R1B_S212	1
MYLK3	MEF2C_T80	1
MYLK3	MYL12A_T18	1
MYLK3	MYL12B_S20	1
MYLK3	MYL12B_T19	1
MYLK3	MYL2_S19	1
MYLK3	MYL9_T19	1
MYLK3	TNNI3_S24	1
MYO1C	PXN_Y118	1
MYO3A	SQSTM1_S226	1
MYO3A	SQSTM1_S275	1
MYO3A	SQSTM1_S276	1
MYO3A	SQSTM1_S277	1
MYO3A	SQSTM1_S284	1
MYO3A	SQSTM1_S287	1
MYO3A	SQSTM1_T269	1
MYT1	CDK1_T14	1
MYT1	CDK1_Y15	1
MYT1	CDK2_Y15	1
MYT1L	CDK1_T14	1
NAMPT	ESR1_S118	1
NAMPT	ESR1_S167	1
NAMPT	MTOR_S2448	1
NAMPT	NOS3_S1177	1
NBN	CDK1_Y15	1
NBN	CHEK1_S317	1
NBN	CHEK2_T68	1
NBN	H2AX_S131	1
NBN	H2AX_S140	1
NBN	RPA2_S33	1
NBN	TP53_S37	1
NCK1	CTTN_Y421	1
NCK1	EIF2S1_S52	1
NCK1	KDR_Y1214	1
NCK1	PDGFRB_Y1009	1
NCK2	PDGFRB_Y1009	1
NCOA3	PTK2_Y397	1
NCOR1	PPARG_S273	1
NDOR1	NOS1_S1417	1
NDRG1	CRK_Y221	1
NDRG1	GSK3B_S9	1
NDRG1	RPS6KB1_T412	1
NDRG2	JUN_S63	1
NEDD4	CBLB_S282	1
NEDD9	NFE2L2_Y576	1
NEDD9	PTK2_Y861	1
NEDD9	PTK2_Y925	1
NEFH	CTNNB1_S45	1
NEFH	CTNNB1_T41	1
NEK1	ME1_S336	1
NEK1	NDC80_S165	1
NEK1	RAD54L_S572	1
NEK1	VDAC1_S193	1
NEK1	VHL_S168	1
NEK1	VHL_S183	1
NEK1	VHL_T100	1
NEK1	VHL_T105	1
NEK1	VHL_T202	1
NEK1	VHL_Y112	1
NEK1	VHL_Y175	1
NEK11	BLM_S338	1
NEK11	CDC25A_S79	1
NEK11	CDC25A_S82	1
NEK11	CDC25A_S88	1
NEK2	CD274_T194	1
NEK2	CD274_T210	1
NEK2	CEP250_S2064	1
NEK2	CEP250_S2392	1
NEK2	CEP250_S2394	1
NEK2	CEP250_S2417	1
NEK2	CEP250_S2421	1
NEK2	CNTROB_S36	1
NEK2	CNTROB_S41	1
NEK2	CNTROB_S45	1
NEK2	CNTROB_T35	1
NEK2	DVL3_S280	1
NEK2	DVL3_S643	1
NEK2	DVL3_S697	1
NEK2	DVL3_T15	1
NEK2	EEF2_S595	1
NEK2	EIF4ENIF1_S757	1
NEK2	FANCA_T351	1
NEK2	GAS2L1_S352	1
NEK2	KIF24_S810	1
NEK2	LRRC45_S661	1
NEK2	MAP2K7_S271	1
NEK2	NDC80_S165	1
NEK2	NDC80_T34	1
NEK2	NPM1_S70	1
NEK2	NPM1_S88	1
NEK2	PPP1CC_T307	1
NEK2	PPP1CC_T318	1
NEK2	RPS6KA2_S106	1
NEK2	SAFB2_S349	1
NEK2	SERBP1_S322	1
NEK2	SGO1_S14	1
NEK2	SGO1_S507	1
NEK2	SRSF1_T29	1
NEK2	TERF1_S114	1
NEK2	TP53_S315	1
NEK2	TRIOBP_T221	1
NEK2	ZYX_S278	1
NEK2	ZYX_T159	1
NEK3	ARID3A_S119	1
NEK3	CC2D1A_T92	1
NEK3	CDCA7L_S105	1
NEK3	CDCA7L_S108	1
NEK3	CDCA7L_S117	1
NEK3	CDCA7L_S21	1
NEK3	CDCA7L_T77	1
NEK3	HNRNPK_S127	1
NEK3	HSPB1_S199	1
NEK3	KAT5_S199	1
NEK3	KAT5_T195	1
NEK3	LUZP1_S659	1
NEK3	LUZP1_S801	1
NEK3	LUZP1_T958	1
NEK3	MDM2_S186	1
NEK3	MDM2_S240	1
NEK3	MDM2_S242	1
NEK3	MDM2_S269	1
NEK3	METTL3_S219	1
NEK3	METTL3_S48	1
NEK3	METTL3_T74	1
NEK3	PAXBP1_S262	1
NEK3	PAXBP1_S295	1
NEK3	PRDM10_S1097	1
NEK3	PRDM10_S424	1
NEK3	RNASEH2C_S102	1
NEK3	SMARCAD1_S57	1
NEK3	SMARCAD1_S96	1
NEK3	SNAP29_S105	1
NEK3	YWHAZ_S230	1
NEK3	YWHAZ_T232	1
NEK3	ZYX_S150	1
NEK4	CPSF3_T681	1
NEK4	CSTF2T_S563	1
NEK4	CSTF2T_S567	1
NEK4	DDX39A_S44	1
NEK4	DHX32_S718	1
NEK4	NOL7_S133	1
NEK4	POGZ_S251	1
NEK4	POGZ_S274	1
NEK4	POGZ_S333	1
NEK4	POGZ_T258	1
NEK4	SOX10_S24	1
NEK4	ZNF496_S299	1
NEK5	TTLL4_S912	1
NEK6	ACD_S169	1
NEK6	BSG_S252	1
NEK6	CDK7_S161	1
NEK6	DCP1A_S545	1
NEK6	DCP1A_T401	1
NEK6	DDR1_S788	1
NEK6	DDR1_S794	1
NEK6	EML4_S144	1
NEK6	FOXJ2_S254	1
NEK6	FOXJ2_T23	1
NEK6	GRIN1_S890	1
NEK6	GRIN1_S911	1
NEK6	HSF1_S292	1
NEK6	HSPA1A_T66	1
NEK6	KIF11_S1033	1
NEK6	KIF11_T926	1
NEK6	KIF20A_S240	1
NEK6	KIF20A_S244	1
NEK6	KIF20A_S683	1
NEK6	KIF20A_S754	1
NEK6	KIF20A_S883	1
NEK6	MDM4_S161	1
NEK6	NUP98_S591	1
NEK6	NUP98_S608	1
NEK6	NUP98_S612	1
NEK6	NUP98_S623	1
NEK6	NUP98_S822	1
NEK6	PAXBP1_S155	1
NEK6	POU2F1_S335	1
NEK6	PSMD2_S361	1
NEK6	RBL2_S659	1
NEK6	RPS6KB1_S394	1
NEK6	RPS6KB1_S398	1
NEK6	RPS6KB1_S403	1
NEK6	RPS6KB1_S53	1
NEK6	RPS6KB1_T412	1
NEK6	SGK1_S377	1
NEK6	SGK1_S422	1
NEK6	SGK1_S472	1
NEK6	SGK1_S517	1
NEK6	SMC3_S886	1
NEK6	STAT3_S727	1
NEK6	STAT3_Y705	1
NEK7	KIF11_S1033	1
NEK7	KIF14_S1217	1
NEK7	KIF14_S1219	1
NEK7	KIF14_S1220	1
NEK7	KIF14_S56	1
NEK7	KIF14_S607	1
NEK7	RPS6KB1_T412	1
NEK7	TERF1_S114	1
NEK9	ABI2_S221	1
NEK9	EIF4ENIF1_S693	1
NEK9	EIF4ENIF1_S920	1
NEK9	GSK3A_S21	1
NEK9	MAP1LC3B_T50	1
NEK9	MDM2_S395	1
NEK9	NEDD1_S377	1
NEK9	NEDD1_S384	1
NEK9	NEK6_S198	1
NEK9	NEK6_S206	1
NEK9	NEK6_S240	1
NEK9	NEK7_S187	1
NEK9	NEK7_S195	1
NEK9	PLK1_T210	1
NEK9	PPP1R13L_S119	1
NEK9	PPP1R13L_S395	1
NEK9	ZYX_T270	1
NELFE	EPS15_S796	1
NF1	MDM2_S166	1
NF2	AMOTL1_S262	1
NF2	CHEK1_S345	1
NF2	YAP1_S127	1
NFATC3	STIM1_S575	1
NFE2	NCOR2_S2452	1
NFE2L1	NRF1_S47	1
NFKB1	CDC37_Y298	1
NFKB1	CDC37_Y4	1
NFKB1	FOXO3_S318	1
NFKB1	FOXO3_S321	1
NFKB1	MAP3K8_S400	1
NFKBIA	CHUK_S176	1
NFKBIA	CHUK_S180	1
NFKBIA	RELA_S276	1
NFKBIA	RELA_S311	1
NFKBIA	RELA_S536	1
NGF	AKT1S1_T246	1
NGF	MAPK7_T733	1
NGF	MAPT_S579	1
NGF	MSN_T558	1
NGF	NFKBIA_S32	1
NGF	NTRK1_Y496	1
NGF	NTRK1_Y791	1
NGF	PXN_S85	1
NGF	RASGRF1_S927	1
NGF	STAT3_S727	1
NGF	TBCEL_S109	1
NGFR	APP_Y757	1
NGFR	NTRK1_Y496	1
NGFR	NTRK1_Y676	1
NGFR	NTRK1_Y680	1
NGFR	NTRK1_Y681	1
NGFR	NTRK1_Y791	1
NGFR	PTK2_Y194	1
NGFR	PTK2_Y397	1
NHEJ1	XRCC4_S260	1
NIM1K	CRK_S125	1
NINL	PLK1_S87	1
NLGN1	GRIN1_S897	1
NLK	BCL2_S70	1
NLK	BCL2_S87	1
NLK	BCL2_T69	1
NLK	CCNB1_S126	1
NLK	CCNB1_S128	1
NLK	CDKN1A_S130	1
NLK	CDKN1A_T57	1
NLK	CEBPB_T235	1
NLK	CEBPE_T74	1
NLK	ESR1_S104	1
NLK	ESR1_S106	1
NLK	ESR1_S118	1
NLK	ESR1_S167	1
NLK	ESR1_T311	1
NLK	ETS1_T82	1
NLK	FOS_S374	1
NLK	FOXO1_S329	1
NLK	GRK2_S670	1
NLK	H3C1_S29	1
NLK	HDAC1_S421	1
NLK	HSF1_S307	1
NLK	HSPB1_S82	1
NLK	LCK_S59	1
NLK	LEF1_S132	1
NLK	LEF1_S166	1
NLK	LEF1_S200	1
NLK	LEF1_T155	1
NLK	LEF1_T265	1
NLK	LIFR_S1044	1
NLK	MAPK6_S189	1
NLK	MAPKAPK2_S272	1
NLK	MAPKAPK2_T222	1
NLK	MAPKAPK2_T25	1
NLK	MAPKAPK2_T334	1
NLK	MEF2A_T312	1
NLK	MEF2C_S397	1
NLK	MYB_S653	1
NLK	MYLK_S16	1
NLK	NCOA3_S505	1
NLK	NCOA3_S543	1
NLK	NCOA3_S857	1
NLK	NCOA3_S860	1
NLK	NCOA3_S867	1
NLK	NCOA3_T24	1
NLK	NFATC4_S272	1
NLK	NFATC4_S289	1
NLK	NR3C1_S226	1
NLK	PLA2G4A_S505	1
NLK	PPARA_S12	1
NLK	PPARA_S21	1
NLK	PRKACA_T198	1
NLK	RCAN1_S167	1
NLK	RPS6KA1_S372	1
NLK	RPS6KA1_T368	1
NLK	RPTOR_S863	1
NLK	RXRA_S260	1
NLK	RXRA_T82	1
NLK	SMAD2_S250	1
NLK	SMAD3_S208	1
NLK	SMAD4_S138	1
NLK	SMAD4_T9	1
NLK	SNTA1_S193	1
NLK	SNTA1_S201	1
NLK	STAT3_S727	1
NLK	STMN1_S25	1
NLK	STMN1_S38	1
NLK	STMN2_S62	1
NLK	STMN2_S73	1
NLK	TCF3_T355	1
NLK	TCF7L2_T201	1
NLK	TCF7L2_T212	1
NLK	TP53_T55	1
NLK	YAP1_S128	1
NLRC4	PRKCD_S533	1
NLRP1	GRIA1_S863	1
NLRP2	FANCD2_S222	1
NME1	CNKSR1_S385	1
NME1	CNKSR1_S392	1
NME1	KSR1_S406	1
NME1	PGAM1_H11	1
NME2	GNB1_H266	1
NME2	KCNN4_H358	1
NOC2L	TP53_S269	1
NOC2L	TP53_T284	1
NODAL	SMAD3_S423	1
NODAL	SMAD3_S425	1
NODAL	STMN1_S38	1
NOP53	PTEN_S380	1
NOS2	IL12RB2_Y800	1
NOS2	JAK2_Y1007	1
NOS2	JAK2_Y1008	1
NOS2	TYK2_Y1054	1
NOS2	TYK2_Y1055	1
NOS3	PPP1R12A_T696	1
NOX1	KRT18_S53	1
NOX1	SMAD3_S208	1
NOX1	SMAD3_T179	1
NOX4	FOXO1_T24	1
NPAS2	CDK2_T14	1
NPAS2	CDK2_Y15	1
NPAS2	CDK6_Y24	1
NPFF	OPRM1_S377	1
NPHS1	PTPN11_Y546	1
NPM1	AURKA_S89	1
NPM1	GSK3B_S9	1
NPM1	MSH2_Y238	1
NPM1	PKM_Y105	1
NPPA	RELA_S276	1
NPPA	RELA_S311	1
NPPA	VASP_S239	1
NPR2	DGCR8_Y267	1
NPS	VASP_S239	1
NPY4R	EIF2S1_S52	1
NR1D1	CDK1_Y15	1
NR1H2	ATR_S435	1
NR2C2	E2F1_S332	1
NR2C2	E2F1_S337	1
NR2C2	IKBKB_S177	1
NR2C2	IKBKB_S181	1
NR2C2	MAP3K7_T184	1
NR2C2	MAP3K7_T187	1
NR2C2	MTOR_S2481	1
NR2C2	PTPN3_S359	1
NR2C2	RIPK1_S320	1
NR4A3	PLCG1_Y783	1
NRAS	BRAF_S579	1
NRAS	BRAF_S602	1
NRAS	BRAF_T373	1
NRAS	BRAF_T599	1
NRAS	CHEK1_S280	1
NRAS	RAF1_S259	1
NRAS	RAF1_S338	1
NRAS	RAF1_S471	1
NRAS	RAF1_S494	1
NRAS	RAF1_S621	1
NRAS	RAF1_T268	1
NRAS	RAF1_T269	1
NRAS	RAF1_T491	1
NRAS	RPS6KB1_S447	1
NRAS	RPS6KB1_T412	1
NRAS	RPS6KB1_T444	1
NRBP1	HLCS_S147	1
NRBP2	CAMKK1_T108	1
NRBP2	CBL_S483	1
NRBP2	SOX10_S24	1
NRBP2	TRIP10_S296	1
NRG1	AKT1_S473	1
NRG1	AR_S83	1
NRG1	AR_Y269	1
NRG1	AR_Y535	1
NRG1	ERBB2_Y1248	1
NRG1	ERBB3_Y1289	1
NRG1	ERBB4_Y1284	1
NRG1	ESR1_S167	1
NRG1	MYC_S62	1
NRG1	NF2_S518	1
NRG1	PTK2B_Y402	1
NRG1	PTK2_Y861	1
NRG1	SRC_Y216	1
NRG1	YY1_S118	1
NRK	CFL1_S3	1
NRK	MAP3K1_T1400	1
NRK	MAP3K1_T1412	1
NTF3	ARHGEF2_T103	1
NTF3	RET_Y1062	1
NTN1	DAB1_Y220	1
NTN1	DAB1_Y232	1
NTN1	NOS3_S1179	1
NTN1	RELA_S536	1
NTN1	SHTN1_S101	1
NTN1	SHTN1_S249	1
NTN1	SRC_Y419	1
NTRK1	ADAM17_T735	1
NTRK1	CDK5_Y15	1
NTRK1	CTNNB1_Y142	1
NTRK1	PTK2_Y194	1
NTRK1	PTK2_Y397	1
NTRK1	SH2B1_Y753	1
NTRK1	SHC1_Y317	1
NTRK1	SHC1_Y428	1
NTRK1	SHC3_Y218	1
NTRK1	SHC3_Y219	1
NTRK1	SHC3_Y256	1
NTRK1	SHC3_Y257	1
NTRK1	SHC3_Y283	1
NTRK1	SHC3_Y301	1
NTRK1	SHC3_Y341	1
NTRK1	SHC3_Y342	1
NTRK1	SHC3_Y379	1
NTRK1	SHC3_Y380	1
NTRK1	SHC3_Y406	1
NTRK1	SHC3_Y424	1
NTRK1	STAT3_Y705	1
NTRK2	ADAM17_T735	1
NTRK2	CDK5_Y15	1
NTRK2	FRS3_Y417	1
NTRK2	FRS3_Y455	1
NTRK2	KCNA3_Y161	1
NTRK2	KCNA3_Y162	1
NTRK2	KCNA3_Y163	1
NTRK2	KCNA3_Y499	1
NTRK2	PLCG1_Y1253	1
NTRK2	PLCG1_Y1254	1
NTRK2	PLCG1_Y771	1
NTRK2	PLCG1_Y783	1
NTRK2	PTK2B_Y402	1
NTRK2	SHC3_Y218	1
NTRK2	SHC3_Y219	1
NTRK2	SHC3_Y256	1
NTRK2	SHC3_Y257	1
NTRK2	SHC3_Y283	1
NTRK2	SHC3_Y301	1
NTRK2	SHC3_Y341	1
NTRK2	SHC3_Y342	1
NTRK2	SHC3_Y379	1
NTRK2	SHC3_Y380	1
NTRK2	SHC3_Y406	1
NTRK2	SHC3_Y424	1
NTRK2	TIAM1_Y829	1
NTRK3	ETS1_Y205	1
NTRK3	PRKCD_Y155	1
NTRK3	PRKCD_Y64	1
NTRK3	PRKCD_Y646	1
NTS	EGFR_Y869	1
NTS	GRIA1_S863	1
NTS	HSPB1_S82	1
NTS	JUN_S63	1
NTS	PKD1_S744	1
NTS	PPP1R1B_T34	1
NUAK1	CASP6_S257	1
NUAK1	CDKN1A_S146	1
NUAK1	CHEK1_S280	1
NUAK1	GNA12_S40	1
NUAK1	LATS1_S464	1
NUAK1	MAPT_S214	1
NUAK1	MAPT_S262	1
NUAK1	MAPT_S356	1
NUAK1	MAPT_S396	1
NUAK1	MAPT_S579	1
NUAK1	MAPT_S673	1
NUAK1	MAPT_T529	1
NUAK1	MAPT_T548	1
NUAK1	MDM4_S367	1
NUAK1	PLK1_S2	1
NUAK1	PPP1R12A_S445	1
NUAK1	PPP1R12A_S472	1
NUAK1	PPP1R12A_S910	1
NUAK1	PRKACA_T198	1
NUAK1	PRKACA_T49	1
NUAK1	TP53_S15	1
NUAK1	TP53_S392	1
NUAK2	LATS1_S464	1
NUAK2	PPP1R12A_S445	1
NUAK2	PPP1R12A_T696	1
NUAK2	PPP1R12A_T853	1
NUDC	PLK1_S326	1
NUP214	EEF2_T57	1
NUP214	EIF4E_S209	1
NUP214	MDM2_S166	1
NUP214	TRIM28_S824	1
NUPR1	TP53_S46	1
OCLN	PTK2_S722	1
OCM	FECH_T116	1
OCM	MAP3K7_S439	1
OGA	AKT1_S473	1
OGA	MDM2_S166	1
OGT	AKT1_S473	1
OGT	RPS6KB1_T412	1
OIP5	CTNNB1_S552	1
OLR1	AKT1_S473	1
OLR1	NOS3_S1177	1
OLR1	RELA_S536	1
OPA1	PLIN1_S497	1
OPA1	PLIN1_S522	1
OPTN	SQSTM1_S403	1
OSM	STAT1_S727	1
OSM	STAT3_S727	1
OSM	STAT3_Y705	1
OSM	STAT6_Y641	1
OSR1	PAK1_T84	1
OXA1L	MSN_T558	1
OXSR1	EEF1D_S94	1
OXSR1	PAK1_T84	1
OXSR1	SLC12A1_S120	1
OXSR1	SLC12A1_T100	1
OXSR1	SLC12A1_T105	1
OXSR1	SLC12A1_T118	1
OXSR1	SLC12A1_T95	1
OXSR1	SLC12A2_T203	1
OXSR1	SLC12A2_T207	1
OXSR1	SLC12A2_T212	1
OXSR1	SLC12A2_T217	1
OXSR1	SLC12A2_T230	1
OXSR1	SLC12A3_S73	1
OXSR1	SLC12A3_T46	1
OXSR1	SLC12A3_T55	1
OXSR1	SLC12A3_T60	1
OXSR1	SLC12A5_T1030	1
OXSR1	SLC12A5_T929	1
OXSR1	SMAD2_T220	1
OXSR1	SMAD3_T179	1
OXT	MYL12A_T18	1
OXT	RPTOR_S792	1
OXT	SLC12A5_S963	1
OXT	TP53_S9	1
P2RX7	AKT1_S473	1
P2RY6	CTNNB1_S675	1
P69208	SRC_Y419	1
PA2G4	CDK2_T160	1
PA2G4	MAPKAPK2_T25	1
PA2G4	SP1_T453	1
PA2G4	STAT1_S727	1
PAEP	SIRT1_T530	1
PAEP	SIRT1_T719	1
PAEP	SIRT7_T153	1
PAG1	FYN_Y531	1
PAG1	JUN_Y170	1
PAG1	LCK_Y505	1
PAG1	PTPN6_Y536	1
PAG1	SRC_Y530	1
PAK1	ABI2_T294	1
PAK1	ARAF_S299	1
PAK1	ARHGDIA_S101	1
PAK1	ARHGDIA_S174	1
PAK1	ARHGDIA_S176	1
PAK1	ARHGEF2_S116	1
PAK1	ARHGEF2_S858	1
PAK1	ARHGEF2_S885	1
PAK1	ARHGEF2_S886	1
PAK1	ARHGEF2_S94	1
PAK1	ARHGEF7_S518	1
PAK1	ARPC1B_T21	1
PAK1	ATF2_S62	1
PAK1	ATG5_T101	1
PAK1	AURKA_S342	1
PAK1	AURKA_T288	1
PAK1	BAD_S118	1
PAK1	BAD_S134	1
PAK1	BAD_S74	1
PAK1	BAD_S75	1
PAK1	BAD_S99	1
PAK1	BRAF_S339	1
PAK1	BRAF_S364	1
PAK1	BRAF_S446	1
PAK1	CAMKK1_T108	1
PAK1	CASP1_S376	1
PAK1	CDH5_S665	1
PAK1	CRK_S41	1
PAK1	CTBP1_S158	1
PAK1	CTNNB1_S552	1
PAK1	CTNNB1_S663	1
PAK1	CTNNB1_S675	1
PAK1	CTTN_S113	1
PAK1	CTTN_S368	1
PAK1	CTTN_S381	1
PAK1	CTTN_S405	1
PAK1	CTTN_S418	1
PAK1	DYNLL1_S88	1
PAK1	EIF4H_S193	1
PAK1	EIF4H_S21	1
PAK1	EIF4H_S24	1
PAK1	ELF3_S207	1
PAK1	ESR1_S236	1
PAK1	ESR1_S305	1
PAK1	FLNA_S2045	1
PAK1	FLNA_S2152	1
PAK1	FLNA_S2292	1
PAK1	FLNA_S2370	1
PAK1	FLNA_T1089	1
PAK1	FLNA_T2328	1
PAK1	FLNA_T2478	1
PAK1	FOXL2_S263	1
PAK1	FOXO1_S256	1
PAK1	FXR1_S420	1
PAK1	GDI2_S382	1
PAK1	GDI2_T248	1
PAK1	GIT1_S508	1
PAK1	GIT1_S517	1
PAK1	GIT1_S700	1
PAK1	GIT1_S709	1
PAK1	GNAZ_S16	1
PAK1	H3-3B_S11	1
PAK1	H3C1_S11	1
PAK1	HACE1_S385	1
PAK1	HNRNPK_S379	1
PAK1	ILK_S246	1
PAK1	ILK_T173	1
PAK1	ITGB3BP_S28	1
PAK1	ITGB3BP_S67	1
PAK1	KIF2C_S111	1
PAK1	KIF2C_S192	1
PAK1	LIMK1_S337	1
PAK1	LIMK1_T508	1
PAK1	MAP2K1_S298	1
PAK1	MAP2K1_S299	1
PAK1	MAP2K3_S218	1
PAK1	MAP2K3_T222	1
PAK1	MAP2K4_S257	1
PAK1	MAP2K4_T261	1
PAK1	MAP2K6_S207	1
PAK1	MAP2K6_T211	1
PAK1	MAP3K1_S67	1
PAK1	MAPK4_S186	1
PAK1	MAPK6_S189	1
PAK1	MDM2_S118	1
PAK1	MDM4_T365	1
PAK1	MEN1_S452	1
PAK1	MORC2_S739	1
PAK1	MYL9_S20	1
PAK1	MYLK_S1208	1
PAK1	MYLK_S1759	1
PAK1	MYLK_S1772	1
PAK1	MYLK_S18	1
PAK1	MYLK_S837	1
PAK1	MYLK_S850	1
PAK1	NCF1_S303	1
PAK1	NCF1_S304	1
PAK1	NCF1_S328	1
PAK1	NET1_S152	1
PAK1	NET1_S153	1
PAK1	NET1_S539	1
PAK1	NF2_S435	1
PAK1	NF2_S476	1
PAK1	NF2_S477	1
PAK1	NF2_S518	1
PAK1	NFATC4_S272	1
PAK1	NFATC4_S289	1
PAK1	NFATC4_S334	1
PAK1	NLRP3_S163	1
PAK1	NLRP3_S198	1
PAK1	NLRP3_T659	1
PAK1	PA2G4_T261	1
PAK1	PCBP1_T127	1
PAK1	PCBP1_T60	1
PAK1	PGAM1_S118	1
PAK1	PGAM1_S23	1
PAK1	PGM1_S505	1
PAK1	PGM1_T467	1
PAK1	PGM1_T485	1
PAK1	PLK1_S49	1
PAK1	PPP1R12A_T696	1
PAK1	PPP1R13L_S119	1
PAK1	PPP1R13L_S187	1
PAK1	PPP1R13L_S332	1
PAK1	PPP1R13L_S526	1
PAK1	PPP1R14A_T38	1
PAK1	PREX2_S1107	1
PAK1	PRKACA_S140	1
PAK1	PRKACA_S339	1
PAK1	PTK2_S910	1
PAK1	PXN_S178	1
PAK1	PXN_S258	1
PAK1	PXN_S272	1
PAK1	PXN_S274	1
PAK1	RAF1_S233	1
PAK1	RAF1_S259	1
PAK1	RAF1_S338	1
PAK1	RAF1_S339	1
PAK1	RAF1_S43	1
PAK1	RAF1_T258	1
PAK1	RUNX1T1_T591	1
PAK1	RUNX3_T209	1
PAK1	SNAI1_S246	1
PAK1	SNAI2_S251	1
PAK1	SOX10_S45	1
PAK1	SPEN_S3486	1
PAK1	SPEN_T3568	1
PAK1	SRSF1_S231	1
PAK1	SRSF1_S234	1
PAK1	SRSF1_S238	1
PAK1	SRSF1_S242	1
PAK1	STAT5A_S780	1
PAK1	STMN1_S16	1
PAK1	STMN1_S25	1
PAK1	STMN1_S38	1
PAK1	STMN1_S63	1
PAK1	SYN1_S605	1
PAK1	TBCB_S128	1
PAK1	TBCB_S65	1
PAK1	TRIM16_T55	1
PAK1	VIM_S25	1
PAK1	VIM_S39	1
PAK1	VIM_S412	1
PAK1	VIM_S47	1
PAK1	VIM_S51	1
PAK1	VIM_S56	1
PAK1	VIM_S66	1
PAK1	VIM_S73	1
PAK1	VIM_T426	1
PAK1	ZCCHC8_S252	1
PAK1	ZCCHC8_T479	1
PAK2	ABL1_S618	1
PAK2	ABL1_S619	1
PAK2	ABL1_S637	1
PAK2	ABL1_S638	1
PAK2	ARHGAP15_S292	1
PAK2	ARHGAP15_S4	1
PAK2	ARHGAP15_S41	1
PAK2	ARHGAP15_S43	1
PAK2	ARPC1B_T21	1
PAK2	AR_S310	1
PAK2	BIRC5_T34	1
PAK2	CALD1_S714	1
PAK2	CALD1_S744	1
PAK2	CASP7_S239	1
PAK2	CASP7_S30	1
PAK2	CASP7_T173	1
PAK2	CDH5_S665	1
PAK2	CFL1_S3	1
PAK2	CTTN_S113	1
PAK2	EIF4G1_S895	1
PAK2	EIF4G1_S902	1
PAK2	H4C8_S48	1
PAK2	HACE1_S385	1
PAK2	JUN_T2	1
PAK2	JUN_T286	1
PAK2	JUN_T8	1
PAK2	JUN_T89	1
PAK2	JUN_T93	1
PAK2	MAP3K1_T1400	1
PAK2	MAP3K1_T1412	1
PAK2	MAPK4_S186	1
PAK2	MAPK6_S189	1
PAK2	MKNK1_S39	1
PAK2	MYC_S373	1
PAK2	MYC_T358	1
PAK2	MYC_T400	1
PAK2	MYL12A_S19	1
PAK2	MYL12B_T19	1
PAK2	MYL9_S20	1
PAK2	MYL9_T19	1
PAK2	MYLK_S1208	1
PAK2	MYLK_S1759	1
PAK2	MYLK_S1760	1
PAK2	NF2_S435	1
PAK2	NF2_S476	1
PAK2	NF2_S477	1
PAK2	NF2_S518	1
PAK2	NLRC4_S533	1
PAK2	PREX2_S1107	1
PAK2	PRL_S207	1
PAK2	PXN_S272	1
PAK2	PXN_S274	1
PAK2	RAF1_S338	1
PAK2	RPS6_S235	1
PAK2	RPS6_S236	1
PAK2	RPS6_S240	1
PAK2	RPS6_S242	1
PAK2	SMAD2_S417	1
PAK2	SMAD2_S464	1
PAK2	SMAD2_S465	1
PAK2	SMAD2_S467	1
PAK2	SORT1_S793	1
PAK2	SYN1_S9	1
PAK2	VIM_S26	1
PAK2	VIM_S39	1
PAK2	VIM_S51	1
PAK2	VIM_S66	1
PAK2	VIM_S73	1
PAK3	ARPC1B_T21	1
PAK3	BRAF_S446	1
PAK3	CALD1_S714	1
PAK3	CALD1_S744	1
PAK3	CDH5_S665	1
PAK3	CTTN_S113	1
PAK3	CTTN_S150	1
PAK3	CTTN_S282	1
PAK3	GRIA1_S863	1
PAK3	MAPK4_S186	1
PAK3	MAPK6_S189	1
PAK3	MYO6_T405	1
PAK3	RAF1_S338	1
PAK3	SYN1_S605	1
PAK3	TNNI3_S150	1
PAK4	ARHGEF2_S143	1
PAK4	ARHGEF2_S885	1
PAK4	ARHGEF2_S886	1
PAK4	ARHGEF2_S896	1
PAK4	BAD_S118	1
PAK4	BAD_S134	1
PAK4	BAD_S75	1
PAK4	BAD_S97	1
PAK4	BAD_S99	1
PAK4	CBL_S483	1
PAK4	CEBPB_T235	1
PAK4	CTNNB1_S675	1
PAK4	CTNND1_S288	1
PAK4	CTTN_S380	1
PAK4	CTTN_T362	1
PAK4	DCP1A_S522	1
PAK4	DCP1A_S62	1
PAK4	ESR1_S305	1
PAK4	FH_S46	1
PAK4	ITGB1BP1_S10	1
PAK4	ITGB5_S759	1
PAK4	ITGB5_S762	1
PAK4	KHDRBS1_S20	1
PAK4	KHDRBS1_T349	1
PAK4	LARP1_S747	1
PAK4	LARP1_S770	1
PAK4	LARP1_S88	1
PAK4	LARP1_S979	1
PAK4	LARP1_T545	1
PAK4	LARP1_T768	1
PAK4	LIMK1_T508	1
PAK4	LUC7L2_S273	1
PAK4	LUC7L2_S281	1
PAK4	LUC7L2_S283	1
PAK4	LUC7L2_S285	1
PAK4	LUC7L2_S305	1
PAK4	LUC7L2_S307	1
PAK4	LUC7L2_S309	1
PAK4	LUC7L2_S323	1
PAK4	LUC7L2_S353	1
PAK4	LUC7L2_S384	1
PAK4	MYL9_S20	1
PAK4	MZF1_S27	1
PAK4	NFATC4_S272	1
PAK4	NFATC4_S289	1
PAK4	NFATC4_S334	1
PAK4	NFATC4_S676	1
PAK4	PACSIN1_S346	1
PAK4	PARD6B_S143	1
PAK4	PXN_S272	1
PAK4	RAN_S135	1
PAK4	RUNX1_T207	1
PAK4	SMAD2_S465	1
PAK4	SNAI2_S158	1
PAK4	SNAI2_S254	1
PAK4	STMN1_S16	1
PAK4	STMN2_S50	1
PAK4	TH_S71	1
PAK4	TP53_S215	1
PAK4	WASL_S484	1
PAK4	WASL_S485	1
PAK4	WNK1_S167	1
PAK4	WNK1_S185	1
PAK4	WNK1_T60	1
PAK4	ZHX1_S45	1
PAK4	ZHX1_T8	1
PAK5	AIFM1_T281	1
PAK5	BAD_S75	1
PAK5	CTNND1_S288	1
PAK5	DNPEP_S109	1
PAK5	GATA1_S161	1
PAK5	GATA1_S187	1
PAK5	PACSIN1_S346	1
PAK5	RAF1_S338	1
PAK5	SNPH_S56	1
PAK5	SNPH_S59	1
PAK5	SNPH_S64	1
PAK5	SNPH_T63	1
PAK5	TCF3_S39	1
PAK6	AR_S310	1
PAK6	AR_S346	1
PAK6	AR_S579	1
PAK6	BAD_S75	1
PAK6	CBL_S619	1
PAK6	CBL_S675	1
PAK6	CTBP1_S100	1
PAK6	CTBP1_S158	1
PAK6	CTBP2_S164	1
PAK6	CTNNB1_S675	1
PAK6	CTNND1_S288	1
PAK6	GATA1_S161	1
PAK6	GATA1_S187	1
PAK6	ITGB1BP1_S10	1
PAK6	LIMK1_S578	1
PAK6	LIMK1_T508	1
PAK6	MDM2_S186	1
PAK6	MDM2_S260	1
PAK6	MDM2_T158	1
PAK6	NFATC4_S289	1
PAK6	PACSIN1_S346	1
PAK6	RAF1_S338	1
PAOX	RPS6KB1_T412	1
PARK7	RAF1_S338	1
PARP1	IKBKG_S85	1
PARP14	PKM_T365	1
PARP3	APLF_S116	1
PARP9	STAT1_Y701	1
PARVA	ILK_S246	1
PASK	EEF1A1_T432	1
PASK	GYS1_S641	1
PASK	WDR5_S49	1
PBK	GPSM2_T457	1
PBK	H2AX_S140	1
PBK	H3C1_S11	1
PBK	JUN_S63	1
PBK	JUN_S73	1
PBK	MAPK14_T180	1
PBK	MAPK14_Y182	1
PBK	NFKBIA_S32	1
PBK	PPP1R13L_S110	1
PBK	PPP1R13L_S357	1
PBK	PPP1R13L_S594	1
PBK	PPP1R13L_S81	1
PBK	PPP1R13L_T399	1
PBK	PRC1_T481	1
PBK	PRDX1_S32	1
PBK	PTEN_S380	1
PBK	TP53RK_S250	1
PBK	ULK1_S469	1
PBK	ULK1_S495	1
PBK	ULK1_S533	1
PC	PDHA1_S293	1
PCDH8	KDR_Y1175	1
PCDH8	STAT3_Y705	1
PCK1	INSIG1_S207	1
PCK1	INSIG2_S151	1
PCK1	PRKAA1_T183	1
PCLAF	PRKCD_T507	1
PCNA	CHEK1_S345	1
PCSK7	GJA1_S368	1
PCSK7	NOS1_S852	1
PCSK7	NTRK1_Y496	1
PDCD5	TP53_S9	1
PDE5A	VASP_S239	1
PDGFA	CNKSR1_Y26	1
PDGFA	CTNNB1_Y654	1
PDGFA	SRC_Y216	1
PDGFA	SRC_Y419	1
PDGFA	STK11_S428	1
PDGFB	CNKSR1_Y26	1
PDGFB	CTNNB1_Y654	1
PDGFB	PDGFRB_Y1009	1
PDGFB	SRC_Y216	1
PDGFB	SRC_Y419	1
PDGFB	STK11_S428	1
PDGFRA	CCDC88C_Y2025	1
PDGFRA	CNKSR1_Y26	1
PDGFRA	CTNNB1_Y654	1
PDGFRA	PDGFRB_Y1021	1
PDGFRA	PDGFRB_Y751	1
PDGFRA	PDGFRB_Y857	1
PDGFRA	PLCG1_Y1253	1
PDGFRA	PLCG1_Y1254	1
PDGFRA	PLCG1_Y771	1
PDGFRA	PLCG1_Y783	1
PDGFRA	PTK2_Y194	1
PDGFRA	PTK2_Y397	1
PDGFRA	RASA1_Y283	1
PDGFRA	RASA1_Y460	1
PDGFRA	RPS6KB1_S441	1
PDGFRA	SH2B1_Y439	1
PDGFRA	SHC1_Y427	1
PDGFRA	SRC_Y216	1
PDGFRA	SRC_Y419	1
PDGFRA	STK11_S428	1
PDGFRB	ABL1_Y226	1
PDGFRB	ABL1_Y393	1
PDGFRB	ABL2_Y116	1
PDGFRB	ABL2_Y139	1
PDGFRB	ABL2_Y161	1
PDGFRB	ABL2_Y272	1
PDGFRB	ABL2_Y299	1
PDGFRB	ABL2_Y303	1
PDGFRB	ABL2_Y310	1
PDGFRB	ABL2_Y439	1
PDGFRB	CBL_Y700	1
PDGFRB	CCDC88A_Y1765	1
PDGFRB	ETV6_Y17	1
PDGFRB	ETV6_Y27	1
PDGFRB	EZR_Y146	1
PDGFRB	EZR_Y354	1
PDGFRB	FYN_Y28	1
PDGFRB	FYN_Y365	1
PDGFRB	IRS1_Y896	1
PDGFRB	IRS1_Y941	1
PDGFRB	IRS2_Y628	1
PDGFRB	JAK2_Y813	1
PDGFRB	MAP4K1_Y381	1
PDGFRB	MUC1_Y1203	1
PDGFRB	MUC1_Y1218	1
PDGFRB	PDGFRA_Y754	1
PDGFRB	PIK3R1_Y508	1
PDGFRB	PLCG1_Y1253	1
PDGFRB	PLCG1_Y1254	1
PDGFRB	PLCG1_Y771	1
PDGFRB	PLCG1_Y783	1
PDGFRB	PTK2_Y194	1
PDGFRB	PTK2_Y397	1
PDGFRB	PTK2_Y5	1
PDGFRB	PTPN11_Y279	1
PDGFRB	PTPN11_Y546	1
PDGFRB	PTPN11_Y584	1
PDGFRB	RASA1_Y283	1
PDGFRB	RASA1_Y460	1
PDGFRB	SH2B1_Y439	1
PDGFRB	SHC1_Y427	1
PDGFRB	SRC_Y419	1
PDGFRB	THOC5_Y225	1
PDGFRB	TNK2_Y635	1
PDIA3	AR_S310	1
PDIK1L	HCLS1_T308	1
PDIK1L	NEUROD1_S274	1
PDIK1L	TNF_S2	1
PDIK1L	ZHX1_T647	1
PDIK1L	ZHX1_T8	1
PDK1	ACAP1_S554	1
PDK1	ADRB2_S346	1
PDK1	AHNAK_S5782	1
PDK1	AKT1S1_T266	1
PDK1	AKT1_S473	1
PDK1	AKT1_T308	1
PDK1	AKT2_S474	1
PDK1	AKT2_T309	1
PDK1	AKT3_S120	1
PDK1	AKT3_T305	1
PDK1	AR_S215	1
PDK1	AR_S792	1
PDK1	ATXN1_S775	1
PDK1	BAD_S99	1
PDK1	BRAF_S365	1
PDK1	BRAF_S429	1
PDK1	BRCA1_T509	1
PDK1	CASP9_S196	1
PDK1	CDKN1A_S146	1
PDK1	CDKN1A_T145	1
PDK1	CDKN1B_S10	1
PDK1	CDKN1B_T157	1
PDK1	CHEK1_S280	1
PDK1	CHUK_T23	1
PDK1	EP300_S1834	1
PDK1	EPAS1_T324	1
PDK1	FANCA_S1149	1
PDK1	FOXO1_S256	1
PDK1	FOXO1_S319	1
PDK1	FOXO1_S322	1
PDK1	FOXO1_S325	1
PDK1	FOXO1_T24	1
PDK1	FOXO3_S253	1
PDK1	FOXO3_T32	1
PDK1	FOXO4_S197	1
PDK1	FOXO4_S262	1
PDK1	FOXO4_T451	1
PDK1	GAB2_S159	1
PDK1	GATA1_S310	1
PDK1	GSK3A_S21	1
PDK1	HTT_S419	1
PDK1	IRAK1_T100	1
PDK1	ITGB3_T777	1
PDK1	ITGB3_T779	1
PDK1	MAP2K1_S222	1
PDK1	MAP2K2_S226	1
PDK1	MAP2K4_S80	1
PDK1	MAP3K11_S674	1
PDK1	MAP3K5_S83	1
PDK1	MAP3K5_S966	1
PDK1	MAP3K5_T838	1
PDK1	MAP3K8_S400	1
PDK1	MAP4K1_S171	1
PDK1	MDM2_S172	1
PDK1	MDM2_S192	1
PDK1	MDM2_S194	1
PDK1	MST1R_S1394	1
PDK1	MTOR_S2448	1
PDK1	MTOR_T2446	1
PDK1	MTOR_T308	1
PDK1	MYC_S62	1
PDK1	NCF1_S304	1
PDK1	NCF1_S328	1
PDK1	NOS3_S1177	1
PDK1	NOS3_S1179	1
PDK1	NOS3_S615	1
PDK1	NR4A1_S364	1
PDK1	NUAK1_S600	1
PDK1	PAK1_T423	1
PDK1	PDCD4_S457	1
PDK1	PDCD4_S67	1
PDK1	PDHA1_S232	1
PDK1	PDHA1_S270	1
PDK1	PDHA1_S293	1
PDK1	PDHA1_S300	1
PDK1	PDHA1_S331	1
PDK1	PDHA1_S338	1
PDK1	PDHA2_S230	1
PDK1	PDHA2_S291	1
PDK1	PDHA2_S298	1
PDK1	PDPK1_S241	1
PDK1	PDPK1_S25	1
PDK1	PDPK1_S393	1
PDK1	PDPK1_S396	1
PDK1	PDPK1_S410	1
PDK1	PDPK1_T33	1
PDK1	PDPK1_T513	1
PDK1	PEA15_S116	1
PDK1	PFKFB2_S466	1
PDK1	PFKFB2_S483	1
PDK1	PIKFYVE_S307	1
PDK1	PKN1_T774	1
PDK1	PKN1_T780	1
PDK1	PKN2_T816	1
PDK1	PKN2_T951	1
PDK1	PRKACA_T198	1
PDK1	PRKAR2B_S114	1
PDK1	PRKCA_T497	1
PDK1	PRKCD_T507	1
PDK1	PRKCE_S729	1
PDK1	PRKCE_T566	1
PDK1	PRKCG_T514	1
PDK1	PRKCH_T513	1
PDK1	PRKCZ_T410	1
PDK1	PTPN1_S50	1
PDK1	RAF1_S259	1
PDK1	RPS6KA1_S221	1
PDK1	RPS6KA1_S230	1
PDK1	RPS6KA3_S227	1
PDK1	RPS6KA3_T577	1
PDK1	RPS6KB1_S427	1
PDK1	RPS6KB1_T252	1
PDK1	RPS6KB1_T390	1
PDK1	RPS6KB1_T412	1
PDK1	RPS6KB2_S370	1
PDK1	RPS6KB2_T228	1
PDK1	RPS6KB2_T388	1
PDK1	S1PR1_T236	1
PDK1	SGK1_S422	1
PDK1	SGK1_S517	1
PDK1	SGK1_T256	1
PDK1	SGK1_T351	1
PDK1	SGK2_S416	1
PDK1	SGK2_T253	1
PDK1	SGK3_S486	1
PDK1	SGK3_T320	1
PDK1	TBC1D4_T642	1
PDK1	TERT_S227	1
PDK1	TERT_S824	1
PDK1	TSC2_S939	1
PDK1	TSC2_T1462	1
PDK1	TSSK3_T168	1
PDK1	WNK1_T60	1
PDK1	XIAP_S87	1
PDK1	YAP1_S127	1
PDK1	YWHAZ_S58	1
PDK2	AKT1_S473	1
PDK2	AKT1_T308	1
PDK2	AKT3_S472	1
PDK2	PDHA1_S232	1
PDK2	PDHA1_S270	1
PDK2	PDHA1_S293	1
PDK2	PDHA1_S300	1
PDK2	PDHA1_S331	1
PDK2	PDHA1_S338	1
PDK2	PDHA2_S291	1
PDK2	PDHA2_S298	1
PDK2	SGK1_S422	1
PDK2	SGK1_S517	1
PDK2	SGK1_T256	1
PDK2	SGK1_T351	1
PDK3	PAXBP1_S62	1
PDK3	PDHA1_S232	1
PDK3	PDHA1_S270	1
PDK3	PDHA1_S293	1
PDK3	PDHA1_S300	1
PDK3	PDHA1_S331	1
PDK3	PDHA1_S338	1
PDK3	PDHA2_S291	1
PDK3	PDHA2_S298	1
PDK4	PDHA1_S232	1
PDK4	PDHA1_S293	1
PDK4	PDHA1_S300	1
PDK4	PDHA1_S331	1
PDK4	PDHA1_S338	1
PDK4	PDHA2_S291	1
PDK4	PDHA2_S298	1
PDP1	PDHA1_S232	-1
PDP1	PDHA1_S293	-1
PDP1	PDHA1_S300	-1
PDP1	PDHA2_S230	-1
PDP1	PDHA2_S291	-1
PDP1	PDHA2_S298	-1
PDP2	AR_S651	1
PDP2	FOXO3_T32	1
PDP2	PDHA1_S232	-1
PDP2	PDHA1_S293	-1
PDP2	PDHA1_S300	-1
PDP2	PDHA2_S230	-1
PDP2	PDHA2_S291	-1
PDP2	PDHA2_S298	-1
PDPK1	AHCYL1_S68	1
PDPK1	AKT1_S473	1
PDPK1	AKT1_T308	1
PDPK1	AKT1_Y474	1
PDPK1	AKT2_S474	1
PDPK1	AKT2_T309	1
PDPK1	AKT3_T305	1
PDPK1	EEF1D_T491	1
PDPK1	EIF4ENIF1_S693	1
PDPK1	EIF4ENIF1_S920	1
PDPK1	EPAS1_T324	1
PDPK1	HDLBP_S262	1
PDPK1	HDLBP_S622	1
PDPK1	HDLBP_S667	1
PDPK1	HNRNPK_S116	1
PDPK1	IKBKB_S181	1
PDPK1	ITGB3_T777	1
PDPK1	ITGB3_T779	1
PDPK1	MAP2K1_S222	1
PDPK1	MAP2K2_S222	1
PDPK1	MAP2K2_S226	1
PDPK1	MAP3K5_S966	1
PDPK1	MAP3K5_T838	1
PDPK1	MAPT_S46	1
PDPK1	MAPT_S515	1
PDPK1	MAPT_S516	1
PDPK1	MAPT_S552	1
PDPK1	MAPT_S713	1
PDPK1	MAPT_S721	1
PDPK1	MAPT_S739	1
PDPK1	MAPT_T470	1
PDPK1	MAPT_T492	1
PDPK1	MAPT_T498	1
PDPK1	MAPT_T50	1
PDPK1	MAPT_T522	1
PDPK1	MAPT_T529	1
PDPK1	MAPT_T534	1
PDPK1	MDM2_S395	1
PDPK1	MTOR_T308	1
PDPK1	PAK1_T423	1
PDPK1	PDHA1_S232	1
PDPK1	PDHA1_S293	1
PDPK1	PDHA1_S300	1
PDPK1	PDLIM5_S137	1
PDPK1	PDLIM5_S319	1
PDPK1	PGK1_T243	1
PDPK1	PIP5K1C_S448	1
PDPK1	PKN1_S773	1
PDPK1	PKN1_T774	1
PDPK1	PKN1_T780	1
PDPK1	PKN2_T816	1
PDPK1	PKN2_T951	1
PDPK1	PRKACA_T198	1
PDPK1	PRKCA_T497	1
PDPK1	PRKCB_T500	1
PDPK1	PRKCD_T507	1
PDPK1	PRKCE_T566	1
PDPK1	PRKCI_T412	1
PDPK1	PRKCQ_S676	1
PDPK1	PRKCQ_S695	1
PDPK1	PRKCQ_T538	1
PDPK1	PRKCZ_T227	1
PDPK1	PRKCZ_T410	1
PDPK1	RIN1_S351	1
PDPK1	RPA1_S172	1
PDPK1	RPA1_S463	1
PDPK1	RPS6KA1_S221	1
PDPK1	RPS6KA1_S230	1
PDPK1	RPS6KA2_S218	1
PDPK1	RPS6KA3_S227	1
PDPK1	RPS6KA3_S386	1
PDPK1	RPS6KA6_S232	1
PDPK1	RPS6KB1_S394	1
PDPK1	RPS6KB1_S427	1
PDPK1	RPS6KB1_S434	1
PDPK1	RPS6KB1_S441	1
PDPK1	RPS6KB1_T229	1
PDPK1	RPS6KB1_T252	1
PDPK1	RPS6KB1_T390	1
PDPK1	RPS6KB1_T412	1
PDPK1	RPS6KB1_T470	1
PDPK1	RPS6KB2_S370	1
PDPK1	RPS6KB2_T228	1
PDPK1	RPS6KB2_T388	1
PDPK1	SGK1_S422	1
PDPK1	SGK1_T256	1
PDPK1	SGK2_S416	1
PDPK1	SGK2_T253	1
PDPK1	SGK3_S454	1
PDPK1	SGK3_S486	1
PDPK1	SGK3_T320	1
PDPK1	SPHK2_S419	1
PDPK1	SPHK2_S421	1
PDPK1	SYN1_S551	1
PDPK1	TBC1D22A_T175	1
PDPK1	TRIP10_S298	1
PDPK1	TSSK3_T168	1
PDPK1	ZAP70_S289	1
PDPK2P	SGK1_T256	1
PDPN	AKT1_S473	1
PDPN	PLA2G4A_S505	1
PDPN	PLCG2_Y1217	1
PDXP	CFL1_S3	1
PEAK1	ERBB2_Y877	1
PEBP1	MAPT_S516	1
PEBP1	RAF1_S338	1
PEG3	CDC25B_S169	1
PEG3	CDC25B_S353	1
PFKFB4	NCOA3_S857	1
PFKP	ATG4B_S34	1
PGAM5	FUNDC1_S13	1
PGD	HSPB1_S15	1
PGD	HSPB1_S86	1
PGF	FLT1_Y1213	1
PGF	FLT1_Y1333	1
PGF	PPP1R12A_T696	1
PGF	PPP1R12A_T853	1
PGK1	BECN1_S30	1
PGK1	PDK1_S337	1
PGK1	PDK1_T338	1
PGP	CLCN3_Y342	1
PGR	ESR1_S167	1
PGR	FOXO3_T32	1
PGR	PPP1R1B_T34	1
PHF1	GSK3B_S9	1
PHF2	SQSTM1_S349	1
PHKA1	PYGB_S15	1
PHKG1	MAPT_S179	1
PHKG1	MAPT_S204	1
PHKG1	MAPT_S227	1
PHKG1	MAPT_S237	1
PHKG1	MAPT_S247	1
PHKG1	MAPT_S262	1
PHKG1	MAPT_S263	1
PHKG1	MAPT_S285	1
PHKG1	MAPT_S294	1
PHKG1	MAPT_S305	1
PHKG1	MAPT_S352	1
PHKG1	MAPT_S554	1
PHKG1	MAPT_S572	1
PHKG1	MAPT_S579	1
PHKG1	MAPT_S597	1
PHKG1	MAPT_S602	1
PHKG1	MAPT_S620	1
PHKG1	MAPT_S622	1
PHKG1	MAPT_S640	1
PHKG1	MAPT_S669	1
PHKG1	MAPT_S687	1
PHKG1	PHKA1_S1007	1
PHKG1	PHKA1_S1018	1
PHKG1	PHKA1_S972	1
PHKG1	PHKA1_S985	1
PHKG1	PYGB_S15	1
PHKG1	PYGL_S15	1
PHKG1	PYGM_S15	1
PHKG2	MAPT_S179	1
PHKG2	MAPT_S204	1
PHKG2	MAPT_S227	1
PHKG2	MAPT_S237	1
PHKG2	MAPT_S247	1
PHKG2	MAPT_S262	1
PHKG2	MAPT_S263	1
PHKG2	MAPT_S285	1
PHKG2	MAPT_S294	1
PHKG2	MAPT_S305	1
PHKG2	MAPT_S352	1
PHKG2	MAPT_S554	1
PHKG2	MAPT_S572	1
PHKG2	MAPT_S579	1
PHKG2	MAPT_S597	1
PHKG2	MAPT_S602	1
PHKG2	MAPT_S620	1
PHKG2	MAPT_S622	1
PHKG2	MAPT_S640	1
PHKG2	MAPT_S669	1
PHKG2	MAPT_S687	1
PHKG2	PHKA1_S1007	1
PHKG2	PHKA1_S1018	1
PHKG2	PHKA1_S972	1
PHKG2	PHKA1_S985	1
PHKG2	PHKG1_S31	1
PHKG2	PHKG1_S82	1
PHKG2	PYGB_S15	1
PHKG2	PYGL_S15	1
PHKG2	PYGM_S15	1
PHKG2	SIK3_S551	1
PHKG2	SIK3_T469	1
PHLDB1	RPS6KB1_T412	1
PHLPP1	AKT1_S473	-1
PHLPP1	AKT2_S474	-1
PHLPP1	AKT3_S472	-1
PHLPP1	AR_S651	1
PHLPP1	FOXO3_T32	1
PHLPP1	JUN_S63	1
PHLPP1	JUN_S73	1
PHLPP1	PRKCA_S657	-1
PHLPP1	PRKCB_S660	-1
PHLPP1	PRKCB_S661	-1
PHLPP1	RAF1_S338	-1
PHLPP1	RPS6KB1_T390	-1
PHLPP1	STK4_T387	-1
PHLPP2	AKT1_S473	-1
PHLPP2	AKT2_S474	-1
PHLPP2	AKT3_S472	-1
PHLPP2	PRKCA_S657	-1
PHLPP2	PRKCB_S660	-1
PHLPP2	PRKCB_S661	-1
PHLPP2	RPS6KB1_T390	-1
PHLPP2	STK4_T387	-1
PHPT1	KCNN4_H358	-1
PHYHIP	STAT3_S727	1
PI3	CHEK1_S280	1
PI3	H2AX_S140	1
PI4K2A	CLSPN_S984	1
PIAS1	MYC_S62	1
PIAS1	PTK2_Y397	1
PIAS2	STAT1_Y701	1
PIAS4	RPA2_S4	1
PIAS4	RPA2_S8	1
PIBF1	TP53_T55	1
PIGF	FLT1_Y1213	1
PIK3C2A	EIF4E_S209	1
PIK3C2A	EIF4E_T210	1
PIK3C2A	PRKCI_T564	1
PIK3C2A	SGK1_T256	1
PIK3C2B	RPS6KB1_T412	1
PIK3C3	MDM4_T365	1
PIK3C3	SRSF10_S119	1
PIK3C3	SRSF10_S121	1
PIK3C3	SRSF10_S123	1
PIK3C3	SRSF10_S129	1
PIK3C3	SRSF10_S131	1
PIK3C3	SRSF10_S133	1
PIK3C3	SRSF10_S141	1
PIK3C3	SRSF10_S143	1
PIK3C3	SRSF10_S156	1
PIK3C3	SRSF10_S158	1
PIK3C3	SRSF10_T21	1
PIK3C3	SRSF4_S188	1
PIK3C3	SRSF4_S222	1
PIK3C3	SRSF4_S255	1
PIK3C3	SRSF4_S288	1
PIK3C3	SRSF4_S290	1
PIK3C3	SRSF4_S292	1
PIK3C3	SRSF4_S300	1
PIK3C3	SRSF4_S302	1
PIK3C3	SRSF4_S322	1
PIK3C3	SRSF4_S442	1
PIK3C3	SRSF4_S448	1
PIK3C3	SRSF4_S456	1
PIK3C3	SRSF4_S458	1
PIK3C3	SRSF4_S460	1
PIK3C3	SRSF4_S462	1
PIK3C3	SRSF4_T440	1
PIK3CA	AKT1_S473	1
PIK3CA	AKT1_T308	1
PIK3CA	AKT2_S474	1
PIK3CA	GSK3B_S9	1
PIK3CA	H2AX_S140	1
PIK3CA	NPM1_T199	1
PIK3CA	PIK3R1_S308	1
PIK3CA	PIK3R1_S338	1
PIK3CA	PIK3R1_S608	1
PIK3CA	RPS6KB1_T252	1
PIK3CA	RPS6KB1_T390	1
PIK3CA	RPS6KB1_T412	1
PIK3CA	STMN1_S25	1
PIK3CA	TPM1_S61	1
PIK3CB	GSK3B_S9	1
PIK3CG	SET_S9	1
PIK3CG	SET_S93	1
PIK3CG	SRC_S39	1
PIK3CG	SRC_S70	1
PIK3CG	TPM2_S61	1
PIK3IP1	PCNA_Y211	1
PIK3R1	AKT1_S473	1
PIK3R4	PRKCD_S304	1
PIK3R4	PRKCD_T218	1
PIK3R4	PRKCD_T511	1
PIKFYVE	AKT1_S473	1
PIM1	ABCG2_T362	1
PIM1	AKT1S1_T246	1
PIM1	AR_S215	1
PIM1	AR_T851	1
PIM1	BAD_S118	1
PIM1	BAD_S75	1
PIM1	BAD_S99	1
PIM1	CAPZA1_S106	1
PIM1	CAPZA1_S126	1
PIM1	CAPZB_S192	1
PIM1	CAPZB_S226	1
PIM1	CAPZB_T186	1
PIM1	CBX3_S93	1
PIM1	CBX8_S196	1
PIM1	CDC25A_S116	1
PIM1	CDC25A_S124	1
PIM1	CDC25A_S253	1
PIM1	CDC25A_S76	1
PIM1	CDKN1A_S146	1
PIM1	CDKN1A_T145	1
PIM1	CDKN1B_T157	1
PIM1	CDKN1B_T198	1
PIM1	CHEK1_S280	1
PIM1	CTTN_S380	1
PIM1	CTTN_T362	1
PIM1	CXCR4_S330	1
PIM1	CXCR4_S339	1
PIM1	CXCR4_S343	1
PIM1	DNM1L_S637	1
PIM1	EIF2AK2_S456	1
PIM1	EIF4B_S311	1
PIM1	EIF4B_S359	1
PIM1	EIF4B_S406	1
PIM1	EIF4B_S418	1
PIM1	EIF4B_S422	1
PIM1	EIF4B_S442	1
PIM1	EIF4B_S497	1
PIM1	EIF4B_T420	1
PIM1	EIF4EBP1_S65	1
PIM1	EPAS1_S435	1
PIM1	FLT3_S935	1
PIM1	FLT3_Y591	1
PIM1	FOXO3_S253	1
PIM1	FOXO3_T32	1
PIM1	FOXP3_S422	1
PIM1	GSK3B_S9	1
PIM1	H3C1_S11	1
PIM1	HBP1_S372	1
PIM1	HBP1_S380	1
PIM1	HIF1A_T455	1
PIM1	HLCS_S79	1
PIM1	IRS1_S1101	1
PIM1	IRS2_S1149	1
PIM1	MAP3K5_S83	1
PIM1	MARK3_S96	1
PIM1	MARK3_T90	1
PIM1	MARK3_T95	1
PIM1	MDM2_S166	1
PIM1	MDM2_S172	1
PIM1	MDM2_S186	1
PIM1	MDM2_S192	1
PIM1	MYC_S293	1
PIM1	MYC_S329	1
PIM1	MYC_S62	1
PIM1	NDRG1_S330	1
PIM1	NFATC1_S151	1
PIM1	NFATC1_S153	1
PIM1	NFATC1_S245	1
PIM1	NFATC1_S256	1
PIM1	NFATC1_S257	1
PIM1	NFATC1_S269	1
PIM1	NFATC1_S278	1
PIM1	NFATC1_S335	1
PIM1	NFATC1_T154	1
PIM1	NFATC1_T338	1
PIM1	NFATC1_T339	1
PIM1	NFATC4_S272	1
PIM1	NFATC4_S289	1
PIM1	NFATC4_S334	1
PIM1	NFATC4_S676	1
PIM1	NKX3-1_S185	1
PIM1	NKX3-1_S186	1
PIM1	NKX3-1_S195	1
PIM1	NKX3-1_S196	1
PIM1	NKX3-1_T89	1
PIM1	NOS3_S633	1
PIM1	PLK1_T210	1
PIM1	POU5F1_S288	1
PIM1	POU5F1_S289	1
PIM1	PSMD2_S361	1
PIM1	RELA_S276	1
PIM1	RP9_S212	1
PIM1	RP9_S214	1
PIM1	RUNX3_S149	1
PIM1	RUNX3_S163	1
PIM1	RUNX3_T151	1
PIM1	RUNX3_T153	1
PIM1	RUNX3_T155	1
PIM1	RUNX3_T165	1
PIM1	RUNX3_T167	1
PIM1	RUNX3_T169	1
PIM1	RUVBL2_S339	1
PIM1	SKP2_S64	1
PIM1	SKP2_S72	1
PIM1	SKP2_T417	1
PIM1	SOX10_S24	1
PIM1	SP100_S451	1
PIM1	SP100_S452	1
PIM1	STAT5B_S731	1
PIM1	TSC22D3_S34	1
PIM1	TSC22D3_S73	1
PIM1	UHRF1_S311	1
PIM2	BAD_S118	1
PIM2	BAD_S75	1
PIM2	BAD_S99	1
PIM2	BCL2L11_S69	1
PIM2	CDKN1A_S146	1
PIM2	CDKN1A_T145	1
PIM2	CDKN1B_T157	1
PIM2	CDKN1B_T198	1
PIM2	CRK_S125	1
PIM2	CRK_S196	1
PIM2	CXCR4_S339	1
PIM2	EIF4B_S406	1
PIM2	EIF4B_S422	1
PIM2	EIF4EBP1_S65	1
PIM2	EIF4ENIF1_S138	1
PIM2	EIF4ENIF1_S213	1
PIM2	EIF4ENIF1_S587	1
PIM2	FBP1_S144	1
PIM2	HK2_T473	1
PIM2	HSF1_T120	1
PIM2	IRS1_S1101	1
PIM2	MYC_S293	1
PIM2	MYC_S329	1
PIM2	MYC_S62	1
PIM2	PAXBP1_S16	1
PIM2	PFKFB3_S478	1
PIM2	PKM_T454	1
PIM2	PRKAA1_S467	1
PIM2	PSMD2_S361	1
PIM2	PUM1_S197	1
PIM2	PUM1_T711	1
PIM2	R3HDM2_S558	1
PIM2	RPS6KA2_S106	1
PIM2	RPS6KA2_S546	1
PIM2	STAT5B_S731	1
PIM2	TSC2_S1798	1
PIM2	ZHX1_S47	1
PIM2	ZHX1_T9	1
PIM2	ZYX_S143	1
PIM2	ZYX_S258	1
PIM3	BAD_S118	1
PIM3	BAD_S134	1
PIM3	BAD_S75	1
PIM3	BAD_S99	1
PIM3	BAD_T137	1
PIM3	CDKN1B_T198	1
PIM3	CXCR4_S339	1
PIM3	IRS1_S1101	1
PIM3	MYC_S293	1
PIM3	PSMD2_S361	1
PIM3	STAT5B_S731	1
PIN1	BRAF_S151	1
PIN1	BRAF_S602	1
PIN1	BRAF_S750	1
PIN1	BRAF_T401	1
PIN1	BRAF_T599	1
PIN1	BRAF_T753	1
PIN1	BRD4_T204	1
PIN1	MYC_S62	1
PIN1	NOS3_T495	1
PIN1	PKM_S37	1
PIN1	RAF1_S259	1
PIN1	RAF1_S289	1
PIN1	RAF1_S29	1
PIN1	RAF1_S296	1
PIN1	RAF1_S301	1
PIN1	RAF1_S338	1
PIN1	RAF1_S494	1
PIN1	RAF1_S642	1
PIN1	RAF1_T491	1
PIN1	TP53_S20	1
PINK1	BCL2L1_S62	1
PINK1	EEF1A1_S396	1
PINK1	HDAC3_S424	1
PINK1	HIF3A_T12	1
PINK1	HTRA2_S142	1
PINK1	LETM1_T192	1
PINK1	MFN2_S378	1
PINK1	MFN2_S442	1
PINK1	MFN2_T111	1
PINK1	PRKN_S65	1
PINK1	PRKN_T175	1
PINK1	PRKN_T217	1
PINK1	RAB13_S111	1
PINK1	RAB8A_S111	1
PINK1	RHOT1_S156	1
PINK1	RIPOR2_S21	1
PINK1	RPS27A_S65	1
PINK1	RPS27A_T66	1
PINK1	TBK1_S172	1
PINK1	TP53_S392	1
PINK1	UBA52_S65	1
PINK1	UBA52_T66	1
PINK1	UBB_S65	1
PINK1	UBB_T66	1
PINK1	UBC_S65	1
PINK1	UBC_T66	1
PINK1	UBD_S65	1
PINK1	ZNF746_S322	1
PINK1	ZNF746_S613	1
PIP	WASL_Y256	1
PIP4K2A	LRP6_S1490	1
PIP4K2A	LRP6_T1479	1
PITRM1	CHEK2_T68	1
PITRM1	MDM2_S307	1
PITRM1	MDM2_T306	1
PITRM1	MDM2_T4	1
PIWIL1	STMN1_S16	1
PKD1	CTNNB1_T112	1
PKD1	CTNNB1_T120	1
PKD1	CTTN_S298	1
PKD1	CTTN_S348	1
PKD1	F2R_S400	1
PKD1	HDAC5_S259	1
PKD1	HDAC5_S498	1
PKD1	HDAC5_S671	1
PKD1	HDAC7_S194	1
PKD1	HSPB1_S82	1
PKD1	MAP2K4_T261	1
PKD1	MARK2_S400	1
PKD1	NOS1_S1417	1
PKD1	NOS3_S1179	1
PKD1	PAK4_S474	1
PKD1	PAK4_S99	1
PKD1	PI4KB_S294	1
PKD1	PIK3R1_S154	1
PKD1	PPP1R14A_T38	1
PKD1	PRKAA2_S491	1
PKD1	PRKD1_S205	1
PKD1	PRKD1_S738	1
PKD1	PRKD1_S742	1
PKD1	PRKD1_S910	1
PKD1	REM1_S18	1
PKD1	RIN1_S351	1
PKD1	SNAI1_S11	1
PKD1	SSH1_S937	1
PKD1	SSH1_S978	1
PKD1	VASP_S157	1
PKD1	VASP_S322	1
PKD1	VASP_S324	1
PKD2	PAK4_S99	1
PKD2	PI4KB_S294	1
PKD2	PRKD1_S910	1
PKD2	PRKD2_S876	1
PKD2	SSH1_S978	1
PKD2	VASP_S322	1
PKDCC	MMP1_Y360	1
PKHD1	GIT1_S46	1
PKIA	MYLK_S815	1
PKIB	MYLK_S815	1
PKM	AKT1S1_S202	1
PKM	AKT1S1_S203	1
PKM	AR_S310	1
PKM	BCL2_S70	1
PKM	BCL2_T69	1
PKM	BUB3_Y207	1
PKM	CTNNB1_Y333	1
PKM	H2AX_S140	1
PKM	MARCKSL1_S104	1
PKM	MARCKSL1_S93	1
PKM	MDM2_S166	1
PKM	MDM2_T351	1
PKM	MYL2_S15	1
PKM	MYL2_Y118	1
PKM	PAK2_S141	1
PKM	PAK2_S192	1
PKM	PAK2_S197	1
PKM	PAK2_S20	1
PKM	RBBP8_T126	1
PKM	SNAP23_S95	1
PKM	SREBF1_T59	1
PKM	STAT3_Y705	1
PKMYT1	CDK1_T14	1
PKMYT1	CDK1_T161	1
PKMYT1	CDK1_Y15	1
PKMYT1	MYCN_T58	1
PKN1	ARHGEF2_S886	1
PKN1	CDC25C_S216	1
PKN1	CLIP1_S312	1
PKN1	EGFR_T678	1
PKN1	EIF4B_S359	1
PKN1	EIF4B_S418	1
PKN1	EIF4B_S425	1
PKN1	EIF4B_S507	1
PKN1	EIF4B_S597	1
PKN1	EIF4B_T27	1
PKN1	FOXO1_S256	1
PKN1	H3C1_T12	1
PKN1	HDAC5_T292	1
PKN1	HDAC5_T293	1
PKN1	HDAC9_S253	1
PKN1	HDAC9_S256	1
PKN1	HLCS_S79	1
PKN1	MAP2K3_S218	1
PKN1	MAP2K3_T222	1
PKN1	MAP2K6_S207	1
PKN1	MAP2K6_T211	1
PKN1	MAPT_S156	1
PKN1	MAPT_S200	1
PKN1	MAPT_S214	1
PKN1	MAPT_S231	1
PKN1	MAPT_S258	1
PKN1	MAPT_S262	1
PKN1	MAPT_S263	1
PKN1	MAPT_S294	1
PKN1	MAPT_S320	1
PKN1	MAPT_S352	1
PKN1	MAPT_S531	1
PKN1	MAPT_S549	1
PKN1	MAPT_S575	1
PKN1	MAPT_S593	1
PKN1	MAPT_S637	1
PKN1	MAPT_S655	1
PKN1	MAPT_S669	1
PKN1	MAPT_S687	1
PKN1	MAPT_T147	1
PKN1	MAPT_T205	1
PKN1	MAPT_T522	1
PKN1	MAPT_T540	1
PKN1	MARCKS_S159	1
PKN1	MARCKS_S163	1
PKN1	MARCKS_S170	1
PKN1	NOS3_T495	1
PKN1	PGAM1_S118	1
PKN1	PGAM1_S23	1
PKN1	PGM1_T467	1
PKN1	PPP1R14A_T38	1
PKN1	PPP2R5D_T461	1
PKN1	RAF1_S338	1
PKN1	RAF1_S339	1
PKN1	SNAI1_S246	1
PKN1	TBC1D22A_S219	1
PKN1	TBC1D22A_T175	1
PKN2	AKT1_S473	1
PKN2	EIF4E_S209	1
PKN2	LCK_Y394	1
PKN2	NOS3_S1179	1
PKN3	ARHGAP18_S156	1
PKN3	ARHGAP18_T154	1
PKN3	ARHGAP18_T158	1
PKN3	BCAR1_S428	1
PKN3	CLIP1_S312	1
PKN3	EGFR_T678	1
PLAT	AKT2_S474	1
PLAT	LRP1_Y4507	1
PLAT	SYN1_S9	1
PLB1	PLN_T17	1
PLCG1	ABL1_Y393	1
PLCG1	CAMK2A_T286	1
PLCG1	CDKN1A_S146	1
PLCG1	CREB1_S133	1
PLCG1	LAT_Y161	1
PLCG1	STAT5A_Y694	1
PLCG2	AKT1_S473	1
PLCG2	CDKN1A_S146	1
PLCG2	PLA2G4A_S505	1
PLD2	MAPK1_T185	1
PLD2	MAPK1_Y187	1
PLD2	MAPK3_T202	1
PLD2	MAPK3_Y204	1
PLD2	ULK1_S556	1
PLK1	AKT2_S131	1
PLK1	ANAPC1_S355	1
PLK1	ANAPC1_S373	1
PLK1	ANAPC1_S377	1
PLK1	ANAPC1_S547	1
PLK1	ANAPC1_S564	1
PLK1	ANAPC1_S569	1
PLK1	ANAPC1_S686	1
PLK1	ANAPC1_S688	1
PLK1	ANAPC1_T291	1
PLK1	ANAPC1_T520	1
PLK1	ANAPC1_T530	1
PLK1	ANAPC1_T701	1
PLK1	ANAPC4_S757	1
PLK1	ANAPC4_S758	1
PLK1	ANAPC4_S779	1
PLK1	ANAPC7_S17	1
PLK1	ANAPC7_S23	1
PLK1	ANAPC7_S30	1
PLK1	ANAPC7_S64	1
PLK1	ATXN10_S77	1
PLK1	ATXN10_T82	1
PLK1	AXIN2_S311	1
PLK1	BCL2L1_S62	1
PLK1	BCL2_S216	1
PLK1	BEX4_T107	1
PLK1	BIRC5_S20	1
PLK1	BIRC5_T21	1
PLK1	BORA_S497	1
PLK1	BORA_T501	1
PLK1	BRCA1_S1164	1
PLK1	BRCA1_S1377	1
PLK1	BRCA2_S193	1
PLK1	BRCA2_S205	1
PLK1	BRCA2_S206	1
PLK1	BRCA2_S239	1
PLK1	BRCA2_T203	1
PLK1	BRCA2_T207	1
PLK1	BRF1_S450	1
PLK1	BRF1_T270	1
PLK1	BUB1B_S670	1
PLK1	BUB1B_S676	1
PLK1	BUB1B_T1008	1
PLK1	BUB1B_T620	1
PLK1	BUB1B_T680	1
PLK1	BUB1B_T792	1
PLK1	C1orf112_S43	1
PLK1	C1orf112_S744	1
PLK1	CASP8_S305	1
PLK1	CCNB1_S126	1
PLK1	CCNB1_S128	1
PLK1	CCNB1_S133	1
PLK1	CCNB1_S147	1
PLK1	CCNT1_S564	1
PLK1	CDC14A_S363	1
PLK1	CDC16_S112	1
PLK1	CDC20_S153	1
PLK1	CDC20_S170	1
PLK1	CDC20_S92	1
PLK1	CDC23_T562	1
PLK1	CDC23_T565	1
PLK1	CDC25B_S209	1
PLK1	CDC25B_S291	1
PLK1	CDC25B_S353	1
PLK1	CDC25B_S375	1
PLK1	CDC25B_S397	1
PLK1	CDC25B_S465	1
PLK1	CDC25B_S50	1
PLK1	CDC25B_S513	1
PLK1	CDC25B_T127	1
PLK1	CDC25B_T167	1
PLK1	CDC25B_T265	1
PLK1	CDC25B_T404	1
PLK1	CDC25B_T58	1
PLK1	CDC25C_S198	1
PLK1	CDC25C_S216	1
PLK1	CDC25C_S38	1
PLK1	CDC25C_S472	1
PLK1	CDC25C_S75	1
PLK1	CDC27_S220	1
PLK1	CDC27_S296	1
PLK1	CDC27_S387	1
PLK1	CDC27_S426	1
PLK1	CDC27_S432	1
PLK1	CDC27_S434	1
PLK1	CDC27_S435	1
PLK1	CDC27_S440	1
PLK1	CDC27_S441	1
PLK1	CDC27_T205	1
PLK1	CDC27_T209	1
PLK1	CDC27_T430	1
PLK1	CDC27_T436	1
PLK1	CDC27_T446	1
PLK1	CDC27_T452	1
PLK1	CDC6_T37	1
PLK1	CDCA5_T115	1
PLK1	CDCA5_T151	1
PLK1	CDH1_S146	1
PLK1	CDK5RAP2_S613	1
PLK1	CDS1_T68	1
PLK1	CENPQ_S138	1
PLK1	CENPQ_S139	1
PLK1	CENPQ_S248	1
PLK1	CENPQ_S249	1
PLK1	CENPQ_S253	1
PLK1	CENPQ_S255	1
PLK1	CENPQ_T123	1
PLK1	CENPQ_T135	1
PLK1	CENPQ_T256	1
PLK1	CENPU_S77	1
PLK1	CENPU_T78	1
PLK1	CEP55_S436	1
PLK1	CEP68_S332	1
PLK1	CHEK2_S120	1
PLK1	CHEK2_S164	1
PLK1	CHEK2_S207	1
PLK1	CHEK2_S210	1
PLK1	CHEK2_S253	1
PLK1	CHEK2_S28	1
PLK1	CHEK2_T205	1
PLK1	CHEK2_T248	1
PLK1	CHEK2_T26	1
PLK1	CHEK2_T68	1
PLK1	CIP2A_S904	1
PLK1	CLASP2_S1027	1
PLK1	CLASP2_S1034	1
PLK1	CLASP2_S1053	1
PLK1	CLASP2_S1092	1
PLK1	CLASP2_S1234	1
PLK1	CLIP1_S180	1
PLK1	CLIP1_S195	1
PLK1	CLIP1_S312	1
PLK1	CLSPN_S30	1
PLK1	CTNNB1_S60	1
PLK1	CTNNB1_S718	1
PLK1	DCTN1_S179	1
PLK1	DVL2_T206	1
PLK1	ECT2_T815	1
PLK1	ECT2_T846	1
PLK1	ERCC6L_T1063	1
PLK1	ESPL1_S1399	1
PLK1	ESPL1_T1363	1
PLK1	FADD_S194	1
PLK1	FBXO5_S145	1
PLK1	FBXO5_S149	1
PLK1	FOXM1_S724	1
PLK1	FOXM1_S730	1
PLK1	FOXM1_S739	1
PLK1	G6PD_T406	1
PLK1	G6PD_T466	1
PLK1	GORASP1_S189	1
PLK1	GORASP1_S274	1
PLK1	GTSE1_S223	1
PLK1	GTSE1_S435	1
PLK1	HMMR_T703	1
PLK1	HNRNPU_S59	1
PLK1	HSF1_S216	1
PLK1	HSF1_S419	1
PLK1	HSPA1A_S631	1
PLK1	HSPA1A_S633	1
PLK1	IKBKB_S733	1
PLK1	IKBKB_S740	1
PLK1	IKBKB_S750	1
PLK1	IRS1_S24	1
PLK1	IRS2_S560	1
PLK1	KAT7_S57	1
PLK1	KDM1A_S126	1
PLK1	KDM1A_S131	1
PLK1	KIF20A_S528	1
PLK1	KIF23_S812	1
PLK1	KIF23_S911	1
PLK1	KIF23_S912	1
PLK1	KIF2B_S200	1
PLK1	KIF2B_S201	1
PLK1	KIF2B_S204	1
PLK1	KIF2B_T125	1
PLK1	KIF2C_S621	1
PLK1	KIF2C_S632	1
PLK1	KIF2C_S633	1
PLK1	KIF2C_S715	1
PLK1	KIZ_T379	1
PLK1	KLF4_S234	1
PLK1	KMT2E_S861	1
PLK1	KMT2E_T887	1
PLK1	KNL1_T875	1
PLK1	LRRK1_S1817	1
PLK1	MAD1L1_S22	1
PLK1	MAD1L1_S29	1
PLK1	MAD1L1_T680	1
PLK1	MAD2L1BP_S102	1
PLK1	MAP2K1_S218	1
PLK1	MAP2K1_S222	1
PLK1	MAP2K2_S222	1
PLK1	MAP2K2_S226	1
PLK1	MAP9_S289	1
PLK1	MDC1_S20	1
PLK1	MDC1_T4	1
PLK1	MDC1_T847	1
PLK1	MDM2_S260	1
PLK1	MDM2_S266	1
PLK1	MRE11_S649	1
PLK1	MRE11_S688	1
PLK1	MRE11_S689	1
PLK1	MTHFR_T549	1
PLK1	MYC_S62	1
PLK1	MYT1_S426	1
PLK1	MYT1_S429	1
PLK1	NCAPD3_S1419	1
PLK1	NCAPH2_S288	1
PLK1	NEDD1_S397	1
PLK1	NEDD1_S404	1
PLK1	NEDD1_S426	1
PLK1	NEDD1_S433	1
PLK1	NEDD1_S637	1
PLK1	NEDD1_S644	1
PLK1	NEDD1_T382	1
PLK1	NEDD1_T389	1
PLK1	NEK9_T210	1
PLK1	NINL_S686	1
PLK1	NINL_S87	1
PLK1	NINL_S88	1
PLK1	NINL_T161	1
PLK1	NOTCH1_S1791	1
PLK1	NOTCH1_S2439	1
PLK1	NPHP1_T87	1
PLK1	NPM1_S4	1
PLK1	NPM1_T199	1
PLK1	NUAK1_S476	1
PLK1	NUAK1_S480	1
PLK1	NUDC_S274	1
PLK1	NUDC_S326	1
PLK1	OPTN_S177	1
PLK1	ORC2_S188	1
PLK1	PARP10_T601	1
PLK1	PCNT_S1235	1
PLK1	PCNT_S1241	1
PLK1	PCNT_T1209	1
PLK1	PCNT_T1221	1
PLK1	PIN1_S65	1
PLK1	PINX1_S110	1
PLK1	PINX1_S117	1
PLK1	PINX1_S161	1
PLK1	PINX1_S226	1
PLK1	PINX1_T141	1
PLK1	PINX1_T317	1
PLK1	PKMYT1_S426	1
PLK1	PKMYT1_S469	1
PLK1	PKMYT1_T495	1
PLK1	PLEKHG6_T574	1
PLK1	PPP1R7_S24	1
PLK1	PPP1R7_S27	1
PLK1	PPP1R7_S44	1
PLK1	PPP1R7_S47	1
PLK1	PPP1R7_T277	1
PLK1	PPP6R2_S289	1
PLK1	PPP6R2_T10	1
PLK1	PRC1_S615	1
PLK1	PRC1_T616	1
PLK1	PRKAA2_T172	1
PLK1	PRKDC_S3205	1
PLK1	PRKN_S378	1
PLK1	PTEN_S380	1
PLK1	PTEN_S385	1
PLK1	PTEN_T382	1
PLK1	PTEN_T383	1
PLK1	PTK2_S732	1
PLK1	PTPN1_S286	1
PLK1	PTPN1_S386	1
PLK1	PTPN1_S393	1
PLK1	RACGAP1_S149	1
PLK1	RACGAP1_S157	1
PLK1	RACGAP1_S164	1
PLK1	RACGAP1_S170	1
PLK1	RACGAP1_S214	1
PLK1	RACGAP1_T260	1
PLK1	RAD21_S175	1
PLK1	RAD21_S454	1
PLK1	RAD51_S14	1
PLK1	RAD51_T13	1
PLK1	RAF1_S338	1
PLK1	RAF1_S339	1
PLK1	RAF1_S621	1
PLK1	RAN_S135	1
PLK1	RAP1GAP_S525	1
PLK1	RBBP8_S723	1
PLK1	RBBP8_T693	1
PLK1	RBBP8_T731	1
PLK1	REST_S1030	1
PLK1	RICTOR_S1162	1
PLK1	RIOK2_S335	1
PLK1	RIOK2_S380	1
PLK1	RIOK2_S548	1
PLK1	ROCK2_S1099	1
PLK1	ROCK2_S1132	1
PLK1	ROCK2_S1134	1
PLK1	ROCK2_T967	1
PLK1	RPS6KA2_S544	1
PLK1	RRM2_T33	1
PLK1	RSF1_S1359	1
PLK1	RSF1_S1375	1
PLK1	RUVBL1_T239	1
PLK1	SGO1_S73	1
PLK1	SGO1_T146	1
PLK1	SNCA_S129	1
PLK1	SNCB_S118	1
PLK1	SPAG9_T365	1
PLK1	SREBF1_T424	1
PLK1	SRI_T155	1
PLK1	STIL_S1108	1
PLK1	STIL_S1116	1
PLK1	STK38_T183	1
PLK1	STK38_T407	1
PLK1	STK38_T7	1
PLK1	STK3_S15	1
PLK1	STK3_S18	1
PLK1	STK3_S316	1
PLK1	STK3_S385	1
PLK1	SUGT1_S331	1
PLK1	SUN1_S138	1
PLK1	SUZ12_S539	1
PLK1	SUZ12_S541	1
PLK1	SUZ12_S546	1
PLK1	SVIL_S238	1
PLK1	TERF1_S435	1
PLK1	TEX14_S437	1
PLK1	TNKS_S978	1
PLK1	TNKS_T1128	1
PLK1	TNKS_T839	1
PLK1	TNKS_T930	1
PLK1	TNKS_T982	1
PLK1	TOP2A_S1337	1
PLK1	TOP2A_S1525	1
PLK1	TOP2A_T1343	1
PLK1	TOPORS_S718	1
PLK1	TP53BP1_S1618	1
PLK1	TP53_S15	1
PLK1	TP53_S260	1
PLK1	TP73_T27	1
PLK1	TPT1_S46	1
PLK1	TPT1_S64	1
PLK1	TRIOBP_T2229	1
PLK1	TRIOBP_T447	1
PLK1	TRIOBP_T457	1
PLK1	TSC1_S468	1
PLK1	TSC1_S579	1
PLK1	TTK_S108	1
PLK1	TTK_S214	1
PLK1	TTK_S291	1
PLK1	TTK_S321	1
PLK1	TTK_S333	1
PLK1	TTK_S345	1
PLK1	TTK_S362	1
PLK1	TTK_S363	1
PLK1	TTK_S37	1
PLK1	TTK_T12	1
PLK1	TTK_T210	1
PLK1	TTK_T33	1
PLK1	TTK_T371	1
PLK1	TTK_T458	1
PLK1	TTK_T46	1
PLK1	TTK_T564	1
PLK1	TTK_T594	1
PLK1	TTK_T676	1
PLK1	USP16_S330	1
PLK1	USP16_S386	1
PLK1	USP16_S486	1
PLK1	VIM_S29	1
PLK1	VIM_S339	1
PLK1	VIM_S34	1
PLK1	VIM_S39	1
PLK1	VIM_S459	1
PLK1	VIM_S51	1
PLK1	VIM_S56	1
PLK1	VIM_S7	1
PLK1	VIM_S72	1
PLK1	VIM_S83	1
PLK1	VIM_T327	1
PLK1	VIM_T336	1
PLK1	WDCP_S686	1
PLK1	WDCP_S695	1
PLK1	WDR62_S897	1
PLK1	WEE1_S121	1
PLK1	WEE1_S123	1
PLK1	WEE1_S53	1
PLK1	YAP1_T77	1
PLK1	YY1_T39	1
PLK1	ZHX1_S635	1
PLK1	ZMYM2_S303	1
PLK1	ZMYM2_S305	1
PLK1	ZMYM2_S309	1
PLK2	ADAM17_S791	1
PLK2	APP_T743	1
PLK2	CALU_S44	1
PLK2	CALU_S52	1
PLK2	CALU_T196	1
PLK2	CALU_T204	1
PLK2	CALU_T60	1
PLK2	CALU_T68	1
PLK2	CENPJ_S589	1
PLK2	CENPJ_S595	1
PLK2	FBXW7_S176	1
PLK2	FBXW7_S25	1
PLK2	FBXW7_S349	1
PLK2	GRIA2_S880	1
PLK2	NPM1_S4	1
PLK2	PLK1_S137	1
PLK2	SNCA_S129	1
PLK2	SNCB_S118	1
PLK2	TP53_T377	1
PLK2	TP73_S48	1
PLK2	WEE1_S123	1
PLK2	WEE1_S53	1
PLK2	YWHAE_T208	1
PLK3	ATF2_T69	1
PLK3	ATF2_T71	1
PLK3	BCL2L1_S49	1
PLK3	BRCA1_S1007	1
PLK3	BRCA1_S1217	1
PLK3	BRCA1_S1342	1
PLK3	BRCA1_S1542	1
PLK3	BRCA1_S423	1
PLK3	CALU_S44	1
PLK3	CALU_S52	1
PLK3	CALU_T177	1
PLK3	CALU_T185	1
PLK3	CALU_T196	1
PLK3	CALU_T204	1
PLK3	CALU_T254	1
PLK3	CALU_T262	1
PLK3	CALU_T60	1
PLK3	CALU_T68	1
PLK3	CASP8_T273	1
PLK3	CCNB1_S133	1
PLK3	CDC25A_S513	1
PLK3	CDC25A_S76	1
PLK3	CDC25A_T80	1
PLK3	CDC25C_S14	1
PLK3	CDC25C_S191	1
PLK3	CDC25C_S198	1
PLK3	CDC25C_S216	1
PLK3	CHEK2_S62	1
PLK3	CHEK2_S73	1
PLK3	CHEK2_T68	1
PLK3	HIF1A_S576	1
PLK3	HIF1A_S600	1
PLK3	HIF1A_S657	1
PLK3	HIF1A_S681	1
PLK3	HSP90AB1_S718	1
PLK3	JUN_S63	1
PLK3	JUN_S73	1
PLK3	NEFL_S472	1
PLK3	NPM1_S4	1
PLK3	OCLN_S471	1
PLK3	PTEN_S370	1
PLK3	PTEN_T366	1
PLK3	RBBP8_S327	1
PLK3	RBBP8_S4	1
PLK3	RBBP8_S745	1
PLK3	RBBP8_T847	1
PLK3	SNCA_S129	1
PLK3	SNCA_S87	1
PLK3	SNCB_S118	1
PLK3	TOP2A_T1343	1
PLK3	TP53_S15	1
PLK3	TP53_S20	1
PLK3	VRK1_S342	1
PLK3	XRCC1_S416	1
PLK3	XRCC1_S485	1
PLK3	XRCC1_T523	1
PLK3	YWHAE_T208	1
PLK4	ACTR2_T237	1
PLK4	ACTR2_T238	1
PLK4	AURKA_T288	1
PLK4	CCP110_S98	1
PLK4	CDC6_S30	1
PLK4	CDC6_T527	1
PLK4	CENPJ_S595	1
PLK4	CEP131_S21	1
PLK4	CEP131_S78	1
PLK4	CEP131_T205	1
PLK4	FBXW5_S151	1
PLK4	NEDD1_S325	1
PLK4	NEDD1_S338	1
PLK4	NEDD1_S404	1
PLK4	NEDD1_S568	1
PLK4	NEDD1_T23	1
PLK4	NEDD1_T303	1
PLK4	NEK7_S204	1
PLK4	PCM1_S372	1
PLK4	PPP1R16B_S69	1
PLK4	STIL_S1061	1
PLK4	STIL_S1108	1
PLK4	STIL_S1116	1
PLK4	STIL_S428	1
PLK4	TP53_S15	1
PLK4	TUBGCP6_S1060	1
PLK4	TUBGCP6_S1087	1
PLK4	TUBGCP6_S1114	1
PLK4	TUBGCP6_S1168	1
PLK4	TUBGCP6_S1176	1
PLK4	TUBGCP6_S1195	1
PLK4	TUBGCP6_S1249	1
PLK4	TUBGCP6_S1437	1
PLK4	TUBGCP6_S1465	1
PLK4	TUBGCP6_S392	1
PLN	AGT_S16	1
PLN	HDAC5_S498	1
PMAIP1	ADAM17_S819	1
PMAIP1	AKAP13_S345	1
PMAIP1	ARHGDIB_S31	1
PMAIP1	AR_S651	1
PMAIP1	BAD_S75	1
PMAIP1	CXCR4_S339	1
PMAIP1	EGFR_T678	1
PMAIP1	GRIA2_S880	1
PMAIP1	GSK3A_S21	1
PMAIP1	GSK3B_S9	1
PMAIP1	IRS1_S24	1
PMAIP1	JUN_S63	1
PMAIP1	LCP1_S5	1
PMAIP1	NCF1_S328	1
PMAIP1	NCF1_S345	1
PMAIP1	PEA15_S104	1
PMAIP1	PREX1_S1169	1
PMAIP1	PREX1_S313	1
PMAIP1	PREX1_S319	1
PMAIP1	PRKAA1_S496	1
PMAIP1	PRKCD_Y313	1
PMAIP1	PRKCE_S729	1
PMAIP1	PTK2_Y397	1
PMAIP1	RALB_S198	1
PMAIP1	SMPD1_S510	1
PMAIP1	SNCA_S129	1
PML	TP53_S20	1
PML	TP53_T18	1
PMP22	OCLN_Y398	1
PMP22	OCLN_Y402	1
PNCK	CAMK1_T177	1
PNCK	EIF4G3_S1156	1
PNCK	HSP90AA1_S391	1
PNCK	HSP90AA1_S513	1
PNCK	HSP90AA1_T624	1
PNCK	HSP90AA1_T746	1
PNCK	HSP90AB1_T89	1
PNCK	MDM2_S166	1
PNCK	MDM2_S246	1
PNCK	MDM2_S260	1
PNCK	NFKBIA_S32	1
PNCK	PPP2R5D_S89	1
PNCK	PPP2R5D_S90	1
PNCK	PPP2R5D_T553	1
POLDIP3	EIF3F_S46	1
POMC	CTNNB1_S675	1
POMC	PRKD1_S910	1
POMC	TBC1D1_S237	1
POMC	TBC1D1_T596	1
POSTN	EGFR_Y1197	1
PPARA	NOS3_S1177	1
PPARG	AOC3_S273	1
PPARG	FGF14_S226	1
PPARG	NOS3_S1177	1
PPARG	TSC2_S1254	1
PPARGC1A	NOS3_S1177	1
PPBP	MAPT_S516	1
PPEF1	AR_S651	1
PPEF1	FOXO3_T32	1
PPEF1	RHO_S334	1
PPEF1	RHO_S338	1
PPEF1	RHO_S343	1
PPIA	CRK_Y221	1
PPIB	PRKCD_S645	1
PPM1A	CDK2_T160	-1
PPM1A	CDK6_T177	-1
PPM1A	CDK9_T186	-1
PPM1A	CETN1_T138	-1
PPM1A	CHEK2_S19	1
PPM1A	CHEK2_S516	1
PPM1A	CHEK2_T432	1
PPM1A	GRM3_S845	-1
PPM1A	IKBKB_S177	-1
PPM1A	IKBKB_S181	-1
PPM1A	MSN_T558	-1
PPM1A	PAK1_S199	-1
PPM1A	PAK1_S57	-1
PPM1A	PAK1_T423	-1
PPM1A	PIK3R1_S308	-1
PPM1A	PIK3R1_S338	-1
PPM1A	PIK3R1_S608	-1
PPM1A	PRKAA1_T183	1
PPM1A	PRKAA2_T172	1
PPM1A	PRKCD_S645	-1
PPM1A	PRKCD_S664	-1
PPM1A	PRKCD_T507	-1
PPM1A	SMAD1_S463	1
PPM1A	SMAD1_S465	1
PPM1A	SMAD2_S465	1
PPM1A	SMAD2_S467	1
PPM1A	SMAD3_S423	1
PPM1A	SMAD3_S425	1
PPM1A	SMAD5_S463	1
PPM1A	SMAD5_S465	1
PPM1A	SMAD9_S465	1
PPM1A	SMAD9_S467	1
PPM1B	AR_S651	1
PPM1B	CDK2_T160	-1
PPM1B	CDK6_T177	-1
PPM1B	CDK9_T186	-1
PPM1B	CETN1_T138	-1
PPM1B	FOXO3_T32	1
PPM1B	IKBKB_S177	-1
PPM1B	IKBKB_S181	-1
PPM1B	MAP3K7_S192	-1
PPM1B	MSN_T558	-1
PPM1B	TBK1_S172	1
PPM1D	AR_S651	1
PPM1D	ATM_S1981	-1
PPM1D	CDS1_T68	1
PPM1D	CHEK1_S317	1
PPM1D	CHEK1_S345	-1
PPM1D	CHEK2_S516	1
PPM1D	CHEK2_T68	-1
PPM1D	CXCR4_S339	1
PPM1D	DAXX_S564	1
PPM1D	FOXO3_T32	1
PPM1D	H2AX_S140	-1
PPM1D	KDM1A_S131	1
PPM1D	KDM1A_S137	1
PPM1D	MAPK12_T183	-1
PPM1D	MAPK14_T180	-1
PPM1D	MAPK14_Y182	1
PPM1D	MDM2_S395	-1
PPM1D	MDM4_S15	1
PPM1D	NPM1_S4	1
PPM1D	NPM1_T199	1
PPM1D	RPS6KA1_S221	1
PPM1D	RPS6KA3_S227	-1
PPM1D	RPS6KA3_S369	-1
PPM1D	RPS6KA3_S386	-1
PPM1D	RPS6KA3_T577	-1
PPM1D	RUNX2_S432	1
PPM1D	TP53_S15	-1
PPM1D	TP53_S37	1
PPM1D	ULK1_S638	1
PPM1D	UNG_T6	-1
PPM1E	PAK1_S57	-1
PPM1E	PAK1_T423	-1
PPM1F	CAMK2A_T286	-1
PPM1F	PAK1_S57	-1
PPM1F	PAK1_T423	-1
PPM1G	AR_S651	1
PPM1G	FOXO3_T32	1
PPM1G	H2AX_S140	-1
PPM1H	CDKN1B_T187	-1
PPM1K	BCKDHA_S337	-1
PPM1L	MAP3K5_T838	-1
PPP1CA	AHCYL1_S68	-1
PPP1CA	AKT1_S473	-1
PPP1CA	AKT1_T450	-1
PPP1CA	AR_S651	1
PPP1CA	AURKA_T288	-1
PPP1CA	AXIN1_S217	-1
PPP1CA	AXIN1_S222	-1
PPP1CA	AXIN1_S469	-1
PPP1CA	AXIN1_S75	-1
PPP1CA	AXIN1_S77	-1
PPP1CA	BRCA1_S1423	-1
PPP1CA	BRCA1_S1524	-1
PPP1CA	BRCA1_S988	-1
PPP1CA	CASP2_S164	-1
PPP1CA	CASP9_T125	-1
PPP1CA	CCND3_T283	-1
PPP1CA	CDC25C_S198	1
PPP1CA	CDC25C_S216	-1
PPP1CA	CDK9_S175	-1
PPP1CA	CDK9_T186	-1
PPP1CA	CRYAB_S59	1
PPP1CA	FOXO3_T32	1
PPP1CA	GAD1_T91	-1
PPP1CA	H2AX_S140	-1
PPP1CA	IFIH1_S88	-1
PPP1CA	LMNB1_S405	-1
PPP1CA	MAPT_S199	-1
PPP1CA	MAPT_S202	-1
PPP1CA	MAPT_S214	-1
PPP1CA	MAPT_S235	-1
PPP1CA	MAPT_S262	-1
PPP1CA	MAPT_S396	-1
PPP1CA	MAPT_S404	-1
PPP1CA	MAPT_S409	-1
PPP1CA	MAPT_T205	-1
PPP1CA	MAPT_T212	-1
PPP1CA	MDM2_S370	-1
PPP1CA	MST1R_S1394	1
PPP1CA	NOS3_T495	-1
PPP1CA	PFN1_S138	1
PPP1CA	PIP5K1B_S214	1
PPP1CA	PLIN1_S277	1
PPP1CA	PLIN1_S81	1
PPP1CA	PPP1R16B_S333	1
PPP1CA	PPP1R16B_S337	1
PPP1CA	PPP1R1A_S6	1
PPP1CA	PPP1R1A_S67	1
PPP1CA	PPP1R1A_T35	1
PPP1CA	PRKCB_S660	1
PPP1CA	PRKCB_T641	1
PPP1CA	PRKCD_S645	-1
PPP1CA	PRKCD_S664	-1
PPP1CA	PRKCD_T507	-1
PPP1CA	PTPN7_S44	-1
PPP1CA	RAF1_S259	-1
PPP1CA	RIGI_S8	-1
PPP1CA	STAT3_S727	-1
PPP1CA	STK3_T180	-1
PPP1CA	STK4_T183	-1
PPP1CA	TP53_S15	-1
PPP1CA	TP53_S37	-1
PPP1CB	AHCYL1_S68	-1
PPP1CB	AKT1_S473	-1
PPP1CB	AKT1_T450	-1
PPP1CB	AR_S651	1
PPP1CB	AURKA_T288	-1
PPP1CB	AXIN1_S217	-1
PPP1CB	AXIN1_S469	-1
PPP1CB	AXIN1_S75	-1
PPP1CB	AXIN1_S77	-1
PPP1CB	CASP2_S164	-1
PPP1CB	CDC25C_S216	-1
PPP1CB	FOXO3_T32	1
PPP1CB	GAD1_T91	-1
PPP1CB	H2AX_S140	-1
PPP1CB	MAPT_S199	-1
PPP1CB	MAPT_S202	-1
PPP1CB	MAPT_S214	-1
PPP1CB	MAPT_S235	-1
PPP1CB	MAPT_S262	-1
PPP1CB	MAPT_S396	-1
PPP1CB	MAPT_S404	-1
PPP1CB	MAPT_S409	-1
PPP1CB	MAPT_T205	-1
PPP1CB	MAPT_T212	-1
PPP1CB	MDM2_S370	-1
PPP1CB	NF2_S518	-1
PPP1CB	NOS3_T495	-1
PPP1CB	PLIN1_S277	1
PPP1CB	PLIN1_S81	1
PPP1CB	PRKCD_S645	-1
PPP1CB	PRKCD_S664	-1
PPP1CB	PRKCD_T507	-1
PPP1CB	PTPN7_S44	-1
PPP1CB	STK3_T180	-1
PPP1CB	STK4_T183	-1
PPP1CB	TP53_S15	-1
PPP1CB	TP53_S37	-1
PPP1CC	AHCYL1_S68	-1
PPP1CC	AKT1_S473	-1
PPP1CC	ATM_S1981	-1
PPP1CC	AURKA_T288	-1
PPP1CC	AXIN1_S217	-1
PPP1CC	AXIN1_S469	-1
PPP1CC	AXIN1_S75	-1
PPP1CC	AXIN1_S77	-1
PPP1CC	CASP2_S164	-1
PPP1CC	CDC25C_S216	-1
PPP1CC	CDK9_S175	-1
PPP1CC	CDK9_T186	-1
PPP1CC	GAD1_T91	-1
PPP1CC	H2AX_S140	-1
PPP1CC	H3C1_S11	-1
PPP1CC	H3C1_S29	-1
PPP1CC	H3C1_T12	-1
PPP1CC	H3C1_T4	-1
PPP1CC	IFIH1_S88	-1
PPP1CC	MAPT_S199	-1
PPP1CC	MAPT_S202	-1
PPP1CC	MAPT_S214	-1
PPP1CC	MAPT_S235	-1
PPP1CC	MAPT_S262	-1
PPP1CC	MAPT_S396	-1
PPP1CC	MAPT_S404	-1
PPP1CC	MAPT_S409	-1
PPP1CC	MAPT_T205	-1
PPP1CC	MAPT_T212	-1
PPP1CC	MDM2_S370	-1
PPP1CC	NOS3_T495	-1
PPP1CC	PLIN1_S277	1
PPP1CC	PLIN1_S81	1
PPP1CC	PRKCD_S645	-1
PPP1CC	PRKCD_S664	-1
PPP1CC	PRKCD_T507	-1
PPP1CC	PTPN7_S44	-1
PPP1CC	RIGI_S8	-1
PPP1CC	STK3_T180	-1
PPP1CC	STK4_T183	-1
PPP1CC	TP53_S15	-1
PPP1CC	TP53_S37	-1
PPP1R10	PRKDC_S2056	1
PPP1R10	PRKDC_T2609	1
PPP1R12A	PLK1_T210	1
PPP1R15A	EIF2S1_S52	1
PPP1R15A	TP53_S15	1
PPP1R1B	ADD2_S713	1
PPP1R1B	CFP_T34	1
PPP1R3A	ESR1_S118	1
PPP1R3A	HSF1_S326	1
PPP1R8	CDK9_T186	1
PPP1R8	NOS1_S852	1
PPP2CA	AKT1_S473	-1
PPP2CA	AKT1_T308	-1
PPP2CA	AKT1_T450	-1
PPP2CA	AKT2_S474	-1
PPP2CA	AKT2_T309	-1
PPP2CA	AKT3_S472	-1
PPP2CA	AKT3_T305	-1
PPP2CA	AR_S651	1
PPP2CA	AR_S83	-1
PPP2CA	ATM_S1981	-1
PPP2CA	BCL2_S87	-1
PPP2CA	CARD11_S644	-1
PPP2CA	CASP3_S150	-1
PPP2CA	CDK2_T160	-1
PPP2CA	CHEK1_S317	-1
PPP2CA	CHEK1_S345	-1
PPP2CA	CHEK2_T68	-1
PPP2CA	CILK1_T157	-1
PPP2CA	CILK1_Y159	-1
PPP2CA	CSNK1E_S323	1
PPP2CA	CSNK1E_S368	1
PPP2CA	CSNK1E_S405	1
PPP2CA	CSNK1E_S408	1
PPP2CA	CSNK1E_T325	1
PPP2CA	CSNK1E_T334	1
PPP2CA	CSNK1E_T337	1
PPP2CA	CSNK1E_T407	1
PPP2CA	DDHD1_S711	-1
PPP2CA	DDHD1_S727	-1
PPP2CA	EEF2_T57	-1
PPP2CA	EEF2_T59	-1
PPP2CA	EIF4E_S209	-1
PPP2CA	ELF1_T231	-1
PPP2CA	FOXO3_S253	-1
PPP2CA	FOXO3_T32	-1
PPP2CA	GAD1_T91	-1
PPP2CA	GSK3B_S9	-1
PPP2CA	H2AX_S140	-1
PPP2CA	H3C1_S11	-1
PPP2CA	HDAC4_S298	-1
PPP2CA	HDAC7_S155	-1
PPP2CA	HDAC7_S181	-1
PPP2CA	HDAC7_S321	-1
PPP2CA	HDAC7_S358	-1
PPP2CA	HDAC7_S449	-1
PPP2CA	HDAC7_S486	-1
PPP2CA	IL6ST_S782	-1
PPP2CA	ITGB1_T788	-1
PPP2CA	ITGB1_T789	-1
PPP2CA	KRT8_S432	-1
PPP2CA	MAP3K1_S67	1
PPP2CA	MAP3K3_S520	-1
PPP2CA	MAP3K3_S526	-1
PPP2CA	MAP3K3_T516	-1
PPP2CA	MAP3K5_S966	-1
PPP2CA	MAP3K7_T187	-1
PPP2CA	MAPK14_T180	-1
PPP2CA	MAPK15_T175	-1
PPP2CA	MAPK1_T185	-1
PPP2CA	MAPK3_T202	-1
PPP2CA	MAPT_S144	-1
PPP2CA	MAPT_S198	-1
PPP2CA	MAPT_S199	-1
PPP2CA	MAPT_S202	-1
PPP2CA	MAPT_S214	-1
PPP2CA	MAPT_S235	-1
PPP2CA	MAPT_S262	-1
PPP2CA	MAPT_S396	-1
PPP2CA	MAPT_S404	-1
PPP2CA	MAPT_S409	-1
PPP2CA	MAPT_S519	-1
PPP2CA	MAPT_T205	-1
PPP2CA	MAPT_T212	-1
PPP2CA	MDM2_T216	-1
PPP2CA	MKNK1_T250	-1
PPP2CA	MKNK1_T255	-1
PPP2CA	PACS1_S278	-1
PPP2CA	PAK1_S199	-1
PPP2CA	PAK1_S57	-1
PPP2CA	PAK1_T423	-1
PPP2CA	PDK1_S25	1
PPP2CA	PDK1_S396	1
PPP2CA	PDPK1_S241	1
PPP2CA	PDPK1_S25	1
PPP2CA	PDPK1_S396	1
PPP2CA	PDPK1_S410	1
PPP2CA	PPME1_S15	-1
PPP2CA	PPP1R14A_T38	1
PPP2CA	PPP1R1A_S67	-1
PPP2CA	PPP1R1B_T34	1
PPP2CA	PRKAA2_T172	1
PPP2CA	PRKCB_S660	-1
PPP2CA	PRKCB_T500	-1
PPP2CA	PRKCB_T641	-1
PPP2CA	PRKCD_S645	-1
PPP2CA	PRKCD_S664	-1
PPP2CA	PRKCD_T507	-1
PPP2CA	PTPRC_S1002	1
PPP2CA	RACGAP1_S387	-1
PPP2CA	RACGAP1_T588	-1
PPP2CA	RAF1_S259	-1
PPP2CA	RELA_S536	-1
PPP2CA	RPS3_S6	1
PPP2CA	SNCA_S129	-1
PPP2CA	SP1_S59	-1
PPP2CA	SPHK1_S225	-1
PPP2CA	SPHK1_S311	1
PPP2CA	SRC_S12	-1
PPP2CA	STK3_T180	-1
PPP2CA	STK4_T183	-1
PPP2CA	TFCP2_S291	-1
PPP2CA	TFCP2_S309	-1
PPP2CA	TNNI3_S23	-1
PPP2CA	TNNI3_S24	-1
PPP2CA	TP53_S37	-1
PPP2CA	TP53_S46	-1
PPP2CA	TP53_T55	-1
PPP2CA	TRAF2_T117	-1
PPP2CB	AKT3_S472	-1
PPP2CB	AKT3_S474	1
PPP2CB	AKT3_T305	-1
PPP2CB	AKT3_T309	-1
PPP2CB	AR_S651	1
PPP2CB	ATM_S1981	-1
PPP2CB	BCL2_S87	-1
PPP2CB	CARD11_S644	-1
PPP2CB	CASP3_S150	-1
PPP2CB	CDK2_T160	-1
PPP2CB	CHEK1_S317	-1
PPP2CB	CHEK1_S345	-1
PPP2CB	CHEK2_T68	-1
PPP2CB	ELF1_T231	-1
PPP2CB	FOXO3_T32	1
PPP2CB	GAD1_T91	-1
PPP2CB	H2AX_S140	-1
PPP2CB	H3C1_S11	-1
PPP2CB	HDAC7_S155	-1
PPP2CB	HDAC7_S181	-1
PPP2CB	HDAC7_S321	-1
PPP2CB	HDAC7_S358	-1
PPP2CB	HDAC7_S449	-1
PPP2CB	HDAC7_S486	-1
PPP2CB	IKBKB_S177	-1
PPP2CB	IKBKB_S181	-1
PPP2CB	IL6ST_S782	-1
PPP2CB	ITGB1_T788	-1
PPP2CB	ITGB1_T789	-1
PPP2CB	KRT8_S432	-1
PPP2CB	MAP3K7_T187	-1
PPP2CB	MAPK14_T180	-1
PPP2CB	MAPK1_T185	-1
PPP2CB	MAPT_S144	-1
PPP2CB	MAPT_S198	-1
PPP2CB	MAPT_S199	-1
PPP2CB	MAPT_S202	-1
PPP2CB	MAPT_S214	-1
PPP2CB	MAPT_S235	-1
PPP2CB	MAPT_S262	-1
PPP2CB	MAPT_S396	-1
PPP2CB	MAPT_S404	-1
PPP2CB	MAPT_S409	-1
PPP2CB	MAPT_S519	-1
PPP2CB	MAPT_T205	-1
PPP2CB	MAPT_T212	-1
PPP2CB	MARK2_T596	1
PPP2CB	MDM2_T216	-1
PPP2CB	MET_S985	1
PPP2CB	MID1_S96	-1
PPP2CB	MYC_S62	-1
PPP2CB	PACS1_S278	-1
PPP2CB	PAK1_S199	-1
PPP2CB	PAK1_S57	-1
PPP2CB	PAK1_T423	-1
PPP2CB	PPP1R1A_S67	-1
PPP2CB	PRKCB_S660	-1
PPP2CB	PRKCB_S661	-1
PPP2CB	PRKCB_T500	-1
PPP2CB	PRKCB_T641	-1
PPP2CB	PRKCD_S645	-1
PPP2CB	PRKCD_S664	-1
PPP2CB	PRKCD_T507	-1
PPP2CB	RACGAP1_S387	-1
PPP2CB	RACGAP1_T588	-1
PPP2CB	RAF1_S259	1
PPP2CB	RALA_S183	-1
PPP2CB	RALA_S194	-1
PPP2CB	SNCA_S129	-1
PPP2CB	SPHK1_S225	-1
PPP2CB	STK3_T180	-1
PPP2CB	STK4_T183	-1
PPP2CB	TP53_S37	-1
PPP2CB	TP53_S46	-1
PPP2CB	TP53_T55	-1
PPP2CB	TRAF2_T117	-1
PPP2R1A	AKT1_T308	-1
PPP2R1A	AR_S83	-1
PPP2R1A	GSK3B_S9	-1
PPP2R1A	MAP3K5_S966	-1
PPP2R1A	PPME1_S15	-1
PPP2R1A	RAF1_S259	-1
PPP2R1B	RALA_S183	-1
PPP2R1B	RALA_S194	-1
PPP2R2A	AKT1_T308	-1
PPP2R2A	PPME1_S15	-1
PPP2R2A	RAF1_S259	-1
PPP2R2B	AR_S83	-1
PPP2R2B	GSK3B_S9	-1
PPP2R2B	MAP3K5_S966	-1
PPP2R5A	CTNNB1_S33	1
PPP2R5A	CTNNB1_S37	1
PPP2R5A	CTNNB1_S45	1
PPP2R5A	CTNNB1_T41	1
PPP2R5A	MAPT_S140	-1
PPP2R5A	MAPT_S141	-1
PPP2R5A	MAPT_S198	-1
PPP2R5A	MAPT_S199	-1
PPP2R5A	MAPT_S515	-1
PPP2R5A	MAPT_S516	-1
PPP2R5A	MAPT_S519	-1
PPP2R5A	NOS3_S1177	-1
PPP2R5A	NOS3_T495	-1
PPP2R5B	AKT1_T308	-1
PPP2R5B	BCL2_S70	-1
PPP2R5B	CASP3_S150	-1
PPP2R5B	KIF20A_S878	-1
PPP2R5C	ATF1_S36	-1
PPP2R5C	ATF1_S38	-1
PPP2R5C	ATF1_S41	-1
PPP2R5C	ATF1_S44	-1
PPP2R5C	TP53_T55	-1
PPP2R5D	RAF1_S259	-1
PPP2R5D	TH_S71	1
PPP3CA	BAD_S75	-1
PPP3CA	BAD_S99	-1
PPP3CA	DNM1L_S637	-1
PPP3CA	DNM2_S764	-1
PPP3CA	ELK1_S383	-1
PPP3CA	FLNA_S2152	-1
PPP3CA	GAD1_T91	-1
PPP3CA	GSK3B_S9	-1
PPP3CA	JUN_S243	-1
PPP3CA	MAP3K5_S966	1
PPP3CA	MAPT_S199	-1
PPP3CA	MAPT_S202	-1
PPP3CA	MAPT_S214	-1
PPP3CA	MAPT_S235	-1
PPP3CA	MAPT_S262	-1
PPP3CA	MAPT_S396	-1
PPP3CA	MAPT_S404	-1
PPP3CA	MAPT_S409	-1
PPP3CA	MAPT_T205	-1
PPP3CA	MAPT_T212	-1
PPP3CA	NFATC2_S168	-1
PPP3CA	NFATC2_S171	-1
PPP3CA	NFATC2_S172	-1
PPP3CA	NFATC2_S174	-1
PPP3CA	NFATC2_S175	-1
PPP3CA	NFATC2_S177	-1
PPP3CA	NFATC2_S180	-1
PPP3CA	NFATC2_S213	-1
PPP3CA	NFATC2_S217	-1
PPP3CA	NFATC2_S221	-1
PPP3CA	NFATC2_S268	-1
PPP3CA	NFATC2_S274	-1
PPP3CA	NFATC2_S276	-1
PPP3CA	NFATC2_S280	-1
PPP3CA	NFATC2_S326	-1
PPP3CA	PPP1R1A_S67	-1
PPP3CB	BAD_S75	-1
PPP3CB	BAD_S99	-1
PPP3CB	DNM1L_S637	-1
PPP3CB	DNM2_S764	-1
PPP3CB	ELK1_S383	-1
PPP3CB	FLNA_S2152	-1
PPP3CB	GAD1_T91	-1
PPP3CB	GSK3B_S9	-1
PPP3CB	JUN_S243	-1
PPP3CB	KSR2_S198	-1
PPP3CB	KSR2_S313	-1
PPP3CB	KSR2_T290	-1
PPP3CB	MAPT_S199	-1
PPP3CB	MAPT_S202	-1
PPP3CB	MAPT_S214	-1
PPP3CB	MAPT_S235	-1
PPP3CB	MAPT_S262	-1
PPP3CB	MAPT_S396	-1
PPP3CB	MAPT_S404	-1
PPP3CB	MAPT_S409	-1
PPP3CB	MAPT_T205	-1
PPP3CB	MAPT_T212	-1
PPP3CB	NFATC2_S168	-1
PPP3CB	NFATC2_S171	-1
PPP3CB	NFATC2_S172	-1
PPP3CB	NFATC2_S174	-1
PPP3CB	NFATC2_S175	-1
PPP3CB	NFATC2_S177	-1
PPP3CB	NFATC2_S180	-1
PPP3CB	NFATC2_S213	-1
PPP3CB	NFATC2_S217	-1
PPP3CB	NFATC2_S221	-1
PPP3CB	NFATC2_S268	-1
PPP3CB	NFATC2_S274	-1
PPP3CB	NFATC2_S276	-1
PPP3CB	NFATC2_S280	-1
PPP3CB	NFATC2_S326	-1
PPP3CB	NFATC2_T116	-1
PPP3CB	PPP1R1A_S67	-1
PPP3CB	TFEB_S142	-1
PPP3CB	TFEB_S211	-1
PPP3CC	BAD_S75	-1
PPP3CC	BAD_S99	-1
PPP3CC	DNM1L_S637	-1
PPP3CC	DNM2_S764	-1
PPP3CC	ELK1_S383	-1
PPP3CC	FLNA_S2152	-1
PPP3CC	GAD1_T91	-1
PPP3CC	GSK3B_S9	-1
PPP3CC	JUN_S243	-1
PPP3CC	KSR2_S198	-1
PPP3CC	KSR2_S313	-1
PPP3CC	KSR2_T290	-1
PPP3CC	MAPT_S199	-1
PPP3CC	MAPT_S202	-1
PPP3CC	MAPT_S214	-1
PPP3CC	MAPT_S235	-1
PPP3CC	MAPT_S262	-1
PPP3CC	MAPT_S396	-1
PPP3CC	MAPT_S404	-1
PPP3CC	MAPT_S409	-1
PPP3CC	MAPT_T205	-1
PPP3CC	MAPT_T212	-1
PPP3CC	NFATC2_S168	-1
PPP3CC	NFATC2_S171	-1
PPP3CC	NFATC2_S172	-1
PPP3CC	NFATC2_S174	-1
PPP3CC	NFATC2_S175	-1
PPP3CC	NFATC2_S177	-1
PPP3CC	NFATC2_S180	-1
PPP3CC	NFATC2_S213	-1
PPP3CC	NFATC2_S217	-1
PPP3CC	NFATC2_S221	-1
PPP3CC	NFATC2_S268	-1
PPP3CC	NFATC2_S274	-1
PPP3CC	NFATC2_S276	-1
PPP3CC	NFATC2_S280	-1
PPP3CC	NFATC2_S326	-1
PPP3CC	PPP1R1A_S67	-1
PPP3R1	BAD_S75	-1
PPP3R1	BAD_S99	-1
PPP3R1	DNM1L_S637	-1
PPP3R1	DNM2_S764	-1
PPP3R1	FLNA_S2152	-1
PPP3R1	NFATC2_S168	-1
PPP3R1	NFATC2_S171	-1
PPP3R1	NFATC2_S172	-1
PPP3R1	NFATC2_S174	-1
PPP3R1	NFATC2_S175	-1
PPP3R1	NFATC2_S177	-1
PPP3R1	NFATC2_S180	-1
PPP3R1	NFATC2_S213	-1
PPP3R1	NFATC2_S217	-1
PPP3R1	NFATC2_S221	-1
PPP3R1	NFATC2_S268	-1
PPP3R1	NFATC2_S274	-1
PPP3R1	NFATC2_S276	-1
PPP3R1	NFATC2_S280	-1
PPP3R1	NFATC2_S326	-1
PPP3R1	PPP1R1A_S67	-1
PPP3R1	STAT1_S727	1
PPP3R1	STAT1_Y701	1
PPP4C	ACACA_S80	-1
PPP4C	BANF1_S4	1
PPP4C	CAMK4_T200	1
PPP4C	H2AX_S140	-1
PPP4C	HDAC3_S424	-1
PPP4C	NDEL1_T219	-1
PPP4C	RELA_T435	-1
PPP4C	TP53BP1_S1618	-1
PPP4C	TP53BP1_T1609	-1
PPP5C	CDC37_S13	-1
PPP5C	CILK1_T157	-1
PPP5C	MAP3K5_T838	-1
PPP5C	MAP3K5_T842	-1
PPP5C	MAPK8_T183	1
PPP5C	MAPK8_Y185	1
PPP5C	MAPT_S140	-1
PPP5C	MAPT_S141	-1
PPP5C	MAPT_S144	-1
PPP5C	MAPT_S198	-1
PPP5C	MAPT_S199	-1
PPP5C	MAPT_S202	-1
PPP5C	MAPT_S214	-1
PPP5C	MAPT_S235	-1
PPP5C	MAPT_S262	-1
PPP5C	MAPT_S396	-1
PPP5C	MAPT_S404	-1
PPP5C	MAPT_S409	-1
PPP5C	MAPT_S515	-1
PPP5C	MAPT_S516	-1
PPP5C	MAPT_S519	-1
PPP5C	MAPT_T205	-1
PPP5C	MAPT_T212	-1
PPP5C	NR3C1_S211	-1
PPP5C	RAF1_S338	-1
PPP5C	TP53BP1_S1778	1
PPP5C	TP53BP1_S25	1
PPP6C	AR_S651	1
PPP6C	FOXO3_T32	1
PPP6C	H2AX_S140	-1
PPP6C	MAP3K7_T187	-1
PPP6C	PRKDC_S3205	1
PPP6C	ULK1_S556	1
PRAG1	EGFR_Y1069	1
PRAG1	EGFR_Y1172	1
PRAG1	EGFR_Y1197	1
PRAG1	EGFR_Y869	1
PRDX2	SP1_S641	1
PREP	BUB3_Y207	1
PREP	EEF2_T57	1
PREP	GATA4_S105	1
PREP	MTOR_S2481	1
PREP	PPP1R12A_T696	1
PREP	PRKCD_T507	1
PRF1	MTOR_S2448	1
PRF1	PRKCA_S657	1
PRIMA1	TP53_S15	1
PRKAA1	ACACA_S1123	1
PRKAA1	ACACA_S1138	1
PRKAA1	ACACA_S1143	1
PRKAA1	ACACA_S1158	1
PRKAA1	ACACA_S117	1
PRKAA1	ACACA_S1201	1
PRKAA1	ACACA_S1216	1
PRKAA1	ACACA_S1238	1
PRKAA1	ACACA_S1253	1
PRKAA1	ACACA_S22	1
PRKAA1	ACACA_S80	1
PRKAA1	ACACB_S221	1
PRKAA1	ACACB_S222	1
PRKAA1	ACSS2_S659	1
PRKAA1	ALDH2_T356	1
PRKAA1	AMOTL1_S793	1
PRKAA1	ARMC10_S45	1
PRKAA1	ATG9A_S761	1
PRKAA1	BAG2_S20	1
PRKAA1	BAIAP2_S366	1
PRKAA1	BECN1_S90	1
PRKAA1	BECN1_S93	1
PRKAA1	BECN1_S96	1
PRKAA1	BECN1_T388	1
PRKAA1	BRAF_S729	1
PRKAA1	BTRC_S82	1
PRKAA1	CASP6_S257	1
PRKAA1	CCNY_S326	1
PRKAA1	CD274_S195	1
PRKAA1	CD274_S283	1
PRKAA1	CDC27_S379	1
PRKAA1	CDK2_T160	1
PRKAA1	CDK2_T39	1
PRKAA1	CDKN1B_T170	1
PRKAA1	CDKN1B_T198	1
PRKAA1	CFTR_S737	1
PRKAA1	CFTR_S768	1
PRKAA1	CFTR_S813	1
PRKAA1	CGN_S137	1
PRKAA1	CHKA_S279	1
PRKAA1	CRTC2_S170	1
PRKAA1	CRTC2_S171	1
PRKAA1	CRY1_S280	1
PRKAA1	CRY1_S71	1
PRKAA1	CSNK1E_S389	1
PRKAA1	CTBP1_S158	1
PRKAA1	CTTN_T401	1
PRKAA1	DDIT3_S30	1
PRKAA1	DNM1L_S637	1
PRKAA1	DNMT1_S714	1
PRKAA1	DNMT1_S730	1
PRKAA1	EEF2K_S366	1
PRKAA1	EEF2K_S398	1
PRKAA1	EEF2K_S78	1
PRKAA1	EGFR_T892	1
PRKAA1	EP300_S89	1
PRKAA1	EPM2A_S25	1
PRKAA1	ERBB2_T900	1
PRKAA1	ESR1_S305	1
PRKAA1	EXO1_S746	1
PRKAA1	EZH2_T311	1
PRKAA1	FANCA_S347	1
PRKAA1	FH_S75	1
PRKAA1	FOXO1_S22	1
PRKAA1	FOXO1_T649	1
PRKAA1	FOXO3_S30	1
PRKAA1	FOXO3_S399	1
PRKAA1	FOXO3_S413	1
PRKAA1	FOXO3_S555	1
PRKAA1	FOXO3_S588	1
PRKAA1	FOXO3_S626	1
PRKAA1	FOXO3_T179	1
PRKAA1	GAPDH_S122	1
PRKAA1	GAPVD1_S902	1
PRKAA1	GBF1_T1337	1
PRKAA1	GFPT1_S242	1
PRKAA1	GFPT1_S243	1
PRKAA1	GFPT1_S261	1
PRKAA1	GLI1_S102	1
PRKAA1	GLI1_S408	1
PRKAA1	GLI1_T1074	1
PRKAA1	GRIK2_S715	1
PRKAA1	GSR_T507	1
PRKAA1	GYS1_S8	1
PRKAA1	GYS2_S8	1
PRKAA1	HAT1_S190	1
PRKAA1	HDAC5_S259	1
PRKAA1	HDAC5_S260	1
PRKAA1	HDAC5_S498	1
PRKAA1	HDAC5_S499	1
PRKAA1	HDAC7_S155	1
PRKAA1	HDAC7_S358	1
PRKAA1	HIPK2_S121	1
PRKAA1	HIPK2_T1114	1
PRKAA1	HIPK2_T119	1
PRKAA1	HNF4A_S291	1
PRKAA1	HNF4A_S303	1
PRKAA1	HNF4A_S313	1
PRKAA1	HSF1_S121	1
PRKAA1	INSIG1_T222	1
PRKAA1	IRS1_S794	1
PRKAA1	JAK1_S515	1
PRKAA1	JAK1_S518	1
PRKAA1	KCNA5_S559	1
PRKAA1	KCNA5_S592	1
PRKAA1	KIF4A_S801	1
PRKAA1	KLC1_S521	1
PRKAA1	KLC2_S545	1
PRKAA1	KLC2_S582	1
PRKAA1	KPNA2_S105	1
PRKAA1	LIPE_S400	1
PRKAA1	LIPE_S552	1
PRKAA1	LIPE_S565	1
PRKAA1	LIPE_S855	1
PRKAA1	MAPT_S214	1
PRKAA1	MAPT_S262	1
PRKAA1	MAPT_S356	1
PRKAA1	MAPT_S396	1
PRKAA1	MAPT_S422	1
PRKAA1	MAPT_S549	1
PRKAA1	MAPT_S579	1
PRKAA1	MAPT_S597	1
PRKAA1	MAPT_S691	1
PRKAA1	MAPT_S731	1
PRKAA1	MAPT_S757	1
PRKAA1	MAPT_T231	1
PRKAA1	MAPT_T566	1
PRKAA1	MCU_S57	1
PRKAA1	MDM4_S342	1
PRKAA1	MFF_S155	1
PRKAA1	MFF_S172	1
PRKAA1	MKNK1_S353	1
PRKAA1	MLXIPL_S556	1
PRKAA1	MTOR_S1261	1
PRKAA1	MTOR_T2446	1
PRKAA1	NCL_S328	1
PRKAA1	NEDD4L_S795	1
PRKAA1	NET1_S100	1
PRKAA1	NFE2L2_S374	1
PRKAA1	NFE2L2_S408	1
PRKAA1	NFE2L2_S433	1
PRKAA1	NFE2L2_S558	1
PRKAA1	NME1_S122	1
PRKAA1	NOS3_S1177	1
PRKAA1	NOS3_S633	1
PRKAA1	NOS3_T495	1
PRKAA1	NR2C2_S351	1
PRKAA1	PAK2_S20	1
PRKAA1	PAQR3_T32	1
PRKAA1	PARP1_S177	1
PRKAA1	PDHA1_S295	1
PRKAA1	PDHA1_S314	1
PRKAA1	PFKFB2_S466	1
PRKAA1	PFKFB3_S461	1
PRKAA1	PHKA1_S1018	1
PRKAA1	PHKA1_S1020	1
PRKAA1	PIAS1_S510	1
PRKAA1	PIKFYVE_S307	1
PRKAA1	PLD1_S505	1
PRKAA1	POU2F1_S335	1
PRKAA1	POU2F1_S385	1
PRKAA1	PPARGC1A_S539	1
PRKAA1	PPARGC1A_T178	1
PRKAA1	PPP1R12C_S452	1
PRKAA1	PPP1R3C_S293	1
PRKAA1	PPP1R3C_S33	1
PRKAA1	PPP2R5C_S298	1
PRKAA1	PPP2R5C_S329	1
PRKAA1	PPP2R5C_S336	1
PRKAA1	PPP2R5C_S367	1
PRKAA1	PRKAA2_T172	1
PRKAA1	PRKAB1_S108	1
PRKAA1	PRKAB1_S174	1
PRKAA1	PRKAB1_S177	1
PRKAA1	PRKAB1_S24	1
PRKAA1	PRKAB1_T148	1
PRKAA1	PRKAB1_T158	1
PRKAA1	PRKAB1_T80	1
PRKAA1	PRKACA_T198	1
PRKAA1	PRKACA_T49	1
PRKAA1	PRKN_S9	1
PRKAA1	PRPS1_S180	1
PRKAA1	PRPS2_S180	1
PRKAA1	PTS_T58	1
PRKAA1	RACK1_T50	1
PRKAA1	RAD51_T309	1
PRKAA1	RAF1_S259	1
PRKAA1	RAF1_S621	1
PRKAA1	RASAL2_S351	1
PRKAA1	RB1_S811	1
PRKAA1	RBBP7_S314	1
PRKAA1	RPTOR_S722	1
PRKAA1	RPTOR_S792	1
PRKAA1	RRN3_S635	1
PRKAA1	RUNX2_S118	1
PRKAA1	SCN5A_T101	1
PRKAA1	SIRT2_T101	1
PRKAA1	SIRT6_S10	1
PRKAA1	SIRT7_T153	1
PRKAA1	SKP2_S256	1
PRKAA1	SLC12A1_S122	1
PRKAA1	SLC12A1_S130	1
PRKAA1	SLC12A2_S242	1
PRKAA1	SLC12A2_S77	1
PRKAA1	SNAI1_S11	1
PRKAA1	SNAI1_S92	1
PRKAA1	SNX17_S437	1
PRKAA1	SQSTM1_S294	1
PRKAA1	SREBF1_S372	1
PRKAA1	SREBF1_S396	1
PRKAA1	SRSF1_S133	1
PRKAA1	STAT3_S727	1
PRKAA1	STBD1_S175	1
PRKAA1	STIM1_S257	1
PRKAA1	STIM1_S521	1
PRKAA1	SYK_S178	1
PRKAA1	SYN1_S9	1
PRKAA1	TBC1D1_S237	1
PRKAA1	TBC1D1_T596	1
PRKAA1	TET2_S99	1
PRKAA1	TNNI3_S150	1
PRKAA1	TNNI3_S23	1
PRKAA1	TNNI3_S24	1
PRKAA1	TP53BP1_S1317	1
PRKAA1	TP53_S15	1
PRKAA1	TP53_S20	1
PRKAA1	TP53_T18	1
PRKAA1	TP73_S426	1
PRKAA1	TSC2_S1387	1
PRKAA1	TXNIP_S308	1
PRKAA1	ULK1_S317	1
PRKAA1	ULK1_S556	1
PRKAA1	ULK1_S638	1
PRKAA1	USP10_S76	1
PRKAA1	VASP_S322	1
PRKAA1	VASP_T278	1
PRKAA1	YAP1_S61	1
PRKAA1	YAP1_S94	1
PRKAA1	ZNF692_S470	1
PRKAA1	ZNF692_S475	1
PRKAA2	ACACA_S1123	1
PRKAA2	ACACA_S1138	1
PRKAA2	ACACA_S1143	1
PRKAA2	ACACA_S1158	1
PRKAA2	ACACA_S117	1
PRKAA2	ACACA_S1201	1
PRKAA2	ACACA_S1216	1
PRKAA2	ACACA_S1238	1
PRKAA2	ACACA_S1253	1
PRKAA2	ACACA_S2	1
PRKAA2	ACACA_S22	1
PRKAA2	ACACA_S80	1
PRKAA2	ACACB_S221	1
PRKAA2	ACACB_S222	1
PRKAA2	ACSS2_S659	1
PRKAA2	ALDH2_T356	1
PRKAA2	AMOTL1_S793	1
PRKAA2	ARID3A_S88	1
PRKAA2	ARMC10_S45	1
PRKAA2	ATG9A_S761	1
PRKAA2	BAIAP2_S366	1
PRKAA2	CAMKK1_S74	1
PRKAA2	CAMKK1_S82	1
PRKAA2	CASP6_S257	1
PRKAA2	CD274_S283	1
PRKAA2	CDC27_S379	1
PRKAA2	CDC27_S385	1
PRKAA2	CDKN1B_T198	1
PRKAA2	CEBPB_T235	1
PRKAA2	CFTR_S737	1
PRKAA2	CFTR_S768	1
PRKAA2	CHKA_S279	1
PRKAA2	CRTC2_S170	1
PRKAA2	CRTC2_S171	1
PRKAA2	CRY1_S280	1
PRKAA2	CRY1_S71	1
PRKAA2	CTBP1_S158	1
PRKAA2	DNMT1_S714	1
PRKAA2	DUSP1_S334	1
PRKAA2	EEF1D_S528	1
PRKAA2	EEF1D_T513	1
PRKAA2	EEF2K_S366	1
PRKAA2	EEF2K_S398	1
PRKAA2	EEF2K_S78	1
PRKAA2	EP300_S89	1
PRKAA2	EPM2A_S25	1
PRKAA2	FH_S75	1
PRKAA2	FOXO3_S399	1
PRKAA2	FOXO3_S413	1
PRKAA2	FOXO3_S555	1
PRKAA2	FOXO3_S588	1
PRKAA2	FOXO3_S626	1
PRKAA2	FOXO3_T179	1
PRKAA2	GAPDH_S122	1
PRKAA2	GBF1_T1337	1
PRKAA2	GLI1_S102	1
PRKAA2	GLI1_S408	1
PRKAA2	GLI1_T1074	1
PRKAA2	GYS1_S8	1
PRKAA2	GYS2_S8	1
PRKAA2	HAS2_T110	1
PRKAA2	HAT1_S190	1
PRKAA2	HDAC5_S259	1
PRKAA2	HDAC5_S260	1
PRKAA2	HDAC5_S498	1
PRKAA2	HDAC5_S499	1
PRKAA2	HDAC7_S155	1
PRKAA2	HDAC7_S358	1
PRKAA2	HIPK2_S121	1
PRKAA2	HIPK2_T1114	1
PRKAA2	HIPK2_T119	1
PRKAA2	HNF4A_S291	1
PRKAA2	HNF4A_S303	1
PRKAA2	HNF4A_S313	1
PRKAA2	HNF4A_S343	1
PRKAA2	IKBKB_S177	1
PRKAA2	IKBKB_S181	1
PRKAA2	IRS1_S794	1
PRKAA2	KLC1_S521	1
PRKAA2	KLC1_S524	1
PRKAA2	KLC2_S582	1
PRKAA2	KLC4_S590	1
PRKAA2	KPNA2_S105	1
PRKAA2	LIPE_S400	1
PRKAA2	LIPE_S565	1
PRKAA2	LIPE_S855	1
PRKAA2	LUZP1_S108	1
PRKAA2	LUZP1_S233	1
PRKAA2	LUZP1_S338	1
PRKAA2	LUZP1_S573	1
PRKAA2	LUZP1_S639	1
PRKAA2	LUZP1_S703	1
PRKAA2	LUZP1_S745	1
PRKAA2	MAPK8_T258	1
PRKAA2	MDM2_S166	1
PRKAA2	MDM2_S260	1
PRKAA2	MFF_S155	1
PRKAA2	MFF_S172	1
PRKAA2	MTOR_S1261	1
PRKAA2	NFATC4_S289	1
PRKAA2	NOL7_S26	1
PRKAA2	NOL7_T117	1
PRKAA2	NOS3_S1177	1
PRKAA2	NOS3_S633	1
PRKAA2	NOS3_T495	1
PRKAA2	NR2C2_S351	1
PRKAA2	PAK2_S20	1
PRKAA2	PARP1_S177	1
PRKAA2	PDHA1_S295	1
PRKAA2	PDHA1_S314	1
PRKAA2	PFKFB2_S466	1
PRKAA2	PFKFB3_S461	1
PRKAA2	PHKA1_S1018	1
PRKAA2	PHKA1_S1020	1
PRKAA2	PIKFYVE_S307	1
PRKAA2	PINK1_S228	1
PRKAA2	PINK1_S284	1
PRKAA2	PINK1_S495	1
PRKAA2	PLD1_S505	1
PRKAA2	PPARGC1A_S539	1
PRKAA2	PPARGC1A_T178	1
PRKAA2	PPP1R12C_S452	1
PRKAA2	PPP1R13L_S597	1
PRKAA2	PRKAA1_T183	1
PRKAA2	PRKAA1_T198	1
PRKAA2	PRKACA_S11	1
PRKAA2	PRKACA_S339	1
PRKAA2	PRPS1_S180	1
PRKAA2	PRPS2_S180	1
PRKAA2	RAF1_S259	1
PRKAA2	RAF1_S621	1
PRKAA2	RB1_S811	1
PRKAA2	RBBP7_S314	1
PRKAA2	REEP1_S152	1
PRKAA2	REEP2_S150	1
PRKAA2	RPS6KA2_S106	1
PRKAA2	RPTOR_S722	1
PRKAA2	RPTOR_S792	1
PRKAA2	RPTOR_S863	1
PRKAA2	RRN3_S635	1
PRKAA2	SLC12A1_S122	1
PRKAA2	SLC9A5_S575	1
PRKAA2	SLC9A5_S577	1
PRKAA2	SLC9A5_S618	1
PRKAA2	SLC9A5_S620	1
PRKAA2	SLC9A5_S851	1
PRKAA2	SLC9A5_S853	1
PRKAA2	SLC9A5_S855	1
PRKAA2	SLC9A5_S856	1
PRKAA2	SNUPN_S75	1
PRKAA2	SQSTM1_S349	1
PRKAA2	SREBF1_S396	1
PRKAA2	TBC1D1_S237	1
PRKAA2	TBC1D1_T596	1
PRKAA2	TFAP2A_S219	1
PRKAA2	TP53BP1_S1317	1
PRKAA2	TP53_S15	1
PRKAA2	TSC2_S1387	1
PRKAA2	TSC2_S1448	1
PRKAA2	TSC2_T1330	1
PRKAA2	ULK1_S317	1
PRKAA2	ULK1_S556	1
PRKAA2	ULK1_S638	1
PRKAA2	VASP_S322	1
PRKAA2	VASP_T278	1
PRKAA2	ZMYM3_S194	1
PRKAA2	ZNF692_S470	1
PRKAA2	ZYX_T352	1
PRKAB1	ACACA_S80	1
PRKAB1	ACSS2_S659	1
PRKAB1	ALDH2_T356	1
PRKAB1	AMOTL1_S793	1
PRKAB1	ARMC10_S45	1
PRKAB1	ATG9A_S761	1
PRKAB1	BAIAP2_S366	1
PRKAB1	CDC27_S379	1
PRKAB1	CFTR_S737	1
PRKAB1	CFTR_S768	1
PRKAB1	CHKA_S279	1
PRKAB1	CRTC2_S170	1
PRKAB1	CRTC2_S171	1
PRKAB1	CRY1_S280	1
PRKAB1	CRY1_S71	1
PRKAB1	CTBP1_S158	1
PRKAB1	DNMT1_S714	1
PRKAB1	EEF2K_S398	1
PRKAB1	EP300_S89	1
PRKAB1	EPM2A_S25	1
PRKAB1	FH_S75	1
PRKAB1	FOXO3_S399	1
PRKAB1	FOXO3_S413	1
PRKAB1	FOXO3_S555	1
PRKAB1	FOXO3_S588	1
PRKAB1	FOXO3_S626	1
PRKAB1	FOXO3_T179	1
PRKAB1	GAPDH_S122	1
PRKAB1	GBF1_T1337	1
PRKAB1	GLI1_S102	1
PRKAB1	GLI1_S408	1
PRKAB1	GLI1_T1074	1
PRKAB1	GYS1_S8	1
PRKAB1	GYS2_S8	1
PRKAB1	HAT1_S190	1
PRKAB1	HDAC5_S259	1
PRKAB1	HDAC5_S498	1
PRKAB1	HDAC7_S155	1
PRKAB1	HDAC7_S358	1
PRKAB1	HNF4A_S303	1
PRKAB1	HNF4A_S313	1
PRKAB1	IRS1_S794	1
PRKAB1	KLC1_S521	1
PRKAB1	KLC1_S524	1
PRKAB1	KLC2_S582	1
PRKAB1	KPNA2_S105	1
PRKAB1	LIPE_S855	1
PRKAB1	MFF_S155	1
PRKAB1	MFF_S172	1
PRKAB1	MTOR_S1261	1
PRKAB1	NEDD4L_S795	1
PRKAB1	NOS3_S1177	1
PRKAB1	NOS3_T495	1
PRKAB1	NR2C2_S351	1
PRKAB1	PAK2_S20	1
PRKAB1	PDHA1_S295	1
PRKAB1	PDHA1_S314	1
PRKAB1	PFKFB2_S466	1
PRKAB1	PFKFB3_S461	1
PRKAB1	PIKFYVE_S307	1
PRKAB1	PLD1_S505	1
PRKAB1	POU2F1_S335	1
PRKAB1	PPARGC1A_S539	1
PRKAB1	PPARGC1A_T178	1
PRKAB1	PPP1R12C_S452	1
PRKAB1	PRPS1_S180	1
PRKAB1	PRPS2_S180	1
PRKAB1	RAF1_S259	1
PRKAB1	RAF1_S621	1
PRKAB1	RB1_S811	1
PRKAB1	RBBP7_S314	1
PRKAB1	RPTOR_S722	1
PRKAB1	RPTOR_S792	1
PRKAB1	RRN3_S635	1
PRKAB1	SKP2_S256	1
PRKAB1	SLC12A1_S122	1
PRKAB1	SREBF1_S396	1
PRKAB1	SRSF1_S133	1
PRKAB1	STIM1_S257	1
PRKAB1	STIM1_S521	1
PRKAB1	TBC1D1_S237	1
PRKAB1	TP53_S15	1
PRKAB1	TSC2_S1387	1
PRKAB1	TSC2_S1448	1
PRKAB1	TSC2_T1330	1
PRKAB1	ULK1_S317	1
PRKAB1	ULK1_S556	1
PRKAB1	ULK1_S638	1
PRKAB1	VASP_S322	1
PRKAB1	VASP_T278	1
PRKAB1	ZNF692_S470	1
PRKAB2	ACACA_S80	1
PRKAB2	ACSS2_S659	1
PRKAB2	ALDH2_T356	1
PRKAB2	AMOTL1_S793	1
PRKAB2	ARMC10_S45	1
PRKAB2	ATG9A_S761	1
PRKAB2	BAIAP2_S366	1
PRKAB2	CDC27_S379	1
PRKAB2	CFTR_S737	1
PRKAB2	CFTR_S768	1
PRKAB2	CHKA_S279	1
PRKAB2	CRTC2_S170	1
PRKAB2	CRTC2_S171	1
PRKAB2	CRY1_S280	1
PRKAB2	CRY1_S71	1
PRKAB2	CTBP1_S158	1
PRKAB2	DNMT1_S714	1
PRKAB2	EEF2K_S398	1
PRKAB2	FH_S75	1
PRKAB2	FOXO3_S399	1
PRKAB2	FOXO3_S413	1
PRKAB2	FOXO3_S555	1
PRKAB2	FOXO3_S588	1
PRKAB2	FOXO3_S626	1
PRKAB2	FOXO3_T179	1
PRKAB2	GAPDH_S122	1
PRKAB2	GBF1_T1337	1
PRKAB2	GLI1_S102	1
PRKAB2	GLI1_S408	1
PRKAB2	GLI1_T1074	1
PRKAB2	GYS1_S8	1
PRKAB2	GYS2_S8	1
PRKAB2	HAT1_S190	1
PRKAB2	HDAC5_S259	1
PRKAB2	HDAC5_S498	1
PRKAB2	HDAC7_S155	1
PRKAB2	HDAC7_S358	1
PRKAB2	HNF4A_S303	1
PRKAB2	KLC2_S582	1
PRKAB2	KPNA2_S105	1
PRKAB2	LIPE_S855	1
PRKAB2	MFF_S155	1
PRKAB2	MFF_S172	1
PRKAB2	MTOR_S1261	1
PRKAB2	NOS3_S1177	1
PRKAB2	NOS3_T495	1
PRKAB2	NR2C2_S351	1
PRKAB2	PAK2_S20	1
PRKAB2	PFKFB2_S466	1
PRKAB2	PFKFB3_S461	1
PRKAB2	PIKFYVE_S307	1
PRKAB2	PLD1_S505	1
PRKAB2	PPARGC1A_S539	1
PRKAB2	PPARGC1A_T178	1
PRKAB2	PPP1R12C_S452	1
PRKAB2	PRPS1_S180	1
PRKAB2	PRPS2_S180	1
PRKAB2	RAF1_S259	1
PRKAB2	RAF1_S621	1
PRKAB2	RB1_S811	1
PRKAB2	RBBP7_S314	1
PRKAB2	RPTOR_S722	1
PRKAB2	RRN3_S635	1
PRKAB2	SLC12A1_S122	1
PRKAB2	SREBF1_S396	1
PRKAB2	TBC1D1_S237	1
PRKAB2	TP53_S15	1
PRKAB2	TSC2_S1387	1
PRKAB2	ULK1_S317	1
PRKAB2	ULK1_S556	1
PRKAB2	ULK1_S638	1
PRKAB2	VASP_S322	1
PRKAB2	VASP_T278	1
PRKAB2	ZNF692_S470	1
PRKACA	AANAT_S205	1
PRKACA	AANAT_S250	1
PRKACA	AANAT_T31	1
PRKACA	AANAT_T76	1
PRKACA	ABCA1_S1042	1
PRKACA	ABCA1_S2054	1
PRKACA	ABCB1_S667	1
PRKACA	ABCB1_S671	1
PRKACA	ABCB1_S683	1
PRKACA	ABCC8_S1571	1
PRKACA	ACACA_S1123	1
PRKACA	ACACA_S1143	1
PRKACA	ACACA_S115	1
PRKACA	ACACA_S1201	1
PRKACA	ACACA_S1238	1
PRKACA	ACACA_S78	1
PRKACA	ACADVL_S586	1
PRKACA	ACLY_S455	1
PRKACA	ADD1_S408	1
PRKACA	ADD1_S436	1
PRKACA	ADD1_S481	1
PRKACA	ADD1_S512	1
PRKACA	ADD1_S59	1
PRKACA	ADD1_S726	1
PRKACA	ADD2_S713	1
PRKACA	ADD2_S726	1
PRKACA	ADD2_T55	1
PRKACA	ADD3_S693	1
PRKACA	ADRB1_S312	1
PRKACA	ADRB2_S261	1
PRKACA	ADRB2_S262	1
PRKACA	ADRB2_S345	1
PRKACA	ADRB2_S346	1
PRKACA	AHNAK_T158	1
PRKACA	AICDA_S38	1
PRKACA	AICDA_T27	1
PRKACA	AKAP12_S627	1
PRKACA	AKAP12_S696	1
PRKACA	AKAP12_S698	1
PRKACA	AKAP12_S772	1
PRKACA	AKAP13_S1565	1
PRKACA	AKAP13_S2733	1
PRKACA	AKAP13_S2737	1
PRKACA	AKAP9_S43	1
PRKACA	ALOX5_S272	1
PRKACA	ALOX5_S448	1
PRKACA	ALOX5_S524	1
PRKACA	ALOX5_S671	1
PRKACA	ANXA1_T216	1
PRKACA	APC_S2054	1
PRKACA	APOBEC3B_T214	1
PRKACA	APOBEC3G_T218	1
PRKACA	APOBEC3G_T32	1
PRKACA	APPL1_S410	1
PRKACA	APP_S679	1
PRKACA	AQP2_S256	1
PRKACA	AQP4_S276	1
PRKACA	AQP5_S156	1
PRKACA	ARFGEF1_S883	1
PRKACA	ARHGAP17_S702	1
PRKACA	ARHGDIA_S174	1
PRKACA	ARHGEF6_S684	1
PRKACA	ARPP19_S104	1
PRKACA	ARPP21_S58	1
PRKACA	ASAP2_S822	1
PRKACA	ASIC1_S525	1
PRKACA	ATF1_S63	1
PRKACA	ATF2_S62	1
PRKACA	ATG16L1_S268	1
PRKACA	ATG16L1_S269	1
PRKACA	ATP1A1_S943	1
PRKACA	ATP2B1_S1178	1
PRKACA	ATP5IF1_S39	1
PRKACA	ATR_S435	1
PRKACA	ATXN1_S775	1
PRKACA	AURKA_S51	1
PRKACA	AURKA_T288	1
PRKACA	AVPR2_S255	1
PRKACA	BAD_S118	1
PRKACA	BAD_S134	1
PRKACA	BAD_S153	1
PRKACA	BAD_S75	1
PRKACA	BAD_S97	1
PRKACA	BAD_S99	1
PRKACA	BCAM_S621	1
PRKACA	BIRC5_S20	1
PRKACA	BRAF_S429	1
PRKACA	BRAF_S430	1
PRKACA	BRSK2_T260	1
PRKACA	BRSK2_T306	1
PRKACA	C2orf88_S66	1
PRKACA	CA9_T443	1
PRKACA	CACNA1C_S1535	1
PRKACA	CACNA1C_S1597	1
PRKACA	CACNA1C_S1645	1
PRKACA	CACNA1C_S1670	1
PRKACA	CACNA1C_S1718	1
PRKACA	CACNA1C_S1897	1
PRKACA	CACNA1C_S1898	1
PRKACA	CACNA1C_S1981	1
PRKACA	CACNA1D_S1700	1
PRKACA	CACNA1D_S1773	1
PRKACA	CACNA1H_S1107	1
PRKACA	CACNA1H_S1144	1
PRKACA	CACNA1S_S1575	1
PRKACA	CACNA1S_S1617	1
PRKACA	CACNA1S_S1757	1
PRKACA	CACNA1S_S1854	1
PRKACA	CACNA1S_S687	1
PRKACA	CACNB2_S459	1
PRKACA	CACNB2_S460	1
PRKACA	CACNB2_S462	1
PRKACA	CACNB2_S466	1
PRKACA	CACNB2_S473	1
PRKACA	CACNB2_S476	1
PRKACA	CACNB2_S478	1
PRKACA	CACNB2_S479	1
PRKACA	CACNB2_S480	1
PRKACA	CACNB2_S481	1
PRKACA	CACNB2_S482	1
PRKACA	CACNB2_S483	1
PRKACA	CACNB2_S485	1
PRKACA	CACNB2_S486	1
PRKACA	CACNB2_S487	1
PRKACA	CACNB2_S490	1
PRKACA	CACNB2_S492	1
PRKACA	CACNB2_S493	1
PRKACA	CACNB2_S494	1
PRKACA	CACNB2_S495	1
PRKACA	CACNB2_S496	1
PRKACA	CACNB2_S505	1
PRKACA	CACNB2_S506	1
PRKACA	CACNB2_S507	1
PRKACA	CACNB2_S509	1
PRKACA	CACNB2_S510	1
PRKACA	CACNB2_S511	1
PRKACA	CACNB2_S514	1
PRKACA	CACNB2_S533	1
PRKACA	CACNB2_S534	1
PRKACA	CACNB2_S535	1
PRKACA	CACNB2_T164	1
PRKACA	CACNB2_T165	1
PRKACA	CACNB2_T171	1
PRKACA	CACNB2_T191	1
PRKACA	CACNB2_T219	1
PRKACA	CACNG2_T321	1
PRKACA	CAD_H1856	1
PRKACA	CAD_S1406	1
PRKACA	CAD_S1859	1
PRKACA	CAMKK1_S458	1
PRKACA	CAMKK1_S475	1
PRKACA	CAMKK1_S496	1
PRKACA	CAMKK1_S513	1
PRKACA	CAMKK1_S52	1
PRKACA	CAMKK1_S74	1
PRKACA	CAMKK1_T108	1
PRKACA	CAMKK2_S100	1
PRKACA	CAMKK2_S495	1
PRKACA	CAMKK2_S511	1
PRKACA	CAPN1_S255	1
PRKACA	CAPN1_S256	1
PRKACA	CAPN1_S415	1
PRKACA	CAPN1_S418	1
PRKACA	CAPN1_S474	1
PRKACA	CAPN2_S369	1
PRKACA	CAPN2_T370	1
PRKACA	CARM1_S447	1
PRKACA	CASP9_S183	1
PRKACA	CASP9_S195	1
PRKACA	CASP9_S99	1
PRKACA	CBL_S483	1
PRKACA	CBX3_S93	1
PRKACA	CCND1_S197	1
PRKACA	CCND1_S234	1
PRKACA	CCND1_S90	1
PRKACA	CD44_S697	1
PRKACA	CDC37_S97	1
PRKACA	CDCA7L_S139	1
PRKACA	CDCA7L_S261	1
PRKACA	CDCA7L_T248	1
PRKACA	CDCA7L_T360	1
PRKACA	CDK16_S110	1
PRKACA	CDK16_S116	1
PRKACA	CDK16_S119	1
PRKACA	CDK16_S12	1
PRKACA	CDK16_S125	1
PRKACA	CDK16_S153	1
PRKACA	CDK16_S159	1
PRKACA	CDK16_S18	1
PRKACA	CDK16_S184	1
PRKACA	CDK16_S193	1
PRKACA	CDK16_S227	1
PRKACA	CDK16_S86	1
PRKACA	CDK18_S14	1
PRKACA	CDK9_S347	1
PRKACA	CDKN2D_T141	1
PRKACA	CEBPB_S288	1
PRKACA	CETN1_S170	1
PRKACA	CETN2_S170	1
PRKACA	CFTR_S660	1
PRKACA	CFTR_S670	1
PRKACA	CFTR_S700	1
PRKACA	CFTR_S712	1
PRKACA	CFTR_S737	1
PRKACA	CFTR_S753	1
PRKACA	CFTR_S768	1
PRKACA	CFTR_S795	1
PRKACA	CFTR_S813	1
PRKACA	CGB5_S116	1
PRKACA	CGB5_S86	1
PRKACA	CGB5_T117	1
PRKACA	CHAF1B_S410	1
PRKACA	CHAF1B_T485	1
PRKACA	CHCHD3_T11	1
PRKACA	CHKB_S39	1
PRKACA	CHKB_S40	1
PRKACA	CIITA_S1050	1
PRKACA	CIITA_S834	1
PRKACA	CLDN3_T192	1
PRKACA	COL4A3_S1435	1
PRKACA	COL4A3_S1452	1
PRKACA	CREB1_S133	1
PRKACA	CREM_S87	1
PRKACA	CRHR1_S301	1
PRKACA	CRHR1_S330	1
PRKACA	CRIP2_S104	1
PRKACA	CRIP2_S115	1
PRKACA	CSF2RB_S585	1
PRKACA	CSF2RB_S601	1
PRKACA	CSK_S364	1
PRKACA	CSNK1A1_S218	1
PRKACA	CSNK1A1_S242	1
PRKACA	CSNK1A1_S246	1
PRKACA	CSNK1A1_S270	1
PRKACA	CTBP1_T144	1
PRKACA	CTBP2_S164	1
PRKACA	CTNNB1_S45	1
PRKACA	CTNNB1_S552	1
PRKACA	CTNNB1_S675	1
PRKACA	CTNND1_S879	1
PRKACA	CTPS1_T455	1
PRKACA	CTTN_S380	1
PRKACA	CTTN_T362	1
PRKACA	CUL5_S730	1
PRKACA	CUX1_S1215	1
PRKACA	CUX1_S1226	1
PRKACA	CUX1_S1237	1
PRKACA	CUX1_S1248	1
PRKACA	CUX1_S1270	1
PRKACA	CUX1_S1281	1
PRKACA	CYP17A1_S258	1
PRKACA	CYP3A4_S116	1
PRKACA	CYP3A4_S119	1
PRKACA	CYP3A4_S134	1
PRKACA	CYP3A4_S259	1
PRKACA	CYP3A4_S478	1
PRKACA	DACT1_S237	1
PRKACA	DACT1_S827	1
PRKACA	DAP3_S185	1
PRKACA	DAP3_S220	1
PRKACA	DAP3_S31	1
PRKACA	DAP3_T186	1
PRKACA	DAXX_S688	1
PRKACA	DAXX_S97	1
PRKACA	DCX_S47	1
PRKACA	DDB1_S645	1
PRKACA	DDX25_T239	1
PRKACA	DES_S12	1
PRKACA	DES_T17	1
PRKACA	DES_T76	1
PRKACA	DISC1_S58	1
PRKACA	DISC1_S713	1
PRKACA	DLX3_S10	1
PRKACA	DMTN_S403	1
PRKACA	DNAJC5_S10	1
PRKACA	DNM1L_S637	1
PRKACA	DOCK1_S1250	1
PRKACA	DSP_S2250	1
PRKACA	DSP_S2849	1
PRKACA	DTNB_T11	1
PRKACA	DTNB_T424	1
PRKACA	DUOX1_S1217	1
PRKACA	DUOX1_S955	1
PRKACA	DYNLRB1_S73	1
PRKACA	E2F1_S235	1
PRKACA	E2F1_S364	1
PRKACA	E2F1_T130	1
PRKACA	EEF2K_S366	1
PRKACA	EEF2K_S398	1
PRKACA	EEF2K_S500	1
PRKACA	EEF2K_S78	1
PRKACA	EIF2S2_S218	1
PRKACA	EIF4ENIF1_S213	1
PRKACA	EIF4ENIF1_S564	1
PRKACA	EIF4ENIF1_S587	1
PRKACA	EIF4ENIF1_S951	1
PRKACA	EMD_S49	1
PRKACA	EMSY_T207	1
PRKACA	ENSA_S109	1
PRKACA	EPB42_S278	1
PRKACA	ERBB2_T686	1
PRKACA	ESPL1_S1501	1
PRKACA	ESR1_S236	1
PRKACA	ESR1_S305	1
PRKACA	ETV1_S191	1
PRKACA	ETV1_S216	1
PRKACA	ETV1_S334	1
PRKACA	ETV5_S367	1
PRKACA	EVL_S160	1
PRKACA	EZR_S66	1
PRKACA	FCER1G_S69	1
PRKACA	FGA_S460	1
PRKACA	FHIP2B_S325	1
PRKACA	FIP1L1_S289	1
PRKACA	FLNA_S2152	1
PRKACA	FLNA_S2615	1
PRKACA	FLNA_S343	1
PRKACA	FLNA_T2336	1
PRKACA	FOS_S362	1
PRKACA	FOXO1_S153	1
PRKACA	FOXO1_S276	1
PRKACA	FRAT1_S188	1
PRKACA	FXYD1_S83	1
PRKACA	FXYD1_S88	1
PRKACA	FYN_S21	1
PRKACA	GABBR2_S893	1
PRKACA	GABRB1_S434	1
PRKACA	GABRR1_S443	1
PRKACA	GABRR1_S444	1
PRKACA	GAD1_T91	1
PRKACA	GATA3_S308	1
PRKACA	GATA3_S309	1
PRKACA	GATA4_S262	1
PRKACA	GCM1_S269	1
PRKACA	GCM1_S275	1
PRKACA	GFAP_S13	1
PRKACA	GFAP_S17	1
PRKACA	GFAP_S38	1
PRKACA	GFAP_S8	1
PRKACA	GFAP_T7	1
PRKACA	GFPT1_S205	1
PRKACA	GFPT1_S235	1
PRKACA	GFPT2_S202	1
PRKACA	GJA1_S364	1
PRKACA	GJA1_S365	1
PRKACA	GJA1_S369	1
PRKACA	GJA1_S373	1
PRKACA	GJA5_S120	1
PRKACA	GJA5_S345	1
PRKACA	GJB1_S233	1
PRKACA	GLI1_S544	1
PRKACA	GLI1_S560	1
PRKACA	GLI1_S640	1
PRKACA	GLI1_T374	1
PRKACA	GLI2_S511	1
PRKACA	GLI2_S808	1
PRKACA	GLI3_S1006	1
PRKACA	GLI3_S849	1
PRKACA	GLI3_S865	1
PRKACA	GLI3_S877	1
PRKACA	GLI3_S907	1
PRKACA	GLI3_S980	1
PRKACA	GMFB_S83	1
PRKACA	GMFB_T27	1
PRKACA	GNA13_T203	1
PRKACA	GNMT_S10	1
PRKACA	GP1BB_S191	1
PRKACA	GP1BB_S396	1
PRKACA	GPKOW_S27	1
PRKACA	GPKOW_T316	1
PRKACA	GPR15_S357	1
PRKACA	GRIA1_S863	1
PRKACA	GRIA1_S873	1
PRKACA	GRIA4_S862	1
PRKACA	GRIK2_S697	1
PRKACA	GRIK2_S715	1
PRKACA	GRIN2B_S1166	1
PRKACA	GRK1_S21	1
PRKACA	GRK2_S685	1
PRKACA	GRK7_S23	1
PRKACA	GRK7_S36	1
PRKACA	GSK3A_S21	1
PRKACA	GSK3B_S9	1
PRKACA	GSTA4_S189	1
PRKACA	GSTP1_S185	1
PRKACA	GYS1_S698	1
PRKACA	GYS1_S710	1
PRKACA	GYS1_S8	1
PRKACA	H1-4_S36	1
PRKACA	H2BC5_S15	1
PRKACA	H2BC5_S33	1
PRKACA	H2BC5_S37	1
PRKACA	H2BC7_S15	1
PRKACA	H2BC7_S33	1
PRKACA	H2BC7_S37	1
PRKACA	H3-3B_S11	1
PRKACA	H3-3B_S29	1
PRKACA	H3C1_S11	1
PRKACA	HAND1_S109	1
PRKACA	HAND1_S98	1
PRKACA	HAND1_T107	1
PRKACA	HDAC4_S265	1
PRKACA	HDAC4_S266	1
PRKACA	HDAC4_S584	1
PRKACA	HDAC5_S279	1
PRKACA	HDAC5_S280	1
PRKACA	HDAC8_S39	1
PRKACA	HEXIM1_S158	1
PRKACA	HIF1A_S465	1
PRKACA	HIF1A_S692	1
PRKACA	HIF1A_S727	1
PRKACA	HIF1A_S760	1
PRKACA	HIF1A_S761	1
PRKACA	HIF1A_S809	1
PRKACA	HIF1A_T455	1
PRKACA	HIF1A_T63	1
PRKACA	HIF1A_T700	1
PRKACA	HLA-A_S337	1
PRKACA	HLA-A_S343	1
PRKACA	HLCS_S79	1
PRKACA	HMGCR_S872	1
PRKACA	HMGN1_S21	1
PRKACA	HMGN1_S25	1
PRKACA	HMGN1_S7	1
PRKACA	HMGN2_S25	1
PRKACA	HMGN2_S29	1
PRKACA	HNRNPA1_S199	1
PRKACA	HNRNPD_S87	1
PRKACA	HNRNPK_S302	1
PRKACA	HNRNPK_S417	1
PRKACA	HRH1_S396	1
PRKACA	HRH1_S398	1
PRKACA	HSF1_S320	1
PRKACA	HSP90AA1_T212	1
PRKACA	HSP90AA1_T90	1
PRKACA	HSP90AB1_T89	1
PRKACA	HSPA1A_S418	1
PRKACA	HSPB1_S78	1
PRKACA	HSPB1_S82	1
PRKACA	HSPB1_T143	1
PRKACA	HSPB6_S16	1
PRKACA	HSPB8_S57	1
PRKACA	IGF2R_S2347	1
PRKACA	IMMT_S528	1
PRKACA	INVS_T795	1
PRKACA	IQGAP2_T716	1
PRKACA	IRF3_S175	1
PRKACA	IRS1_S1100	1
PRKACA	IRS1_S1222	1
PRKACA	IRS1_S1223	1
PRKACA	IRS1_S794	1
PRKACA	ITGA4_S1021	1
PRKACA	ITGB4_S1364	1
PRKACA	ITPKA_S121	1
PRKACA	ITPKA_T311	1
PRKACA	ITPR1_S1583	1
PRKACA	ITPR1_S1588	1
PRKACA	ITPR1_S1598	1
PRKACA	ITPR1_S1749	1
PRKACA	ITPR1_S1764	1
PRKACA	JADE1_S8	1
PRKACA	KCNA1_S446	1
PRKACA	KCNA4_T601	1
PRKACA	KCND2_S552	1
PRKACA	KCND2_T38	1
PRKACA	KCNH2_S1137	1
PRKACA	KCNH2_S283	1
PRKACA	KCNH2_S797	1
PRKACA	KCNH2_S890	1
PRKACA	KCNH2_T895	1
PRKACA	KCNJ11_S372	1
PRKACA	KCNJ11_T224	1
PRKACA	KCNJ12_S431	1
PRKACA	KCNJ13_S287	1
PRKACA	KCNJ2_S425	1
PRKACA	KCNJ3_S385	1
PRKACA	KCNJ4_S443	1
PRKACA	KCNJ5_S412	1
PRKACA	KCNJ5_T199	1
PRKACA	KCNK3_S393	1
PRKACA	KCNK9_S373	1
PRKACA	KCNMA1_S934	1
PRKACA	KCNN2_S135	1
PRKACA	KCNN2_S464	1
PRKACA	KCNN2_S567	1
PRKACA	KCNN2_S568	1
PRKACA	KCNN2_S569	1
PRKACA	KCNN4_S334	1
PRKACA	KCNQ1_S27	1
PRKACA	KCNQ2_S438	1
PRKACA	KCNQ2_S455	1
PRKACA	KCNQ5_S88	1
PRKACA	KDELR1_S209	1
PRKACA	KDM3A_S265	1
PRKACA	KLF1_T23	1
PRKACA	KLHL3_S433	1
PRKACA	KRAS_S181	1
PRKACA	KSR1_S751	1
PRKACA	KSR1_S888	1
PRKACA	LAMTOR4_S67	1
PRKACA	LARP1_S747	1
PRKACA	LARP1_S770	1
PRKACA	LARP1_S88	1
PRKACA	LARP1_S979	1
PRKACA	LARP1_T449	1
PRKACA	LARP1_T545	1
PRKACA	LARP1_T768	1
PRKACA	LASP1_S146	1
PRKACA	LASP1_S99	1
PRKACA	LCK_S42	1
PRKACA	LCP1_S5	1
PRKACA	LCP1_S7	1
PRKACA	LIPE_S853	1
PRKACA	LIPE_S855	1
PRKACA	LIPE_S950	1
PRKACA	LIPE_S951	1
PRKACA	LRP1_S4517	1
PRKACA	LRP1_S4520	1
PRKACA	LRP6_T1548	1
PRKACA	LRRK2_S1443	1
PRKACA	LRRK2_S1444	1
PRKACA	LRRK2_S910	1
PRKACA	LRRK2_S935	1
PRKACA	MAP1LC3A_S12	1
PRKACA	MAP2K6_S207	1
PRKACA	MAP2K6_T211	1
PRKACA	MAP2_S1675	1
PRKACA	MAP2_S1679	1
PRKACA	MAP2_S1710	1
PRKACA	MAP2_S1742	1
PRKACA	MAP2_S1782	1
PRKACA	MAP2_S319	1
PRKACA	MAP3K3_S166	1
PRKACA	MAP3K3_S197	1
PRKACA	MAP3K3_S337	1
PRKACA	MAP3K3_S368	1
PRKACA	MAPKAPK5_S115	1
PRKACA	MAPT_S137	1
PRKACA	MAPT_S140	1
PRKACA	MAPT_S141	1
PRKACA	MAPT_S156	1
PRKACA	MAPT_S195	1
PRKACA	MAPT_S198	1
PRKACA	MAPT_S199	1
PRKACA	MAPT_S202	1
PRKACA	MAPT_S204	1
PRKACA	MAPT_S214	1
PRKACA	MAPT_S235	1
PRKACA	MAPT_S262	1
PRKACA	MAPT_S267	1
PRKACA	MAPT_S293	1
PRKACA	MAPT_S298	1
PRKACA	MAPT_S305	1
PRKACA	MAPT_S316	1
PRKACA	MAPT_S320	1
PRKACA	MAPT_S324	1
PRKACA	MAPT_S325	1
PRKACA	MAPT_S351	1
PRKACA	MAPT_S356	1
PRKACA	MAPT_S373	1
PRKACA	MAPT_S409	1
PRKACA	MAPT_S416	1
PRKACA	MAPT_S512	1
PRKACA	MAPT_S515	1
PRKACA	MAPT_S516	1
PRKACA	MAPT_S530	1
PRKACA	MAPT_S531	1
PRKACA	MAPT_S533	1
PRKACA	MAPT_S534	1
PRKACA	MAPT_S549	1
PRKACA	MAPT_S579	1
PRKACA	MAPT_S597	1
PRKACA	MAPT_S628	1
PRKACA	MAPT_S640	1
PRKACA	MAPT_S651	1
PRKACA	MAPT_S655	1
PRKACA	MAPT_S659	1
PRKACA	MAPT_S673	1
PRKACA	MAPT_S691	1
PRKACA	MAPT_S726	1
PRKACA	MAPT_S744	1
PRKACA	MAPT_S751	1
PRKACA	MAPT_T147	1
PRKACA	MAPT_T154	1
PRKACA	MAPT_T173	1
PRKACA	MAPT_T205	1
PRKACA	MAPT_T212	1
PRKACA	MAPT_T231	1
PRKACA	MAPT_T245	1
PRKACA	MAPT_T522	1
PRKACA	MAPT_T529	1
PRKACA	MAPT_T540	1
PRKACA	MAPT_T547	1
PRKACA	MAPT_T548	1
PRKACA	MAPT_T566	1
PRKACA	MAPT_T580	1
PRKACA	MARCKS_S159	1
PRKACA	MARK2_S409	1
PRKACA	MARK3_T507	1
PRKACA	MATR3_S188	1
PRKACA	MATR3_S195	1
PRKACA	MATR3_S22	1
PRKACA	MATR3_S234	1
PRKACA	MATR3_S533	1
PRKACA	MATR3_S596	1
PRKACA	MATR3_S598	1
PRKACA	MBP_S122	1
PRKACA	MBP_S13	1
PRKACA	MBP_S133	1
PRKACA	MBP_S141	1
PRKACA	MBP_S146	1
PRKACA	MBP_S148	1
PRKACA	MBP_S151	1
PRKACA	MBP_S159	1
PRKACA	MBP_S162	1
PRKACA	MBP_S177	1
PRKACA	MBP_S188	1
PRKACA	MBP_S190	1
PRKACA	MBP_S266	1
PRKACA	MBP_S295	1
PRKACA	MBP_S57	1
PRKACA	MBP_S8	1
PRKACA	MBP_T169	1
PRKACA	MBP_T36	1
PRKACA	MC4R_S329	1
PRKACA	MC4R_S330	1
PRKACA	MC4R_T312	1
PRKACA	MCOLN1_S557	1
PRKACA	MCOLN1_S559	1
PRKACA	MDM4_S367	1
PRKACA	MEF2B_S324	1
PRKACA	MEF2C_T20	1
PRKACA	MFN2_S442	1
PRKACA	MIP_S229	1
PRKACA	MIP_S231	1
PRKACA	MLXIPL_S196	1
PRKACA	MLXIPL_T651	1
PRKACA	MLXIPL_T653	1
PRKACA	MORC2_T582	1
PRKACA	MSN_T558	1
PRKACA	MTOR_T2446	1
PRKACA	MYBPC3_S275	1
PRKACA	MYBPC3_S284	1
PRKACA	MYBPC3_S304	1
PRKACA	MYBPC3_S311	1
PRKACA	MYLK_S13	1
PRKACA	MYLK_S1388	1
PRKACA	MYLK_S1773	1
PRKACA	MYLK_S815	1
PRKACA	MYOM2_S76	1
PRKACA	NCF1_S303	1
PRKACA	NCF1_S320	1
PRKACA	NCF1_S328	1
PRKACA	NCF1_S348	1
PRKACA	NCF1_S359	1
PRKACA	NCF1_S370	1
PRKACA	NCOA3_S857	1
PRKACA	NCOR1_S70	1
PRKACA	NDE1_S306	1
PRKACA	NDE1_T131	1
PRKACA	NDRG1_S330	1
PRKACA	NDRG1_T366	1
PRKACA	NDUFS4_S173	1
PRKACA	NEDD4L_S342	1
PRKACA	NEDD4L_S448	1
PRKACA	NEDD4L_T367	1
PRKACA	NF2_S10	1
PRKACA	NF2_S518	1
PRKACA	NFATC1_S232	1
PRKACA	NFATC1_S245	1
PRKACA	NFATC1_S256	1
PRKACA	NFATC1_S269	1
PRKACA	NFATC1_S281	1
PRKACA	NFATC1_S294	1
PRKACA	NFATC2_S110	1
PRKACA	NFATC2_S171	1
PRKACA	NFATC2_S172	1
PRKACA	NFATC2_S174	1
PRKACA	NFATC2_S175	1
PRKACA	NFATC2_S177	1
PRKACA	NFATC2_S180	1
PRKACA	NFATC2_S213	1
PRKACA	NFATC2_S217	1
PRKACA	NFATC2_S221	1
PRKACA	NFATC2_S268	1
PRKACA	NFATC2_S274	1
PRKACA	NFATC2_S276	1
PRKACA	NFATC2_S280	1
PRKACA	NFATC2_S326	1
PRKACA	NFATC3_S731	1
PRKACA	NFATC4_S272	1
PRKACA	NFATC4_S289	1
PRKACA	NFATC4_S334	1
PRKACA	NFATC4_S676	1
PRKACA	NFE2L1_S599	1
PRKACA	NFKB1_S337	1
PRKACA	NFKB1_S338	1
PRKACA	NFKB1_S937	1
PRKACA	NGFR_S303	1
PRKACA	NKD2_S223	1
PRKACA	NLRP3_S295	1
PRKACA	NOLC1_S622	1
PRKACA	NOLC1_S623	1
PRKACA	NOLC1_S624	1
PRKACA	NOS1_S852	1
PRKACA	NOS1_S886	1
PRKACA	NOS3_S1177	1
PRKACA	NOS3_S615	1
PRKACA	NOS3_S633	1
PRKACA	NOS3_T495	1
PRKACA	NOXA1_S172	1
PRKACA	NOXA1_S461	1
PRKACA	NOXA1_S468	1
PRKACA	NPR1_S529	1
PRKACA	NR5A2_S510	1
PRKACA	NSFL1C_S176	1
PRKACA	OFD1_S735	1
PRKACA	OFD1_S899	1
PRKACA	ORAI1_S34	1
PRKACA	PAH_S16	1
PRKACA	PARK7_T154	1
PRKACA	PARP1_S465	1
PRKACA	PARP1_S782	1
PRKACA	PARP1_S785	1
PRKACA	PAXBP1_S16	1
PRKACA	PDC_S21	1
PRKACA	PDC_S73	1
PRKACA	PDE10A_T15	1
PRKACA	PDE10A_T16	1
PRKACA	PDE11A_S117	1
PRKACA	PDE11A_S162	1
PRKACA	PDE3A_S312	1
PRKACA	PDE3A_S428	1
PRKACA	PDE3A_S438	1
PRKACA	PDE3B_S296	1
PRKACA	PDE3B_S318	1
PRKACA	PDE3B_S442	1
PRKACA	PDE3B_S73	1
PRKACA	PDE4A_S145	1
PRKACA	PDE4B_S133	1
PRKACA	PDE4B_S56	1
PRKACA	PDE4C_S119	1
PRKACA	PDE4C_S13	1
PRKACA	PDE4D_S126	1
PRKACA	PDE4D_S13	1
PRKACA	PDE4D_S190	1
PRKACA	PDE4D_S54	1
PRKACA	PDE5A_S102	1
PRKACA	PDE8A_S359	1
PRKACA	PDZK1_S505	1
PRKACA	PFKFB1_S33	1
PRKACA	PFKFB2_S466	1
PRKACA	PFKFB3_S461	1
PRKACA	PFKL_T773	1
PRKACA	PFN1_S138	1
PRKACA	PFN1_S72	1
PRKACA	PHAX_S164	1
PRKACA	PHF2_S1056	1
PRKACA	PHF2_S757	1
PRKACA	PHF2_S899	1
PRKACA	PHF2_S954	1
PRKACA	PHKA1_S1018	1
PRKACA	PHOX2A_S153	1
PRKACA	PIK3CG_T1024	1
PRKACA	PIK3R1_S83	1
PRKACA	PIM1_S65	1
PRKACA	PIN1_S16	1
PRKACA	PIN1_S71	1
PRKACA	PIP5K1B_S214	1
PRKACA	PJA2_S342	1
PRKACA	PJA2_T389	1
PRKACA	PKD1_S4252	1
PRKACA	PKD2L1_S682	1
PRKACA	PKD2L1_S685	1
PRKACA	PKD2L1_S686	1
PRKACA	PKD2_S829	1
PRKACA	PLCB3_S1105	1
PRKACA	PLCG1_S1248	1
PRKACA	PLCG1_S1249	1
PRKACA	PLCL1_T246	1
PRKACA	PLEC_S4642	1
PRKACA	PLIN1_S220	1
PRKACA	PLIN1_S277	1
PRKACA	PLIN1_S81	1
PRKACA	PLN_S16	1
PRKACA	PLN_T17	1
PRKACA	POLD3_S458	1
PRKACA	POU2F1_S385	1
PRKACA	POU2F1_S408	1
PRKACA	POU3F2_S360	1
PRKACA	POU5F1_S288	1
PRKACA	POU5F1_S289	1
PRKACA	PPM1B_S195	1
PRKACA	PPP1R12A_S695	1
PRKACA	PPP1R12A_S852	1
PRKACA	PPP1R13L_S102	1
PRKACA	PPP1R13L_S120	1
PRKACA	PPP1R13L_S158	1
PRKACA	PPP1R13L_S183	1
PRKACA	PPP1R13L_S280	1
PRKACA	PPP1R13L_S526	1
PRKACA	PPP1R14A_S130	1
PRKACA	PPP1R14A_T38	1
PRKACA	PPP1R14C_T73	1
PRKACA	PPP1R14D_T58	1
PRKACA	PPP1R17_T119	1
PRKACA	PPP1R17_T68	1
PRKACA	PPP1R1A_S6	1
PRKACA	PPP1R1A_S67	1
PRKACA	PPP1R1A_T35	1
PRKACA	PPP1R1A_T75	1
PRKACA	PPP1R1B_S102	1
PRKACA	PPP1R1B_S137	1
PRKACA	PPP1R1B_T34	1
PRKACA	PPP1R1B_T75	1
PRKACA	PPP1R1C_T34	1
PRKACA	PPP1R1C_T41	1
PRKACA	PPP1R3A_S46	1
PRKACA	PPP1R3A_S48	1
PRKACA	PPP1R3A_S65	1
PRKACA	PPP1R8_S178	1
PRKACA	PPP1R8_S199	1
PRKACA	PPP1R8_S36	1
PRKACA	PPP1R8_S57	1
PRKACA	PPP1R8_T179	1
PRKACA	PPP1R9A_S460	1
PRKACA	PPP1R9B_S100	1
PRKACA	PPP1R9B_S94	1
PRKACA	PPP2R5D_S573	1
PRKACA	PPP2R5D_S60	1
PRKACA	PPP2R5D_S75	1
PRKACA	PREX1_S436	1
PRKACA	PRKAA1_S486	1
PRKACA	PRKAA1_S496	1
PRKACA	PRKAA2_S173	1
PRKACA	PRKAB1_S24	1
PRKACA	PRKAR1A_S77	1
PRKACA	PRKAR2A_S99	1
PRKACA	PRKAR2B_S114	1
PRKACA	PRKD1_S421	1
PRKACA	PSEN1_S310	1
PRKACA	PSMC5_S120	1
PRKACA	PSMD11_S14	1
PRKACA	PSMD2_S361	1
PRKACA	PTBP1_S16	1
PRKACA	PTGER4_S222	1
PRKACA	PTGER4_S259	1
PRKACA	PTK2B_S778	1
PRKACA	PTPN11_S189	1
PRKACA	PTPN11_T73	1
PRKACA	PTPN12_S39	1
PRKACA	PTPN12_S435	1
PRKACA	PTPN5_S221	1
PRKACA	PTPN7_S149	1
PRKACA	PTPN7_S44	1
PRKACA	PTPN7_S83	1
PRKACA	PTPRR_S339	1
PRKACA	PTPRR_S94	1
PRKACA	RAF1_S233	1
PRKACA	RAF1_S259	1
PRKACA	RAF1_S43	1
PRKACA	RAF1_S621	1
PRKACA	RAP1A_S180	1
PRKACA	RAP1B_S179	1
PRKACA	RAP1B_S180	1
PRKACA	RAP1GAP2_S7	1
PRKACA	RAP1GAP_S490	1
PRKACA	RAP1GAP_S499	1
PRKACA	RAP1GAP_S554	1
PRKACA	RAP1GAP_S563	1
PRKACA	RARA_S219	1
PRKACA	RARA_S369	1
PRKACA	RARG_S371	1
PRKACA	RASD2_S239	1
PRKACA	RASGRF1_S143	1
PRKACA	RASGRF1_S927	1
PRKACA	RASGRP2_S587	1
PRKACA	RASSF1_S203	1
PRKACA	RASSF1_S207	1
PRKACA	RB1_S780	1
PRKACA	RCAN1_S93	1
PRKACA	RCHY1_S257	1
PRKACA	RELA_S276	1
PRKACA	RELA_S42	1
PRKACA	RELA_S45	1
PRKACA	RET_S696	1
PRKACA	RGS10_S162	1
PRKACA	RGS10_S168	1
PRKACA	RGS13_T41	1
PRKACA	RGS14_S260	1
PRKACA	RGS14_T495	1
PRKACA	RGS18_S216	1
PRKACA	RHOA_S188	1
PRKACA	RPS19_S59	1
PRKACA	RPTOR_S791	1
PRKACA	RRAD_S257	1
PRKACA	RRAD_S273	1
PRKACA	RUNX1T1_T592	1
PRKACA	RUVBL2_S339	1
PRKACA	RXRA_S27	1
PRKACA	RYR1_S2843	1
PRKACA	RYR2_S2031	1
PRKACA	RYR2_S2808	1
PRKACA	SAFB2_S31	1
PRKACA	SAFB2_S513	1
PRKACA	SCN5A_S516	1
PRKACA	SCN5A_S524	1
PRKACA	SCN5A_S525	1
PRKACA	SCN5A_S528	1
PRKACA	SCRIB_S1445	1
PRKACA	SDC1_S285	1
PRKACA	SEC14L2_S289	1
PRKACA	SEPTIN12_S198	1
PRKACA	SEPTIN7_T198	1
PRKACA	SERPINF1_S227	1
PRKACA	SGK1_T369	1
PRKACA	SGK1_T464	1
PRKACA	SIK2_S358	1
PRKACA	SIK3_S551	1
PRKACA	SIK3_S626	1
PRKACA	SIK3_T469	1
PRKACA	SI_S7	1
PRKACA	SLC26A4_T717	1
PRKACA	SLC2A2_S491	1
PRKACA	SLC2A2_S503	1
PRKACA	SLC2A2_S505	1
PRKACA	SLC4A4_S1026	1
PRKACA	SLC4A4_S982	1
PRKACA	SLC8B1_S258	1
PRKACA	SLK_S189	1
PRKACA	SMARCC2_S302	1
PRKACA	SMARCC2_S304	1
PRKACA	SMN2_S187	1
PRKACA	SMN2_S4	1
PRKACA	SMN2_S5	1
PRKACA	SMN2_S8	1
PRKACA	SMN2_T85	1
PRKACA	SNAI1_S11	1
PRKACA	SNAP25_S187	1
PRKACA	SNAP25_S28	1
PRKACA	SNAP25_T138	1
PRKACA	SNAP25_T29	1
PRKACA	SNAPIN_S50	1
PRKACA	SORBS2_S259	1
PRKACA	SOX9_S181	1
PRKACA	SOX9_S64	1
PRKACA	SPTBN1_T2159	1
PRKACA	SPTBN1_T346	1
PRKACA	SRC_S17	1
PRKACA	SRC_Y419	1
PRKACA	SREBF1_S314	1
PRKACA	SREBF1_S338	1
PRKACA	SREBF1_S368	1
PRKACA	SRF_T159	1
PRKACA	SRSF1_S119	1
PRKACA	SRSF2_S121	1
PRKACA	SRSF2_S128	1
PRKACA	SRSF2_S130	1
PRKACA	SRSF2_S171	1
PRKACA	SRY_S32	1
PRKACA	STAR_S195	1
PRKACA	STAR_S57	1
PRKACA	STIM1_T389	1
PRKACA	STK11_S428	1
PRKACA	STK24_T18	1
PRKACA	STK26_T178	1
PRKACA	STK38_S10	1
PRKACA	STK38_S11	1
PRKACA	STMN1_S16	1
PRKACA	STMN1_S63	1
PRKACA	STMN2_S50	1
PRKACA	STMN2_S97	1
PRKACA	STOM_S10	1
PRKACA	STUB1_S122	1
PRKACA	SUFU_S342	1
PRKACA	SUFU_S346	1
PRKACA	SUN2_S116	1
PRKACA	SUN2_S12	1
PRKACA	SUN2_S54	1
PRKACA	SYN1_S9	1
PRKACA	SYN2_S10	1
PRKACA	TAGLN2_S163	1
PRKACA	TAL1_S122	1
PRKACA	TAL1_S172	1
PRKACA	TBXA2R_S324	1
PRKACA	TBXA2R_S329	1
PRKACA	TBXA2R_S330	1
PRKACA	TBXA2R_S331	1
PRKACA	TBXA2R_T332	1
PRKACA	TEAD1_S102	1
PRKACA	TENT2_S116	1
PRKACA	TFAM_S160	1
PRKACA	TFAM_S55	1
PRKACA	TFAM_S56	1
PRKACA	TFAM_S61	1
PRKACA	TFAP2A_S239	1
PRKACA	TGM2_S215	1
PRKACA	TGM2_S216	1
PRKACA	THOP1_S643	1
PRKACA	TH_S36	1
PRKACA	TH_S40	1
PRKACA	TH_S44	1
PRKACA	TH_S67	1
PRKACA	TH_S71	1
PRKACA	TNFRSF1A_T411	1
PRKACA	TNFRSF1A_T417	1
PRKACA	TNNI3_S166	1
PRKACA	TNNI3_S23	1
PRKACA	TNNI3_S24	1
PRKACA	TNNI3_S39	1
PRKACA	TNNI3_Y26	1
PRKACA	TNNI3_Y29	1
PRKACA	TP53_S378	1
PRKACA	TPH1_S260	1
PRKACA	TPH1_S58	1
PRKACA	TPH2_S104	1
PRKACA	TPH2_S19	1
PRKACA	TPPP_S159	1
PRKACA	TPPP_S32	1
PRKACA	TPPP_T92	1
PRKACA	TPR_S2108	1
PRKACA	TRIM28_S473	1
PRKACA	TRIM71_S3	1
PRKACA	TRIP10_S296	1
PRKACA	TRIP10_S426	1
PRKACA	TRIP10_T225	1
PRKACA	TRPA1_S317	1
PRKACA	TRPA1_S428	1
PRKACA	TRPA1_S86	1
PRKACA	TRPA1_S972	1
PRKACA	TRPC5_S794	1
PRKACA	TRPC5_S796	1
PRKACA	TRPC6_T70	1
PRKACA	TRPM8_S9	1
PRKACA	TRPM8_T17	1
PRKACA	TRPV1_S502	1
PRKACA	TRPV4_S824	1
PRKACA	TRPV5_T708	1
PRKACA	TTF2_S396	1
PRKACA	TTF2_T500	1
PRKACA	TTN_S4010	1
PRKACA	TTN_S4065	1
PRKACA	TTN_S4185	1
PRKACA	TTN_S4502	1
PRKACA	UBE3A_T485	1
PRKACA	UBE3A_T508	1
PRKACA	UFD1_S229	1
PRKACA	UHRF1_S298	1
PRKACA	ULK2_S1027	1
PRKACA	URI1_S372	1
PRKACA	USP20_S333	1
PRKACA	VASP_S157	1
PRKACA	VASP_S239	1
PRKACA	VASP_T278	1
PRKACA	VDR_S182	1
PRKACA	VDR_S232	1
PRKACA	VIM_S25	1
PRKACA	VIM_S39	1
PRKACA	VIM_S47	1
PRKACA	VIM_S51	1
PRKACA	VIM_S66	1
PRKACA	VIM_S7	1
PRKACA	VIM_S72	1
PRKACA	VIM_S73	1
PRKACA	VTN_S397	1
PRKACA	WT1_S365	1
PRKACA	WT1_S393	1
PRKACA	XPO1_S1055	1
PRKACA	XPO1_T65	1
PRKACA	XRCC4_S328	1
PRKACA	YWHAE_S64	1
PRKACA	YWHAH_S58	1
PRKACA	YWHAH_S59	1
PRKACA	YWHAH_S64	1
PRKACA	YWHAZ_S58	1
PRKACA	ZFP36L1_S334	1
PRKACA	ZFP36L1_S54	1
PRKACA	ZHX1_S45	1
PRKACA	ZHX1_T8	1
PRKACA	ZYX_S170	1
PRKACB	ABCA1_S1042	1
PRKACB	ABCA1_S2054	1
PRKACB	ABCF1_S105	1
PRKACB	ADRB2_S411	1
PRKACB	AFDN_S1090	1
PRKACB	AFDN_S1184	1
PRKACB	AGO4_S798	1
PRKACB	ANAPC1_S569	1
PRKACB	AQP2_S256	1
PRKACB	BAD_S118	1
PRKACB	BAD_S75	1
PRKACB	BAD_S99	1
PRKACB	BCKDK_S31	1
PRKACB	C5AR1_S314	1
PRKACB	C5AR1_S332	1
PRKACB	CACNA1C_S1627	1
PRKACB	CALD1_S744	1
PRKACB	CAMK2G_S333	1
PRKACB	CAMKK1_T108	1
PRKACB	CBX3_S93	1
PRKACB	CDC25A_S124	1
PRKACB	CDC25A_S178	1
PRKACB	CDC42EP1_S121	1
PRKACB	CGB5_S86	1
PRKACB	CGB5_T117	1
PRKACB	CIITA_S834	1
PRKACB	CREB1_S133	1
PRKACB	CRIP2_S104	1
PRKACB	CSF2RB_S601	1
PRKACB	CST4_S132	1
PRKACB	CTNNA1_S655	1
PRKACB	CTR9_S1037	1
PRKACB	CUL5_S730	1
PRKACB	CXCR2_S352	1
PRKACB	DCLK1_S305	1
PRKACB	DHX8_S557	1
PRKACB	DMTN_S403	1
PRKACB	EGR1_S378	1
PRKACB	FGA_S460	1
PRKACB	FYN_S21	1
PRKACB	GLI2_S808	1
PRKACB	GLI3_S1006	1
PRKACB	GLI3_S849	1
PRKACB	GLI3_S865	1
PRKACB	GLI3_S877	1
PRKACB	GLI3_S907	1
PRKACB	GLI3_S980	1
PRKACB	GOLGA4_S71	1
PRKACB	GPKOW_S27	1
PRKACB	GPKOW_T316	1
PRKACB	GRIA4_S862	1
PRKACB	GRIN2B_S1166	1
PRKACB	GRIN2B_S383	1
PRKACB	GTF2F1_S385	1
PRKACB	GTF2I_S517	1
PRKACB	HNRNPK_S302	1
PRKACB	HTR2C_S456	1
PRKACB	KIT_S959	1
PRKACB	KRT19_S46	1
PRKACB	LATS2_S83	1
PRKACB	LCP1_S5	1
PRKACB	LIPE_S400	1
PRKACB	LIPE_S552	1
PRKACB	LIPE_S565	1
PRKACB	LIPE_S950	1
PRKACB	LYZ_S42	1
PRKACB	MAPKAPK5_S115	1
PRKACB	MBD3_S24	1
PRKACB	MITF_S401	1
PRKACB	MLXIPL_S196	1
PRKACB	MYBPC3_S275	1
PRKACB	MYBPC3_S284	1
PRKACB	MYBPC3_S304	1
PRKACB	MYBPC3_S311	1
PRKACB	MYLK_S815	1
PRKACB	NEU1_S244	1
PRKACB	NGFR_S303	1
PRKACB	NME2_S44	1
PRKACB	NPR1_S538	1
PRKACB	PER2_S662	1
PRKACB	PFKFB1_S33	1
PRKACB	PLA2G4A_S729	1
PRKACB	PLIN1_S277	1
PRKACB	PLIN1_S81	1
PRKACB	POU2F1_S385	1
PRKACB	PPIG_S356	1
PRKACB	PPP1R1B_S102	1
PRKACB	PPP1R1B_S137	1
PRKACB	PPP1R1B_T34	1
PRKACB	PPP1R1B_T75	1
PRKACB	PPP1R8_S178	1
PRKACB	PRKAB1_S24	1
PRKACB	PRKCE_S729	1
PRKACB	PRPF4B_S366	1
PRKACB	QDPR_S223	1
PRKACB	RAF1_S338	1
PRKACB	RAP1A_S180	1
PRKACB	RAP1GAP2_S7	1
PRKACB	RBL2_S972	1
PRKACB	RELA_S276	1
PRKACB	RGS14_T495	1
PRKACB	RPS6KA1_S732	1
PRKACB	SMAD2_S464	1
PRKACB	SMAD3_S422	1
PRKACB	SNRNP200_S756	1
PRKACB	SPAG9_S733	1
PRKACB	SPTBN1_S1918	1
PRKACB	SRRM1_S429	1
PRKACB	SRRM1_S802	1
PRKACB	SRSF2_S121	1
PRKACB	SRSF2_S128	1
PRKACB	SRSF2_S130	1
PRKACB	SRSF2_S171	1
PRKACB	STAMBP_S48	1
PRKACB	TBC1D5_S43	1
PRKACB	TBC1D5_S44	1
PRKACB	TENT2_S116	1
PRKACB	THRAP3_S237	1
PRKACB	TIAM1_S231	1
PRKACB	TP53_S215	1
PRKACB	TRAPPC8_S273	1
PRKACB	TRIM3_S7	1
PRKACB	USP32_S539	1
PRKACB	VIM_S65	1
PRKACB	VIM_S72	1
PRKACB	WDR33_S1218	1
PRKACB	XK_S63	1
PRKACB	XRCC4_S193	1
PRKACB	XRCC4_S328	1
PRKACB	ZFP36_S52	1
PRKACB	ZNF224_S161	1
PRKACG	ABCA1_S1042	1
PRKACG	ABCA1_S2054	1
PRKACG	ALOX5_S523	1
PRKACG	AQP2_S256	1
PRKACG	BAD_S118	1
PRKACG	BAD_S75	1
PRKACG	BAD_S99	1
PRKACG	CREB1_S133	1
PRKACG	CSF2RB_S601	1
PRKACG	CTNNB1_S675	1
PRKACG	CYP2E1_S129	1
PRKACG	FXYD1_S88	1
PRKACG	FYN_S21	1
PRKACG	GLI2_S808	1
PRKACG	GLI3_S1006	1
PRKACG	GLI3_S849	1
PRKACG	GLI3_S865	1
PRKACG	GLI3_S877	1
PRKACG	GLI3_S907	1
PRKACG	GLI3_S980	1
PRKACG	GRIA1_S863	1
PRKACG	LIPE_S950	1
PRKACG	MAPKAPK5_S115	1
PRKACG	MAPT_S214	1
PRKACG	MLXIPL_S196	1
PRKACG	MYBPC3_S275	1
PRKACG	MYBPC3_S284	1
PRKACG	MYBPC3_S304	1
PRKACG	MYBPC3_S311	1
PRKACG	MYLK_S815	1
PRKACG	NOS3_S1177	1
PRKACG	PAH_S16	1
PRKACG	PFKFB1_S33	1
PRKACG	PLIN1_S277	1
PRKACG	PLIN1_S81	1
PRKACG	PLN_S16	1
PRKACG	PPP1R1B_S102	1
PRKACG	PPP1R1B_S137	1
PRKACG	PPP1R1B_T34	1
PRKACG	PPP1R1B_T75	1
PRKACG	RAP1GAP2_S7	1
PRKACG	RELA_S276	1
PRKACG	SRF_T159	1
PRKACG	STAT3_S727	1
PRKACG	STMN1_S16	1
PRKACG	STMN1_S63	1
PRKACG	SYT12_S97	1
PRKACG	TENT2_S116	1
PRKACG	TH_S40	1
PRKACG	VASP_S157	1
PRKACG	VTN_S397	1
PRKACG	WT1_S365	1
PRKACG	WT1_S393	1
PRKAG1	ACACA_S80	1
PRKAG1	ACSS2_S659	1
PRKAG1	ALDH2_T356	1
PRKAG1	AMOTL1_S793	1
PRKAG1	ARMC10_S45	1
PRKAG1	ATG9A_S761	1
PRKAG1	BAIAP2_S366	1
PRKAG1	CDC27_S379	1
PRKAG1	CFTR_S737	1
PRKAG1	CFTR_S768	1
PRKAG1	CHKA_S279	1
PRKAG1	CRTC2_S170	1
PRKAG1	CRTC2_S171	1
PRKAG1	CRY1_S280	1
PRKAG1	CRY1_S71	1
PRKAG1	CTBP1_S158	1
PRKAG1	DNMT1_S714	1
PRKAG1	EEF2K_S398	1
PRKAG1	FH_S75	1
PRKAG1	FOXO3_S399	1
PRKAG1	FOXO3_S413	1
PRKAG1	FOXO3_S555	1
PRKAG1	FOXO3_S588	1
PRKAG1	FOXO3_S626	1
PRKAG1	FOXO3_T179	1
PRKAG1	GAPDH_S122	1
PRKAG1	GBF1_T1337	1
PRKAG1	GLI1_S102	1
PRKAG1	GLI1_S408	1
PRKAG1	GLI1_T1074	1
PRKAG1	GYS1_S8	1
PRKAG1	GYS2_S8	1
PRKAG1	HAT1_S190	1
PRKAG1	HDAC5_S259	1
PRKAG1	HDAC5_S498	1
PRKAG1	HDAC7_S155	1
PRKAG1	HDAC7_S358	1
PRKAG1	HNF4A_S303	1
PRKAG1	KLC2_S582	1
PRKAG1	KPNA2_S105	1
PRKAG1	LIPE_S855	1
PRKAG1	MFF_S155	1
PRKAG1	MFF_S172	1
PRKAG1	MTOR_S1261	1
PRKAG1	NOS3_S1177	1
PRKAG1	NOS3_T495	1
PRKAG1	NR2C2_S351	1
PRKAG1	PAK2_S20	1
PRKAG1	PFKFB2_S466	1
PRKAG1	PFKFB3_S461	1
PRKAG1	PIKFYVE_S307	1
PRKAG1	PLD1_S505	1
PRKAG1	PPARGC1A_S539	1
PRKAG1	PPARGC1A_T178	1
PRKAG1	PPP1R12C_S452	1
PRKAG1	PRPS1_S180	1
PRKAG1	PRPS2_S180	1
PRKAG1	RAF1_S259	1
PRKAG1	RAF1_S621	1
PRKAG1	RB1_S811	1
PRKAG1	RBBP7_S314	1
PRKAG1	RPTOR_S722	1
PRKAG1	RRN3_S635	1
PRKAG1	SLC12A1_S122	1
PRKAG1	SREBF1_S396	1
PRKAG1	TBC1D1_S237	1
PRKAG1	TP53_S15	1
PRKAG1	TSC2_S1387	1
PRKAG1	ULK1_S317	1
PRKAG1	ULK1_S556	1
PRKAG1	ULK1_S638	1
PRKAG1	VASP_S322	1
PRKAG1	VASP_T278	1
PRKAG1	ZNF692_S470	1
PRKAG2	ACACA_S80	1
PRKAG2	ACSS2_S659	1
PRKAG2	ALDH2_T356	1
PRKAG2	AMOTL1_S793	1
PRKAG2	ARMC10_S45	1
PRKAG2	ATG9A_S761	1
PRKAG2	BAIAP2_S366	1
PRKAG2	CDC27_S379	1
PRKAG2	CFTR_S737	1
PRKAG2	CFTR_S768	1
PRKAG2	CHKA_S279	1
PRKAG2	CRTC2_S170	1
PRKAG2	CRTC2_S171	1
PRKAG2	CRY1_S280	1
PRKAG2	CRY1_S71	1
PRKAG2	CTBP1_S158	1
PRKAG2	DNMT1_S714	1
PRKAG2	EEF2K_S398	1
PRKAG2	FH_S75	1
PRKAG2	FOXO3_S399	1
PRKAG2	FOXO3_S413	1
PRKAG2	FOXO3_S555	1
PRKAG2	FOXO3_S588	1
PRKAG2	FOXO3_S626	1
PRKAG2	FOXO3_T179	1
PRKAG2	GAPDH_S122	1
PRKAG2	GBF1_T1337	1
PRKAG2	GLI1_S102	1
PRKAG2	GLI1_S408	1
PRKAG2	GLI1_T1074	1
PRKAG2	GYS1_S8	1
PRKAG2	GYS2_S8	1
PRKAG2	HAT1_S190	1
PRKAG2	HDAC5_S259	1
PRKAG2	HDAC5_S498	1
PRKAG2	HDAC7_S155	1
PRKAG2	HDAC7_S358	1
PRKAG2	HNF4A_S303	1
PRKAG2	KLC2_S582	1
PRKAG2	KPNA2_S105	1
PRKAG2	LIPE_S855	1
PRKAG2	MFF_S155	1
PRKAG2	MFF_S172	1
PRKAG2	MTOR_S1261	1
PRKAG2	NEDD4L_S795	1
PRKAG2	NOS3_S1177	1
PRKAG2	NOS3_T495	1
PRKAG2	NR2C2_S351	1
PRKAG2	PAK2_S20	1
PRKAG2	PDHA1_S295	1
PRKAG2	PDHA1_S314	1
PRKAG2	PFKFB2_S466	1
PRKAG2	PFKFB3_S461	1
PRKAG2	PIKFYVE_S307	1
PRKAG2	PLD1_S505	1
PRKAG2	PPARGC1A_S539	1
PRKAG2	PPARGC1A_T178	1
PRKAG2	PPP1R12C_S452	1
PRKAG2	PRPS1_S180	1
PRKAG2	PRPS2_S180	1
PRKAG2	RAF1_S259	1
PRKAG2	RAF1_S621	1
PRKAG2	RB1_S811	1
PRKAG2	RBBP7_S314	1
PRKAG2	RPTOR_S722	1
PRKAG2	RRN3_S635	1
PRKAG2	SKP2_S256	1
PRKAG2	SLC12A1_S122	1
PRKAG2	SREBF1_S396	1
PRKAG2	SRSF1_S133	1
PRKAG2	STIM1_S257	1
PRKAG2	STIM1_S521	1
PRKAG2	TBC1D1_S237	1
PRKAG2	TP53BP1_S1317	1
PRKAG2	TP53_S15	1
PRKAG2	TSC2_S1387	1
PRKAG2	ULK1_S317	1
PRKAG2	ULK1_S556	1
PRKAG2	ULK1_S638	1
PRKAG2	VASP_S322	1
PRKAG2	VASP_T278	1
PRKAG2	ZNF692_S470	1
PRKAG3	ACACA_S80	1
PRKAG3	ACSS2_S659	1
PRKAG3	ALDH2_T356	1
PRKAG3	AMOTL1_S793	1
PRKAG3	ARMC10_S45	1
PRKAG3	ATG9A_S761	1
PRKAG3	BAIAP2_S366	1
PRKAG3	CDC27_S379	1
PRKAG3	CFTR_S737	1
PRKAG3	CFTR_S768	1
PRKAG3	CHKA_S279	1
PRKAG3	CRTC2_S170	1
PRKAG3	CRTC2_S171	1
PRKAG3	CRY1_S280	1
PRKAG3	CRY1_S71	1
PRKAG3	CTBP1_S158	1
PRKAG3	DNMT1_S714	1
PRKAG3	EEF2K_S398	1
PRKAG3	FH_S75	1
PRKAG3	FOXO3_S399	1
PRKAG3	FOXO3_S413	1
PRKAG3	FOXO3_S555	1
PRKAG3	FOXO3_S588	1
PRKAG3	FOXO3_S626	1
PRKAG3	FOXO3_T179	1
PRKAG3	GAPDH_S122	1
PRKAG3	GBF1_T1337	1
PRKAG3	GLI1_S102	1
PRKAG3	GLI1_S408	1
PRKAG3	GLI1_T1074	1
PRKAG3	GYS1_S8	1
PRKAG3	GYS2_S8	1
PRKAG3	HAT1_S190	1
PRKAG3	HDAC5_S259	1
PRKAG3	HDAC5_S498	1
PRKAG3	HDAC7_S155	1
PRKAG3	HDAC7_S358	1
PRKAG3	HNF4A_S303	1
PRKAG3	KLC2_S582	1
PRKAG3	KPNA2_S105	1
PRKAG3	LIPE_S855	1
PRKAG3	MFF_S155	1
PRKAG3	MFF_S172	1
PRKAG3	MTOR_S1261	1
PRKAG3	NOS3_S1177	1
PRKAG3	NOS3_T495	1
PRKAG3	NR2C2_S351	1
PRKAG3	PAK2_S20	1
PRKAG3	PFKFB2_S466	1
PRKAG3	PFKFB3_S461	1
PRKAG3	PIKFYVE_S307	1
PRKAG3	PLD1_S505	1
PRKAG3	PPARGC1A_S539	1
PRKAG3	PPARGC1A_T178	1
PRKAG3	PPP1R12C_S452	1
PRKAG3	PRPS1_S180	1
PRKAG3	PRPS2_S180	1
PRKAG3	RAF1_S259	1
PRKAG3	RAF1_S621	1
PRKAG3	RB1_S811	1
PRKAG3	RBBP7_S314	1
PRKAG3	RPTOR_S722	1
PRKAG3	RRN3_S635	1
PRKAG3	SLC12A1_S122	1
PRKAG3	SREBF1_S396	1
PRKAG3	TBC1D1_S237	1
PRKAG3	TP53_S15	1
PRKAG3	TSC2_S1387	1
PRKAG3	ULK1_S317	1
PRKAG3	ULK1_S556	1
PRKAG3	ULK1_S638	1
PRKAG3	VASP_S322	1
PRKAG3	VASP_T278	1
PRKAG3	ZNF692_S470	1
PRKAR2B	LASP1_S146	1
PRKAR2B	LASP1_S99	1
PRKAR2B	PRKAR2A_S99	1
PRKCA	AANAT_T31	1
PRKCA	ABCB1_S661	1
PRKCA	ABCB1_S667	1
PRKCA	ABCB1_S671	1
PRKCA	ABCB1_S683	1
PRKCA	ABLIM1_S655	1
PRKCA	ACACA_S23	1
PRKCA	ACACA_S77	1
PRKCA	ACACA_S78	1
PRKCA	ACACA_S80	1
PRKCA	ACO1_S138	1
PRKCA	ACO1_S711	1
PRKCA	ADAM17_T735	1
PRKCA	ADAP1_S87	1
PRKCA	ADAP1_T276	1
PRKCA	ADD1_S436	1
PRKCA	ADD1_S5	1
PRKCA	ADD1_S716	1
PRKCA	ADD1_S726	1
PRKCA	ADD1_S747	1
PRKCA	ADD1_S757	1
PRKCA	ADD2_S703	1
PRKCA	ADD2_S713	1
PRKCA	ADD2_S718	1
PRKCA	ADD2_S726	1
PRKCA	ADD3_S661	1
PRKCA	ADD3_S693	1
PRKCA	ADRA1B_S396	1
PRKCA	ADRA1B_S400	1
PRKCA	ADRA1B_S402	1
PRKCA	ADRA1B_S406	1
PRKCA	ADRA1B_S410	1
PRKCA	ADRA1B_S412	1
PRKCA	ADRA1D_S300	1
PRKCA	ADRA1D_S323	1
PRKCA	ADRA1D_S332	1
PRKCA	ADRA1D_S334	1
PRKCA	ADRA1D_S516	1
PRKCA	ADRA1D_S518	1
PRKCA	ADRA2A_S247	1
PRKCA	ADRB2_S346	1
PRKCA	AFAP1_S277	1
PRKCA	AHR_S12	1
PRKCA	AHR_S36	1
PRKCA	AKT1_S473	1
PRKCA	AKT1_T308	1
PRKCA	ANLN_S485	1
PRKCA	ANXA1_S27	1
PRKCA	ANXA1_S28	1
PRKCA	ANXA1_T24	1
PRKCA	ANXA2_S12	1
PRKCA	ANXA2_S26	1
PRKCA	ANXA2_S30	1
PRKCA	ANXA2_S44	1
PRKCA	APLP2_T723	1
PRKCA	APPL1_S430	1
PRKCA	AQP1_T157	1
PRKCA	AQP1_T239	1
PRKCA	AQP2_S256	1
PRKCA	AQP4_S180	1
PRKCA	ARHGAP35_S1221	1
PRKCA	ARHGAP35_S1236	1
PRKCA	ARHGAP35_T1226	1
PRKCA	ARHGDIA_S101	1
PRKCA	ARHGDIA_S174	1
PRKCA	ARHGDIA_S34	1
PRKCA	ARHGDIA_S96	1
PRKCA	ARHGDIB_S31	1
PRKCA	ARHGEF17_S476	1
PRKCA	ARHGEF1_S240	1
PRKCA	ARRB1_S163	1
PRKCA	ARX_S174	1
PRKCA	AR_S579	1
PRKCA	ASGR2_S12	1
PRKCA	ASIC3_S39	1
PRKCA	ASIC3_S478	1
PRKCA	ASIC3_S491	1
PRKCA	ASIC3_S493	1
PRKCA	ASIC3_S521	1
PRKCA	ASIC3_S537	1
PRKCA	ATF2_S121	1
PRKCA	ATF2_S340	1
PRKCA	ATF2_S367	1
PRKCA	ATP1A1_S16	1
PRKCA	ATP2B1_T1116	1
PRKCA	ATP2B2_T1094	1
PRKCA	ATP2B2_T1139	1
PRKCA	ATP5F1C_S146	1
PRKCA	BAD_S75	1
PRKCA	BATF_S43	1
PRKCA	BCL11B_S2	1
PRKCA	BCL2_S24	1
PRKCA	BCL2_S70	1
PRKCA	BCL7C_S156	1
PRKCA	BCR_S1264	1
PRKCA	BCR_T310	1
PRKCA	BDKRB2_S373	1
PRKCA	BEST1_S298	1
PRKCA	BEST1_S358	1
PRKCA	BIRC5_T117	1
PRKCA	BLVRA_S149	1
PRKCA	BLVRA_S230	1
PRKCA	BNC1_S541	1
PRKCA	BRAF_T373	1
PRKCA	BRCA1_S1457	1
PRKCA	BRCA1_S988	1
PRKCA	BRCA1_T509	1
PRKCA	BTK_S179	1
PRKCA	C5AR1_S314	1
PRKCA	C5AR1_S317	1
PRKCA	C5AR1_S327	1
PRKCA	C5AR1_S332	1
PRKCA	C5AR1_S334	1
PRKCA	C5AR1_S338	1
PRKCA	CALD1_S643	1
PRKCA	CALD1_S656	1
PRKCA	CALD1_S677	1
PRKCA	CALD1_S789	1
PRKCA	CALY_S154	1
PRKCA	CALY_S196	1
PRKCA	CAMK2A_T286	1
PRKCA	CAMK2G_S315	1
PRKCA	CAMK2G_T287	1
PRKCA	CANX_S583	1
PRKCA	CAPN1_T362	1
PRKCA	CAPN1_T80	1
PRKCA	CASR_S875	1
PRKCA	CASR_T888	1
PRKCA	CASR_T898	1
PRKCA	CBL_S619	1
PRKCA	CBL_S623	1
PRKCA	CBL_S639	1
PRKCA	CBL_S642	1
PRKCA	CBL_S675	1
PRKCA	CCNK_S329	1
PRKCA	CD163_S1084	1
PRKCA	CD163_T1072	1
PRKCA	CD226_S329	1
PRKCA	CD300LF_T221	1
PRKCA	CD36_T92	1
PRKCA	CD3G_S145	1
PRKCA	CD3G_S148	1
PRKCA	CD44_S291	1
PRKCA	CD44_S423	1
PRKCA	CD44_S629	1
PRKCA	CD44_S672	1
PRKCA	CD4_S433	1
PRKCA	CD4_S440	1
PRKCA	CD5_T434	1
PRKCA	CD5_T436	1
PRKCA	CDC25B_S187	1
PRKCA	CDC25B_S321	1
PRKCA	CDC42EP4_S18	1
PRKCA	CDC42EP4_S80	1
PRKCA	CDH1_T790	1
PRKCA	CDKN1A_S146	1
PRKCA	CDKN1A_S153	1
PRKCA	CDKN1A_S160	1
PRKCA	CDKN1A_T145	1
PRKCA	CDKN1B_T157	1
PRKCA	CDKN2A_T8	1
PRKCA	CDKN2D_S76	1
PRKCA	CDKN2D_T141	1
PRKCA	CELF1_S178	1
PRKCA	CELF1_S179	1
PRKCA	CELF1_S241	1
PRKCA	CELF1_S28	1
PRKCA	CELF1_S300	1
PRKCA	CELF1_S302	1
PRKCA	CELF1_S52	1
PRKCA	CELF1_T173	1
PRKCA	CFL1_S23	1
PRKCA	CFL1_S24	1
PRKCA	CFLAR_S193	1
PRKCA	CFTR_S641	1
PRKCA	CFTR_S660	1
PRKCA	CFTR_S686	1
PRKCA	CFTR_S737	1
PRKCA	CFTR_S768	1
PRKCA	CFTR_S790	1
PRKCA	CFTR_S795	1
PRKCA	CFTR_S813	1
PRKCA	CFTR_T682	1
PRKCA	CHAT_S346	1
PRKCA	CHAT_S347	1
PRKCA	CHAT_S440	1
PRKCA	CHAT_S464	1
PRKCA	CHAT_S465	1
PRKCA	CHAT_S476	1
PRKCA	CHAT_S558	1
PRKCA	CHAT_S594	1
PRKCA	CHAT_T255	1
PRKCA	CHAT_T373	1
PRKCA	CHEK2_S28	1
PRKCA	CLDN1_T191	1
PRKCA	CLDN4_S194	1
PRKCA	CLDN7_S204	1
PRKCA	CLIP1_S204	1
PRKCA	CLIP1_S312	1
PRKCA	CNP_S9	1
PRKCA	COIL_S184	1
PRKCA	CORO1A_T412	1
PRKCA	CORO1B_S2	1
PRKCA	CREBBP_S437	1
PRKCA	CREM_S116	1
PRKCA	CREM_S32	1
PRKCA	CREM_S57	1
PRKCA	CREM_S71	1
PRKCA	CREM_S87	1
PRKCA	CSDE1_S483	1
PRKCA	CSNK1D_S181	1
PRKCA	CSNK1D_S191	1
PRKCA	CSNK1D_S298	1
PRKCA	CSNK1D_S53	1
PRKCA	CSNK1D_T161	1
PRKCA	CSNK1D_T174	1
PRKCA	CSNK1D_T176	1
PRKCA	CSPG4_T2252	1
PRKCA	CTNNB1_S37	1
PRKCA	CTNNB1_T41	1
PRKCA	CTNND1_S879	1
PRKCA	CTPS1_S462	1
PRKCA	CTPS1_T455	1
PRKCA	CTTN_S117	1
PRKCA	CYBA_T147	1
PRKCA	CYP3A4_S100	1
PRKCA	CYP3A4_S116	1
PRKCA	CYP3A4_S119	1
PRKCA	CYP3A4_S131	1
PRKCA	CYP3A4_S134	1
PRKCA	CYP3A4_S139	1
PRKCA	CYP3A4_S259	1
PRKCA	CYP3A4_S398	1
PRKCA	CYP3A4_S420	1
PRKCA	CYP3A4_T103	1
PRKCA	CYP3A4_T136	1
PRKCA	CYP3A4_T264	1
PRKCA	CYP3A4_T284	1
PRKCA	CYP3A4_T92	1
PRKCA	CYSLTR1_S313	1
PRKCA	CYSLTR1_S315	1
PRKCA	CYSLTR1_S316	1
PRKCA	CYTH1_S394	1
PRKCA	CYTH1_T395	1
PRKCA	CYTH2_S391	1
PRKCA	CYTH2_S392	1
PRKCA	DAB2_S24	1
PRKCA	DAPK1_S308	1
PRKCA	DDX5_S557	1
PRKCA	DGKD_S22	1
PRKCA	DGKD_S26	1
PRKCA	DGKD_S66	1
PRKCA	DGKD_S70	1
PRKCA	DGKZ_S232	1
PRKCA	DGKZ_S266	1
PRKCA	DGKZ_S282	1
PRKCA	DGKZ_S454	1
PRKCA	DLG1_T657	1
PRKCA	DLG4_S418	1
PRKCA	DLX3_S137	1
PRKCA	DLX3_S138	1
PRKCA	DLX3_S182	1
PRKCA	DLX3_T134	1
PRKCA	DNM1_S778	1
PRKCA	DNM1_S795	1
PRKCA	DNM2_S762	1
PRKCA	DOCK8_S2077	1
PRKCA	DOCK8_S2082	1
PRKCA	DOCK8_S2087	1
PRKCA	DRD2_S228	1
PRKCA	DRD2_S229	1
PRKCA	DTNB_T179	1
PRKCA	DTNB_T212	1
PRKCA	DTNB_T69	1
PRKCA	E2F1_S364	1
PRKCA	EBAG9_S36	1
PRKCA	EDF1_T91	1
PRKCA	EEF1A1_T432	1
PRKCA	EGFR_T678	1
PRKCA	EGLN2_S132	1
PRKCA	EGLN2_S226	1
PRKCA	EGLN2_S234	1
PRKCA	EIF2S2_S13	1
PRKCA	EIF2S3_T66	1
PRKCA	EIF4A3_S12	1
PRKCA	EIF4B_S192	1
PRKCA	EIF4B_S311	1
PRKCA	EIF4B_S406	1
PRKCA	EIF4B_S422	1
PRKCA	EIF4B_S442	1
PRKCA	EIF4E_S209	1
PRKCA	EIF4E_S240	1
PRKCA	EIF4E_T210	1
PRKCA	EIF4G1_S1185	1
PRKCA	EIF4H_S110	1
PRKCA	EIF6_S216	1
PRKCA	EIF6_S235	1
PRKCA	EIF6_S87	1
PRKCA	ELAVL1_S158	1
PRKCA	ELAVL1_S221	1
PRKCA	ELAVL1_S242	1
PRKCA	ELAVL1_S318	1
PRKCA	EP300_S1734	1
PRKCA	EP300_S1834	1
PRKCA	EP300_S89	1
PRKCA	EPB41_S312	1
PRKCA	EPB41_S331	1
PRKCA	EPHA2_S892	1
PRKCA	ERBB2_T686	1
PRKCA	ERBIN_T917	1
PRKCA	ESR1_S167	1
PRKCA	EWSR1_S266	1
PRKCA	EWSR1_S272	1
PRKCA	EZR_T567	1
PRKCA	F11R_S284	1
PRKCA	F11R_T70	1
PRKCA	F11R_T92	1
PRKCA	F3_S285	1
PRKCA	F3_S290	1
PRKCA	FAM8A1_T233	1
PRKCA	FBXW7_S10	1
PRKCA	FBXW7_S18	1
PRKCA	FERMT3_S484	1
PRKCA	FFAR4_S366	1
PRKCA	FFAR4_S373	1
PRKCA	FFAR4_T363	1
PRKCA	FGA_S576	1
PRKCA	FGA_S577	1
PRKCA	FGA_S578	1
PRKCA	FGA_S618	1
PRKCA	FGF2_S73	1
PRKCA	FLNA_S2152	1
PRKCA	FLNC_S2236	1
PRKCA	FLNC_S2623	1
PRKCA	FLNC_S2624	1
PRKCA	FLOT1_S315	1
PRKCA	FMNL2_S1072	1
PRKCA	FOS_S362	1
PRKCA	FOXO1_S256	1
PRKCA	FOXO1_S325	1
PRKCA	FOXO4_S197	1
PRKCA	FRAT1_S188	1
PRKCA	FSCN1_S38	1
PRKCA	FSCN1_S39	1
PRKCA	FXYD1_S83	1
PRKCA	FXYD1_S88	1
PRKCA	GABRB1_S434	1
PRKCA	GABRG2_S226	1
PRKCA	GABRG2_S366	1
PRKCA	GABRG2_S406	1
PRKCA	GABRR1_S431	1
PRKCA	GABRR1_S434	1
PRKCA	GABRR1_S440	1
PRKCA	GABRR1_S443	1
PRKCA	GABRR1_S444	1
PRKCA	GABRR1_S447	1
PRKCA	GFAP_S13	1
PRKCA	GFAP_S17	1
PRKCA	GFAP_S38	1
PRKCA	GFPT1_S205	1
PRKCA	GFPT1_S235	1
PRKCA	GIT2_T488	1
PRKCA	GJA1_S262	1
PRKCA	GJA1_S368	1
PRKCA	GJA1_S372	1
PRKCA	GJB1_S229	1
PRKCA	GJB1_S233	1
PRKCA	GLRA1_S427	1
PRKCA	GMFB_S53	1
PRKCA	GMFB_S72	1
PRKCA	GMFB_T27	1
PRKCA	GNA15_S336	1
PRKCA	GNAZ_S16	1
PRKCA	GNAZ_S27	1
PRKCA	GNG12_S2	1
PRKCA	GNMT_S10	1
PRKCA	GPM6A_S267	1
PRKCA	GPM6A_T10	1
PRKCA	GPR15_S357	1
PRKCA	GPSM2_S408	1
PRKCA	GRIA1_S832	1
PRKCA	GRIA1_S834	1
PRKCA	GRIA1_S836	1
PRKCA	GRIA1_S844	1
PRKCA	GRIA1_S846	1
PRKCA	GRIA1_S849	1
PRKCA	GRIA1_S859	1
PRKCA	GRIA1_S880	1
PRKCA	GRIA2_S683	1
PRKCA	GRIA2_S717	1
PRKCA	GRIA2_S880	1
PRKCA	GRIA4_S862	1
PRKCA	GRIA4_T850	1
PRKCA	GRIK2_S868	1
PRKCA	GRIN1_S889	1
PRKCA	GRIN1_S890	1
PRKCA	GRIN1_S896	1
PRKCA	GRIN1_S897	1
PRKCA	GRIN1_S910	1
PRKCA	GRIN1_S911	1
PRKCA	GRIN2A_S1416	1
PRKCA	GRIN2B_S1303	1
PRKCA	GRIN2B_S1323	1
PRKCA	GRK2_S29	1
PRKCA	GRK7_S36	1
PRKCA	GRM1_T695	1
PRKCA	GRM5_S840	1
PRKCA	GRM5_T841	1
PRKCA	GSK3A_S21	1
PRKCA	GSK3B_S9	1
PRKCA	GSTA4_T193	1
PRKCA	GSTP1_S185	1
PRKCA	GUCY2C_S1052	1
PRKCA	H2BC3_S33	1
PRKCA	H3C1_T7	1
PRKCA	HABP4_T354	1
PRKCA	HABP4_T375	1
PRKCA	HAND1_S109	1
PRKCA	HAND1_S98	1
PRKCA	HAND1_T107	1
PRKCA	HDAC5_S259	1
PRKCA	HDAC5_S498	1
PRKCA	HDAC7_S486	1
PRKCA	HES1_S37	1
PRKCA	HES1_S38	1
PRKCA	HEXIM1_S158	1
PRKCA	HLA-A_S359	1
PRKCA	HMGN1_S21	1
PRKCA	HMGN1_S25	1
PRKCA	HMGN1_S7	1
PRKCA	HMGN2_S25	1
PRKCA	HMGN2_S29	1
PRKCA	HNRNPA1_S95	1
PRKCA	HOXB7_S133	1
PRKCA	HRH1_S396	1
PRKCA	HRH1_S398	1
PRKCA	HRH1_T478	1
PRKCA	HSPB8_S14	1
PRKCA	HSPB8_T63	1
PRKCA	ICAM3_S518	1
PRKCA	ICAM5_T184	1
PRKCA	ICOSLG_S285	1
PRKCA	IGFBP1_S123	1
PRKCA	IGFBP1_S126	1
PRKCA	IGFBP1_S144	1
PRKCA	IGFBP1_S194	1
PRKCA	IKBKB_S177	1
PRKCA	IKBKB_S181	1
PRKCA	IL1R1_T556	1
PRKCA	IL2RA_S268	1
PRKCA	IL2RA_T271	1
PRKCA	ILK_S343	1
PRKCA	ILK_T173	1
PRKCA	ILK_T181	1
PRKCA	INSR_S1062	1
PRKCA	INSR_S1064	1
PRKCA	INSR_T1362	1
PRKCA	INSR_T1375	1
PRKCA	IQGAP1_S1443	1
PRKCA	IRS1_S24	1
PRKCA	IRS1_S274	1
PRKCA	IRS1_S307	1
PRKCA	IRS1_S323	1
PRKCA	IRS1_S341	1
PRKCA	IRS1_T811	1
PRKCA	ITGB1_S785	1
PRKCA	ITGB2_S745	1
PRKCA	ITGB2_S756	1
PRKCA	ITGB2_T758	1
PRKCA	ITGB2_T760	1
PRKCA	ITGB3_T779	1
PRKCA	ITGB4_S1356	1
PRKCA	ITGB4_S1360	1
PRKCA	ITGB4_S1364	1
PRKCA	ITGB4_S1424	1
PRKCA	ITGB4_S1494	1
PRKCA	ITPKA_T311	1
PRKCA	JAK2_S518	1
PRKCA	JAK2_T174	1
PRKCA	JPH2_S165	1
PRKCA	KAT6B_S1027	1
PRKCA	KCNA5_T15	1
PRKCA	KCNAB2_S266	1
PRKCA	KCNAB2_S314	1
PRKCA	KCNC4_S15	1
PRKCA	KCNC4_S21	1
PRKCA	KCNC4_S8	1
PRKCA	KCNC4_S9	1
PRKCA	KCNE1_S102	1
PRKCA	KCNE3_S82	1
PRKCA	KCNH2_S890	1
PRKCA	KCNIP2_T85	1
PRKCA	KCNJ11_T180	1
PRKCA	KCNJ13_S201	1
PRKCA	KCNJ1_S201	1
PRKCA	KCNJ1_S4	1
PRKCA	KCNJ1_T193	1
PRKCA	KCNJ4_T53	1
PRKCA	KCNK9_T341	1
PRKCA	KCNMA1_S1200	1
PRKCA	KCNQ2_S520	1
PRKCA	KCNQ2_S523	1
PRKCA	KCNQ2_S527	1
PRKCA	KCNQ2_S530	1
PRKCA	KCNQ2_S533	1
PRKCA	KCNQ2_S540	1
PRKCA	KCNQ2_S551	1
PRKCA	KCNQ2_S558	1
PRKCA	KDM1A_S111	1
PRKCA	KIR3DL1_S415	1
PRKCA	KIT_S741	1
PRKCA	KIT_S746	1
PRKCA	KIT_S821	1
PRKCA	KIT_S959	1
PRKCA	KLF5_S153	1
PRKCA	KLHL3_S433	1
PRKCA	KRAS_S181	1
PRKCA	KRT18_S53	1
PRKCA	KRT20_S13	1
PRKCA	KRT8_S36	1
PRKCA	L1CAM_T1172	1
PRKCA	LCK_S42	1
PRKCA	LCP1_S5	1
PRKCA	LMNA_S403	1
PRKCA	LMNA_S404	1
PRKCA	LMNA_S5	1
PRKCA	LMNA_S525	1
PRKCA	LMNA_S625	1
PRKCA	LMNA_S652	1
PRKCA	LMNA_T19	1
PRKCA	LMNA_T199	1
PRKCA	LMNA_T416	1
PRKCA	LMNA_T480	1
PRKCA	LMNB1_S396	1
PRKCA	LMNB1_S406	1
PRKCA	LMO7_S1493	1
PRKCA	LMO7_S895	1
PRKCA	LPCAT2_S34	1
PRKCA	LRP1_S4517	1
PRKCA	LRP1_S4520	1
PRKCA	LRP1_S4523	1
PRKCA	LRP1_T4460	1
PRKCA	MAP2_S823	1
PRKCA	MAP2_T1598	1
PRKCA	MAP3K3_S166	1
PRKCA	MAP4K1_S366	1
PRKCA	MAPK1_T185	1
PRKCA	MAPK1_Y187	1
PRKCA	MAPK3_T202	1
PRKCA	MAPK3_Y204	1
PRKCA	MAPK9_T404	1
PRKCA	MAPKAP1_S128	1
PRKCA	MAPT_S258	1
PRKCA	MAPT_S284	1
PRKCA	MAPT_S293	1
PRKCA	MAPT_S305	1
PRKCA	MAPT_S324	1
PRKCA	MAPT_S351	1
PRKCA	MAPT_S352	1
PRKCA	MAPT_S593	1
PRKCA	MAPT_S628	1
PRKCA	MAPT_S640	1
PRKCA	MAPT_S659	1
PRKCA	MAPT_S687	1
PRKCA	MARCKS_S101	1
PRKCA	MARCKS_S118	1
PRKCA	MARCKS_S131	1
PRKCA	MARCKS_S134	1
PRKCA	MARCKS_S159	1
PRKCA	MARCKS_S163	1
PRKCA	MARCKS_S167	1
PRKCA	MARCKS_S170	1
PRKCA	MARCKS_S27	1
PRKCA	MARCKS_S46	1
PRKCA	MARCKS_S81	1
PRKCA	MARK2_S409	1
PRKCA	MARK2_T508	1
PRKCA	MARK2_T562	1
PRKCA	MARK2_T563	1
PRKCA	MARK2_T596	1
PRKCA	MARK2_T603	1
PRKCA	MBD4_S165	1
PRKCA	MBD4_S262	1
PRKCA	MBP_S116	1
PRKCA	MBP_S122	1
PRKCA	MBP_S13	1
PRKCA	MBP_S133	1
PRKCA	MBP_S141	1
PRKCA	MBP_S142	1
PRKCA	MBP_S146	1
PRKCA	MBP_S148	1
PRKCA	MBP_S151	1
PRKCA	MBP_S152	1
PRKCA	MBP_S159	1
PRKCA	MBP_S162	1
PRKCA	MBP_S167	1
PRKCA	MBP_S177	1
PRKCA	MBP_S178	1
PRKCA	MBP_S188	1
PRKCA	MBP_S190	1
PRKCA	MBP_S249	1
PRKCA	MBP_S266	1
PRKCA	MBP_S285	1
PRKCA	MBP_S295	1
PRKCA	MBP_S57	1
PRKCA	MBP_S8	1
PRKCA	MC4R_T312	1
PRKCA	MEF2C_S387	1
PRKCA	MEP1B_S687	1
PRKCA	MET_S1003	1
PRKCA	MET_S985	1
PRKCA	MKNK1_S39	1
PRKCA	MMP2_S160	1
PRKCA	MMP2_S365	1
PRKCA	MMP2_T250	1
PRKCA	MMP2_T377	1
PRKCA	MMP2_T378	1
PRKCA	MYBBP1A_S1163	1
PRKCA	MYH9_S1915	1
PRKCA	MYH9_S1916	1
PRKCA	MYH9_T638	1
PRKCA	MYL9_S2	1
PRKCA	MYL9_S20	1
PRKCA	MYL9_S3	1
PRKCA	MYL9_T10	1
PRKCA	MYLK_S815	1
PRKCA	MYOD1_S200	1
PRKCA	MYOD1_T115	1
PRKCA	NCF1_S303	1
PRKCA	NCF1_S304	1
PRKCA	NCF1_S315	1
PRKCA	NCF1_S320	1
PRKCA	NCF1_S328	1
PRKCA	NCF1_S348	1
PRKCA	NCF1_S359	1
PRKCA	NCF1_S370	1
PRKCA	NCF1_S379	1
PRKCA	NCF4_S315	1
PRKCA	NCF4_T154	1
PRKCA	NCOR1_S70	1
PRKCA	NDUFS4_S34	1
PRKCA	NF1_S2808	1
PRKCA	NF1_S2829	1
PRKCA	NFATC1_S232	1
PRKCA	NFATC1_S245	1
PRKCA	NFATC1_S256	1
PRKCA	NFATC1_S269	1
PRKCA	NFATC1_S281	1
PRKCA	NFATC1_S294	1
PRKCA	NFATC4_S221	1
PRKCA	NFATC4_S289	1
PRKCA	NFATC4_S334	1
PRKCA	NFE2L2_S40	1
PRKCA	NKX3-1_S48	1
PRKCA	NLGN4X_T707	1
PRKCA	NMNAT1_S136	1
PRKCA	NOS1_S852	1
PRKCA	NOS1_S886	1
PRKCA	NOS3_S1177	1
PRKCA	NOS3_T495	1
PRKCA	NOX5_S490	1
PRKCA	NOX5_S498	1
PRKCA	NOX5_S536	1
PRKCA	NOX5_S544	1
PRKCA	NOX5_T494	1
PRKCA	NOX5_T540	1
PRKCA	NOXA1_S172	1
PRKCA	NOXO1_S154	1
PRKCA	NOXO1_T341	1
PRKCA	NOXO1_T346	1
PRKCA	NPHS1_T1120	1
PRKCA	NPHS1_T1125	1
PRKCA	NPM1_S227	1
PRKCA	NR1H4_S135	1
PRKCA	NR1H4_S145	1
PRKCA	NR1H4_S154	1
PRKCA	NR1H4_S164	1
PRKCA	NR1I2_T408	1
PRKCA	NR1I3_T38	1
PRKCA	NR2F6_S83	1
PRKCA	NRGN_S36	1
PRKCA	OCLN_S340	1
PRKCA	OPRD1_S344	1
PRKCA	OPRM1_S363	1
PRKCA	PA2G4_S360	1
PRKCA	PA2G4_S363	1
PRKCA	PA2G4_T366	1
PRKCA	PACSIN2_S313	1
PRKCA	PAM_S822	1
PRKCA	PAM_S827	1
PRKCA	PAM_S843	1
PRKCA	PAM_S848	1
PRKCA	PAM_S861	1
PRKCA	PAM_S866	1
PRKCA	PAM_S929	1
PRKCA	PAM_S930	1
PRKCA	PAM_S934	1
PRKCA	PAM_S935	1
PRKCA	PASK_S116	1
PRKCA	PDE3A_S292	1
PRKCA	PDE3A_S293	1
PRKCA	PDE3A_S312	1
PRKCA	PDE3A_S428	1
PRKCA	PDE3A_S438	1
PRKCA	PDE3A_S465	1
PRKCA	PDE3A_S492	1
PRKCA	PDHA1_Y301	1
PRKCA	PEA15_S104	1
PRKCA	PEBP1_S153	1
PRKCA	PFKFB2_T475	1
PRKCA	PFKFB3_S461	1
PRKCA	PGR_S400	1
PRKCA	PHB2_S39	1
PRKCA	PHF3_S1133	1
PRKCA	PICK1_S77	1
PRKCA	PIK3R1_T86	1
PRKCA	PIM1_S65	1
PRKCA	PIP5K1B_S413	1
PRKCA	PITPNA_S165	1
PRKCA	PITPNB_S165	1
PRKCA	PITPNB_S262	1
PRKCA	PITPNC1_S274	1
PRKCA	PITPNC1_S299	1
PRKCA	PKD1_S249	1
PRKCA	PLAU_S158	1
PRKCA	PLAU_S323	1
PRKCA	PLCB1_S887	1
PRKCA	PLCB3_S1105	1
PRKCA	PLCB3_S26	1
PRKCA	PLCG1_S1248	1
PRKCA	PLCG1_S1249	1
PRKCA	PLD1_S2	1
PRKCA	PLD1_S561	1
PRKCA	PLD1_T147	1
PRKCA	PLD2_S243	1
PRKCA	PLD2_T100	1
PRKCA	PLD2_T252	1
PRKCA	PLD2_T99	1
PRKCA	PLEK_S113	1
PRKCA	PLEK_S117	1
PRKCA	PLEK_T114	1
PRKCA	PLXNA2_S1623	1
PRKCA	POU2AF1_S184	1
PRKCA	PPARA_S179	1
PRKCA	PPARA_S230	1
PRKCA	PPP1CA_S325	1
PRKCA	PPP1R14A_T38	1
PRKCA	PPP1R14B_T57	1
PRKCA	PPP1R14D_T58	1
PRKCA	PPP1R16B_S331	1
PRKCA	PPP1R1A_S67	1
PRKCA	PPP1R1A_T75	1
PRKCA	PPP2R5A_S28	1
PRKCA	PPP2R5A_S41	1
PRKCA	PPP6R3_S579	1
PRKCA	PRKAA1_S496	1
PRKCA	PRKCD_S645	1
PRKCA	PRKCD_S664	1
PRKCA	PRKCD_T507	1
PRKCA	PRKCE_S234	1
PRKCA	PRKCE_S316	1
PRKCA	PRKCE_S368	1
PRKCA	PRKCZ_T410	1
PRKCA	PRKD1_S205	1
PRKCA	PRKD1_S249	1
PRKCA	PRKD1_S412	1
PRKCA	PRKD1_S420	1
PRKCA	PRKD1_S738	1
PRKCA	PRKD1_S742	1
PRKCA	PRKD2_S706	1
PRKCA	PRKD2_S710	1
PRKCA	PRKD2_S876	1
PRKCA	PRKD3_S731	1
PRKCA	PRKG1_T57	1
PRKCA	PRKG1_T58	1
PRKCA	PRKG1_T59	1
PRKCA	PRKG1_T84	1
PRKCA	PRPF4B_S20	1
PRKCA	PRPF4B_S354	1
PRKCA	PSEN1_S310	1
PRKCA	PSEN1_S346	1
PRKCA	PTGER4_S259	1
PRKCA	PTGER4_S354	1
PRKCA	PTGER4_S430	1
PRKCA	PTGER4_S460	1
PRKCA	PTGER4_S484	1
PRKCA	PTGER4_T433	1
PRKCA	PTGIR_S328	1
PRKCA	PTPN11_S580	1
PRKCA	PTPN11_S595	1
PRKCA	PTPN12_S186	1
PRKCA	PTPN12_S39	1
PRKCA	PTPN12_S435	1
PRKCA	PTPN1_S378	1
PRKCA	PTPN22_S751	1
PRKCA	PTPN6_S591	1
PRKCA	PTPN6_S593	1
PRKCA	PTPRA_S180	1
PRKCA	PTPRA_S204	1
PRKCA	PTPRB_T1067	1
PRKCA	PTPRC_S1009	1
PRKCA	RAB11A_S177	1
PRKCA	RAB37_T172	1
PRKCA	RAF1_S233	1
PRKCA	RAF1_S43	1
PRKCA	RAF1_S497	1
PRKCA	RAF1_S499	1
PRKCA	RAF1_S619	1
PRKCA	RAF1_S621	1
PRKCA	RAF1_T268	1
PRKCA	RALBP1_S118	1
PRKCA	RALBP1_S353	1
PRKCA	RALBP1_S509	1
PRKCA	RALBP1_T297	1
PRKCA	RALB_S198	1
PRKCA	RANBP2_S21	1
PRKCA	RARA_S157	1
PRKCA	RASSF1_S197	1
PRKCA	RASSF1_S203	1
PRKCA	RBL1_S975	1
PRKCA	RBL2_S1044	1
PRKCA	RBM15_S125	1
PRKCA	RBM15_S83	1
PRKCA	RDX_T564	1
PRKCA	RELA_S536	1
PRKCA	RET_T675	1
PRKCA	REV3L_T2298	1
PRKCA	RGS19_S24	1
PRKCA	RGS19_T201	1
PRKCA	RGS2_S46	1
PRKCA	RGS7_S229	1
PRKCA	RGS7_S434	1
PRKCA	RHO_S334	1
PRKCA	RHO_S338	1
PRKCA	RHO_S343	1
PRKCA	RHO_T336	1
PRKCA	RIGI_S8	1
PRKCA	RIGI_T170	1
PRKCA	ROBO3_S1330	1
PRKCA	RORA_S35	1
PRKCA	RPA2_S13	1
PRKCA	RPA2_S8	1
PRKCA	RPL10_S137	1
PRKCA	RPL10_S168	1
PRKCA	RPS6KA1_S363	1
PRKCA	RPS6KB2_S473	1
PRKCA	RPS6_S240	1
PRKCA	RPS6_S242	1
PRKCA	RPS6_S244	1
PRKCA	RPS6_S247	1
PRKCA	RRAD_S214	1
PRKCA	RRAD_S257	1
PRKCA	RRAD_S273	1
PRKCA	RRAD_S290	1
PRKCA	RRAD_S299	1
PRKCA	RSC1A1_S366	1
PRKCA	RUFY1_Y400	1
PRKCA	S100A11_T10	1
PRKCA	S1PR1_T236	1
PRKCA	SATB1_S185	1
PRKCA	SCN2A_S687	1
PRKCA	SCN5A_S1503	1
PRKCA	SCN9A_I848	1
PRKCA	SDC2_S187	1
PRKCA	SDC2_S188	1
PRKCA	SDC4_S179	1
PRKCA	SEMA5A_S106	1
PRKCA	SFSWAP_S866	1
PRKCA	SGK1_T256	1
PRKCA	SH2B1_S161	1
PRKCA	SH2B1_S165	1
PRKCA	SH3BP2_S225	1
PRKCA	SH3BP2_S278	1
PRKCA	SH3BP2_S282	1
PRKCA	SHC1_S139	1
PRKCA	SHC1_S29	1
PRKCA	SHOC2_S297	1
PRKCA	SHOC2_T71	1
PRKCA	SLC18A2_S15	1
PRKCA	SLC18A2_S18	1
PRKCA	SLC2A2_S505	1
PRKCA	SLC39A8_T424	1
PRKCA	SLC4A4_S1026	1
PRKCA	SLC6A2_S259	1
PRKCA	SLC6A2_T258	1
PRKCA	SLC6A3_S12	1
PRKCA	SLC6A3_S7	1
PRKCA	SLC6A4_S149	1
PRKCA	SLC6A4_S277	1
PRKCA	SLC6A4_T603	1
PRKCA	SLC6A9_S239	1
PRKCA	SLC6A9_S312	1
PRKCA	SLC6A9_S625	1
PRKCA	SLC6A9_S698	1
PRKCA	SLC6A9_T19	1
PRKCA	SLC6A9_T276	1
PRKCA	SLC6A9_T349	1
PRKCA	SLC6A9_T590	1
PRKCA	SLC6A9_T663	1
PRKCA	SLC6A9_T92	1
PRKCA	SLC9A3R1_S162	1
PRKCA	SLC9A3R1_S339	1
PRKCA	SLC9A3R1_S340	1
PRKCA	SLC9A3R1_S77	1
PRKCA	SMAD3_S423	1
PRKCA	SMARCA5_S137	1
PRKCA	SMC1A_S966	1
PRKCA	SNAP23_S108	1
PRKCA	SNAP23_S161	1
PRKCA	SNAP23_S23	1
PRKCA	SNAP23_T24	1
PRKCA	SNAP25_S187	1
PRKCA	SNAP25_T138	1
PRKCA	SPAG1_S317	1
PRKCA	SPAG1_S326	1
PRKCA	SPHK1_S225	1
PRKCA	SPN_S351	1
PRKCA	SPN_T341	1
PRKCA	SPP1_S148	1
PRKCA	SPP1_S162	1
PRKCA	SRC_S12	1
PRKCA	SRF_S162	1
PRKCA	SRF_T159	1
PRKCA	SRSF5_S253	1
PRKCA	SRSF7_S183	1
PRKCA	STARD3NL_S193	1
PRKCA	STARD3NL_S21	1
PRKCA	STARD3NL_S227	1
PRKCA	STK11_S428	1
PRKCA	STK3_T180	1
PRKCA	STXBP1_S306	1
PRKCA	STXBP1_S313	1
PRKCA	SUN1_S55	1
PRKCA	TACSTD2_S303	1
PRKCA	TACSTD2_S322	1
PRKCA	TAGLN2_S11	1
PRKCA	TAGLN2_S185	1
PRKCA	TAGLN2_T180	1
PRKCA	TAGLN_S181	1
PRKCA	TBC1D5_T45	1
PRKCA	TBXA2R_S145	1
PRKCA	TBXA2R_S324	1
PRKCA	TBXA2R_S329	1
PRKCA	TBXA2R_S331	1
PRKCA	TBXA2R_T337	1
PRKCA	TBXA2R_T399	1
PRKCA	TFRC_S24	1
PRKCA	TFRC_T653	1
PRKCA	TGFB1I1_S386	1
PRKCA	TGFBR1_T200	1
PRKCA	THOC5_S5	1
PRKCA	THOC5_S6	1
PRKCA	TNNI3_S166	1
PRKCA	TNNI3_S199	1
PRKCA	TNNI3_S23	1
PRKCA	TNNI3_S24	1
PRKCA	TNNI3_S39	1
PRKCA	TNNI3_S42	1
PRKCA	TNNI3_S44	1
PRKCA	TNNI3_S77	1
PRKCA	TNNI3_T143	1
PRKCA	TNNT2_S189	1
PRKCA	TNNT2_T200	1
PRKCA	TNNT2_T203	1
PRKCA	TNNT2_T210	1
PRKCA	TNNT2_T213	1
PRKCA	TNNT2_T281	1
PRKCA	TNNT2_T284	1
PRKCA	TNNT2_T291	1
PRKCA	TNNT2_T294	1
PRKCA	TOP1_S21	1
PRKCA	TOP2A_S29	1
PRKCA	TP53BP1_S1634	1
PRKCA	TP53BP1_S316	1
PRKCA	TP53_S371	1
PRKCA	TP53_S376	1
PRKCA	TP53_S378	1
PRKCA	TP53_T377	1
PRKCA	TP73_S388	1
PRKCA	TPX2_S94	1
PRKCA	TRAF2_S55	1
PRKCA	TRPC3_S712	1
PRKCA	TRPC3_S785	1
PRKCA	TRPM2_S39	1
PRKCA	TRPM4_S1145	1
PRKCA	TRPM4_S1152	1
PRKCA	TRPV1_S502	1
PRKCA	TRPV1_S801	1
PRKCA	TRPV4_S162	1
PRKCA	TRPV4_S189	1
PRKCA	TRPV4_T175	1
PRKCA	TRPV5_S299	1
PRKCA	TRPV5_S654	1
PRKCA	TRPV6_T742	1
PRKCA	TSC2_S1254	1
PRKCA	TTN_S11878	1
PRKCA	TTN_S12022	1
PRKCA	TTN_S13519	1
PRKCA	TTN_S13663	1
PRKCA	TTN_T2	1
PRKCA	TUBA1A_S165	1
PRKCA	TUBA1C_S158	1
PRKCA	TUBA1C_S165	1
PRKCA	TWIST1_S144	1
PRKCA	TXN_T100	1
PRKCA	UBA1_S13	1
PRKCA	UGT1A3_S43	1
PRKCA	ULK1_S317	1
PRKCA	ULK1_S423	1
PRKCA	UNC5A_S352	1
PRKCA	UNC5A_S532	1
PRKCA	VASP_S157	1
PRKCA	VCL_S1033	1
PRKCA	VCL_S1045	1
PRKCA	VCL_S1101	1
PRKCA	VCL_S1113	1
PRKCA	VCL_T1123	1
PRKCA	VDR_S101	1
PRKCA	VDR_S51	1
PRKCA	VIM_S10	1
PRKCA	VIM_S22	1
PRKCA	VIM_S25	1
PRKCA	VIM_S26	1
PRKCA	VIM_S27	1
PRKCA	VIM_S34	1
PRKCA	VIM_S39	1
PRKCA	VIM_S42	1
PRKCA	VIM_S5	1
PRKCA	VIM_S51	1
PRKCA	VIM_S66	1
PRKCA	VIM_S7	1
PRKCA	VIM_S8	1
PRKCA	VIM_S9	1
PRKCA	VPS72_S132	1
PRKCA	VTN_S381	1
PRKCA	VTN_S386	1
PRKCA	VTN_S393	1
PRKCA	VTN_S397	1
PRKCA	XK_S63	1
PRKCA	XRCC5_S580	1
PRKCA	YWHAB_S59	1
PRKCA	YWHAB_T142	1
PRKCA	YWHAH_S58	1
PRKCA	ZMYND8_S486	1
PRKCB	ABCA1_S1042	1
PRKCB	ABCB1_S661	1
PRKCB	ABCB1_S667	1
PRKCB	ABCB1_S671	1
PRKCB	ACTN1_T50	1
PRKCB	ADD1_S436	1
PRKCB	ADD1_S714	1
PRKCB	ADD1_S726	1
PRKCB	ADD2_S713	1
PRKCB	ADD2_S726	1
PRKCB	ADD3_S693	1
PRKCB	ADRA2A_S247	1
PRKCB	AKT1_S473	1
PRKCB	AKT1_T308	1
PRKCB	ANAPC1_S373	1
PRKCB	ANXA1_S27	1
PRKCB	ANXA1_S28	1
PRKCB	ANXA1_T24	1
PRKCB	ANXA2_S2	1
PRKCB	ANXA2_S20	1
PRKCB	ANXA2_S26	1
PRKCB	ANXA2_S44	1
PRKCB	AP2A1_S652	1
PRKCB	AP2A1_T650	1
PRKCB	APC_S1279	1
PRKCB	APLP2_T723	1
PRKCB	AQP1_T157	1
PRKCB	AQP1_T239	1
PRKCB	AQP2_S256	1
PRKCB	ARHGAP35_S1150	1
PRKCB	ASGR2_S12	1
PRKCB	ATF2_S121	1
PRKCB	ATF2_S322	1
PRKCB	ATF2_S340	1
PRKCB	ATF2_S349	1
PRKCB	ATF2_S367	1
PRKCB	ATXN7_S849	1
PRKCB	ATXN7_T854	1
PRKCB	BCKDHA_S295	1
PRKCB	BCLAF1_S281	1
PRKCB	BDKRB2_S373	1
PRKCB	BRAF_S364	1
PRKCB	BRAF_T373	1
PRKCB	BTK_S180	1
PRKCB	BTK_Y223	1
PRKCB	C5AR1_S334	1
PRKCB	CACNB2_S533	1
PRKCB	CACNB2_S534	1
PRKCB	CAMK2A_T286	1
PRKCB	CAMK2D_T287	1
PRKCB	CANX_S583	1
PRKCB	CARD11_S559	1
PRKCB	CARD11_S644	1
PRKCB	CARD11_S652	1
PRKCB	CASP6_S257	1
PRKCB	CASR_T888	1
PRKCB	CASR_T898	1
PRKCB	CD3G_S145	1
PRKCB	CD3G_S148	1
PRKCB	CD44_S291	1
PRKCB	CD5_T434	1
PRKCB	CD5_T436	1
PRKCB	CDC27_S312	1
PRKCB	CDC27_T313	1
PRKCB	CDC27_T329	1
PRKCB	CDH17_S548	1
PRKCB	CDK13_T442	1
PRKCB	CEBPB_T266	1
PRKCB	CFLAR_S193	1
PRKCB	CFTR_S686	1
PRKCB	CFTR_S790	1
PRKCB	CHAT_S346	1
PRKCB	CHAT_S347	1
PRKCB	CHAT_S440	1
PRKCB	CHAT_S464	1
PRKCB	CHAT_S465	1
PRKCB	CHAT_S476	1
PRKCB	CHAT_S558	1
PRKCB	CHAT_S594	1
PRKCB	CHAT_T255	1
PRKCB	CHAT_T373	1
PRKCB	CHRM2_S311	1
PRKCB	CHRM2_T310	1
PRKCB	CLDN1_T191	1
PRKCB	CLSPN_S895	1
PRKCB	CNN1_T184	1
PRKCB	CNP_S9	1
PRKCB	CREB1_S129	1
PRKCB	CREB1_S133	1
PRKCB	CREBBP_S437	1
PRKCB	CRYAA_T140	1
PRKCB	CRYBA1_S160	1
PRKCB	CTNNB1_S33	1
PRKCB	CTNNB1_S45	1
PRKCB	CTNNB1_T41	1
PRKCB	CTNND1_S352	1
PRKCB	CYP2C18_S99	1
PRKCB	CYTH1_S394	1
PRKCB	CYTH1_T395	1
PRKCB	CYTH2_S391	1
PRKCB	CYTH2_S392	1
PRKCB	DAB2_S24	1
PRKCB	DCX_S322	1
PRKCB	DCX_T326	1
PRKCB	DDX5_S557	1
PRKCB	DES_S12	1
PRKCB	DES_S6	1
PRKCB	DLGAP1_S446	1
PRKCB	DLGAP2_S440	1
PRKCB	DNAJC13_S1843	1
PRKCB	DRD1_T360	1
PRKCB	EDAR_S324	1
PRKCB	EEF1A1_S53	1
PRKCB	EEF1A1_T432	1
PRKCB	EEF1A2_S53	1
PRKCB	EEF2K_S366	1
PRKCB	EGFR_S1028	1
PRKCB	EGFR_S768	1
PRKCB	EGFR_T678	1
PRKCB	EIF2AK2_S242	1
PRKCB	EIF2AK2_T258	1
PRKCB	EIF2AK2_T451	1
PRKCB	EIF2AK2_T88	1
PRKCB	EIF3A_S1364	1
PRKCB	EIF4E_S209	1
PRKCB	EIF4E_S240	1
PRKCB	EIF4G1_S1093	1
PRKCB	EIF6_S235	1
PRKCB	EIF6_T215	1
PRKCB	EIF6_T234	1
PRKCB	EMSY_S209	1
PRKCB	EPB41_S312	1
PRKCB	EPB41_S369	1
PRKCB	EPB41_S486	1
PRKCB	EPB41_S521	1
PRKCB	EPB41_S543	1
PRKCB	EPB41_S578	1
PRKCB	EPHA2_S892	1
PRKCB	EPS15L1_S241	1
PRKCB	ERBB2_T686	1
PRKCB	EWSR1_S266	1
PRKCB	EWSR1_S272	1
PRKCB	F2R_S396	1
PRKCB	F2R_S413	1
PRKCB	F2R_T425	1
PRKCB	F3_S285	1
PRKCB	F3_S290	1
PRKCB	FCER1G_S69	1
PRKCB	FGA_S576	1
PRKCB	FGA_S577	1
PRKCB	FGA_S578	1
PRKCB	FGA_S618	1
PRKCB	FLNB_S1937	1
PRKCB	FSCN1_S39	1
PRKCB	FUS_S257	1
PRKCB	GABRB1_S434	1
PRKCB	GABRB2_S434	1
PRKCB	GABRG2_S366	1
PRKCB	GABRG2_S382	1
PRKCB	GABRG2_S406	1
PRKCB	GAP43_S41	1
PRKCB	GAP43_S77	1
PRKCB	GFAP_S13	1
PRKCB	GFAP_S17	1
PRKCB	GFAP_S38	1
PRKCB	GFAP_S8	1
PRKCB	GHRL_S41	1
PRKCB	GJA1_S368	1
PRKCB	GJB1_S229	1
PRKCB	GJB1_S233	1
PRKCB	GNA15_S336	1
PRKCB	GNAZ_S16	1
PRKCB	GNAZ_S27	1
PRKCB	GRAP2_T262	1
PRKCB	GRIA1_S859	1
PRKCB	GRIA2_S683	1
PRKCB	GRIA2_S717	1
PRKCB	GRIA4_S862	1
PRKCB	GRIA4_T850	1
PRKCB	GRIN1_S889	1
PRKCB	GRIN1_S890	1
PRKCB	GRIN1_S896	1
PRKCB	GRIN1_S897	1
PRKCB	GRIN1_S910	1
PRKCB	GRIN1_S911	1
PRKCB	GRIN2B_S1303	1
PRKCB	GRIN2B_S1323	1
PRKCB	GRK1_S21	1
PRKCB	GRK5_T485	1
PRKCB	GRK6_T485	1
PRKCB	GRM1_T695	1
PRKCB	GRM5_S840	1
PRKCB	GRM5_T841	1
PRKCB	GRN_S81	1
PRKCB	GSK3A_S21	1
PRKCB	GSK3B_S9	1
PRKCB	GSK3B_T402	1
PRKCB	GYS1_S640	1
PRKCB	GYS1_S641	1
PRKCB	H1-3_S103	1
PRKCB	H3C1_T7	1
PRKCB	HABP4_T354	1
PRKCB	HABP4_T375	1
PRKCB	HAND1_S109	1
PRKCB	HAND1_S98	1
PRKCB	HAND1_T107	1
PRKCB	HES1_S37	1
PRKCB	HES1_S38	1
PRKCB	HMGA1_T77	1
PRKCB	HMGB2_S34	1
PRKCB	HMGN1_S21	1
PRKCB	HMGN1_S25	1
PRKCB	HNRNPUL1_S512	1
PRKCB	HSPB1_S86	1
PRKCB	HSPB8_S14	1
PRKCB	HSPB8_T63	1
PRKCB	IBTK_S1200	1
PRKCB	IBTK_S1203	1
PRKCB	IFI16_S132	1
PRKCB	IL2RA_S268	1
PRKCB	IL2RA_T271	1
PRKCB	ILF3_S647	1
PRKCB	ILF3_S651	1
PRKCB	INSR_T1375	1
PRKCB	IRF3_T404	1
PRKCB	IRS1_S323	1
PRKCB	IRS1_S441	1
PRKCB	IRS2_S306	1
PRKCB	IRS2_S679	1
PRKCB	ITGB2_S745	1
PRKCB	ITGB2_S756	1
PRKCB	ITGB2_T758	1
PRKCB	ITGB2_T760	1
PRKCB	ITGB7_T783	1
PRKCB	ITPKA_T311	1
PRKCB	JADE1_S392	1
PRKCB	KCNC4_S15	1
PRKCB	KCNC4_S21	1
PRKCB	KCNC4_S8	1
PRKCB	KCNC4_S9	1
PRKCB	KCNE1_S102	1
PRKCB	KIF22_T463	1
PRKCB	KIR3DL1_S415	1
PRKCB	KIT_S741	1
PRKCB	KLF5_S153	1
PRKCB	KLHL3_S433	1
PRKCB	KRT18_S53	1
PRKCB	LASP1_S146	1
PRKCB	LBR_S80	1
PRKCB	LIMK1_T508	1
PRKCB	LIMK2_T505	1
PRKCB	LIN28B_S243	1
PRKCB	LMNA_S403	1
PRKCB	LMNA_S404	1
PRKCB	LMNA_S423	1
PRKCB	LMNA_S5	1
PRKCB	LMNA_S525	1
PRKCB	LMNA_S625	1
PRKCB	LMNA_T199	1
PRKCB	LMNA_T409	1
PRKCB	LMNA_T416	1
PRKCB	LMNA_T480	1
PRKCB	LMNB1_S395	1
PRKCB	LMNB1_S396	1
PRKCB	LMNB1_S405	1
PRKCB	LMNB1_S406	1
PRKCB	MAD2L1_S195	1
PRKCB	MAP1B_S544	1
PRKCB	MAP2K5_T315	1
PRKCB	MAP3K8_S413	1
PRKCB	MAP4_S941	1
PRKCB	MAPK1_T185	1
PRKCB	MAPK1_Y187	1
PRKCB	MAPK3_T202	1
PRKCB	MAPK3_Y204	1
PRKCB	MAPK8_T183	1
PRKCB	MAPK8_Y185	1
PRKCB	MAPK9_S129	1
PRKCB	MAPT_S258	1
PRKCB	MAPT_S293	1
PRKCB	MAPT_S324	1
PRKCB	MAPT_S352	1
PRKCB	MAPT_S593	1
PRKCB	MAPT_S628	1
PRKCB	MAPT_S659	1
PRKCB	MAPT_S687	1
PRKCB	MARCKS_S159	1
PRKCB	MARCKS_S163	1
PRKCB	MARCKS_S167	1
PRKCB	MARCKS_S170	1
PRKCB	MCU_S92	1
PRKCB	MEP1B_S687	1
PRKCB	MET_S1003	1
PRKCB	MFN1_S284	1
PRKCB	MFN1_S290	1
PRKCB	MFN1_S86	1
PRKCB	MPZ_S210	1
PRKCB	MPZ_S228	1
PRKCB	MPZ_S233	1
PRKCB	MPZ_S243	1
PRKCB	MS4A1_S231	1
PRKCB	MSX2_T135	1
PRKCB	MSX2_T141	1
PRKCB	MYH9_S1916	1
PRKCB	MYO3A_S1355	1
PRKCB	MYOD1_T115	1
PRKCB	NCF1_S303	1
PRKCB	NCF1_S304	1
PRKCB	NCF1_S315	1
PRKCB	NCF1_S320	1
PRKCB	NCF1_S328	1
PRKCB	NCF1_S359	1
PRKCB	NCF1_S370	1
PRKCB	NCF1_S379	1
PRKCB	NCF4_T154	1
PRKCB	NCOA6_T1321	1
PRKCB	NFATC3_T204	1
PRKCB	NFE2L2_S40	1
PRKCB	NFKB2_S869	1
PRKCB	NOLC1_T610	1
PRKCB	NOS3_T495	1
PRKCB	NOX1_T430	1
PRKCB	NOX5_S498	1
PRKCB	NOX5_S544	1
PRKCB	NOX5_T494	1
PRKCB	NOX5_T540	1
PRKCB	NPM1_S227	1
PRKCB	NPR1_S534	1
PRKCB	NPR1_T532	1
PRKCB	NPR2_S518	1
PRKCB	NPR2_T516	1
PRKCB	NR4A1_S351	1
PRKCB	NRGN_S36	1
PRKCB	OCLN_S340	1
PRKCB	OCLN_S490	1
PRKCB	OPRD1_S344	1
PRKCB	ORAI1_S27	1
PRKCB	ORAI1_S30	1
PRKCB	OSBPL9_S287	1
PRKCB	OTUD7B_S464	1
PRKCB	P2RY4_S334	1
PRKCB	PA2G4_S363	1
PRKCB	PA2G4_T366	1
PRKCB	PAK2_S197	1
PRKCB	PAK2_S20	1
PRKCB	PAM_S930	1
PRKCB	PAM_S935	1
PRKCB	PAPOLB_S552	1
PRKCB	PCYT1A_S333	1
PRKCB	PCYT1B_S315	1
PRKCB	PCYT1B_T325	1
PRKCB	PDE3B_S296	1
PRKCB	PDE4B_S133	1
PRKCB	PEA15_S104	1
PRKCB	PEBP1_S153	1
PRKCB	PFKFB2_S483	1
PRKCB	PFKFB2_T475	1
PRKCB	PHKA1_S1007	1
PRKCB	PIGR_S673	1
PRKCB	PIK3CG_S582	1
PRKCB	PKP4_S336	1
PRKCB	PLCB1_S887	1
PRKCB	PLEC_S1487	1
PRKCB	PLEC_S1721	1
PRKCB	PLEC_S4386	1
PRKCB	PLEC_S4389	1
PRKCB	PLEC_T4623	1
PRKCB	PLEK_S113	1
PRKCB	PLEK_S117	1
PRKCB	PLEK_T114	1
PRKCB	PPARA_S179	1
PRKCB	PPARA_S230	1
PRKCB	PPP1CC_T318	1
PRKCB	PPP1R14A_S12	1
PRKCB	PPP1R14A_T38	1
PRKCB	PPP1R14B_T57	1
PRKCB	PPP1R1B_S42	1
PRKCB	PPP1R9B_S94	1
PRKCB	PRKAA1_S496	1
PRKCB	PRKCA_T497	1
PRKCB	PRKD1_S249	1
PRKCB	PRKDC_T2647	1
PRKCB	PSEN1_S346	1
PRKCB	PTGER4_S259	1
PRKCB	PTGER4_S354	1
PRKCB	PTGER4_S430	1
PRKCB	PTGER4_S460	1
PRKCB	PTGER4_S484	1
PRKCB	PTGER4_T433	1
PRKCB	PTHLH_T108	1
PRKCB	PTPN11_S580	1
PRKCB	PTPN11_S595	1
PRKCB	PTPN12_S39	1
PRKCB	PTPN12_S435	1
PRKCB	PTPN1_S378	1
PRKCB	PTPRC_S1009	1
PRKCB	RAB11A_S177	1
PRKCB	RAF1_S338	1
PRKCB	RAF1_S497	1
PRKCB	RAF1_S499	1
PRKCB	RAF1_S619	1
PRKCB	RAF1_S621	1
PRKCB	RAF1_T268	1
PRKCB	RANGAP1_T436	1
PRKCB	RB1_S780	1
PRKCB	RBL2_S962	1
PRKCB	RBL2_T642	1
PRKCB	RBL2_T974	1
PRKCB	RGS19_T201	1
PRKCB	RHO_S338	1
PRKCB	RHO_T336	1
PRKCB	RIPK1_S389	1
PRKCB	RPS6KB2_S473	1
PRKCB	RPS6KB2_T388	1
PRKCB	RRAD_S214	1
PRKCB	RRAD_S257	1
PRKCB	RRAD_S273	1
PRKCB	RRAD_S290	1
PRKCB	RRAD_S299	1
PRKCB	SAFB_S604	1
PRKCB	SAFB_T416	1
PRKCB	SASH3_S27	1
PRKCB	SCN2A_S1506	1
PRKCB	SDC2_S187	1
PRKCB	SDC2_S188	1
PRKCB	SHC1_S139	1
PRKCB	SHC1_S213	1
PRKCB	SHC1_T206	1
PRKCB	SLC6A9_S239	1
PRKCB	SLC6A9_S625	1
PRKCB	SLC6A9_T19	1
PRKCB	SLC6A9_T276	1
PRKCB	SLC6A9_T590	1
PRKCB	SNRNP70_S137	1
PRKCB	SNRNP70_S140	1
PRKCB	SP4_T138	1
PRKCB	SPAG9_S732	1
PRKCB	SPHK1_S225	1
PRKCB	SPTAN1_S1323	1
PRKCB	SPTBN1_S2160	1
PRKCB	SRRM1_S532	1
PRKCB	SRRM1_T435	1
PRKCB	SRRM2_S1423	1
PRKCB	SRRM2_S1522	1
PRKCB	SRRM2_S1600	1
PRKCB	SRRM2_S1848	1
PRKCB	SRRM2_S782	1
PRKCB	SRRM2_S931	1
PRKCB	SRRM2_T274	1
PRKCB	STK4_T183	1
PRKCB	STMN1_S25	1
PRKCB	STMN1_S38	1
PRKCB	STMN2_S73	1
PRKCB	STXBP1_S306	1
PRKCB	STXBP1_S313	1
PRKCB	SYT6_T198	1
PRKCB	SYT6_T283	1
PRKCB	SYT6_T332	1
PRKCB	SYT6_T333	1
PRKCB	SYT6_T417	1
PRKCB	SYT6_T418	1
PRKCB	TAGLN_S181	1
PRKCB	TBC1D4_S588	1
PRKCB	TBXA2R_S331	1
PRKCB	TBXA2R_T337	1
PRKCB	TERT_S1125	1
PRKCB	TERT_S227	1
PRKCB	TERT_S824	1
PRKCB	TFEB_S466	1
PRKCB	TFEB_S467	1
PRKCB	TFRC_S24	1
PRKCB	TMPO_S166	1
PRKCB	TNNI3_S42	1
PRKCB	TNNI3_S44	1
PRKCB	TNNI3_S77	1
PRKCB	TNNI3_T143	1
PRKCB	TNNT2_T199	1
PRKCB	TOP2A_S29	1
PRKCB	TOP2A_T1343	1
PRKCB	TP53_S371	1
PRKCB	TP53_S376	1
PRKCB	TP53_S378	1
PRKCB	TP73_S388	1
PRKCB	TRPM8_S1040	1
PRKCB	TRPM8_S1041	1
PRKCB	TRPV1_T705	1
PRKCB	TRPV6_S184	1
PRKCB	TRPV6_T728	1
PRKCB	TRRAP_S2051	1
PRKCB	TYR_S523	1
PRKCB	TYR_S527	1
PRKCB	UBE4B_S101	1
PRKCB	VDR_S51	1
PRKCB	VIM_S25	1
PRKCB	VIM_S8	1
PRKCB	VIM_S9	1
PRKCB	VPS72_S132	1
PRKCB	VPS72_T86	1
PRKCB	VRK1_T305	1
PRKCB	VRK1_T355	1
PRKCB	VRK1_T390	1
PRKCB	VTN_S381	1
PRKCB	WIPF1_S488	1
PRKCB	WNK1_T60	1
PRKCB	XK_S63	1
PRKCB	XRCC4_T323	1
PRKCB	YWHAZ_S58	1
PRKCB	ZMYM2_S362	1
PRKCD	ABCB1_S661	1
PRKCD	ABCB1_S667	1
PRKCD	ABCB1_S671	1
PRKCD	ADAM17_T735	1
PRKCD	ADD1_S695	1
PRKCD	ADD1_S726	1
PRKCD	ADD2_S713	1
PRKCD	ADD2_S726	1
PRKCD	ADD3_S693	1
PRKCD	ADRA2A_S247	1
PRKCD	ADRB2_S261	1
PRKCD	ADRB2_S262	1
PRKCD	ADRB2_S345	1
PRKCD	ADRB2_S346	1
PRKCD	AKT3_S472	1
PRKCD	ANXA1_S27	1
PRKCD	ANXA1_S28	1
PRKCD	ANXA1_T24	1
PRKCD	ANXA2_S44	1
PRKCD	APLP2_T723	1
PRKCD	AQP1_T157	1
PRKCD	AQP1_T239	1
PRKCD	ASGR2_S12	1
PRKCD	ATF2_S340	1
PRKCD	ATF2_S367	1
PRKCD	BAG3_S187	1
PRKCD	BCL2_S70	1
PRKCD	BDKRB2_S373	1
PRKCD	BEST1_S298	1
PRKCD	BEST1_S358	1
PRKCD	BLVRA_S21	1
PRKCD	BLVRA_S230	1
PRKCD	BLVRA_S237	1
PRKCD	BLVRA_S33	1
PRKCD	C5AR1_S334	1
PRKCD	CAMKK1_T108	1
PRKCD	CANX_S583	1
PRKCD	CARD9_T231	1
PRKCD	CASR_T898	1
PRKCD	CAT_S167	1
PRKCD	CD3G_S148	1
PRKCD	CD44_S291	1
PRKCD	CDH1_T790	1
PRKCD	CDK5_T77	1
PRKCD	CDK9_T186	1
PRKCD	CDKN1A_S146	1
PRKCD	CEACAM1_T457	1
PRKCD	CEBPA_S21	1
PRKCD	CFTR_S686	1
PRKCD	CFTR_S790	1
PRKCD	CHAT_S440	1
PRKCD	CHAT_S476	1
PRKCD	CHAT_S558	1
PRKCD	CHAT_S594	1
PRKCD	CHN2_S171	1
PRKCD	CNP_S9	1
PRKCD	CREBBP_S437	1
PRKCD	CTNNB1_S715	1
PRKCD	CTTN_S405	1
PRKCD	CXCR4_S324	1
PRKCD	CXCR4_S325	1
PRKCD	CXCR4_S328	1
PRKCD	CXCR4_S329	1
PRKCD	CXCR4_S338	1
PRKCD	CXCR4_S339	1
PRKCD	CYBA_T147	1
PRKCD	CYTH1_S393	1
PRKCD	CYTH1_S394	1
PRKCD	CYTH1_T394	1
PRKCD	CYTH1_T395	1
PRKCD	CYTH2_S392	1
PRKCD	DAB2_S24	1
PRKCD	DAP3_S185	1
PRKCD	DAP3_S280	1
PRKCD	DAP3_S31	1
PRKCD	DAP3_T186	1
PRKCD	DAP3_T237	1
PRKCD	DBI_T42	1
PRKCD	DDX5_S557	1
PRKCD	DNM1L_S616	1
PRKCD	EEF1A1_T432	1
PRKCD	EGFR_T678	1
PRKCD	EIF2S1_S52	1
PRKCD	EIF4ENIF1_S120	1
PRKCD	EIF4ENIF1_S136	1
PRKCD	ELAVL1_S221	1
PRKCD	ELAVL1_S318	1
PRKCD	ENOX2_S504	1
PRKCD	EP300_S1734	1
PRKCD	EP300_S89	1
PRKCD	EP300_T885	1
PRKCD	ERF_S185	1
PRKCD	ERF_S489	1
PRKCD	ERF_S531	1
PRKCD	EWSR1_S272	1
PRKCD	F3_S285	1
PRKCD	F3_S290	1
PRKCD	FBXO25_S178	1
PRKCD	FCER1G_S69	1
PRKCD	FGA_S576	1
PRKCD	FGA_S577	1
PRKCD	FGA_S578	1
PRKCD	FGA_S618	1
PRKCD	FGF1_S131	1
PRKCD	FLI1_T312	1
PRKCD	FOSL1_T217	1
PRKCD	FOSL1_T227	1
PRKCD	FSCN1_S39	1
PRKCD	G6PD_S180	1
PRKCD	G6PD_S210	1
PRKCD	G6PD_T236	1
PRKCD	G6PD_T266	1
PRKCD	GABRB1_S434	1
PRKCD	GABRG2_S406	1
PRKCD	GAPDH_S241	1
PRKCD	GAPDH_T246	1
PRKCD	GFAP_S13	1
PRKCD	GFAP_S17	1
PRKCD	GFAP_S38	1
PRKCD	GJA1_S368	1
PRKCD	GJB1_S229	1
PRKCD	GJB1_S233	1
PRKCD	GNA15_S336	1
PRKCD	GNAZ_S16	1
PRKCD	GNAZ_S27	1
PRKCD	GRIA1_S859	1
PRKCD	GRIA4_S862	1
PRKCD	GRIA4_T850	1
PRKCD	GRIN1_S910	1
PRKCD	GRIN1_S911	1
PRKCD	GRK2_S29	1
PRKCD	GRM1_T695	1
PRKCD	GRM5_S840	1
PRKCD	GRM5_T841	1
PRKCD	GSK3A_S21	1
PRKCD	GSK3B_S9	1
PRKCD	H3C1_T46	1
PRKCD	HABP4_T354	1
PRKCD	HABP4_T375	1
PRKCD	HAND1_S109	1
PRKCD	HAND1_S98	1
PRKCD	HAND1_T107	1
PRKCD	HAX1_S210	1
PRKCD	HDAC5_S259	1
PRKCD	HDAC5_S260	1
PRKCD	HES1_S37	1
PRKCD	HES1_S38	1
PRKCD	HLCS_S79	1
PRKCD	HMGA1_S44	1
PRKCD	HMGA1_S64	1
PRKCD	HMGN1_S21	1
PRKCD	HMGN1_S25	1
PRKCD	HNRNPK_S284	1
PRKCD	HNRNPK_S302	1
PRKCD	HNRNPK_S379	1
PRKCD	HSPB1_S78	1
PRKCD	HSPB1_S82	1
PRKCD	HSPB8_S14	1
PRKCD	HSPB8_T63	1
PRKCD	HVCN1_S77	1
PRKCD	HVCN1_S97	1
PRKCD	HVCN1_T29	1
PRKCD	HVCN1_T9	1
PRKCD	IL2RA_S268	1
PRKCD	IL2RA_T271	1
PRKCD	IL6ST_T890	1
PRKCD	IL6ST_T909	1
PRKCD	INSR_T1375	1
PRKCD	IRS1_S1100	1
PRKCD	IRS1_S1101	1
PRKCD	IRS1_S1222	1
PRKCD	IRS1_S1223	1
PRKCD	IRS1_S307	1
PRKCD	IRS1_S323	1
PRKCD	IRS1_S329	1
PRKCD	IRS1_S441	1
PRKCD	IRS1_S574	1
PRKCD	IRS1_S616	1
PRKCD	ITGB2_S745	1
PRKCD	ITGB2_S756	1
PRKCD	ITGB2_T758	1
PRKCD	ITGB2_T760	1
PRKCD	ITGB7_T783	1
PRKCD	ITPKA_T311	1
PRKCD	KCNJ1_S164	1
PRKCD	KCNJ1_S181	1
PRKCD	KCNJ1_S183	1
PRKCD	KCNJ4_T53	1
PRKCD	KLF5_S153	1
PRKCD	KRT18_S53	1
PRKCD	KRT8_S102	1
PRKCD	KRT8_S330	1
PRKCD	KRT8_S34	1
PRKCD	KRT8_S456	1
PRKCD	KRT8_S74	1
PRKCD	LCP1_S5	1
PRKCD	LIMK2_S262	1
PRKCD	LIMK2_S283	1
PRKCD	LIMK2_T484	1
PRKCD	LMNA_S22	1
PRKCD	LMNA_S403	1
PRKCD	LMNA_S404	1
PRKCD	LMNA_S5	1
PRKCD	LMNA_S625	1
PRKCD	LMNA_T199	1
PRKCD	LMNA_T416	1
PRKCD	LMNA_T480	1
PRKCD	LMNB1_S396	1
PRKCD	LMNB1_S406	1
PRKCD	MAP2K1_S218	1
PRKCD	MAP2K1_S222	1
PRKCD	MAPK8_S129	1
PRKCD	MAPT_S204	1
PRKCD	MAPT_S262	1
PRKCD	MAPT_S267	1
PRKCD	MAPT_S298	1
PRKCD	MAPT_S356	1
PRKCD	MAPT_S579	1
PRKCD	MAPT_S597	1
PRKCD	MAPT_S673	1
PRKCD	MAPT_S691	1
PRKCD	MARCKS_S159	1
PRKCD	MARCKS_S163	1
PRKCD	MARCKS_S167	1
PRKCD	MARCKS_S170	1
PRKCD	MARK2_T596	1
PRKCD	MCU_S92	1
PRKCD	MEP1B_S687	1
PRKCD	MET_S1003	1
PRKCD	MET_S985	1
PRKCD	MUC1_T1224	1
PRKCD	MUC1_T224	1
PRKCD	MUC1_T233	1
PRKCD	MUC1_T242	1
PRKCD	MYBPC3_S275	1
PRKCD	MYBPC3_S284	1
PRKCD	MYBPC3_S304	1
PRKCD	MYH9_S1916	1
PRKCD	MYOD1_T115	1
PRKCD	NADK_S46	1
PRKCD	NADK_S64	1
PRKCD	NCF1_S303	1
PRKCD	NCF1_S304	1
PRKCD	NCF1_S315	1
PRKCD	NCF1_S320	1
PRKCD	NCF1_S328	1
PRKCD	NCF1_S348	1
PRKCD	NCF1_S359	1
PRKCD	NCF1_S370	1
PRKCD	NCF1_S379	1
PRKCD	NCF4_S315	1
PRKCD	NCF4_T154	1
PRKCD	NFE2L2_S40	1
PRKCD	NLRC4_S533	1
PRKCD	NOS3_S1179	1
PRKCD	NOS3_T495	1
PRKCD	NPM1_S227	1
PRKCD	NPM1_T199	1
PRKCD	NPM1_T279	1
PRKCD	NR2F6_S83	1
PRKCD	NRG1_S286	1
PRKCD	NRGN_S36	1
PRKCD	OCLN_S340	1
PRKCD	OPRD1_S344	1
PRKCD	PA2G4_S360	1
PRKCD	PAM_S930	1
PRKCD	PAM_S935	1
PRKCD	PEA15_S104	1
PRKCD	PEBP1_S153	1
PRKCD	PEBP1_T51	1
PRKCD	PGR_S400	1
PRKCD	PKD1_S916	1
PRKCD	PLCB1_S887	1
PRKCD	PLD2_T566	1
PRKCD	PLEK_S113	1
PRKCD	PLEK_S117	1
PRKCD	PLEK_T114	1
PRKCD	PLSCR1_T161	1
PRKCD	PLSCR3_T21	1
PRKCD	PPP1R14A_T38	1
PRKCD	PPP1R14B_T57	1
PRKCD	PREX1_S313	1
PRKCD	PRKD1_S205	1
PRKCD	PRKD1_S249	1
PRKCD	PRKD1_S412	1
PRKCD	PRKD1_S420	1
PRKCD	PRKD1_S738	1
PRKCD	PRKD1_S742	1
PRKCD	PRKD1_S910	1
PRKCD	PTGER4_S259	1
PRKCD	PTGER4_S354	1
PRKCD	PTGER4_S430	1
PRKCD	PTGER4_S460	1
PRKCD	PTGER4_S484	1
PRKCD	PTGER4_T433	1
PRKCD	PTPN12_S39	1
PRKCD	PTPN12_S435	1
PRKCD	PTPN1_S378	1
PRKCD	PTPN22_S35	1
PRKCD	PTPRA_S180	1
PRKCD	PTPRA_S189	1
PRKCD	PTPRA_S204	1
PRKCD	PTPRA_S213	1
PRKCD	PTPRC_S1009	1
PRKCD	RAF1_S499	1
PRKCD	RASGRP3_T133	1
PRKCD	RELA_S536	1
PRKCD	RGS19_T201	1
PRKCD	RPS3_S6	1
PRKCD	RPS3_T221	1
PRKCD	RPS3_T237	1
PRKCD	RPS6KB1_T412	1
PRKCD	RPS6KB2_S473	1
PRKCD	RPS6_S235	1
PRKCD	RPS6_S236	1
PRKCD	RPS6_S240	1
PRKCD	SDC2_S187	1
PRKCD	SDC2_S188	1
PRKCD	SDC4_S179	1
PRKCD	SHC1_S139	1
PRKCD	SHC1_S28	1
PRKCD	SHC1_S29	1
PRKCD	SHOC2_S297	1
PRKCD	SHOC2_T71	1
PRKCD	SLC29A1_S281	1
PRKCD	SLC9A1_S648	1
PRKCD	SMPD1_S510	1
PRKCD	SPHK1_S225	1
PRKCD	SQSTM1_S349	1
PRKCD	SRC_S12	1
PRKCD	SRF_T160	1
PRKCD	STAT1_S727	1
PRKCD	STAT3_S726	1
PRKCD	STAT3_S727	1
PRKCD	STAT3_Y705	1
PRKCD	TACSTD2_S322	1
PRKCD	TAGLN_S181	1
PRKCD	TBL1XR1_S123	1
PRKCD	TBXA2R_S331	1
PRKCD	TBXA2R_T337	1
PRKCD	TFRC_S24	1
PRKCD	TIRAP_Y106	1
PRKCD	TNNI3_S23	1
PRKCD	TNNI3_S24	1
PRKCD	TNNI3_T143	1
PRKCD	TOP2A_S29	1
PRKCD	TP53_S15	1
PRKCD	TP53_S46	1
PRKCD	TP73_S289	1
PRKCD	TRAF2_T117	1
PRKCD	TRIM28_S473	1
PRKCD	TRPV4_S162	1
PRKCD	TRPV4_S189	1
PRKCD	TRPV4_T175	1
PRKCD	TSC22D4_S263	1
PRKCD	TSC2_S932	1
PRKCD	TSC2_S939	1
PRKCD	VPS72_S132	1
PRKCD	VRK1_T355	1
PRKCD	XK_S63	1
PRKCD	YWHAB_S59	1
PRKCD	YWHAB_S60	1
PRKCD	YWHAH_S58	1
PRKCD	YWHAZ_S58	1
PRKCE	ABCB1_S661	1
PRKCE	ABCB1_S667	1
PRKCE	ABCB1_S671	1
PRKCE	ADAM17_T735	1
PRKCE	ADAP1_S87	1
PRKCE	ADAP1_T276	1
PRKCE	ADD2_S713	1
PRKCE	ADD2_S726	1
PRKCE	ADD3_S693	1
PRKCE	ADRA2A_S247	1
PRKCE	ALDH2_S296	1
PRKCE	ALDH2_T202	1
PRKCE	ALDH2_T429	1
PRKCE	ANXA1_S27	1
PRKCE	ANXA1_S28	1
PRKCE	ANXA1_T24	1
PRKCE	ANXA2_S44	1
PRKCE	APLP2_T723	1
PRKCE	APP_S730	1
PRKCE	AQP1_T157	1
PRKCE	AQP1_T239	1
PRKCE	ASGR2_S12	1
PRKCE	ATF2_S340	1
PRKCE	ATF2_S367	1
PRKCE	ATF2_T52	1
PRKCE	AURKB_S227	1
PRKCE	BAD_S118	1
PRKCE	BAD_S75	1
PRKCE	BAD_S99	1
PRKCE	BDKRB2_S373	1
PRKCE	CANX_S583	1
PRKCE	CASR_T898	1
PRKCE	CD3G_S148	1
PRKCE	CD44_S291	1
PRKCE	CFTR_S686	1
PRKCE	CFTR_S790	1
PRKCE	CHAT_S440	1
PRKCE	CHAT_S464	1
PRKCE	CHAT_S465	1
PRKCE	CHAT_S476	1
PRKCE	CHAT_S558	1
PRKCE	CHAT_S594	1
PRKCE	CLDN4_S194	1
PRKCE	CLDN4_T189	1
PRKCE	CNP_S9	1
PRKCE	CORO1B_S2	1
PRKCE	CREB1_S133	1
PRKCE	CREBBP_S437	1
PRKCE	CTNND1_S268	1
PRKCE	CYTH1_S394	1
PRKCE	CYTH1_T395	1
PRKCE	CYTH2_S392	1
PRKCE	DAB2_S24	1
PRKCE	DDX5_S557	1
PRKCE	EEF1A1_T432	1
PRKCE	EGFR_T678	1
PRKCE	EWSR1_S272	1
PRKCE	F3_S285	1
PRKCE	F3_S290	1
PRKCE	FBXW7_S10	1
PRKCE	FBXW7_S18	1
PRKCE	FGA_S576	1
PRKCE	FGA_S577	1
PRKCE	FGA_S578	1
PRKCE	FGA_S618	1
PRKCE	FGFR1_S779	1
PRKCE	FGFR1_S810	1
PRKCE	FGFR2_S782	1
PRKCE	FSCN1_S39	1
PRKCE	GABRB1_S434	1
PRKCE	GABRG2_S366	1
PRKCE	GABRG2_S406	1
PRKCE	GAD1_T91	1
PRKCE	GFAP_S13	1
PRKCE	GFAP_S17	1
PRKCE	GFAP_S38	1
PRKCE	GJA1_S262	1
PRKCE	GJA1_S365	1
PRKCE	GJA1_S368	1
PRKCE	GJA1_S369	1
PRKCE	GJA1_S373	1
PRKCE	GJB1_S229	1
PRKCE	GJB1_S233	1
PRKCE	GLS_S314	1
PRKCE	GNA15_S336	1
PRKCE	GNAI2_S144	1
PRKCE	GNAI2_S302	1
PRKCE	GNAI2_S44	1
PRKCE	GNAZ_S16	1
PRKCE	GNAZ_S27	1
PRKCE	GRIA1_S859	1
PRKCE	GRIA4_S862	1
PRKCE	GRIA4_T850	1
PRKCE	GRIN1_S910	1
PRKCE	GRIN1_S911	1
PRKCE	GRM1_T695	1
PRKCE	GRM5_S840	1
PRKCE	GRM5_T841	1
PRKCE	GSK3A_S21	1
PRKCE	HAND1_S109	1
PRKCE	HAND1_S98	1
PRKCE	HAND1_T107	1
PRKCE	HES1_S37	1
PRKCE	HES1_S38	1
PRKCE	HMGN1_S21	1
PRKCE	HMGN1_S25	1
PRKCE	HSPB8_S14	1
PRKCE	HSPB8_T63	1
PRKCE	IKBKB_S177	1
PRKCE	IL2RA_S268	1
PRKCE	IL2RA_T271	1
PRKCE	INSR_T1187	1
PRKCE	INSR_T1375	1
PRKCE	IQGAP1_S1443	1
PRKCE	ITGB1_T788	1
PRKCE	ITGB1_T789	1
PRKCE	ITGB2_S745	1
PRKCE	ITGB2_S756	1
PRKCE	ITGB2_T758	1
PRKCE	ITGB2_T760	1
PRKCE	ITPKA_T311	1
PRKCE	KCNK3_T383	1
PRKCE	KEAP1_S599	1
PRKCE	KEAP1_S602	1
PRKCE	KIR3DL1_S415	1
PRKCE	KLF5_S153	1
PRKCE	KRT18_S53	1
PRKCE	KRT8_S24	1
PRKCE	KRT8_S9	1
PRKCE	LMNA_S403	1
PRKCE	LMNA_S404	1
PRKCE	LMNA_S5	1
PRKCE	LMNA_S625	1
PRKCE	LMNA_T199	1
PRKCE	LMNA_T416	1
PRKCE	LMNA_T480	1
PRKCE	LMNB1_S396	1
PRKCE	LMNB1_S406	1
PRKCE	MAPT_S258	1
PRKCE	MAPT_S293	1
PRKCE	MAPT_S324	1
PRKCE	MAPT_S352	1
PRKCE	MAPT_S593	1
PRKCE	MAPT_S628	1
PRKCE	MAPT_S659	1
PRKCE	MAPT_S687	1
PRKCE	MARCKS_S159	1
PRKCE	MARCKS_S163	1
PRKCE	MARCKS_S167	1
PRKCE	MARCKS_S170	1
PRKCE	MCU_S92	1
PRKCE	MEP1B_S687	1
PRKCE	MET_S1003	1
PRKCE	MET_S985	1
PRKCE	MIIP_S303	1
PRKCE	MYH9_S1916	1
PRKCE	MYOD1_T115	1
PRKCE	NANOG_S135	1
PRKCE	NANOG_S79	1
PRKCE	NANOG_T200	1
PRKCE	NANOG_T280	1
PRKCE	NANOG_T78	1
PRKCE	NCF4_T154	1
PRKCE	NFE2L2_S40	1
PRKCE	NLRP5_S331	1
PRKCE	NOS3_S1171	1
PRKCE	NOS3_T495	1
PRKCE	NPM1_S227	1
PRKCE	NREP_S103	1
PRKCE	NREP_S59	1
PRKCE	NRGN_S36	1
PRKCE	NRIP1_S102	1
PRKCE	NSF_S460	1
PRKCE	NSF_T461	1
PRKCE	OCLN_S340	1
PRKCE	OCLN_T403	1
PRKCE	OCLN_T404	1
PRKCE	OCLN_T424	1
PRKCE	OCLN_T438	1
PRKCE	OPRD1_S344	1
PRKCE	PAM_S930	1
PRKCE	PAM_S935	1
PRKCE	PEA15_S104	1
PRKCE	PLCB1_S887	1
PRKCE	PLEK_S113	1
PRKCE	PLEK_S117	1
PRKCE	PLEK_T114	1
PRKCE	PPP1R14A_T38	1
PRKCE	PRKD1_S249	1
PRKCE	PRKD1_S738	1
PRKCE	PRKD1_S742	1
PRKCE	PRKD2_S706	1
PRKCE	PRKD2_S710	1
PRKCE	PRKD2_S876	1
PRKCE	PTGER4_S259	1
PRKCE	PTGER4_S354	1
PRKCE	PTGER4_S430	1
PRKCE	PTGER4_S460	1
PRKCE	PTGER4_S484	1
PRKCE	PTGER4_T433	1
PRKCE	PTPN12_S39	1
PRKCE	PTPN12_S435	1
PRKCE	PTPN1_S378	1
PRKCE	PTPRC_S1009	1
PRKCE	PXN_S178	1
PRKCE	RAB11A_S177	1
PRKCE	RAB5A_T7	1
PRKCE	RAF1_S499	1
PRKCE	RGS19_T201	1
PRKCE	RHOA_S188	1
PRKCE	RHOA_T127	1
PRKCE	RPS6KB2_S473	1
PRKCE	SDC2_S187	1
PRKCE	SDC2_S188	1
PRKCE	SHC1_S139	1
PRKCE	SLC4A3_S67	1
PRKCE	SLC6A2_S259	1
PRKCE	STAT3_S727	1
PRKCE	STAT3_Y705	1
PRKCE	TAGLN_S181	1
PRKCE	TBXA2R_S331	1
PRKCE	TBXA2R_T337	1
PRKCE	TFRC_S24	1
PRKCE	TICAM2_S16	1
PRKCE	TJP1_S168	1
PRKCE	TNNI3_S44	1
PRKCE	TOP2A_S29	1
PRKCE	TRAF2_T117	1
PRKCE	TRPV1_S502	1
PRKCE	TRPV1_S775	1
PRKCE	TRPV1_S801	1
PRKCE	TRPV1_S821	1
PRKCE	TRPV1_T145	1
PRKCE	TRPV1_T705	1
PRKCE	UGT1A7_S432	1
PRKCE	VASP_S157	1
PRKCE	VPS72_S132	1
PRKCE	XIAP_S87	1
PRKCE	XK_S63	1
PRKCG	ABCB1_S661	1
PRKCG	ABCB1_S667	1
PRKCG	ABCB1_S671	1
PRKCG	ADD2_S713	1
PRKCG	ADD2_S726	1
PRKCG	ADD3_S693	1
PRKCG	ADRA2A_S247	1
PRKCG	ANXA1_S27	1
PRKCG	ANXA1_S28	1
PRKCG	ANXA1_T24	1
PRKCG	ANXA2_S44	1
PRKCG	APLP2_T723	1
PRKCG	APTX_T125	1
PRKCG	AQP1_T157	1
PRKCG	AQP1_T239	1
PRKCG	ARHGEF7_S518	1
PRKCG	ASGR2_S12	1
PRKCG	ATF2_S340	1
PRKCG	ATF2_S367	1
PRKCG	BDKRB2_S373	1
PRKCG	C5AR1_S334	1
PRKCG	CANX_S583	1
PRKCG	CASR_T888	1
PRKCG	CASR_T898	1
PRKCG	CD3G_S148	1
PRKCG	CD44_S291	1
PRKCG	CD5_T434	1
PRKCG	CD5_T436	1
PRKCG	CFTR_S686	1
PRKCG	CFTR_S790	1
PRKCG	CHAT_S346	1
PRKCG	CHAT_S347	1
PRKCG	CHAT_S440	1
PRKCG	CHAT_S464	1
PRKCG	CHAT_S465	1
PRKCG	CHAT_S476	1
PRKCG	CHAT_S558	1
PRKCG	CHAT_S594	1
PRKCG	CHAT_T255	1
PRKCG	CHAT_T373	1
PRKCG	CNP_S9	1
PRKCG	CREBBP_S437	1
PRKCG	CYTH1_S394	1
PRKCG	CYTH1_T395	1
PRKCG	CYTH2_S391	1
PRKCG	CYTH2_S392	1
PRKCG	DAB2_S24	1
PRKCG	DDX5_S557	1
PRKCG	DGKG_S779	1
PRKCG	DNAJC5_S10	1
PRKCG	DNAJC5_S34	1
PRKCG	EEF1A1_T432	1
PRKCG	EGFR_T678	1
PRKCG	EIF4E_S209	1
PRKCG	EIF4E_S240	1
PRKCG	EWSR1_S272	1
PRKCG	F3_S285	1
PRKCG	F3_S290	1
PRKCG	FGA_S576	1
PRKCG	FGA_S577	1
PRKCG	FGA_S578	1
PRKCG	FGA_S618	1
PRKCG	FSCN1_S39	1
PRKCG	GABRB1_S434	1
PRKCG	GABRG2_S406	1
PRKCG	GFAP_S13	1
PRKCG	GFAP_S17	1
PRKCG	GFAP_S38	1
PRKCG	GJA1_S368	1
PRKCG	GJB1_S229	1
PRKCG	GJB1_S233	1
PRKCG	GNA15_S336	1
PRKCG	GNAZ_S16	1
PRKCG	GNAZ_S27	1
PRKCG	GRIA1_S710	1
PRKCG	GRIA1_S849	1
PRKCG	GRIA1_S859	1
PRKCG	GRIA4_S862	1
PRKCG	GRIA4_T850	1
PRKCG	GRIN1_S890	1
PRKCG	GRIN1_S910	1
PRKCG	GRIN1_S911	1
PRKCG	GRIN2B_S1303	1
PRKCG	GRIN2B_S1323	1
PRKCG	GRK2_S29	1
PRKCG	GRM1_T695	1
PRKCG	GRM5_S840	1
PRKCG	GRM5_T841	1
PRKCG	GSK3A_S21	1
PRKCG	GSK3B_S9	1
PRKCG	HABP4_T354	1
PRKCG	HABP4_T375	1
PRKCG	HAND1_S109	1
PRKCG	HAND1_S98	1
PRKCG	HAND1_T107	1
PRKCG	HES1_S37	1
PRKCG	HES1_S38	1
PRKCG	HMGN1_S21	1
PRKCG	HMGN1_S25	1
PRKCG	HSP90AA1_T115	1
PRKCG	HSP90AA1_T237	1
PRKCG	HSP90AA1_T425	1
PRKCG	HSP90AA1_T547	1
PRKCG	HSP90AA1_T603	1
PRKCG	HSP90AA1_T725	1
PRKCG	HSPB8_S14	1
PRKCG	HSPB8_T63	1
PRKCG	IL2RA_S268	1
PRKCG	IL2RA_T271	1
PRKCG	INSR_T1375	1
PRKCG	IRS1_S1101	1
PRKCG	ITGB2_S745	1
PRKCG	ITGB2_S756	1
PRKCG	ITGB2_T758	1
PRKCG	ITGB2_T760	1
PRKCG	ITPKA_T311	1
PRKCG	KCNC4_S15	1
PRKCG	KCNC4_S21	1
PRKCG	KCNC4_S8	1
PRKCG	KCNC4_S9	1
PRKCG	KIR3DL1_S415	1
PRKCG	KLF5_S153	1
PRKCG	KRT18_S53	1
PRKCG	LMNA_S403	1
PRKCG	LMNA_S404	1
PRKCG	LMNA_S5	1
PRKCG	LMNA_S625	1
PRKCG	LMNA_T199	1
PRKCG	LMNA_T416	1
PRKCG	LMNA_T480	1
PRKCG	LMNB1_S396	1
PRKCG	LMNB1_S406	1
PRKCG	MAPT_S258	1
PRKCG	MAPT_S293	1
PRKCG	MAPT_S324	1
PRKCG	MAPT_S352	1
PRKCG	MAPT_S593	1
PRKCG	MAPT_S628	1
PRKCG	MAPT_S659	1
PRKCG	MAPT_S687	1
PRKCG	MARCKS_S159	1
PRKCG	MARCKS_S163	1
PRKCG	MARCKS_S167	1
PRKCG	MARCKS_S170	1
PRKCG	MEP1B_S687	1
PRKCG	MET_S1003	1
PRKCG	MMP14_T567	1
PRKCG	MYH9_S1916	1
PRKCG	MYOD1_T115	1
PRKCG	NADK_S46	1
PRKCG	NADK_S64	1
PRKCG	NCF4_T154	1
PRKCG	NFE2L2_S40	1
PRKCG	NGFR_S277	1
PRKCG	NOS3_T495	1
PRKCG	NPM1_S227	1
PRKCG	NRGN_S36	1
PRKCG	OCLN_S340	1
PRKCG	OPRD1_S344	1
PRKCG	PA2G4_S363	1
PRKCG	PA2G4_T366	1
PRKCG	PAM_S930	1
PRKCG	PAM_S935	1
PRKCG	PEA15_S104	1
PRKCG	PEBP1_S153	1
PRKCG	PLCB1_S887	1
PRKCG	PLEK_S113	1
PRKCG	PLEK_S117	1
PRKCG	PLEK_T114	1
PRKCG	PRKD1_S249	1
PRKCG	PSD_S831	1
PRKCG	PSEN1_S346	1
PRKCG	PTGER4_S259	1
PRKCG	PTGER4_S354	1
PRKCG	PTGER4_S430	1
PRKCG	PTGER4_S460	1
PRKCG	PTGER4_S484	1
PRKCG	PTGER4_T433	1
PRKCG	PTPN12_S39	1
PRKCG	PTPN12_S435	1
PRKCG	PTPN1_S378	1
PRKCG	PTPRC_S1009	1
PRKCG	RAF1_S497	1
PRKCG	RAF1_S499	1
PRKCG	RAF1_S619	1
PRKCG	RARA_S157	1
PRKCG	RGS19_T201	1
PRKCG	RPS6KB2_S473	1
PRKCG	SDC2_S187	1
PRKCG	SDC2_S188	1
PRKCG	STK17B_S351	1
PRKCG	STXBP1_S306	1
PRKCG	STXBP1_S313	1
PRKCG	TAGLN_S181	1
PRKCG	TBXA2R_S331	1
PRKCG	TBXA2R_T337	1
PRKCG	TFRC_S24	1
PRKCG	TNNI3_S42	1
PRKCG	TNNI3_S44	1
PRKCG	TOP2A_S29	1
PRKCG	VPS72_S132	1
PRKCG	VTN_S381	1
PRKCG	XK_S63	1
PRKCH	ANXA1_S27	1
PRKCH	CTTN_S117	1
PRKCH	CTTN_S389	1
PRKCH	GSK3A_S21	1
PRKCH	GSK3B_S9	1
PRKCH	GSTP1_S185	1
PRKCH	GSTP1_S43	1
PRKCH	ITGB2_S745	1
PRKCH	ITGB2_T758	1
PRKCH	NOS3_T495	1
PRKCH	NPM1_S227	1
PRKCH	NPM1_T234	1
PRKCH	PRKCH_S28	1
PRKCH	PRKCH_S32	1
PRKCH	PRKCH_S675	1
PRKCH	PRKCH_T656	1
PRKCH	PRKD1_S549	1
PRKCH	PRKD1_S738	1
PRKCH	PRKD1_S742	1
PRKCH	PRKD2_S706	1
PRKCH	PRKD2_S710	1
PRKCH	PRKD2_S876	1
PRKCH	PTPN11_S580	1
PRKCH	PTPN11_S595	1
PRKCH	TBXA2R_S331	1
PRKCH	TBXA2R_T337	1
PRKCI	ABI2_T297	1
PRKCI	AFDN_S1166	1
PRKCI	AMOT_S538	1
PRKCI	AMOT_T536	1
PRKCI	AMOT_T750	1
PRKCI	ANXA1_S27	1
PRKCI	BAD_S118	1
PRKCI	BAD_S75	1
PRKCI	BAD_S99	1
PRKCI	CDK7_T170	1
PRKCI	CTTN_S261	1
PRKCI	DOC2B_S34	1
PRKCI	ECT2_T359	1
PRKCI	ELF3_S68	1
PRKCI	EP300_S89	1
PRKCI	EZH2_S690	1
PRKCI	EZH2_T345	1
PRKCI	EZH2_T487	1
PRKCI	EZR_T567	1
PRKCI	FBXW7_S10	1
PRKCI	FBXW7_S18	1
PRKCI	GLI1_S243	1
PRKCI	GLI1_T304	1
PRKCI	IRAK1_T66	1
PRKCI	KLF10_S384	1
PRKCI	KLF10_T445	1
PRKCI	LLGL1_S659	1
PRKCI	LLGL1_S663	1
PRKCI	LLGL2_S653	1
PRKCI	MAPT_S258	1
PRKCI	MAPT_S293	1
PRKCI	MAPT_S324	1
PRKCI	MAPT_S352	1
PRKCI	MAPT_S593	1
PRKCI	MAPT_S628	1
PRKCI	MAPT_S659	1
PRKCI	MAPT_S687	1
PRKCI	MARK2_T596	1
PRKCI	MARK3_T564	1
PRKCI	MDM2_S262	1
PRKCI	NCL_T105	1
PRKCI	NFE2L2_S40	1
PRKCI	NOS3_T495	1
PRKCI	NUMB_S276	1
PRKCI	NUMB_S295	1
PRKCI	NUMB_S7	1
PRKCI	PARD3_S827	1
PRKCI	PARD6A_S345	1
PRKCI	ROCK1_S1333	1
PRKCI	ROCK1_S1341	1
PRKCI	ROCK1_T1024	1
PRKCI	ROCK1_T1334	1
PRKCI	ROCK1_T1337	1
PRKCI	RPA2_S12	1
PRKCI	RPA2_S13	1
PRKCI	RPA2_S23	1
PRKCI	RPS6KB2_S473	1
PRKCI	RPS6KB2_T11	1
PRKCI	SMARCD3_S247	1
PRKCI	SOX2_T118	1
PRKCI	SP1_S59	1
PRKCI	UBTF_S412	1
PRKCI	VIM_S34	1
PRKCI	VIM_S39	1
PRKCI	VIM_S56	1
PRKCI	YKT6_S174	1
PRKCQ	AHR_S36	1
PRKCQ	ARHGEF6_S225	1
PRKCQ	ARHGEF6_S488	1
PRKCQ	BAD_S75	1
PRKCQ	BAD_S99	1
PRKCQ	CARD11_S559	1
PRKCQ	CARD11_S644	1
PRKCQ	CARHSP1_T50	1
PRKCQ	CBLB_S282	1
PRKCQ	CCDC88A_S1690	1
PRKCQ	CD4_S433	1
PRKCQ	CHGB_S99	1
PRKCQ	CHUK_S176	1
PRKCQ	CHUK_S180	1
PRKCQ	EIF2AK2_T451	1
PRKCQ	EZR_T567	1
PRKCQ	EZR_Y146	1
PRKCQ	EZR_Y354	1
PRKCQ	FOSL1_S265	1
PRKCQ	FOSL1_T217	1
PRKCQ	FOSL1_T223	1
PRKCQ	FOSL1_T230	1
PRKCQ	GRM5_S840	1
PRKCQ	GRM5_T841	1
PRKCQ	H3C1_S11	1
PRKCQ	HABP4_T354	1
PRKCQ	HABP4_T375	1
PRKCQ	HEXIM1_S158	1
PRKCQ	HSH2D_S318	1
PRKCQ	ICAM3_S518	1
PRKCQ	IKBKB_S177	1
PRKCQ	IKBKB_S181	1
PRKCQ	IRS1_S1101	1
PRKCQ	IRS1_S307	1
PRKCQ	IRS1_S323	1
PRKCQ	IRS1_T351	1
PRKCQ	KDM1A_S111	1
PRKCQ	KHDRBS1_S15	1
PRKCQ	KHDRBS1_S202	1
PRKCQ	KHDRBS1_S29	1
PRKCQ	KRAS_S181	1
PRKCQ	MAPK1_T185	1
PRKCQ	MAPK1_Y187	1
PRKCQ	MAPK3_T202	1
PRKCQ	MAPK3_Y204	1
PRKCQ	MAPK8_T183	1
PRKCQ	MAPK8_Y185	1
PRKCQ	MSN_T558	1
PRKCQ	NKD2_S31	1
PRKCQ	NOS3_T495	1
PRKCQ	NR2F6_S83	1
PRKCQ	NUAK1_S22	1
PRKCQ	PDPK1_S241	1
PRKCQ	PDPK1_S501	1
PRKCQ	PDPK1_S64	1
PRKCQ	PPP1R12A_T853	1
PRKCQ	PPP1R14C_T73	1
PRKCQ	PTPN7_S134	1
PRKCQ	PTPN7_S239	1
PRKCQ	PTPN7_S246	1
PRKCQ	PTPN7_S351	1
PRKCQ	PTPN7_S44	1
PRKCQ	RAPGEF2_S960	1
PRKCQ	RASGRP1_T184	1
PRKCQ	RASGRP3_T133	1
PRKCQ	RDX_T564	1
PRKCQ	STK39_S309	1
PRKCQ	STK39_S323	1
PRKCQ	TBK1_S716	1
PRKCQ	TBXA2R_S331	1
PRKCQ	TBXA2R_T337	1
PRKCQ	WIPF1_S488	1
PRKCZ	ADARB1_S211	1
PRKCZ	ADARB1_S216	1
PRKCZ	ADD1_S436	1
PRKCZ	ADD1_S5	1
PRKCZ	ADD1_S726	1
PRKCZ	ADD1_S757	1
PRKCZ	ADD2_S535	1
PRKCZ	ADD2_S713	1
PRKCZ	ADRA1D_S18	1
PRKCZ	AGER_S391	1
PRKCZ	AKT1_S473	1
PRKCZ	AKT1_T34	1
PRKCZ	AKT2_T309	1
PRKCZ	AKT3_S472	1
PRKCZ	AKT3_T305	1
PRKCZ	ALOX5_S272	1
PRKCZ	ALOX5_S664	1
PRKCZ	ANXA2_S184	1
PRKCZ	AQP9_S11	1
PRKCZ	AQP9_S222	1
PRKCZ	ARID3A_S101	1
PRKCZ	ARID3A_S357	1
PRKCZ	ATP1A1_S16	1
PRKCZ	BAX_S184	1
PRKCZ	BLVRA_S149	1
PRKCZ	BLVRA_S230	1
PRKCZ	CASP9_S144	1
PRKCZ	CHAT_S440	1
PRKCZ	CHAT_S476	1
PRKCZ	CHAT_S558	1
PRKCZ	CHAT_S594	1
PRKCZ	CLASP1_S609	1
PRKCZ	CSDE1_S483	1
PRKCZ	CTNNB1_S45	1
PRKCZ	DAXX_S97	1
PRKCZ	DDB1_S645	1
PRKCZ	EPHA2_S892	1
PRKCZ	FAM13A_S329	1
PRKCZ	GEM_S261	1
PRKCZ	GRM5_S840	1
PRKCZ	GRM5_T841	1
PRKCZ	GSK3B_S147	1
PRKCZ	GSK3B_S9	1
PRKCZ	GSN_S210	1
PRKCZ	GSN_T310	1
PRKCZ	HABP4_T354	1
PRKCZ	HABP4_T375	1
PRKCZ	HMGB1_S181	1
PRKCZ	HMGB1_S39	1
PRKCZ	HMGB1_S53	1
PRKCZ	HNRNPK_S284	1
PRKCZ	HNRNPK_S302	1
PRKCZ	HNRNPK_S420	1
PRKCZ	IKBKB_S177	1
PRKCZ	IKBKB_S181	1
PRKCZ	IRS1_S1101	1
PRKCZ	IRS1_S1145	1
PRKCZ	IRS1_S307	1
PRKCZ	IRS1_S323	1
PRKCZ	IRS1_S441	1
PRKCZ	IRS1_T1103	1
PRKCZ	IRS1_T530	1
PRKCZ	KLF10_S384	1
PRKCZ	KLF10_T445	1
PRKCZ	LARP1_S747	1
PRKCZ	LARP1_T545	1
PRKCZ	MAP1LC3B_T50	1
PRKCZ	MAPK10_T221	1
PRKCZ	MAPK10_Y223	1
PRKCZ	MAPK8_S377	1
PRKCZ	MAPK8_T183	1
PRKCZ	MAPK8_Y185	1
PRKCZ	MAPK9_T183	1
PRKCZ	MAPK9_Y185	1
PRKCZ	MAPT_S258	1
PRKCZ	MAPT_S293	1
PRKCZ	MAPT_S324	1
PRKCZ	MAPT_S352	1
PRKCZ	MAPT_S593	1
PRKCZ	MAPT_S628	1
PRKCZ	MAPT_S659	1
PRKCZ	MAPT_S687	1
PRKCZ	MARK2_T596	1
PRKCZ	MARK3_T564	1
PRKCZ	MET_S985	1
PRKCZ	MYH10_S1935	1
PRKCZ	MYH10_S1937	1
PRKCZ	MYH10_S1956	1
PRKCZ	MYH10_S1968	1
PRKCZ	NASP_S387	1
PRKCZ	NCF1_S303	1
PRKCZ	NCF1_S304	1
PRKCZ	NCF1_S315	1
PRKCZ	NCF1_S320	1
PRKCZ	NCF1_S328	1
PRKCZ	NCF1_S359	1
PRKCZ	NCF1_S370	1
PRKCZ	NCF1_S379	1
PRKCZ	NCOA3_S1033	1
PRKCZ	NCOA3_S1042	1
PRKCZ	NCOA3_S1048	1
PRKCZ	NCOA3_S1062	1
PRKCZ	NCOA3_T1059	1
PRKCZ	NCOA3_T1064	1
PRKCZ	NCOA3_T1067	1
PRKCZ	NCOA3_T1114	1
PRKCZ	NFATC1_S233	1
PRKCZ	NFATC1_S237	1
PRKCZ	NFATC1_S245	1
PRKCZ	NFATC1_S269	1
PRKCZ	NFATC1_S278	1
PRKCZ	NFATC1_S282	1
PRKCZ	NFATC1_S286	1
PRKCZ	NFATC1_S290	1
PRKCZ	NFATC1_S294	1
PRKCZ	NFATC1_S299	1
PRKCZ	NFATC2_S110	1
PRKCZ	NFATC2_S168	1
PRKCZ	NFATC2_S171	1
PRKCZ	NFATC2_S172	1
PRKCZ	NFATC2_S174	1
PRKCZ	NFATC2_S175	1
PRKCZ	NFATC2_S177	1
PRKCZ	NFATC2_S180	1
PRKCZ	NFATC2_S213	1
PRKCZ	NFATC2_S217	1
PRKCZ	NFATC2_S221	1
PRKCZ	NFATC2_S236	1
PRKCZ	NFATC2_S243	1
PRKCZ	NFATC2_S268	1
PRKCZ	NFATC2_S274	1
PRKCZ	NFATC2_S276	1
PRKCZ	NFATC2_S280	1
PRKCZ	NFATC2_S326	1
PRKCZ	NFATC2_S363	1
PRKCZ	NFATC2_S53	1
PRKCZ	NFATC2_S56	1
PRKCZ	NFATC2_S99	1
PRKCZ	NFATC2_T116	1
PRKCZ	NFE2L2_S40	1
PRKCZ	NOS3_T495	1
PRKCZ	NOTCH1_S1791	1
PRKCZ	NR0B2_T55	1
PRKCZ	NR1H4_T442	1
PRKCZ	NREP_S103	1
PRKCZ	NREP_S59	1
PRKCZ	NUMB_S265	1
PRKCZ	NUMB_S284	1
PRKCZ	NUMB_S295	1
PRKCZ	NUMB_S7	1
PRKCZ	OCLN_T403	1
PRKCZ	OCLN_T404	1
PRKCZ	OCLN_T424	1
PRKCZ	OCLN_T438	1
PRKCZ	PARD3_S827	1
PRKCZ	PARD6A_S345	1
PRKCZ	PDC_S21	1
PRKCZ	PEBP1_S153	1
PRKCZ	PHGDH_S55	1
PRKCZ	PHGDH_T57	1
PRKCZ	PHGDH_T78	1
PRKCZ	PIAS4_S18	1
PRKCZ	PLA2G4A_T376	1
PRKCZ	PPP1R13L_S395	1
PRKCZ	PPP1R13L_T241	1
PRKCZ	PPP1R14A_T38	1
PRKCZ	PRKCA_S657	1
PRKCZ	PRKCD_S664	1
PRKCZ	PSEN1_S346	1
PRKCZ	PSMA6_S17	1
PRKCZ	PTEN_S380	1
PRKCZ	PTEN_T382	1
PRKCZ	PTEN_T383	1
PRKCZ	RELA_S311	1
PRKCZ	RND3_S210	1
PRKCZ	RPS6KA2_S218	1
PRKCZ	RPS6KA2_S377	1
PRKCZ	RPS6KB2_S473	1
PRKCZ	SMARCD3_S247	1
PRKCZ	SNAI1_S249	1
PRKCZ	SNRNP70_S266	1
PRKCZ	SNRNP70_S268	1
PRKCZ	SNRNP70_S360	1
PRKCZ	SP1_S641	1
PRKCZ	SP1_S670	1
PRKCZ	SP1_S702	1
PRKCZ	SP1_T668	1
PRKCZ	SP1_T681	1
PRKCZ	SPAG7_S57	1
PRKCZ	SPHK1_S225	1
PRKCZ	SRSF1_S238	1
PRKCZ	SRSF1_S242	1
PRKCZ	STAT3_S727	1
PRKCZ	STK11_S307	1
PRKCZ	STK11_S399	1
PRKCZ	STK11_S428	1
PRKCZ	STOML2_S17	1
PRKCZ	TRAF2_S55	1
PRKCZ	TRIM28_S489	1
PRKCZ	TRIP10_S299	1
PRKCZ	VIM_S34	1
PRKCZ	VIM_S39	1
PRKCZ	VIM_S56	1
PRKCZ	WWC1_S975	1
PRKCZ	WWC1_S978	1
PRKCZ	YAP1_S109	1
PRKCZ	YAP1_T110	1
PRKCZ	YWHAB_S132	1
PRKCZ	YWHAB_T143	1
PRKCZ	YWHAH_S25	1
PRKD1	ACACB_S222	1
PRKD1	AKT1_S473	1
PRKD1	AKT1_T308	1
PRKD1	AP2B1_S258	1
PRKD1	AP2B1_Y277	1
PRKD1	ARFIP1_S132	1
PRKD1	ATP7B_S1121	1
PRKD1	ATP7B_S1453	1
PRKD1	ATP7B_S478	1
PRKD1	ATP7B_S481	1
PRKD1	BAD_S118	1
PRKD1	BAD_S75	1
PRKD1	BAD_S99	1
PRKD1	CACNA1C_S1981	1
PRKD1	CERT1_S132	1
PRKD1	CERT1_S260	1
PRKD1	CFL1_S3	1
PRKD1	CREB1_S133	1
PRKD1	CREB1_S98	1
PRKD1	CTNNB1_T112	1
PRKD1	CTNNB1_T120	1
PRKD1	CTTN_S113	1
PRKD1	CTTN_S298	1
PRKD1	CTTN_S311	1
PRKD1	CTTN_S348	1
PRKD1	CXCR4_S324	1
PRKD1	CXCR4_S325	1
PRKD1	DNM1L_S637	1
PRKD1	EGFR_T678	1
PRKD1	EGFR_T693	1
PRKD1	EPAS1_T324	1
PRKD1	F2R_S400	1
PRKD1	FAM83G_S356	1
PRKD1	HDAC5_S259	1
PRKD1	HDAC5_S260	1
PRKD1	HDAC5_S498	1
PRKD1	HDAC5_S499	1
PRKD1	HDAC7_S155	1
PRKD1	HDAC7_S181	1
PRKD1	HDAC7_S194	1
PRKD1	HDAC7_S220	1
PRKD1	HDAC7_S318	1
PRKD1	HDAC7_S321	1
PRKD1	HDAC7_S358	1
PRKD1	HDAC7_S397	1
PRKD1	HDAC7_S486	1
PRKD1	HDAC7_S525	1
PRKD1	HSPB1_S15	1
PRKD1	HSPB1_S82	1
PRKD1	HSPB6_S16	1
PRKD1	ITGB4_T1736	1
PRKD1	JUN_S63	1
PRKD1	KAT7_T331	1
PRKD1	KAT7_T97	1
PRKD1	KCNH2_S284	1
PRKD1	KIDINS220_S918	1
PRKD1	MAP3K5_T838	1
PRKD1	MAP4K1_S171	1
PRKD1	MARK2_S400	1
PRKD1	MBP_S162	1
PRKD1	MBP_S295	1
PRKD1	MFF_S155	1
PRKD1	MFF_S172	1
PRKD1	MFF_S275	1
PRKD1	MRTFA_S312	1
PRKD1	MRTFA_S333	1
PRKD1	MYBPC3_S304	1
PRKD1	NLRP3_S295	1
PRKD1	NOS1_S1417	1
PRKD1	NOS3_S1179	1
PRKD1	OSBP_S240	1
PRKD1	OSBP_S269	1
PRKD1	OSBP_S382	1
PRKD1	PAK4_S474	1
PRKD1	PAK4_S99	1
PRKD1	PI4KB_S294	1
PRKD1	PIK3C3_T677	1
PRKD1	PIK3R1_S154	1
PRKD1	PIP4K2A_T376	1
PRKD1	PIP5K1C_S448	1
PRKD1	PKD2_S801	1
PRKD1	PLCG1_S1248	1
PRKD1	PLCG1_S1249	1
PRKD1	PPP1R14A_T38	1
PRKD1	PTPN6_S557	1
PRKD1	PTRH2_S5	1
PRKD1	PTRH2_S87	1
PRKD1	RABEP1_S407	1
PRKD1	REM1_S18	1
PRKD1	RIN1_S292	1
PRKD1	RIN1_S351	1
PRKD1	RTKN_S435	1
PRKD1	RTKN_S448	1
PRKD1	SNAI1_S11	1
PRKD1	SPHK2_S419	1
PRKD1	SPHK2_S421	1
PRKD1	SSH1_S402	1
PRKD1	SSH1_S929	1
PRKD1	SSH1_S937	1
PRKD1	SSH1_S978	1
PRKD1	TCAP_S157	1
PRKD1	TCAP_S161	1
PRKD1	TFAP2A_S258	1
PRKD1	TFAP2A_S326	1
PRKD1	TLR4_S790	1
PRKD1	TLR5_S805	1
PRKD1	TNNI3_S23	1
PRKD1	TNNI3_S24	1
PRKD1	VASP_S157	1
PRKD1	VASP_S322	1
PRKD1	VASP_S324	1
PRKD2	ARFIP1_S100	1
PRKD2	CERT1_S132	1
PRKD2	CIB1_S78	1
PRKD2	CTTN_S298	1
PRKD2	HDAC5_S498	1
PRKD2	HDAC5_S499	1
PRKD2	HDAC7_S181	1
PRKD2	IFNAR1_S535	1
PRKD2	ITGB4_T1736	1
PRKD2	MARK2_S400	1
PRKD2	MFF_S172	1
PRKD2	PAK4_S99	1
PRKD2	PI4KB_S294	1
PRKD2	PKD2_S801	1
PRKD2	RIN1_S292	1
PRKD2	SET_S171	1
PRKD2	SSH1_S937	1
PRKD2	SSH1_S978	1
PRKD2	VASP_S157	1
PRKD2	VASP_S239	1
PRKD2	VASP_S322	1
PRKD3	CERT1_S132	1
PRKD3	CTTN_S298	1
PRKD3	GIT1_S46	1
PRKD3	GSK3A_S21	1
PRKD3	HDAC5_S498	1
PRKD3	HDAC5_S499	1
PRKD3	MFF_S172	1
PRKD3	PRKD1_S738	1
PRKD3	PRKD1_S742	1
PRKD3	RELA_S276	1
PRKD3	RELA_S536	1
PRKD3	SSH1_S978	1
PRKDC	ABL1_S446	1
PRKDC	ABLIM1_S452	1
PRKDC	ABLIM1_S655	1
PRKDC	ACACA_S77	1
PRKDC	ACAP2_S384	1
PRKDC	ACTN1_T50	1
PRKDC	ADRB2_S401	1
PRKDC	AIRE_S156	1
PRKDC	AIRE_T68	1
PRKDC	AKT1_S473	1
PRKDC	ANAPC1_S686	1
PRKDC	ANAPC5_S217	1
PRKDC	ANLN_S485	1
PRKDC	AQP4_S285	1
PRKDC	ARFGEF1_T400	1
PRKDC	ARFGEF2_T691	1
PRKDC	ARVCF_S269	1
PRKDC	ASF1A_S192	1
PRKDC	ATM_S1981	1
PRKDC	ATM_T21	1
PRKDC	ATP2A2_S38	1
PRKDC	BRCA1_S1330	1
PRKDC	BRCA1_S1387	1
PRKDC	BRCA1_S1423	1
PRKDC	BRCA1_S1466	1
PRKDC	BRCA1_S1524	1
PRKDC	CACNA1S_S1617	1
PRKDC	CACNB2_S514	1
PRKDC	CANX_S564	1
PRKDC	CASP2_S139	1
PRKDC	CDC16_S490	1
PRKDC	CDC25A_S279	1
PRKDC	CDKN1B_S140	1
PRKDC	CDS1_T68	1
PRKDC	CFTR_S813	1
PRKDC	CHEK1_S317	1
PRKDC	CHEK1_S345	1
PRKDC	CHEK2_S19	1
PRKDC	CHEK2_S28	1
PRKDC	CHEK2_S33	1
PRKDC	CHEK2_S35	1
PRKDC	CHEK2_S50	1
PRKDC	CHEK2_T26	1
PRKDC	CHEK2_T383	1
PRKDC	CHEK2_T387	1
PRKDC	CHEK2_T426	1
PRKDC	CHEK2_T430	1
PRKDC	CHEK2_T68	1
PRKDC	CIITA_S1050	1
PRKDC	CNN1_S215	1
PRKDC	COPA_S402	1
PRKDC	CSNK1E_S405	1
PRKDC	CTDP1_S575	1
PRKDC	DCAF1_S895	1
PRKDC	DCLRE1C_S503	1
PRKDC	DCLRE1C_S516	1
PRKDC	DCLRE1C_S534	1
PRKDC	DCLRE1C_S538	1
PRKDC	DCLRE1C_S548	1
PRKDC	DCLRE1C_S553	1
PRKDC	DCLRE1C_S645	1
PRKDC	DCX_S322	1
PRKDC	DEAF1_S48	1
PRKDC	DLG4_S415	1
PRKDC	DLGAP1_S154	1
PRKDC	E2F1_S31	1
PRKDC	EFTUD2_T86	1
PRKDC	EGR1_S301	1
PRKDC	EIF3C_S909	1
PRKDC	EIF4B_S425	1
PRKDC	EIF4G1_S1146	1
PRKDC	EPN2_S173	1
PRKDC	ERBIN_S1271	1
PRKDC	ESR1_S118	1
PRKDC	ETV1_S334	1
PRKDC	EZH2_S729	1
PRKDC	F9_S114	1
PRKDC	FANCD2_S1257	1
PRKDC	FANCD2_S717	1
PRKDC	FH_T236	1
PRKDC	FPR1_T329	1
PRKDC	FUS_S112	1
PRKDC	FUS_S117	1
PRKDC	FUS_S131	1
PRKDC	FUS_S142	1
PRKDC	FUS_S26	1
PRKDC	FUS_S30	1
PRKDC	FUS_S42	1
PRKDC	FUS_S54	1
PRKDC	FUS_S61	1
PRKDC	FUS_S84	1
PRKDC	FUS_S87	1
PRKDC	FUS_T11	1
PRKDC	FUS_T19	1
PRKDC	FUS_T68	1
PRKDC	FUS_T7	1
PRKDC	GABRB1_S434	1
PRKDC	GABRB2_S434	1
PRKDC	GFAP_S38	1
PRKDC	GOLPH3_T143	1
PRKDC	GOLPH3_T148	1
PRKDC	GTF2B_S65	1
PRKDC	GTF3C1_S739	1
PRKDC	GYS1_S10	1
PRKDC	H1-2_S173	1
PRKDC	H1-2_T146	1
PRKDC	H2AX_S140	1
PRKDC	H2AX_T137	1
PRKDC	HMGA1_S98	1
PRKDC	HNRNPA1_S192	1
PRKDC	HNRNPA1_S95	1
PRKDC	HNRNPU_S59	1
PRKDC	HOXA11_S98	1
PRKDC	HOXA11_T119	1
PRKDC	HSP90AA1_T127	1
PRKDC	HSP90AA1_T129	1
PRKDC	HSP90AA1_T5	1
PRKDC	HSP90AA1_T7	1
PRKDC	IGFBP3_S183	1
PRKDC	IGFBP3_S189	1
PRKDC	IKBKB_S682	1
PRKDC	IKBKB_S689	1
PRKDC	IKBKB_S697	1
PRKDC	IKBKG_S43	1
PRKDC	IL16_S743	1
PRKDC	INA_S335	1
PRKDC	IRAK1_T209	1
PRKDC	IRF3_T135	1
PRKDC	IRS1_S270	1
PRKDC	IRS2_S306	1
PRKDC	JUN_S249	1
PRKDC	KHDRBS1_S20	1
PRKDC	KLF1_T23	1
PRKDC	LASP1_S146	1
PRKDC	LAT_S224	1
PRKDC	LIG4_S199	1
PRKDC	LIG4_S668	1
PRKDC	LIG4_S672	1
PRKDC	LIG4_T650	1
PRKDC	LIPE_S660	1
PRKDC	LMNA_S407	1
PRKDC	LMNA_S5	1
PRKDC	LMNA_T409	1
PRKDC	LRP1_S4520	1
PRKDC	LSP1_S204	1
PRKDC	MAGED2_S265	1
PRKDC	MAP4_S1073	1
PRKDC	MAPT_S530	1
PRKDC	MATR3_S208	1
PRKDC	MAZ_S469	1
PRKDC	MCC_S118	1
PRKDC	MCC_S120	1
PRKDC	MDM2_S17	1
PRKDC	MDM2_S395	1
PRKDC	MED1_T1457	1
PRKDC	MEF2C_S387	1
PRKDC	MRE11_S264	1
PRKDC	MYF5_S133	1
PRKDC	NABP2_S134	1
PRKDC	NASP_S421	1
PRKDC	NBN_S278	1
PRKDC	NBN_S343	1
PRKDC	NBN_S397	1
PRKDC	NCF1_S320	1
PRKDC	NFE2L2_S40	1
PRKDC	NFKB1_S20	1
PRKDC	NFKB2_S869	1
PRKDC	NFKBIA_T273	1
PRKDC	NHEJ1_S132	1
PRKDC	NHEJ1_S245	1
PRKDC	NHEJ1_S251	1
PRKDC	NHEJ1_S263	1
PRKDC	NHEJ1_S55	1
PRKDC	NHEJ1_T223	1
PRKDC	NHEJ1_T266	1
PRKDC	NR3C1_S508	1
PRKDC	NR3C1_S509	1
PRKDC	PAPOLB_S552	1
PRKDC	PDX1_T11	1
PRKDC	PELP1_S1033	1
PRKDC	PHC2_S745	1
PRKDC	PHKA1_S1023	1
PRKDC	PNKP_S114	1
PRKDC	PNKP_S126	1
PRKDC	PNPT1_S776	1
PRKDC	POLL_T204	1
PRKDC	POLR2A_S1616	1
PRKDC	POLR2A_S1621	1
PRKDC	POP1_S367	1
PRKDC	POU2F1_S101	1
PRKDC	POU2F1_S104	1
PRKDC	POU2F1_S108	1
PRKDC	POU2F1_S111	1
PRKDC	POU2F1_S115	1
PRKDC	POU2F1_S141	1
PRKDC	POU2F1_S143	1
PRKDC	POU2F1_S147	1
PRKDC	POU2F1_S164	1
PRKDC	POU2F1_S166	1
PRKDC	POU2F1_S167	1
PRKDC	POU2F1_S170	1
PRKDC	POU2F1_S190	1
PRKDC	POU2F1_S232	1
PRKDC	POU2F1_S255	1
PRKDC	POU2F1_S78	1
PRKDC	POU2F1_S81	1
PRKDC	POU2F1_S85	1
PRKDC	POU2F1_S88	1
PRKDC	POU2F1_S92	1
PRKDC	POU2F1_T100	1
PRKDC	POU2F1_T123	1
PRKDC	POU2F1_T162	1
PRKDC	POU2F1_T185	1
PRKDC	POU2F1_T226	1
PRKDC	POU2F1_T249	1
PRKDC	POU5F1_S111	1
PRKDC	POU5F1_S93	1
PRKDC	PPL_S1331	1
PRKDC	PPP1R12A_T654	1
PRKDC	PPP6R3_S537	1
PRKDC	PRKAG1_S192	1
PRKDC	PRKAG1_T284	1
PRKDC	PRKD1_S249	1
PRKDC	PRPF4B_S36	1
PRKDC	PTK2B_S375	1
PRKDC	RAD17_S646	1
PRKDC	RAD17_S656	1
PRKDC	RAD50_S635	1
PRKDC	RAD9A_S272	1
PRKDC	RAF1_S499	1
PRKDC	RAG2_S365	1
PRKDC	RBBP8_S664	1
PRKDC	RBBP8_S745	1
PRKDC	RFC1_S190	1
PRKDC	RGS14_S260	1
PRKDC	RHO_S343	1
PRKDC	RIMS1_S346	1
PRKDC	RPA2_S11	1
PRKDC	RPA2_S12	1
PRKDC	RPA2_S13	1
PRKDC	RPA2_S23	1
PRKDC	RPA2_S29	1
PRKDC	RPA2_S33	1
PRKDC	RPA2_S4	1
PRKDC	RPA2_S8	1
PRKDC	RPA2_T21	1
PRKDC	RPS6KB1_S53	1
PRKDC	RPS6KB1_T387	1
PRKDC	RPS6_S247	1
PRKDC	RYR2_S2808	1
PRKDC	SAFB2_S195	1
PRKDC	SCAF11_S218	1
PRKDC	SFSWAP_S866	1
PRKDC	SLC4A1_S29	1
PRKDC	SMC1A_S360	1
PRKDC	SMC1A_S957	1
PRKDC	SMC1A_S966	1
PRKDC	SMC3_S1065	1
PRKDC	SMC3_S1067	1
PRKDC	SMC3_S1083	1
PRKDC	SNAI1_S100	1
PRKDC	SNAPIN_S50	1
PRKDC	SOX2_S251	1
PRKDC	SPAG9_S730	1
PRKDC	SPTAN1_S1217	1
PRKDC	SPTAN1_S1323	1
PRKDC	SPTBN1_S2115	1
PRKDC	SPTBN1_S2128	1
PRKDC	SRF_S435	1
PRKDC	SRF_S446	1
PRKDC	SRRM2_S387	1
PRKDC	STAT1_Y701	1
PRKDC	STK11_T363	1
PRKDC	STXBP1_S142	1
PRKDC	SVIL_T852	1
PRKDC	SYN1_S605	1
PRKDC	TDP1_S81	1
PRKDC	TERF1_S219	1
PRKDC	TGM2_T162	1
PRKDC	THRAP3_S211	1
PRKDC	TNKS1BP1_S1383	1
PRKDC	TOP1_S10	1
PRKDC	TP53BP1_S25	1
PRKDC	TP53BP1_S29	1
PRKDC	TP53BP1_S6	1
PRKDC	TP53BP1_S784	1
PRKDC	TP53BP1_S831	1
PRKDC	TP53_S15	1
PRKDC	TP53_S20	1
PRKDC	TP53_S33	1
PRKDC	TP53_S37	1
PRKDC	TP53_S46	1
PRKDC	TP53_S9	1
PRKDC	TP53_T18	1
PRKDC	TRIM28_S824	1
PRKDC	TUBGCP6_S629	1
PRKDC	USF1_S262	1
PRKDC	VCP_S784	1
PRKDC	VIM_S430	1
PRKDC	VIM_S459	1
PRKDC	VIM_S56	1
PRKDC	VPS72_T168	1
PRKDC	WRN_S1141	1
PRKDC	WRN_S1292	1
PRKDC	WRN_S319	1
PRKDC	WRN_S440	1
PRKDC	WRN_S467	1
PRKDC	XPA_S173	1
PRKDC	XPA_S196	1
PRKDC	XRCC1_S371	1
PRKDC	XRCC4_S260	1
PRKDC	XRCC4_S304	1
PRKDC	XRCC4_S320	1
PRKDC	XRCC4_S327	1
PRKDC	XRCC4_S328	1
PRKDC	XRCC5_S577	1
PRKDC	XRCC5_S580	1
PRKDC	XRCC5_T715	1
PRKDC	XRCC6_S27	1
PRKDC	XRCC6_S33	1
PRKDC	XRCC6_S51	1
PRKDC	XRCC6_S6	1
PRKDC	ZMYND8_S486	1
PRKG1	ABCA1_S2054	1
PRKG1	ADRB2_S345	1
PRKG1	APC_S2054	1
PRKG1	ARHGEF6_S684	1
PRKG1	ARHGEF7_S340	1
PRKG1	ARHGEF7_T526	1
PRKG1	ARPP19_S104	1
PRKG1	ATF2_S44	1
PRKG1	AURKB_T232	1
PRKG1	BRAF_S727	1
PRKG1	BRCA1_S1191	1
PRKG1	BRCA1_S1328	1
PRKG1	BRCA1_S632	1
PRKG1	BRCA1_T509	1
PRKG1	CACNA1S_S687	1
PRKG1	CAST_T200	1
PRKG1	CBL_S667	1
PRKG1	CBS_S227	1
PRKG1	CBS_S525	1
PRKG1	CCDC80_S409	1
PRKG1	CCDC80_S434	1
PRKG1	CCNY_S324	1
PRKG1	CD5_S439	1
PRKG1	CD5_S460	1
PRKG1	CFTR_S660	1
PRKG1	CFTR_S700	1
PRKG1	CFTR_S737	1
PRKG1	CFTR_S768	1
PRKG1	CFTR_S795	1
PRKG1	CFTR_S813	1
PRKG1	CGB5_S116	1
PRKG1	CHRND_S382	1
PRKG1	CREB1_S133	1
PRKG1	CRIP2_S104	1
PRKG1	CRIP2_S178	1
PRKG1	CRYAA_T13	1
PRKG1	CRYAB_S59	1
PRKG1	DAPK2_S299	1
PRKG1	DCX_S304	1
PRKG1	DNM1_T776	1
PRKG1	EIF2AK2_T255	1
PRKG1	ENSA_S109	1
PRKG1	FGA_S576	1
PRKG1	FHOD1_S1131	1
PRKG1	GABRR1_S443	1
PRKG1	GABRR1_S444	1
PRKG1	GATA4_S262	1
PRKG1	GFAP_S13	1
PRKG1	GFAP_T7	1
PRKG1	GJB1_S233	1
PRKG1	GKAP1_S106	1
PRKG1	GNA12_S40	1
PRKG1	GNA13_T203	1
PRKG1	GTF2I_S371	1
PRKG1	GTF2I_S391	1
PRKG1	GTF2I_S392	1
PRKG1	GTF2I_S412	1
PRKG1	GTF2I_S743	1
PRKG1	GTF2I_S763	1
PRKG1	GTF2I_S764	1
PRKG1	GTF2I_S784	1
PRKG1	HRH1_S396	1
PRKG1	HRH1_S398	1
PRKG1	HSPB1_S15	1
PRKG1	HSPB1_S78	1
PRKG1	HSPB1_S82	1
PRKG1	HSPB1_T143	1
PRKG1	HSPB6_S16	1
PRKG1	IRAG1_S607	1
PRKG1	IRAG1_S625	1
PRKG1	IRAG1_S657	1
PRKG1	IRAG1_S689	1
PRKG1	IRAG1_S696	1
PRKG1	IRAG1_S716	1
PRKG1	IRF2BPL_S657	1
PRKG1	ITPR1_S1749	1
PRKG1	ITPR1_S1764	1
PRKG1	KCNMA1_S1195	1
PRKG1	KIT_S746	1
PRKG1	KRT19_S10	1
PRKG1	LASP1_S146	1
PRKG1	LATS1_S244	1
PRKG1	LIPE_S853	1
PRKG1	MAP3K7_S192	1
PRKG1	MAP4K4_S629	1
PRKG1	MAPT_S387	1
PRKG1	MARK1_S666	1
PRKG1	MIP_S229	1
PRKG1	NCF1_S303	1
PRKG1	NFATC1_S269	1
PRKG1	ORAI1_S34	1
PRKG1	PAK1_S21	1
PRKG1	PAK2_S19	1
PRKG1	PDE5A_S102	1
PRKG1	PDE5A_S50	1
PRKG1	PDE5A_S60	1
PRKG1	PDPK1_S241	1
PRKG1	PIK3CG_S1101	1
PRKG1	PLCB3_S1105	1
PRKG1	PLCB3_S26	1
PRKG1	PLK1_T210	1
PRKG1	PLN_S16	1
PRKG1	PPP1R12A_S695	1
PRKG1	PPP1R12A_S852	1
PRKG1	PPP1R14A_T38	1
PRKG1	PPP1R17_T119	1
PRKG1	PPP1R17_T68	1
PRKG1	PRKAR1A_S101	1
PRKG1	PTS_S19	1
PRKG1	RAP1B_S179	1
PRKG1	RAP1GAP2_S7	1
PRKG1	RGS18_S216	1
PRKG1	RGS2_S46	1
PRKG1	RGS2_S64	1
PRKG1	RHOA_S188	1
PRKG1	RPS6KA2_S106	1
PRKG1	RPS6KA2_S218	1
PRKG1	RPS6KA2_S544	1
PRKG1	RPS6KA2_S730	1
PRKG1	RYR1_S2843	1
PRKG1	SEPTIN3_S78	1
PRKG1	SEPTIN3_S91	1
PRKG1	SF1_S145	1
PRKG1	SF1_S20	1
PRKG1	SLC6A4_T276	1
PRKG1	SON_S1766	1
PRKG1	SPP1_S148	1
PRKG1	SPTBN1_T999	1
PRKG1	SRF_T159	1
PRKG1	SRRM1_T614	1
PRKG1	SRRM2_S1079	1
PRKG1	SRRM2_S1214	1
PRKG1	SRRM2_S901	1
PRKG1	SRRM2_S952	1
PRKG1	SRSF5_S231	1
PRKG1	SRSF7_S221	1
PRKG1	STMN1_S63	1
PRKG1	SYN2_S10	1
PRKG1	TBXA2R_S330	1
PRKG1	TBXA2R_S331	1
PRKG1	TBXA2R_T332	1
PRKG1	TBXA2R_T337	1
PRKG1	TERT_T1113	1
PRKG1	TNNI3_S23	1
PRKG1	TNNI3_S24	1
PRKG1	TRPC1_S206	1
PRKG1	TRPC1_T347	1
PRKG1	TRPC3_S263	1
PRKG1	TRPC3_S336	1
PRKG1	TRPC3_T11	1
PRKG1	TRPC3_T84	1
PRKG1	TRPC6_S322	1
PRKG1	TRPC6_T70	1
PRKG1	TRPC7_T15	1
PRKG1	TTN_S11878	1
PRKG1	TTN_S4010	1
PRKG1	TTN_S4092	1
PRKG1	TTN_S4099	1
PRKG1	TTN_S4185	1
PRKG1	TTN_S4372	1
PRKG1	TTN_S4502	1
PRKG1	UFL1_S790	1
PRKG1	VASP_S157	1
PRKG1	VASP_S239	1
PRKG1	VASP_T278	1
PRKG2	CFTR_S660	1
PRKG2	CFTR_S700	1
PRKG2	CFTR_S737	1
PRKG2	CFTR_S768	1
PRKG2	CFTR_S795	1
PRKG2	CFTR_S813	1
PRKG2	CTH_S377	1
PRKG2	EGFR_T693	1
PRKG2	ERBB2_T686	1
PRKG2	FOXO1_S152	1
PRKG2	FOXO1_S319	1
PRKG2	GRIA1_S863	1
PRKG2	HCN2_S668	1
PRKG2	HSPB1_S78	1
PRKG2	HSPB1_S82	1
PRKG2	HSPB1_T143	1
PRKG2	IRAG1_S657	1
PRKG2	IRAG1_S689	1
PRKG2	ITPR1_S1764	1
PRKG2	KCNMA1_S1195	1
PRKG2	LASP1_S146	1
PRKG2	LASP1_S61	1
PRKG2	MET_S985	1
PRKG2	NOS3_S1177	1
PRKG2	NOS3_S633	1
PRKG2	NOS3_T495	1
PRKG2	PDGFRB_S712	1
PRKG2	PLCB3_S1105	1
PRKG2	PLCB3_S26	1
PRKG2	PRKG1_S50	1
PRKG2	PTPN6_S553	1
PRKG2	PTPN6_S556	1
PRKG2	PTPN6_S557	1
PRKG2	PTS_S19	1
PRKG2	SPR_S213	1
PRKG2	VASP_S157	1
PRKG2	VASP_S239	1
PRKG2	VASP_T278	1
PRKN	TBK1_S172	1
PRKRA	IRF3_S396	1
PRKRA	PTK2_S732	1
PRKX	AANAT_S250	1
PRKX	AANAT_T76	1
PRKX	ABCA1_S1042	1
PRKX	ABCA1_S2054	1
PRKX	ABCB1_S667	1
PRKX	ABCB1_S683	1
PRKX	ACLY_S455	1
PRKX	ADD1_S408	1
PRKX	ADD1_S436	1
PRKX	ADD1_S512	1
PRKX	ADD1_S59	1
PRKX	ADD2_T55	1
PRKX	ADRB2_S262	1
PRKX	ADRB2_S345	1
PRKX	ADRB2_S346	1
PRKX	AKAP13_S1565	1
PRKX	AKAP13_S2737	1
PRKX	ALOX5_S272	1
PRKX	ALOX5_S524	1
PRKX	ANXA1_T216	1
PRKX	APC_S2054	1
PRKX	AQP2_S256	1
PRKX	ASIC1_S525	1
PRKX	ATF2_S62	1
PRKX	AURKA_T288	1
PRKX	BAD_S75	1
PRKX	BRAF_S429	1
PRKX	CACNB2_S514	1
PRKX	CACNB2_S533	1
PRKX	CACNB2_S534	1
PRKX	CACNB2_T219	1
PRKX	CAD_S1406	1
PRKX	CAMKK1_T108	1
PRKX	CAPN2_S369	1
PRKX	CAPN2_T370	1
PRKX	CCND1_S197	1
PRKX	CCND1_S234	1
PRKX	CCND1_S90	1
PRKX	CDK16_S184	1
PRKX	CDK16_S193	1
PRKX	CDK16_S227	1
PRKX	CDK16_S86	1
PRKX	CEBPB_S288	1
PRKX	CETN1_S170	1
PRKX	CETN2_S170	1
PRKX	CFTR_S660	1
PRKX	CFTR_S700	1
PRKX	CFTR_S737	1
PRKX	CFTR_S753	1
PRKX	CFTR_S768	1
PRKX	CFTR_S795	1
PRKX	CFTR_S813	1
PRKX	CGB5_S116	1
PRKX	CGB5_S86	1
PRKX	CGB5_T117	1
PRKX	CIITA_S1050	1
PRKX	CIITA_S834	1
PRKX	CSF2RB_S601	1
PRKX	CTPS1_T455	1
PRKX	CUL5_S730	1
PRKX	CUX1_S1226	1
PRKX	DMTN_S403	1
PRKX	DNM1L_S637	1
PRKX	DSP_S2849	1
PRKX	EPB42_S278	1
PRKX	ESR1_S236	1
PRKX	ETV5_S367	1
PRKX	FGA_S460	1
PRKX	FXYD1_S83	1
PRKX	GABRB1_S434	1
PRKX	GFPT1_S205	1
PRKX	GFPT1_S235	1
PRKX	GFPT2_S202	1
PRKX	GJB1_S233	1
PRKX	GMFB_S83	1
PRKX	GMFB_T27	1
PRKX	GNA13_T203	1
PRKX	GP1BB_S191	1
PRKX	GRIA1_S873	1
PRKX	GRIA4_S862	1
PRKX	GRIK2_S697	1
PRKX	GRIK2_S715	1
PRKX	GRK1_S21	1
PRKX	GRK2_S685	1
PRKX	GRK7_S23	1
PRKX	GRK7_S36	1
PRKX	GSK3A_S21	1
PRKX	GSK3B_S9	1
PRKX	H2BC5_S15	1
PRKX	H2BC5_S33	1
PRKX	H2BC5_S37	1
PRKX	H2BC7_S15	1
PRKX	H2BC7_S33	1
PRKX	H2BC7_S37	1
PRKX	HAND1_S109	1
PRKX	HAND1_S98	1
PRKX	HAND1_T107	1
PRKX	HDAC8_S39	1
PRKX	HMGN1_S21	1
PRKX	HMGN1_S25	1
PRKX	HNRNPA1_S199	1
PRKX	HNRNPD_S87	1
PRKX	HRH1_S398	1
PRKX	ITGA4_S1021	1
PRKX	KCNH2_S1137	1
PRKX	KCNH2_S283	1
PRKX	LASP1_S146	1
PRKX	LCP1_S5	1
PRKX	LCP1_S7	1
PRKX	LIPE_S853	1
PRKX	LIPE_S855	1
PRKX	LIPE_S950	1
PRKX	LIPE_S951	1
PRKX	LRP1_S4517	1
PRKX	LRP1_S4520	1
PRKX	MAPT_S549	1
PRKX	MC4R_S329	1
PRKX	MC4R_S330	1
PRKX	MC4R_T312	1
PRKX	MIP_S229	1
PRKX	MIP_S231	1
PRKX	MSN_T558	1
PRKX	MYBPC3_S275	1
PRKX	MYBPC3_S284	1
PRKX	MYBPC3_S311	1
PRKX	MYLK_S13	1
PRKX	NCF1_S303	1
PRKX	NCF1_S320	1
PRKX	NCF1_S328	1
PRKX	NCF1_S348	1
PRKX	NCF1_S359	1
PRKX	NCF1_S370	1
PRKX	NEDD4L_S342	1
PRKX	NEDD4L_S448	1
PRKX	NEDD4L_T367	1
PRKX	NF2_S518	1
PRKX	NFATC1_S232	1
PRKX	NFATC1_S256	1
PRKX	NFATC1_S281	1
PRKX	NFE2L1_S599	1
PRKX	NFKB1_S338	1
PRKX	NGFR_S303	1
PRKX	NOLC1_S623	1
PRKX	NOS3_S633	1
PRKX	NPR1_S529	1
PRKX	PAH_S16	1
PRKX	PDE3B_S318	1
PRKX	PDE4B_S133	1
PRKX	PDE5A_S102	1
PRKX	PFKL_T773	1
PRKX	PIN1_S16	1
PRKX	PKD1_S4166	1
PRKX	PLCB3_S1105	1
PRKX	PLCG1_S1249	1
PRKX	PLN_S16	1
PRKX	POU2F1_S408	1
PRKX	PPP1R14A_T38	1
PRKX	PPP1R14D_T58	1
PRKX	PPP1R3A_S48	1
PRKX	PPP1R3A_S65	1
PRKX	PPP1R8_S178	1
PRKX	PPP1R8_S199	1
PRKX	PRKAR2A_S99	1
PRKX	PRKAR2B_S114	1
PRKX	PSEN1_S310	1
PRKX	PTBP1_S16	1
PRKX	PTGER4_S222	1
PRKX	PTGER4_S259	1
PRKX	PTPN12_S39	1
PRKX	PTPN12_S435	1
PRKX	PTPN7_S149	1
PRKX	RAF1_S259	1
PRKX	RAF1_S43	1
PRKX	RAF1_S621	1
PRKX	RAP1A_S180	1
PRKX	RAP1B_S179	1
PRKX	RAP1GAP_S554	1
PRKX	RAP1GAP_S563	1
PRKX	RGS14_S260	1
PRKX	RGS14_T495	1
PRKX	RHOA_S188	1
PRKX	RYR2_S2031	1
PRKX	RYR2_S2808	1
PRKX	SGK1_T464	1
PRKX	SI_S7	1
PRKX	SLC2A2_S491	1
PRKX	SLC2A2_S503	1
PRKX	SLC2A2_S505	1
PRKX	SLC4A4_S1026	1
PRKX	SMAD6_S435	1
PRKX	SOX9_S181	1
PRKX	SOX9_S64	1
PRKX	SRC_S17	1
PRKX	STK24_T18	1
PRKX	STMN1_S63	1
PRKX	STOM_S10	1
PRKX	SUN2_S116	1
PRKX	SUN2_S12	1
PRKX	SUN2_S54	1
PRKX	TAL1_S172	1
PRKX	THOP1_S643	1
PRKX	TH_S71	1
PRKX	TPH1_S58	1
PRKX	VASP_S157	1
PRKX	VASP_S239	1
PRKX	VASP_T278	1
PRKX	VDR_S232	1
PRKX	VTN_S397	1
PRKX	YWHAZ_S58	1
PRKY	AANAT_S250	1
PRKY	AANAT_T76	1
PRKY	ABCA1_S1042	1
PRKY	ABCA1_S2054	1
PRKY	ABCB1_S667	1
PRKY	ABCB1_S683	1
PRKY	ACLY_S455	1
PRKY	ADD1_S408	1
PRKY	ADD1_S436	1
PRKY	ADD1_S512	1
PRKY	ADD1_S59	1
PRKY	ADD2_T55	1
PRKY	ADRB2_S262	1
PRKY	ADRB2_S345	1
PRKY	ADRB2_S346	1
PRKY	AKAP13_S1565	1
PRKY	AKAP13_S2737	1
PRKY	ALOX5_S272	1
PRKY	ALOX5_S524	1
PRKY	ANXA1_T216	1
PRKY	APC_S2054	1
PRKY	AQP2_S256	1
PRKY	ASIC1_S525	1
PRKY	ATF2_S62	1
PRKY	AURKA_T288	1
PRKY	BAD_S75	1
PRKY	BRAF_S429	1
PRKY	CACNB2_S514	1
PRKY	CACNB2_S533	1
PRKY	CACNB2_S534	1
PRKY	CACNB2_T219	1
PRKY	CAD_S1406	1
PRKY	CAMKK1_T108	1
PRKY	CAPN2_S369	1
PRKY	CAPN2_T370	1
PRKY	CCND1_S197	1
PRKY	CCND1_S234	1
PRKY	CCND1_S90	1
PRKY	CDK16_S184	1
PRKY	CDK16_S193	1
PRKY	CDK16_S227	1
PRKY	CDK16_S86	1
PRKY	CEBPB_S288	1
PRKY	CETN1_S170	1
PRKY	CETN2_S170	1
PRKY	CFTR_S660	1
PRKY	CFTR_S700	1
PRKY	CFTR_S737	1
PRKY	CFTR_S753	1
PRKY	CFTR_S768	1
PRKY	CFTR_S795	1
PRKY	CFTR_S813	1
PRKY	CGB5_S116	1
PRKY	CGB5_S86	1
PRKY	CGB5_T117	1
PRKY	CIITA_S1050	1
PRKY	CIITA_S834	1
PRKY	CSF2RB_S601	1
PRKY	CTPS1_T455	1
PRKY	CUL5_S730	1
PRKY	CUX1_S1226	1
PRKY	DAZAP1_S204	1
PRKY	DMTN_S403	1
PRKY	DNM1L_S637	1
PRKY	DSP_S2849	1
PRKY	EPB42_S278	1
PRKY	ESR1_S236	1
PRKY	ETV5_S367	1
PRKY	FGA_S460	1
PRKY	FXYD1_S83	1
PRKY	GABRB1_S434	1
PRKY	GFPT1_S205	1
PRKY	GFPT1_S235	1
PRKY	GFPT2_S202	1
PRKY	GJB1_S233	1
PRKY	GMFB_S83	1
PRKY	GMFB_T27	1
PRKY	GNA13_T203	1
PRKY	GP1BB_S191	1
PRKY	GRIA1_S873	1
PRKY	GRIA4_S862	1
PRKY	GRIK2_S697	1
PRKY	GRIK2_S715	1
PRKY	GRK1_S21	1
PRKY	GRK2_S685	1
PRKY	GRK7_S23	1
PRKY	GRK7_S36	1
PRKY	GSK3A_S21	1
PRKY	GSK3B_S9	1
PRKY	H2BC5_S15	1
PRKY	H2BC5_S33	1
PRKY	H2BC5_S37	1
PRKY	H2BC7_S15	1
PRKY	H2BC7_S33	1
PRKY	H2BC7_S37	1
PRKY	HAND1_S109	1
PRKY	HAND1_S98	1
PRKY	HAND1_T107	1
PRKY	HDAC8_S39	1
PRKY	HMGN1_S21	1
PRKY	HMGN1_S25	1
PRKY	HNRNPA1_S199	1
PRKY	HNRNPD_S87	1
PRKY	HRH1_S398	1
PRKY	ITGA4_S1021	1
PRKY	KCNH2_S1137	1
PRKY	KCNH2_S283	1
PRKY	LASP1_S146	1
PRKY	LCP1_S5	1
PRKY	LCP1_S7	1
PRKY	LIPE_S853	1
PRKY	LIPE_S855	1
PRKY	LIPE_S950	1
PRKY	LIPE_S951	1
PRKY	LRP1_S4517	1
PRKY	LRP1_S4520	1
PRKY	MAPT_S549	1
PRKY	MC4R_S329	1
PRKY	MC4R_S330	1
PRKY	MC4R_T312	1
PRKY	MIP_S229	1
PRKY	MIP_S231	1
PRKY	MSN_T558	1
PRKY	MYBPC3_S275	1
PRKY	MYBPC3_S284	1
PRKY	MYBPC3_S311	1
PRKY	MYLK_S13	1
PRKY	NCF1_S303	1
PRKY	NCF1_S320	1
PRKY	NCF1_S328	1
PRKY	NCF1_S348	1
PRKY	NCF1_S359	1
PRKY	NCF1_S370	1
PRKY	NEDD4L_S342	1
PRKY	NEDD4L_S448	1
PRKY	NEDD4L_T367	1
PRKY	NF2_S518	1
PRKY	NFATC1_S232	1
PRKY	NFATC1_S256	1
PRKY	NFATC1_S281	1
PRKY	NFATC3_S211	1
PRKY	NFATC3_S459	1
PRKY	NFE2L1_S599	1
PRKY	NFKB1_S338	1
PRKY	NGFR_S303	1
PRKY	NOLC1_S623	1
PRKY	NOS3_S633	1
PRKY	NPR1_S529	1
PRKY	PAH_S16	1
PRKY	PDE3B_S318	1
PRKY	PDE4B_S133	1
PRKY	PDE5A_S102	1
PRKY	PFKL_T773	1
PRKY	PIN1_S16	1
PRKY	PLCB3_S1105	1
PRKY	PLCG1_S1249	1
PRKY	PLN_S16	1
PRKY	POU2F1_S408	1
PRKY	PPP1R14A_T38	1
PRKY	PPP1R14D_T58	1
PRKY	PPP1R3A_S48	1
PRKY	PPP1R3A_S65	1
PRKY	PPP1R8_S178	1
PRKY	PPP1R8_S199	1
PRKY	PRKAR2A_S99	1
PRKY	PRKAR2B_S114	1
PRKY	PSEN1_S310	1
PRKY	PTBP1_S16	1
PRKY	PTGER4_S222	1
PRKY	PTGER4_S259	1
PRKY	PTPN12_S39	1
PRKY	PTPN12_S435	1
PRKY	PTPN7_S149	1
PRKY	RAF1_S259	1
PRKY	RAF1_S43	1
PRKY	RAF1_S621	1
PRKY	RAP1A_S180	1
PRKY	RAP1B_S179	1
PRKY	RAP1GAP_S554	1
PRKY	RAP1GAP_S563	1
PRKY	RGS14_S260	1
PRKY	RGS14_T495	1
PRKY	RHOA_S188	1
PRKY	RYR2_S2031	1
PRKY	RYR2_S2808	1
PRKY	SGK1_T464	1
PRKY	SI_S7	1
PRKY	SLC2A2_S491	1
PRKY	SLC2A2_S503	1
PRKY	SLC2A2_S505	1
PRKY	SLC4A4_S1026	1
PRKY	SOX9_S181	1
PRKY	SOX9_S64	1
PRKY	SRC_S17	1
PRKY	STK24_T18	1
PRKY	STMN1_S63	1
PRKY	STOM_S10	1
PRKY	SUN2_S116	1
PRKY	SUN2_S12	1
PRKY	SUN2_S54	1
PRKY	TAL1_S172	1
PRKY	THOP1_S643	1
PRKY	TH_S71	1
PRKY	TPH1_S58	1
PRKY	VASP_S157	1
PRKY	VASP_S239	1
PRKY	VASP_T278	1
PRKY	VDR_S232	1
PRKY	VTN_S397	1
PRKY	YWHAZ_S58	1
PRKY	ZYX_S259	1
PRKY	ZYX_S288	1
PRL	AKT1_S473	1
PRL	ESR1_S118	1
PRL	ESR1_S167	1
PRL	RAF1_S338	1
PRL	STAT5A_Y694	1
PRL	STAT5B_S731	1
PRMT1	MAP3K5_S83	1
PRMT5	MAP3K5_S83	1
PRPF19	ATR_T1989	1
PRPF4	ELK1_T417	1
PRPF4B	ELK1_T417	1
PRPF4B	RPS6KA2_S544	1
PRPF4B	RRAGC_S95	1
PRR5	AKT1_S473	1
PRR5	AKT1_S477	1
PRR5	AKT1_T450	1
PRR5	AKT1_T479	1
PRR5	AMOTL2_S759	1
PRR5	FBXW8_S85	1
PRR5	SGK1_S422	1
PRRT2	CYP3A4_S420	1
PRRT2	ELK1_S383	1
PRRT2	ELK1_S389	1
PRRT2	ITK_Y512	1
PRRT2	MAPK1_T185	1
PRRT2	MAPK1_Y187	1
PRRT2	MAPK3_T202	1
PRRT2	MAPK3_Y204	1
PRRT2	PRKD1_S738	1
PRRT2	PRKD1_S910	1
PRRT2	PTPN12_S435	1
PRRT2	SDC2_S187	1
PRRT2	SDC2_S188	1
PRTN3	PPP1R12A_T696	1
PSD	GRIN2B_Y1474	1
PSEN1	CTNNB1_S45	1
PSMC5	NCOR2_S2452	1
PTEN	AKT1S1_T246	1
PTEN	AR_S83	1
PTEN	BAD_S118	1
PTEN	BAD_S99	1
PTEN	CHEK1_S280	1
PTEN	CREB1_S133	-1
PTEN	DVL2_S143	1
PTEN	FOXO1_S256	1
PTEN	FOXO1_S319	1
PTEN	FOXO1_T24	1
PTEN	FOXO3_S253	1
PTEN	GSK3B_S21	1
PTEN	GSK3B_S9	1
PTEN	HMOX1_S188	1
PTEN	MAP3K5_S83	1
PTEN	MDM2_S166	1
PTEN	MDM2_S188	1
PTEN	MST1R_S1394	1
PTEN	NOS3_S1177	1
PTEN	NOS3_S1179	1
PTEN	NOS3_S615	1
PTEN	PTK2_Y397	-1
PTEN	PTK6_Y342	1
PTEN	SKP2_S72	1
PTEN	SRC_Y419	1
PTEN	TOPBP1_S1159	1
PTEN	TSC2_S1130	1
PTEN	TSC2_S1132	1
PTEN	TSC2_S939	1
PTEN	TSC2_T1462	1
PTEN	TSC2_T993	1
PTEN	YBX1_S102	1
PTEN	ZFP36L1_S203	1
PTEN	ZFP36L1_S92	1
PTGER4	BAD_S118	1
PTGER4	CTNNB1_S675	1
PTGER4	FYN_Y420	1
PTGS2	CTNNB1_S646	1
PTGS2	MAPT_S400	1
PTGS2	MAPT_S519	1
PTGS2	MYL12B_S20	1
PTGS2	MYL12B_T19	1
PTGS2	PPP1R12A_S20	1
PTGS2	PPP1R12A_T696	1
PTGS2	STAT3_S727	1
PTH	CTNNB1_S552	1
PTH	CTNNB1_S675	1
PTH	GJA1_S368	1
PTH	IRS1_S307	1
PTH	LIPE_S660	1
PTH	LRP6_S1490	1
PTH	PTH1R_T387	1
PTH	SIK2_S343	1
PTH	SIK2_S358	1
PTH	SIK2_T484	1
PTH	SLC9A3R1_S77	1
PTHLH	KDR_Y1059	1
PTK2	ACTN1_Y12	1
PTK2	ACTN1_Y193	1
PTK2	ACTN4_Y265	1
PTK2	ACTN4_Y31	1
PTK2	ACTN4_Y4	1
PTK2	ATP2B4_Y1176	1
PTK2	BCAR1_Y165	1
PTK2	BCAR1_Y410	1
PTK2	BCAR1_Y456	1
PTK2	BCAR1_Y653	1
PTK2	BCAR1_Y664	1
PTK2	BCAR1_Y666	1
PTK2	BCAR1_Y710	1
PTK2	BCAR1_Y712	1
PTK2	BECN1_Y233	1
PTK2	BMX_Y40	1
PTK2	CDCP1_Y734	1
PTK2	CDH5_Y658	1
PTK2	CLDN11_Y191	1
PTK2	CLDN11_Y192	1
PTK2	CNR1_Y397	1
PTK2	CTNNB1_Y142	1
PTK2	CTNND2_Y142	1
PTK2	CTTN_Y421	1
PTK2	CTTN_Y470	1
PTK2	CTTN_Y486	1
PTK2	GATA4_S105	1
PTK2	GIT1_Y321	1
PTK2	GRB7_Y188	1
PTK2	GRB7_Y211	1
PTK2	GRB7_Y338	1
PTK2	GRB7_Y361	1
PTK2	GSK3A_Y279	1
PTK2	GSK3B_Y216	1
PTK2	HDAC5_Y642	1
PTK2	ITGB7_Y753	1
PTK2	ITGB7_Y758	1
PTK2	LAT_Y171	1
PTK2	LAT_Y200	1
PTK2	MAP2K1_S298	1
PTK2	NANOG_Y174	1
PTK2	NANOG_Y35	1
PTK2	PLCG1_Y783	1
PTK2	PTEN_Y336	1
PTK2	PTK2B_Y402	1
PTK2	PXN_S178	1
PTK2	PXN_Y118	1
PTK2	PXN_Y181	1
PTK2	PXN_Y31	1
PTK2	RAC1_Y64	1
PTK2	RET_Y1062	1
PTK2	RET_Y905	1
PTK2	SH3GL1_Y315	1
PTK2	SHC1_Y427	1
PTK2	SIRPA_Y429	1
PTK2	SIRPA_Y453	1
PTK2	SIRPA_Y470	1
PTK2	SIRPA_Y496	1
PTK2	SRC_Y419	1
PTK2	SRC_Y530	1
PTK2	STAT3_Y705	1
PTK2	TP53_S46	1
PTK2	TRIO_Y2796	1
PTK2	TTC39A_Y397	1
PTK2	VCL_Y100	1
PTK2	VCL_Y1133	1
PTK2	WASL_Y256	1
PTK2	WAS_Y291	1
PTK2B	ASAP1_Y323	1
PTK2B	ASAP1_Y767	1
PTK2B	BCAR1_Y165	1
PTK2B	BCAR1_Y249	1
PTK2B	BLK_Y389	1
PTK2B	CBL_Y552	1
PTK2B	CBL_Y674	1
PTK2B	CDH5_Y658	1
PTK2B	CDH5_Y731	1
PTK2B	CTTN_Y154	1
PTK2B	CTTN_Y409	1
PTK2B	CTTN_Y421	1
PTK2B	CTTN_Y470	1
PTK2B	CTTN_Y486	1
PTK2B	FGR_Y180	1
PTK2B	FGR_Y412	1
PTK2B	FOXO1_T24	1
PTK2B	FYN_Y420	1
PTK2B	GAPDH_Y320	1
PTK2B	GSK3A_Y279	1
PTK2B	GSK3B_S21	1
PTK2B	GSK3B_S9	1
PTK2B	GSK3B_Y216	1
PTK2B	HCK_Y411	1
PTK2B	ID3_S18	1
PTK2B	ID3_S5	1
PTK2B	ID3_Y11	1
PTK2B	ID3_Y48	1
PTK2B	LAT_Y171	1
PTK2B	LAT_Y200	1
PTK2B	LCK_Y394	1
PTK2B	LYN_Y397	1
PTK2B	MAPT_Y18	1
PTK2B	MTOR_S2448	1
PTK2B	NOS3_S1177	1
PTK2B	NOS3_T495	1
PTK2B	NOS3_Y657	1
PTK2B	NPHP1_Y349	1
PTK2B	NPHP1_Y350	1
PTK2B	NPHP1_Y46	1
PTK2B	NPHP1_Y721	1
PTK2B	PFKFB3_S461	1
PTK2B	PPP1R12A_T696	1
PTK2B	PPP1R12A_T853	1
PTK2B	PTK2_Y407	1
PTK2B	PXN_Y118	1
PTK2B	PYCARD_Y146	1
PTK2B	RAB14_Y8	1
PTK2B	SNCA_Y125	1
PTK2B	SRC_Y419	1
PTK2B	STAP2_Y250	1
PTK2B	STIM1_Y361	1
PTK2B	STUB1_Y121	1
PTK2B	TGFB1I1_Y43	1
PTK2B	TGFB1I1_Y60	1
PTK2B	YES1_Y426	1
PTK6	AKT1_Y315	1
PTK6	AKT1_Y326	1
PTK6	ARAP1_Y231	1
PTK6	ARHGAP35_Y1105	1
PTK6	ARHGAP5_Y1109	1
PTK6	BCAR1_Y165	1
PTK6	BCAR1_Y211	1
PTK6	BCAR1_Y664	1
PTK6	BCAR1_Y710	1
PTK6	C9orf78_Y147	1
PTK6	CBL_Y700	1
PTK6	CBL_Y731	1
PTK6	CBL_Y774	1
PTK6	CDKN1A_Y77	1
PTK6	CDKN1B_Y88	1
PTK6	CDKN1C_Y91	1
PTK6	CTNNB1_Y142	1
PTK6	CTNNB1_Y331	1
PTK6	CTNNB1_Y333	1
PTK6	CTNNB1_Y64	1
PTK6	DOK1_Y362	1
PTK6	EGFR_Y1069	1
PTK6	EGFR_Y869	1
PTK6	EPS8_Y498	1
PTK6	EPS8_Y525	1
PTK6	EPS8_Y535	1
PTK6	GPNMB_Y525	1
PTK6	HIF1A_S797	1
PTK6	HIF1A_Y565	1
PTK6	KHDRBS1_Y435	1
PTK6	KHDRBS1_Y440	1
PTK6	KHDRBS1_Y443	1
PTK6	PTK2_Y861	1
PTK6	PXN_Y118	1
PTK6	PXN_Y181	1
PTK6	PXN_Y31	1
PTK6	RUVBL2_Y340	1
PTK6	STAP2_Y250	1
PTK6	STAT3_Y705	1
PTK6	STAT5B_Y699	1
PTK7	JUN_S63	1
PTN	PTK2_Y397	1
PTN	SRC_Y419	1
PTP4A3	EZR_T567	-1
PTP4A3	ITGB1_Y783	1
PTP4A3	KRT8_S432	-1
PTP4A3	KRT8_S74	-1
PTP4A3	MAPK1_T185	1
PTP4A3	MAPK1_Y187	1
PTP4A3	MAPK3_T202	1
PTP4A3	MAPK3_Y204	1
PTPA	AKT1_S473	-1
PTPA	NOS1_S1417	1
PTPN1	ACTN1_Y12	-1
PTPN1	BCR_Y177	-1
PTPN1	CAV1_Y14	-1
PTPN1	CSF1R_Y809	1
PTPN1	CTTN_Y421	1
PTPN1	CTTN_Y446	-1
PTPN1	DOK1_Y362	1
PTPN1	DOK1_Y398	1
PTPN1	EGFR_Y1016	-1
PTPN1	EGFR_Y1069	1
PTPN1	EIF2AK3_T982	1
PTPN1	EPHA3_Y779	-1
PTPN1	ESR1_Y537	-1
PTPN1	GHR_Y332	-1
PTPN1	GHR_Y487	-1
PTPN1	GHR_Y534	-1
PTPN1	GHR_Y566	-1
PTPN1	INSR_Y1011	1
PTPN1	INSR_Y1173	-1
PTPN1	INSR_Y1177	-1
PTPN1	INSR_Y1178	-1
PTPN1	INSR_Y1185	-1
PTPN1	INSR_Y1189	-1
PTPN1	INSR_Y1190	-1
PTPN1	INSR_Y1355	1
PTPN1	INSR_Y1361	1
PTPN1	INSR_Y992	1
PTPN1	INSR_Y999	-1
PTPN1	JAK2_Y1007	-1
PTPN1	JAK2_Y1008	-1
PTPN1	KRT8_Y267	-1
PTPN1	MAPK15_Y177	-1
PTPN1	MET_Y1003	1
PTPN1	MET_Y1234	-1
PTPN1	MET_Y1235	-1
PTPN1	MET_Y1349	1
PTPN1	MET_Y1356	1
PTPN1	NFKBIA_Y42	-1
PTPN1	NTRK2_Y706	-1
PTPN1	NTRK2_Y707	-1
PTPN1	PAK2_Y130	1
PTPN1	PDGFRB_Y1009	-1
PTPN1	PDGFRB_Y1021	-1
PTPN1	PDGFRB_Y579	1
PTPN1	PDGFRB_Y581	1
PTPN1	PDGFRB_Y716	-1
PTPN1	PDGFRB_Y740	-1
PTPN1	PDGFRB_Y751	-1
PTPN1	PDGFRB_Y763	1
PTPN1	PDGFRB_Y771	-1
PTPN1	PDGFRB_Y775	1
PTPN1	PDGFRB_Y857	1
PTPN1	PPARG_Y78	1
PTPN1	PRDX6_Y89	1
PTPN1	PRKCD_Y313	1
PTPN1	PRKCD_Y567	1
PTPN1	PTK2_Y397	-1
PTPN1	ROS1_Y2110	-1
PTPN1	ROS1_Y2114	-1
PTPN1	ROS1_Y2115	-1
PTPN1	SRC_Y419	-1
PTPN1	SRC_Y530	-1
PTPN1	STAM2_Y291	-1
PTPN1	STAT3_Y705	-1
PTPN1	STAT5A_Y694	-1
PTPN1	STAT5B_Y699	-1
PTPN1	TYK2_Y1054	1
PTPN1	TYK2_Y1055	1
PTPN11	CDCP1_Y734	1
PTPN11	CDCP1_Y743	1
PTPN11	CTNNA1_Y148	-1
PTPN11	EGFR_Y1016	-1
PTPN11	ERBB2_Y1023	-1
PTPN11	FLT1_Y1213	-1
PTPN11	FRS2_Y436	-1
PTPN11	GAB1_Y447	1
PTPN11	GAB1_Y472	1
PTPN11	GAB1_Y589	-1
PTPN11	GAB1_Y627	-1
PTPN11	GAB1_Y657	-1
PTPN11	GAB1_Y659	-1
PTPN11	GAB1_Y689	-1
PTPN11	GAB2_Y614	-1
PTPN11	HRAS_Y32	-1
PTPN11	IRS1_Y1179	-1
PTPN11	IRS1_Y896	-1
PTPN11	JAK2_Y1007	-1
PTPN11	JAK2_Y570	1
PTPN11	KDR_Y1059	-1
PTPN11	KDR_Y951	-1
PTPN11	KDR_Y996	-1
PTPN11	KRAS_Y32	-1
PTPN11	MAP3K5_Y718	-1
PTPN11	MPZL1_Y200	-1
PTPN11	MPZL1_Y241	-1
PTPN11	MPZL1_Y263	-1
PTPN11	NRAS_Y32	-1
PTPN11	PDGFRB_Y1009	1
PTPN11	PDGFRB_Y740	-1
PTPN11	PDGFRB_Y751	-1
PTPN11	PDGFRB_Y771	-1
PTPN11	PTK2B_Y864	-1
PTPN11	PTK2B_Y906	-1
PTPN11	PTK2_Y397	1
PTPN11	PTK2_Y576	1
PTPN11	PTK2_Y577	-1
PTPN11	PTK2_Y925	1
PTPN11	SELE_Y603	-1
PTPN11	SRC_S6	1
PTPN11	SRC_Y419	-1
PTPN11	SRC_Y530	1
PTPN11	STAT1_S727	-1
PTPN11	STAT1_Y701	-1
PTPN11	STAT5A_Y694	-1
PTPN11	STAT5B_Y699	-1
PTPN11	TERT_Y707	1
PTPN11	TSC2_S6	1
PTPN11	TSC2_T1462	1
PTPN11	TSC2_T389	1
PTPN12	ABL1_Y393	-1
PTPN12	ABL1_Y412	-1
PTPN12	EGFR_Y1172	1
PTPN12	ERBB2_Y1112	1
PTPN12	ERBB2_Y1248	1
PTPN12	ERBB2_Y877	1
PTPN12	GIT2_Y286	-1
PTPN12	GIT2_Y392	-1
PTPN12	GIT2_Y592	-1
PTPN12	INSR_Y1185	-1
PTPN12	INSR_Y1189	-1
PTPN12	INSR_Y1190	-1
PTPN12	INSR_Y999	-1
PTPN12	JAK2_Y1007	-1
PTPN12	JAK2_Y1008	-1
PTPN12	PDGFRB_Y1021	1
PTPN12	PSTPIP1_Y345	-1
PTPN12	PTK2B_Y402	-1
PTPN12	PTK2B_Y579	-1
PTPN12	PTK2B_Y580	-1
PTPN12	PTK2_Y397	-1
PTPN12	SHC1_Y349	-1
PTPN12	SHC1_Y350	-1
PTPN12	SRC_Y419	-1
PTPN12	SRC_Y530	1
PTPN12	WAS_Y291	-1
PTPN13	ABL1_Y226	1
PTPN13	BLK_Y389	1
PTPN13	FGR_Y412	1
PTPN13	FYN_Y420	1
PTPN13	HCK_Y411	1
PTPN13	INSR_Y1185	-1
PTPN13	INSR_Y1189	-1
PTPN13	INSR_Y1190	-1
PTPN13	INSR_Y999	-1
PTPN13	LCK_Y394	1
PTPN13	LYN_Y397	1
PTPN13	NFKBIA_Y42	-1
PTPN13	SRC_Y419	1
PTPN13	TRIP6_Y55	-1
PTPN13	YES1_Y426	1
PTPN14	BCAR1_Y128	-1
PTPN18	ERBB2_Y1112	-1
PTPN18	ERBB2_Y1196	-1
PTPN18	ERBB2_Y1248	-1
PTPN2	BCL2L11_S69	1
PTPN2	CAV1_Y14	-1
PTPN2	CSF1R_Y809	1
PTPN2	EGFR_Y1016	1
PTPN2	EGFR_Y1069	1
PTPN2	EGFR_Y1092	1
PTPN2	EGFR_Y1110	1
PTPN2	EGFR_Y1172	1
PTPN2	EGFR_Y1197	1
PTPN2	FYN_Y420	-1
PTPN2	GHR_Y332	-1
PTPN2	GHR_Y487	-1
PTPN2	GHR_Y534	-1
PTPN2	GHR_Y566	-1
PTPN2	GJA1_Y247	-1
PTPN2	GJA1_Y265	-1
PTPN2	INSR_Y1185	-1
PTPN2	INSR_Y1189	-1
PTPN2	INSR_Y1190	-1
PTPN2	INSR_Y999	-1
PTPN2	JAK1_Y1034	-1
PTPN2	JAK1_Y1035	-1
PTPN2	JAK3_Y980	1
PTPN2	JAK3_Y981	1
PTPN2	KDR_Y1054	-1
PTPN2	KDR_Y1059	-1
PTPN2	KDR_Y1214	-1
PTPN2	KDR_Y996	-1
PTPN2	MET_Y1003	1
PTPN2	MET_Y1234	-1
PTPN2	MET_Y1235	-1
PTPN2	MET_Y1349	1
PTPN2	MET_Y1356	1
PTPN2	PDGFRB_Y1009	1
PTPN2	PDGFRB_Y1021	-1
PTPN2	PDGFRB_Y579	-1
PTPN2	PDGFRB_Y581	1
PTPN2	PDGFRB_Y716	1
PTPN2	PDGFRB_Y740	1
PTPN2	PDGFRB_Y751	-1
PTPN2	PDGFRB_Y763	1
PTPN2	PDGFRB_Y771	-1
PTPN2	PDGFRB_Y775	1
PTPN2	PDGFRB_Y857	1
PTPN2	SHC1_Y239	-1
PTPN2	SHC1_Y349	-1
PTPN2	SRC_Y419	-1
PTPN2	STAT1_S727	1
PTPN2	STAT1_Y701	-1
PTPN2	STAT3_Y705	-1
PTPN2	STAT5A_Y694	1
PTPN2	STAT5B_Y699	1
PTPN2	STAT6_Y641	1
PTPN2	WASL_Y256	-1
PTPN21	SRC_Y530	1
PTPN22	CBL_S798	-1
PTPN22	LCK_Y394	-1
PTPN22	ZAP70_Y493	-1
PTPN3	EPS15_Y849	1
PTPN3	GHR_Y534	-1
PTPN3	VCP_Y796	-1
PTPN3	VCP_Y805	-1
PTPN5	BAK1_Y108	-1
PTPN5	FYN_Y420	-1
PTPN5	GRIN2B_Y1474	-1
PTPN5	MOB1B_Y26	1
PTPN6	ACTG1_Y218	-1
PTPN6	CASP8_Y380	-1
PTPN6	CASP8_Y397	-1
PTPN6	CASP8_Y448	-1
PTPN6	CASP8_Y465	-1
PTPN6	CD22_Y762	-1
PTPN6	CD22_Y822	-1
PTPN6	CD33_Y340	-1
PTPN6	CSF2RB_Y628	-1
PTPN6	CTNNB1_Y654	1
PTPN6	CTNNB1_Y86	1
PTPN6	EGFR_Y1197	-1
PTPN6	ESR1_Y537	-1
PTPN6	FYN_Y420	1
PTPN6	HOXA10_Y343	-1
PTPN6	HOXA10_Y360	-1
PTPN6	INSR_Y1185	-1
PTPN6	INSR_Y1189	-1
PTPN6	INSR_Y1190	-1
PTPN6	INSR_Y999	-1
PTPN6	JAK2_Y1007	1
PTPN6	KDR_Y1059	-1
PTPN6	KDR_Y1175	-1
PTPN6	KDR_Y996	-1
PTPN6	KIT_Y570	1
PTPN6	LCK_Y394	-1
PTPN6	LYN_Y397	-1
PTPN6	NFAT5_Y143	-1
PTPN6	NTRK1_Y674	-1
PTPN6	NTRK1_Y675	-1
PTPN6	NTRK1_Y680	-1
PTPN6	NTRK1_Y681	-1
PTPN6	PECAM1_Y663	-1
PTPN6	PECAM1_Y690	-1
PTPN6	PECAM1_Y713	-1
PTPN6	PTK2B_Y402	-1
PTPN6	ROS1_Y2274	-1
PTPN6	SH3BP2_Y448	1
PTPN6	SRC_Y338	-1
PTPN6	SRC_Y419	-1
PTPN6	SRC_Y530	-1
PTPN7	MAPK14_Y182	-1
PTPN7	MAPK1_T185	1
PTPN7	MAPK1_Y187	-1
PTPN7	MAPK3_T202	1
PTPN7	MAPK3_Y204	1
PTPN9	INSR_Y1185	-1
PTPN9	INSR_Y1189	-1
PTPN9	INSR_Y1190	-1
PTPN9	INSR_Y999	-1
PTPN9	NSF_Y83	-1
PTPRA	EGFR_Y1016	1
PTPRA	FYN_Y476	-1
PTPRA	FYN_Y528	-1
PTPRA	FYN_Y531	-1
PTPRA	INSR_Y1011	1
PTPRA	INSR_Y1185	1
PTPRA	INSR_Y1189	1
PTPRA	INSR_Y1190	1
PTPRA	INSR_Y1355	1
PTPRA	INSR_Y1361	1
PTPRA	INSR_Y992	1
PTPRA	INSR_Y999	1
PTPRA	LYN_Y397	-1
PTPRA	SRC_Y419	1
PTPRA	SRC_Y530	-1
PTPRB	INSR_Y1185	-1
PTPRB	INSR_Y1189	-1
PTPRB	INSR_Y1190	-1
PTPRB	INSR_Y999	-1
PTPRB	KDR_Y1175	-1
PTPRB	MET_Y1356	-1
PTPRC	FYN_Y420	1
PTPRC	FYN_Y476	-1
PTPRC	FYN_Y528	-1
PTPRC	FYN_Y531	-1
PTPRC	JAK1_Y1034	-1
PTPRC	JAK1_Y1035	-1
PTPRC	JAK2_Y1007	-1
PTPRC	JAK2_Y1008	-1
PTPRC	LCK_Y394	-1
PTPRC	LCK_Y505	-1
PTPRC	LYN_Y397	-1
PTPRC	LYN_Y508	-1
PTPRC	SKAP1_Y232	-1
PTPRC	TYK2_Y1054	-1
PTPRC	TYK2_Y1055	-1
PTPRD	STAT3_Y705	-1
PTPRE	INSR_Y1185	-1
PTPRE	INSR_Y1189	-1
PTPRE	INSR_Y1190	-1
PTPRE	INSR_Y999	-1
PTPRE	KCNB1_Y128	-1
PTPRE	MAPK1_T185	-1
PTPRE	MAPK1_Y187	-1
PTPRE	SRC_Y530	1
PTPRF	AKT1_S473	-1
PTPRF	DAPK1_Y490	-1
PTPRF	DAPK1_Y491	-1
PTPRF	FYN_Y420	-1
PTPRF	FYN_Y531	1
PTPRF	INSR_Y1185	-1
PTPRF	INSR_Y1189	-1
PTPRF	INSR_Y1190	-1
PTPRF	INSR_Y999	-1
PTPRF	IRS1_Y632	1
PTPRF	RET_Y1062	-1
PTPRG	ABL1_Y413	-1
PTPRG	BLNK_Y84	-1
PTPRG	BMX_Y40	-1
PTPRG	BTK_Y223	-1
PTPRG	CDK2_Y15	-1
PTPRG	CTTN_Y470	-1
PTPRG	DAB1_Y198	-1
PTPRG	DOK2_Y139	-1
PTPRG	EGFR_Y1069	-1
PTPRG	EGFR_Y1172	-1
PTPRG	ERBB2_Y1248	-1
PTPRG	GRIN2B_Y1474	-1
PTPRG	INSR_Y1189	-1
PTPRG	INSR_Y1190	-1
PTPRG	INSR_Y999	-1
PTPRG	ITGB1_Y783	-1
PTPRG	JAK2_Y1007	-1
PTPRG	JAK2_Y1008	-1
PTPRG	KDR_Y1054	-1
PTPRG	KDR_Y1059	-1
PTPRG	KIT_Y703	-1
PTPRG	KIT_Y730	-1
PTPRG	LIMK1_Y507	-1
PTPRG	MET_Y1003	-1
PTPRG	PDGFRA_Y742	-1
PTPRG	PDGFRA_Y754	-1
PTPRG	PDGFRB_Y716	-1
PTPRG	PRKCD_Y313	-1
PTPRG	PTK2_Y397	-1
PTPRG	PTK2_Y576	-1
PTPRG	PTK2_Y577	-1
PTPRG	PTK2_Y861	-1
PTPRG	PXN_Y118	-1
PTPRG	SHC1_Y349	-1
PTPRG	SHC1_Y350	-1
PTPRG	SRC_Y419	-1
PTPRG	SRC_Y530	1
PTPRG	STAT1_Y701	-1
PTPRG	STAT2_Y690	-1
PTPRG	STAT3_Y705	-1
PTPRG	STAT5A_Y694	-1
PTPRG	VCL_Y822	-1
PTPRG	ZAP70_Y292	-1
PTPRG	ZAP70_Y315	-1
PTPRG	ZAP70_Y319	-1
PTPRH	INSR_Y1185	-1
PTPRH	INSR_Y1189	-1
PTPRH	INSR_Y1190	-1
PTPRH	INSR_Y999	-1
PTPRJ	CBL_Y731	-1
PTPRJ	CDH5_Y658	1
PTPRJ	CTNND1_Y228	1
PTPRJ	EGFR_Y1069	-1
PTPRJ	EGFR_Y1092	-1
PTPRJ	EGFR_Y1197	-1
PTPRJ	FYN_Y420	1
PTPRJ	FYN_Y531	-1
PTPRJ	INSR_Y1185	-1
PTPRJ	INSR_Y1189	-1
PTPRJ	INSR_Y1190	-1
PTPRJ	INSR_Y999	-1
PTPRJ	KDR_Y1054	-1
PTPRJ	KDR_Y1059	-1
PTPRJ	KDR_Y1175	1
PTPRJ	KDR_Y1214	1
PTPRJ	KDR_Y1305	1
PTPRJ	KDR_Y1309	1
PTPRJ	KDR_Y1319	1
PTPRJ	KDR_Y801	1
PTPRJ	KDR_Y951	1
PTPRJ	LCK_Y505	1
PTPRJ	LYN_Y508	-1
PTPRJ	MAPK1_Y187	-1
PTPRJ	MAPK1_Y205	-1
PTPRJ	MAPK3_Y204	-1
PTPRJ	MET_Y1003	1
PTPRJ	MET_Y1349	-1
PTPRJ	MET_Y1356	-1
PTPRJ	MET_Y1365	-1
PTPRJ	PDGFRB_Y1009	1
PTPRJ	PDGFRB_Y1021	-1
PTPRJ	PDGFRB_Y562	1
PTPRJ	PDGFRB_Y579	1
PTPRJ	PDGFRB_Y581	1
PTPRJ	PDGFRB_Y716	1
PTPRJ	PDGFRB_Y740	1
PTPRJ	PDGFRB_Y751	-1
PTPRJ	PDGFRB_Y763	1
PTPRJ	PDGFRB_Y771	1
PTPRJ	PDGFRB_Y775	1
PTPRJ	PDGFRB_Y857	1
PTPRJ	RET_Y1015	1
PTPRJ	RET_Y1062	-1
PTPRJ	RET_Y905	-1
PTPRJ	SRC_Y419	1
PTPRJ	SRC_Y530	1
PTPRK	EGFR_Y1092	-1
PTPRK	EGFR_Y1197	-1
PTPRO	EPHA4_Y602	1
PTPRR	MAPK1_Y187	-1
PTPRR	MAPK7_Y221	-1
PTPRR	PXN_Y88	-1
PTPRR	STAT3_Y705	-1
PTPRT	PXN_Y88	-1
PTPRT	STAT3_Y705	-1
PTPRZ1	ADD2_Y568	-1
PTPRZ1	ARHGAP35_Y1105	-1
PTS	LASP1_S146	1
PTS	SRC_Y530	1
PTS	VASP_S157	1
PTS	VASP_S239	1
PTS	VASP_T278	1
PXK	NFATC4_S272	1
PXK	PRKACA_S140	1
PXK	PRKACA_T198	1
PXK	PRKCB_T48	1
PXK	PRKCB_T500	1
PXK	PRKD2_S710	1
PXK	TRIP10_S298	1
PXN	BCL2_S87	1
PXN	PTK2_Y397	1
PXN	PTK2_Y925	1
RAB29	LRRK2_S973	1
RAC1	ADD1_S726	1
RAC1	ADD1_T445	1
RAC1	AKT1_S473	1
RAC1	AKT1_T308	1
RAC1	ARHGEF2_S886	1
RAC1	BAD_S75	1
RAC1	CDH5_S665	1
RAC1	CDKN1B_S10	1
RAC1	CTNNB1_S191	1
RAC1	CTNNB1_S605	1
RAC1	CTNNB1_S675	1
RAC1	DPYSL2_S522	1
RAC1	DPYSL2_T509	1
RAC1	DPYSL2_T514	1
RAC1	HACE1_S385	1
RAC1	LIMK1_T508	1
RAC1	MAP2K4_S257	1
RAC1	MAP2K4_T261	1
RAC1	MAP3K11_S281	1
RAC1	MAP3K11_T277	1
RAC1	MAP3K1_T1400	1
RAC1	MAP3K1_T1412	1
RAC1	MAPK10_T221	1
RAC1	MAPK10_Y223	1
RAC1	MAPK1_Y205	1
RAC1	MAPK6_S189	1
RAC1	MAPK8_T183	1
RAC1	MAPK8_Y185	1
RAC1	MAPK9_T183	1
RAC1	MAPK9_Y185	1
RAC1	NF2_S518	1
RAC1	PAK1_S199	1
RAC1	PAK1_S204	1
RAC1	PAK1_T423	1
RAC1	PAK2_S192	1
RAC1	PAK2_S197	1
RAC1	PTK2_Y397	1
RAC1	PTK2_Y576	1
RAC1	STAT3_S727	1
RAC1	STAT3_Y705	1
RAC1	STMN1_S16	1
RAC1	TOP2A_S1247	1
RAC1	VIM_S39	1
RAD17	ATR_S480	1
RAD17	ATR_S549	1
RAF1	AGGF1_S338	1
RAF1	ARAF_S299	1
RAF1	ARAF_T452	1
RAF1	ARAF_T455	1
RAF1	ARAF_Y302	1
RAF1	BAD_S118	1
RAF1	BAD_S74	1
RAF1	BAD_S75	1
RAF1	BAD_S99	1
RAF1	BRAF_S579	1
RAF1	BRAF_S602	1
RAF1	BRAF_T599	1
RAF1	EEF1A1_S21	1
RAF1	EEF1A2_S21	1
RAF1	EIF2AK2_S456	1
RAF1	EIF4B_S131	1
RAF1	EIF4B_S311	1
RAF1	EIF4B_S359	1
RAF1	EIF4B_S406	1
RAF1	EIF4B_S418	1
RAF1	EIF4B_S422	1
RAF1	EIF4B_S442	1
RAF1	EIF4B_S497	1
RAF1	EIF4B_T420	1
RAF1	EIF4H_S13	1
RAF1	HLCS_S79	1
RAF1	KLF10_T93	1
RAF1	MAP2K1_S218	1
RAF1	MAP2K1_S222	1
RAF1	MAP2K1_S298	1
RAF1	MAP2K1_T286	1
RAF1	MAP2K1_T292	1
RAF1	MAP2K1_T386	1
RAF1	MAP2K2_S222	1
RAF1	MAP2K2_S226	1
RAF1	MAPK1_S29	1
RAF1	MAPK1_T185	1
RAF1	MAPK1_Y187	1
RAF1	MAPK3_T202	1
RAF1	MAPK3_Y204	1
RAF1	MPRIP_T491	1
RAF1	MYC_T8	1
RAF1	OPRM1_Y338	1
RAF1	OTUD7B_S100	1
RAF1	PHAX_S164	1
RAF1	PPP1R12A_T696	1
RAF1	PPP1R8_S199	1
RAF1	PPP1R8_T179	1
RAF1	RELA_S276	1
RAF1	SOX10_S24	1
RAF1	ZYX_S170	1
RALA	FOXO4_T451	1
RALA	FOXO4_T455	1
RALA	MAPK10_T221	1
RALA	MAPK10_Y223	1
RALA	MAPK8_T183	1
RALA	MAPK8_Y185	1
RALA	MAPK9_T183	1
RALA	MAPK9_Y185	1
RALA	SRC_Y419	1
RALA	STK38_T444	1
RALB	MAPK10_T221	1
RALB	MAPK10_Y223	1
RALB	MAPK8_T183	1
RALB	MAPK8_Y185	1
RALB	MAPK9_T183	1
RALB	MAPK9_Y185	1
RALB	STK38_T444	1
RALBP1	CDKN1B_S10	1
RALBP1	H2AX_S140	1
RALBP1	TP53_S15	1
RAN	H2AX_S140	1
RANGAP1	TP73_Y99	1
RAP1A	BRAF_T373	1
RAP1A	MAPK1_T185	1
RAP1A	MAPK1_Y187	1
RAP1A	MAPK3_T202	1
RAP1A	MAPK3_Y204	1
RAP1B	BRAF_T373	1
RAPGEF3	ANXA2_Y24	1
RAPGEF3	HDAC5_S259	1
RAPGEF3	HDAC5_S498	1
RAPGEF3	RYR2_S2814	1
RARA	AKT1_S473	1
RARA	AKT1_T308	1
RARA	AKT1_Y474	1
RARB	AKT1_S473	1
RARB	AKT1_T308	1
RARB	AKT1_Y474	1
RARG	AKT1_S473	1
RARG	AKT1_T308	1
RARG	AKT1_Y474	1
RASGRF1	CDK2_T160	1
RASSF1	MAPK1_T185	1
RASSF1	MAPK3_T202	1
RASSF1	RAF1_S259	1
RASSF1	STK3_T180	1
RASSF5	TP53_S46	1
RB1	ATF2_T69	1
RB1	ATF2_T71	1
RB1	ESR1_S167	1
RB1	NOS3_S1177	1
RB1	NOS3_T495	1
RB1	RBL1_S650	1
RBBP8	RPA2_S33	1
RBBP8	SF3B2_S289	1
RCC1	FOXO1_S249	1
RCC1	H2AX_S140	1
REG1A	MAPT_S519	1
REG1A	MAPT_T522	1
REG4	EGFR_Y1016	1
RELA	VIM_S39	1
RELN	DAB1_Y185	1
RELN	DAB1_Y198	1
RELN	HDAC4_S632	1
RELN	SH3KBP1_S587	1
REN	TP73_S289	1
RENBP	GATA4_S105	1
RENBP	MSN_T558	1
RENBP	SRC_Y419	1
RET	AFAP1L2_Y54	1
RET	AKT1_Y315	1
RET	ATF4_T107	1
RET	ATF4_T114	1
RET	ATF4_T115	1
RET	ATF4_T119	1
RET	DOK1_Y398	1
RET	ESR1_S118	1
RET	ESR1_S167	1
RET	ETS1_Y223	1
RET	HNRNPK_Y280	1
RET	MAPK14_T180	1
RET	MAPK14_Y182	1
RET	MAPK1_Y187	1
RET	MAPK3_Y204	1
RET	MAPK8_Y185	1
RET	MAPK9_Y185	1
RET	PDPK1_Y9	1
RET	PIK3R1_Y203	1
RET	PLCG1_Y783	1
RET	PRKDC_S2056	1
RET	PTK2_Y576	1
RET	PTK2_Y577	1
RET	PTK2_Y861	1
RET	PTK2_Y925	1
RET	STAT1_Y701	1
RET	STAT3_S727	1
RET	STAT3_Y705	1
RETN	SGK1_S422	1
RETN	SP1_T453	1
RETN	SP1_T739	1
RGCC	CDK1_T161	1
RGN	NFKBIA_S32	1
RHEB	AKT1S1_T246	1
RHEB	BRAF_S446	1
RHEB	EIF2S1_S35	1
RHEB	MTOR_S1261	1
RHEB	MTOR_S2448	1
RHEB	MTOR_S2481	1
RHEB	RAF1_S338	1
RHEB	RPS6KB1_T412	1
RHEBL1	AKT1_S473	1
RHEBL1	EIF4EBP1_S65	1
RHOA	ADD1_T445	1
RHOA	AKT1_S473	1
RHOA	ANKRD1_T102	1
RHOA	DPYSL2_T514	1
RHOA	DPYSL2_T555	1
RHOA	EZR_T567	1
RHOA	FHOD1_S1131	1
RHOA	FHOD1_S1137	1
RHOA	FHOD1_T1141	1
RHOA	FYN_Y420	1
RHOA	GATA4_S105	1
RHOA	HACE1_S385	1
RHOA	MAPK1_T185	1
RHOA	MAPK1_Y187	1
RHOA	MAPK3_T202	1
RHOA	MAPK3_Y204	1
RHOA	MARCKS_S159	1
RHOA	MSN_T558	1
RHOA	MYL12A_S19	1
RHOA	MYL12B_S20	1
RHOA	MYL12B_T19	1
RHOA	PFN1_S138	1
RHOA	PPP1R12A_S695	1
RHOA	PPP1R12A_T696	1
RHOA	PPP1R12A_T853	1
RHOA	PTEN_S229	1
RHOA	PTEN_T319	1
RHOA	PTEN_T321	1
RHOA	PTK2_Y397	1
RHOA	PTK2_Y576	1
RHOA	PTK2_Y861	1
RHOA	PTK2_Y925	1
RHOA	PTPN1_Y20	1
RHOA	RDX_T564	1
RHOA	RELA_S536	1
RHOA	ROCK2_S1099	1
RHOA	ROCK2_S1132	1
RHOA	ROCK2_S1134	1
RHOA	ROCK2_T967	1
RHOA	SCRIB_S1508	1
RHOA	SOX9_S181	1
RHOA	SSH1_S978	1
RHOA	STK11_S428	1
RHOA	VIM_S72	1
RHOH	STAT1_Y701	1
RHOU	PXN_S272	1
RICTOR	AKT1_S473	1
RICTOR	AKT1_T450	1
RICTOR	AMOTL2_S759	1
RICTOR	FBXW8_S85	1
RICTOR	FOXO3_S315	1
RICTOR	MTOR_S2481	1
RICTOR	PRKCA_S657	1
RICTOR	PXN_Y118	1
RICTOR	SGK1_S422	1
RIGI	IRF3_S386	1
RIGI	IRF3_S396	1
RIOK1	PPP1R8_T179	1
RIOK1	YWHAH_T168	1
RIOK3	IFIH1_S828	1
RIPK1	DAB2IP_S700	1
RIPK1	DAB2IP_S728	1
RIPK1	DNM1L_S616	1
RIPK1	MAP3K1_S970	1
RIPK1	RIPK3_S199	1
RIPK2	CRK_S125	1
RIPK2	CRK_S194	1
RIPK2	CRK_S196	1
RIPK2	CRK_S41	1
RIPK2	CRK_S83	1
RIPK2	HLCS_S79	1
RIPK2	IRF5_S435	1
RIPK2	IRF5_S446	1
RIPK2	MAP2K7_S53	1
RIPK2	MAP2K7_S55	1
RIPK2	MAP2K7_S57	1
RIPK2	PRKCD_S302	1
RIPK2	PRKCD_S304	1
RIPK2	STAT4_Y693	1
RIPK3	BAD_S91	1
RIPK3	DAXX_S668	1
RIPK3	DLD_T135	1
RIPK3	HLCS_S147	1
RIPK3	MLKL_S358	1
RIPK3	MLKL_S360	1
RIPK3	MLKL_T357	1
RIPK3	PAXBP1_S155	1
RIPK3	PAXBP1_S16	1
RIPK3	PAXBP1_S191	1
RIPK3	TRIM28_S473	1
RIPK4	DVL2_S298	1
RIPK4	DVL2_S480	1
RIPK4	IRF6_S413	1
RIPK4	IRF6_S424	1
RIT1	BRAF_T373	1
RIT1	SOX2_T118	1
RIT2	BRAF_T373	1
RITA1	CHEK1_S345	1
RITA1	TP53_S15	1
RLIM	MYC_S62	1
RNF4	CTNNB1_S45	1
ROCK1	ADD1_T445	1
ROCK1	ADD1_T480	1
ROCK1	ADD1_T511	1
ROCK1	AQP2_T269	1
ROCK1	ARHGAP19_S422	1
ROCK1	ARHGAP24_S391	1
ROCK1	ARHGAP24_S402	1
ROCK1	ARHGAP24_S413	1
ROCK1	ARHGAP24_S415	1
ROCK1	ARHGAP24_S437	1
ROCK1	ARHGAP24_S573	1
ROCK1	ARHGAP24_S574	1
ROCK1	ARHGAP24_T452	1
ROCK1	ARHGAP24_T575	1
ROCK1	ARHGAP24_T576	1
ROCK1	ARHGAP24_T577	1
ROCK1	ARHGAP35_S1150	1
ROCK1	ARHGAP35_S1174	1
ROCK1	ARHGAP35_S1236	1
ROCK1	ARHGAP35_T1173	1
ROCK1	ARHGAP35_T1226	1
ROCK1	BECN1_T119	1
ROCK1	CDKN1B_S10	1
ROCK1	CFTR_S737	1
ROCK1	DAPK3_T265	1
ROCK1	DAPK3_T299	1
ROCK1	DES_S12	1
ROCK1	DES_S60	1
ROCK1	DES_T17	1
ROCK1	DES_T76	1
ROCK1	DES_T77	1
ROCK1	DNM1L_S616	1
ROCK1	DNM1L_S637	1
ROCK1	DPYSL2_T555	1
ROCK1	EZR_T567	1
ROCK1	FHOD1_S1131	1
ROCK1	FHOD1_S1137	1
ROCK1	FHOD1_T1141	1
ROCK1	GFAP_S13	1
ROCK1	GFAP_S17	1
ROCK1	GFAP_S38	1
ROCK1	GFAP_T7	1
ROCK1	H3C1_S11	1
ROCK1	H3C1_S29	1
ROCK1	KCNH2_S1137	1
ROCK1	KCNK3_S336	1
ROCK1	KCNK3_S393	1
ROCK1	LIMK1_T508	1
ROCK1	LIMK2_T484	1
ROCK1	LIMK2_T505	1
ROCK1	LIMK2_T526	1
ROCK1	MAP2K4_S257	1
ROCK1	MAP2K4_T261	1
ROCK1	MAPK8IP3_S314	1
ROCK1	MAPK8IP3_S364	1
ROCK1	MAPK8IP3_S365	1
ROCK1	MAPT_S396	1
ROCK1	MARCKS_S159	1
ROCK1	MSN_T558	1
ROCK1	MYC_S62	1
ROCK1	MYL12A_S19	1
ROCK1	MYL12A_T18	1
ROCK1	MYL12B_S20	1
ROCK1	MYL12B_T19	1
ROCK1	MYL2_S19	1
ROCK1	MYL9_S20	1
ROCK1	MYL9_T19	1
ROCK1	NR3C1_S617	1
ROCK1	NR3C1_T519	1
ROCK1	PAWR_T163	1
ROCK1	PFN1_S138	1
ROCK1	PPP1R12A_S852	1
ROCK1	PPP1R12A_S854	1
ROCK1	PPP1R12A_T696	1
ROCK1	PPP1R12A_T853	1
ROCK1	PPP1R12B_T646	1
ROCK1	PRMT5_T80	1
ROCK1	PTEN_S229	1
ROCK1	PTEN_T232	1
ROCK1	PTEN_T383	1
ROCK1	PTK2_S732	1
ROCK1	PTK2_Y407	1
ROCK1	RDX_T564	1
ROCK1	RDX_T573	1
ROCK1	RHOA_T100	1
ROCK1	RND3_S11	1
ROCK1	RND3_S218	1
ROCK1	RND3_S240	1
ROCK1	RND3_S7	1
ROCK1	SCRIB_S1378	1
ROCK1	SCRIB_S1508	1
ROCK1	SH3GL2_T14	1
ROCK1	SLC9A1_T653	1
ROCK1	SOX9_S181	1
ROCK1	SRF_T159	1
ROCK1	TP53_S15	1
ROCK1	TSC2_T1203	1
ROCK1	VIM_S72	1
ROCK1	VIM_S73	1
ROCK1	YY1_S184	1
ROCK2	ADD1_T445	1
ROCK2	ADD1_T480	1
ROCK2	ADD1_T511	1
ROCK2	ANKRD1_T102	1
ROCK2	APP_T654	1
ROCK2	APP_T729	1
ROCK2	ARHGAP19_S422	1
ROCK2	BACE1_S498	1
ROCK2	CFL1_S3	1
ROCK2	CNN3_S293	1
ROCK2	DAB2_S723	1
ROCK2	DES_T17	1
ROCK2	DES_T76	1
ROCK2	DES_T77	1
ROCK2	DPYSL2_T514	1
ROCK2	DPYSL2_T555	1
ROCK2	EEF1A1_T432	1
ROCK2	EZR_T567	1
ROCK2	GFAP_S13	1
ROCK2	GFAP_S17	1
ROCK2	GFAP_S38	1
ROCK2	GFAP_T7	1
ROCK2	IRF4_S447	1
ROCK2	IRF4_S448	1
ROCK2	LIMK1_T508	1
ROCK2	LIMK2_T484	1
ROCK2	LIMK2_T505	1
ROCK2	MAP2K4_S257	1
ROCK2	MAP2K4_T261	1
ROCK2	MSN_T558	1
ROCK2	MSN_T567	1
ROCK2	MYL12A_S19	1
ROCK2	MYL2_S15	1
ROCK2	MYL9_S20	1
ROCK2	MYL9_T19	1
ROCK2	NCF1_S345	1
ROCK2	NFATC1_S241	1
ROCK2	PPP1R12A_S20	1
ROCK2	PPP1R12A_S852	1
ROCK2	PPP1R12A_T696	1
ROCK2	PPP1R12A_T853	1
ROCK2	PPP1R12B_T646	1
ROCK2	PPP1R12C_T560	1
ROCK2	PPP1R14A_T38	1
ROCK2	PPP1R14B_T57	1
ROCK2	RDX_T564	1
ROCK2	RDX_T573	1
ROCK2	ROCK1_S1333	1
ROCK2	SH3GL2_T14	1
ROCK2	SLC9A1_T653	1
ROCK2	SORL1_S2206	1
ROCK2	SRF_T159	1
ROCK2	VIM_S72	1
ROCK2	VIM_S73	1
ROR1	ERBB3_Y1307	1
RORA	ERBB3_Y1307	1
RORC	EIF4EBP1_T36	1
RORC	EIF4EBP1_T45	1
RORC	IKBKB_S489	1
ROS1	ABL2_Y439	1
ROS1	CDH5_Y658	1
ROS1	CDH5_Y731	1
ROS1	CDK1_Y15	1
ROS1	CFLAR_T166	1
ROS1	EIF4EBP1_S65	1
ROS1	FOXO3_S294	1
ROS1	FOXO3_S7	1
ROS1	GRIA2_S880	1
ROS1	MAP3K5_T838	1
ROS1	PARP1_Y907	1
ROS1	PLCG1_Y783	1
ROS1	PRKD1_Y95	1
ROS1	PRKD2_Y717	1
ROS1	PTK2_Y397	1
ROS1	PTK2_Y577	1
ROS1	PTK2_Y925	1
ROS1	RELA_S276	1
ROS1	SQSTM1_S349	1
ROS1	TP53_S15	1
ROS1	TRIM28_S473	1
ROS1	VASP_S239	1
RPA1	CHEK2_T68	1
RPA2	CHEK1_S296	1
RPAP2	POLR2A_S1616	-1
RPAP2	POLR2A_S1619	-1
RPAP2	POLR2A_S1623	-1
RPAP2	POLR2A_S1626	-1
RPAP2	POLR2A_S1644	-1
RPAP2	POLR2A_S1647	-1
RPAP2	POLR2A_S1651	-1
RPAP2	POLR2A_S1654	-1
RPAP2	POLR2A_S1665	-1
RPAP2	POLR2A_S1668	-1
RPAP2	POLR2A_S1672	-1
RPAP2	POLR2A_S1675	-1
RPAP2	POLR2A_S1693	-1
RPAP2	POLR2A_S1696	-1
RPAP2	POLR2A_S1714	-1
RPAP2	POLR2A_S1717	-1
RPAP2	POLR2A_S1721	-1
RPAP2	POLR2A_S1724	-1
RPAP2	POLR2A_S1735	-1
RPAP2	POLR2A_S1738	-1
RPAP2	POLR2A_S1763	-1
RPAP2	POLR2A_S1766	-1
RPAP2	POLR2A_S1784	-1
RPAP2	POLR2A_S1787	-1
RPL13	CDK2_T160	1
RPL41	ATF4_S219	1
RPLP0	RPS6_S235	1
RPLP0	RPS6_S236	1
RPS27A	MDM2_S166	1
RPS6	BAD_S75	1
RPS6	CHEK1_S280	1
RPS6	DNAJC2_S47	1
RPS6	EEF2K_S366	1
RPS6	EIF4B_S422	1
RPS6	EIF4EBP1_S65	1
RPS6	EPHA2_S897	1
RPS6	FLNA_S2152	1
RPS6	GSK3B_S21	1
RPS6	IRS1_S1101	1
RPS6	IRS1_S307	1
RPS6	IRS1_S312	1
RPS6	METTL1_S27	1
RPS6	NFKBIA_S32	1
RPS6	PDCD4_S67	1
RPS6	RELA_S536	1
RPS6	RPS6KB1_S40	1
RPS6	RPS6KB1_S447	1
RPS6	RPS6KB1_T252	1
RPS6	RPS6KB1_T412	1
RPS6	RPS6KB1_T444	1
RPS6	RPTOR_S719	1
RPS6	RPTOR_S721	1
RPS6	RPTOR_S722	1
RPS6	SLC9A1_S703	1
RPS6	SRF_S103	1
RPS6	STK11_S428	1
RPS6	YBX1_S102	1
RPS6KA1	APAF1_S268	1
RPS6KA1	APAF1_S357	1
RPS6KA1	ARHGAP31_S1106	1
RPS6KA1	ARHGAP31_S1178	1
RPS6KA1	BAD_S118	1
RPS6KA1	BAD_S134	1
RPS6KA1	BAD_S153	1
RPS6KA1	BAD_S75	1
RPS6KA1	BAD_S97	1
RPS6KA1	BAD_S99	1
RPS6KA1	CARHSP1_S52	1
RPS6KA1	CCNY_S326	1
RPS6KA1	CCT2_S260	1
RPS6KA1	CDC25A_S293	1
RPS6KA1	CDC25A_S295	1
RPS6KA1	CDC25B_S353	1
RPS6KA1	CDC25B_T355	1
RPS6KA1	CDC25C_S247	1
RPS6KA1	CDC34_T162	1
RPS6KA1	CDK16_S110	1
RPS6KA1	CDK16_S12	1
RPS6KA1	CDKN1B_S10	1
RPS6KA1	CDKN1B_T198	1
RPS6KA1	CEBPB_S321	1
RPS6KA1	CEBPB_S325	1
RPS6KA1	CEBPB_T235	1
RPS6KA1	CEBPB_T266	1
RPS6KA1	CHEK1_S280	1
RPS6KA1	CIC_S173	1
RPS6KA1	CIC_S301	1
RPS6KA1	CREB1_S133	1
RPS6KA1	DAPK1_S289	1
RPS6KA1	DAPK1_S308	1
RPS6KA1	DAPK1_Y491	1
RPS6KA1	DEPTOR_S286	1
RPS6KA1	DEPTOR_S287	1
RPS6KA1	DEPTOR_S291	1
RPS6KA1	EEF2K_S366	1
RPS6KA1	EIF4B_S422	1
RPS6KA1	EPHA2_S897	1
RPS6KA1	ESR1_S118	1
RPS6KA1	ESR1_S167	1
RPS6KA1	ESR2_S165	1
RPS6KA1	ESR2_S200	1
RPS6KA1	ETV1_S191	1
RPS6KA1	ETV1_S216	1
RPS6KA1	ETV1_S334	1
RPS6KA1	FAM53C_S122	1
RPS6KA1	FLNA_S2152	1
RPS6KA1	FOS_S362	1
RPS6KA1	GMFB_T27	1
RPS6KA1	GSK3A_S21	1
RPS6KA1	GSK3B_S21	1
RPS6KA1	GSK3B_S9	1
RPS6KA1	H3-3B_S11	1
RPS6KA1	IRF3_S175	1
RPS6KA1	IRS1_S1101	1
RPS6KA1	ITGB4_S1364	1
RPS6KA1	KDM2B_S474	1
RPS6KA1	L1CAM_S1152	1
RPS6KA1	LCP1_S5	1
RPS6KA1	LSP1_S252	1
RPS6KA1	MAGI1_S741	1
RPS6KA1	MAPK7_S496	1
RPS6KA1	METTL1_S27	1
RPS6KA1	MITF_S409	1
RPS6KA1	MITF_S510	1
RPS6KA1	MITF_S516	1
RPS6KA1	MRE11_S676	1
RPS6KA1	MTOR_S2448	1
RPS6KA1	MTOR_T2446	1
RPS6KA1	MXD1_S145	1
RPS6KA1	NDRG2_S332	1
RPS6KA1	NDRG2_S350	1
RPS6KA1	NFATC4_S739	1
RPS6KA1	NFKBIA_S32	1
RPS6KA1	NFKBIB_S19	1
RPS6KA1	NFKBIB_S23	1
RPS6KA1	NOS1_S852	1
RPS6KA1	NR4A1_S351	1
RPS6KA1	NR4A1_S364	1
RPS6KA1	NR4A2_S284	1
RPS6KA1	NR4A2_S347	1
RPS6KA1	NR4A3_S376	1
RPS6KA1	NR4A3_S387	1
RPS6KA1	OSTF1_S202	1
RPS6KA1	PDCD4_S457	1
RPS6KA1	PDCD4_S76	1
RPS6KA1	PPP1R3A_S46	1
RPS6KA1	PPP1R3A_S48	1
RPS6KA1	PPP1R3A_S65	1
RPS6KA1	PRKAR1A_S77	1
RPS6KA1	RANBP3_S126	1
RPS6KA1	RELA_S276	1
RPS6KA1	REPS1_S709	1
RPS6KA1	RIOK2_S483	1
RPS6KA1	RPS6KA3_S386	1
RPS6KA1	RPS6_S235	1
RPS6KA1	RPS6_S236	1
RPS6KA1	RPS6_S240	1
RPS6KA1	RPS6_S244	1
RPS6KA1	RPTOR_S719	1
RPS6KA1	RPTOR_S721	1
RPS6KA1	RPTOR_S722	1
RPS6KA1	SENP2_T369	1
RPS6KA1	SIPA1L1_S1585	1
RPS6KA1	SLC4A3_S67	1
RPS6KA1	SLC9A1_S703	1
RPS6KA1	SLC9A3R1_T156	1
RPS6KA1	SOS1_S1134	1
RPS6KA1	SOS1_S1161	1
RPS6KA1	SRF_S103	1
RPS6KA1	STIP1_S189	1
RPS6KA1	STK11_S325	1
RPS6KA1	STK11_S428	1
RPS6KA1	STUB1_S122	1
RPS6KA1	TBC1D4_S318	1
RPS6KA1	TBC1D4_S341	1
RPS6KA1	TBC1D4_S570	1
RPS6KA1	TBC1D4_S588	1
RPS6KA1	TBC1D4_S666	1
RPS6KA1	TBC1D4_S751	1
RPS6KA1	TBC1D4_T568	1
RPS6KA1	TBC1D4_T642	1
RPS6KA1	TERF2IP_S205	1
RPS6KA1	TLE3_S240	1
RPS6KA1	TSC2_S1754	1
RPS6KA1	TSC2_S1755	1
RPS6KA1	TSC2_S1798	1
RPS6KA1	TSC2_T1462	1
RPS6KA1	UBR5_S1227	1
RPS6KA1	UBR5_S2483	1
RPS6KA1	UBR5_T637	1
RPS6KA1	UFL1_S790	1
RPS6KA1	VASP_T278	1
RPS6KA1	WWC1_S947	1
RPS6KA1	WWC1_T929	1
RPS6KA1	YBX1_S102	1
RPS6KA1	ZYX_S170	1
RPS6KA2	ATF4_S245	1
RPS6KA2	ATXN1_S775	1
RPS6KA2	BAD_S118	1
RPS6KA2	BAD_S75	1
RPS6KA2	BAD_S99	1
RPS6KA2	CAMKK1_S492	1
RPS6KA2	CDKN1B_T198	1
RPS6KA2	CEBPB_S321	1
RPS6KA2	CREB1_S133	1
RPS6KA2	CRK_S40	1
RPS6KA2	CRK_S85	1
RPS6KA2	CTTN_S117	1
RPS6KA2	DAPK1_S289	1
RPS6KA2	EEF2K_S366	1
RPS6KA2	ESR1_S118	1
RPS6KA2	ESR1_S167	1
RPS6KA2	FLNA_S2152	1
RPS6KA2	FMR1_S500	1
RPS6KA2	FOS_S362	1
RPS6KA2	GMFB_T27	1
RPS6KA2	GSK3B_S9	1
RPS6KA2	IRS1_S1101	1
RPS6KA2	L1CAM_S1152	1
RPS6KA2	MDM2_S260	1
RPS6KA2	MEF2C_S192	1
RPS6KA2	MRE11_S676	1
RPS6KA2	NFATC4_S289	1
RPS6KA2	NFATC4_S676	1
RPS6KA2	NFATC4_S739	1
RPS6KA2	NFKBIA_S32	1
RPS6KA2	NR4A1_S351	1
RPS6KA2	OSTF1_S202	1
RPS6KA2	RPS6KA1_S221	1
RPS6KA2	RPS6KA1_S230	1
RPS6KA2	RPS6_S235	1
RPS6KA2	RPS6_S236	1
RPS6KA2	RPTOR_S719	1
RPS6KA2	RPTOR_S722	1
RPS6KA2	RRN3_S649	1
RPS6KA2	SLC9A1_S703	1
RPS6KA2	SRF_S103	1
RPS6KA2	STK11_S428	1
RPS6KA2	TRIP10_S296	1
RPS6KA2	TSC2_S1754	1
RPS6KA2	TSC2_S1755	1
RPS6KA2	TSC2_S1798	1
RPS6KA2	XPO1_S391	1
RPS6KA2	ZFP36_S197	1
RPS6KA2	ZFP36_S218	1
RPS6KA2	ZYX_S278	1
RPS6KA2	ZYX_S281	1
RPS6KA2	ZYX_S344	1
RPS6KA3	AANAT_S205	1
RPS6KA3	ABCA1_S1042	1
RPS6KA3	ABCB1_S683	1
RPS6KA3	ABLIM1_S452	1
RPS6KA3	ABLIM1_S706	1
RPS6KA3	ACLY_S455	1
RPS6KA3	ACO1_S138	1
RPS6KA3	ADAM17_S819	1
RPS6KA3	ADD1_S726	1
RPS6KA3	ADD3_S693	1
RPS6KA3	ADRA1B_S400	1
RPS6KA3	ADRB2_S262	1
RPS6KA3	ADRB2_S407	1
RPS6KA3	AQP2_S256	1
RPS6KA3	ARFGEF2_S690	1
RPS6KA3	ARHGAP12_S240	1
RPS6KA3	ARHGEF12_S1288	1
RPS6KA3	ARHGEF2_S885	1
RPS6KA3	ATF1_S63	1
RPS6KA3	ATF4_S245	1
RPS6KA3	ATN1_S101	1
RPS6KA3	ATP2A2_S38	1
RPS6KA3	ATXN7_S840	1
RPS6KA3	BAD_S118	1
RPS6KA3	BAD_S75	1
RPS6KA3	BAD_S99	1
RPS6KA3	BCLAF1_S148	1
RPS6KA3	BRAF_S364	1
RPS6KA3	BRAF_S428	1
RPS6KA3	BRD3_S263	1
RPS6KA3	CACNA1C_S1927	1
RPS6KA3	CACNA1S_S1757	1
RPS6KA3	CACNA1S_S1854	1
RPS6KA3	CAMK2G_T287	1
RPS6KA3	CAMKK2_S511	1
RPS6KA3	CAPN1_S379	1
RPS6KA3	CARHSP1_S52	1
RPS6KA3	CASP8_T263	1
RPS6KA3	CASP9_S196	1
RPS6KA3	CCND1_S234	1
RPS6KA3	CCND1_S90	1
RPS6KA3	CD44_S291	1
RPS6KA3	CDC25A_S293	1
RPS6KA3	CDC25A_S295	1
RPS6KA3	CDC25A_S76	1
RPS6KA3	CDK13_S317	1
RPS6KA3	CDK13_S367	1
RPS6KA3	CDK16_S153	1
RPS6KA3	CDK1_S39	1
RPS6KA3	CDKN1A_S116	1
RPS6KA3	CDKN1A_S146	1
RPS6KA3	CDKN1B_S10	1
RPS6KA3	CDKN1B_T157	1
RPS6KA3	CDKN1B_T198	1
RPS6KA3	CEBPB_S321	1
RPS6KA3	CEBPB_S325	1
RPS6KA3	CFL2_S24	1
RPS6KA3	CFTR_S660	1
RPS6KA3	CFTR_S700	1
RPS6KA3	CFTR_S737	1
RPS6KA3	CFTR_S768	1
RPS6KA3	CFTR_S813	1
RPS6KA3	CHEK1_S280	1
RPS6KA3	CIC_S1397	1
RPS6KA3	CIC_S173	1
RPS6KA3	CNP_S22	1
RPS6KA3	CPEB1_S174	1
RPS6KA3	CREB1_S133	1
RPS6KA3	CRYAA_S122	1
RPS6KA3	CTDP1_S740	1
RPS6KA3	CTR9_S941	1
RPS6KA3	CYP2F1_S128	1
RPS6KA3	DAB1_S491	1
RPS6KA3	DAPK1_S289	1
RPS6KA3	DCLK1_S307	1
RPS6KA3	DCLK1_S352	1
RPS6KA3	DCX_S306	1
RPS6KA3	DDX23_S14	1
RPS6KA3	DLG4_S295	1
RPS6KA3	DLGAP1_S134	1
RPS6KA3	DLGAP1_S412	1
RPS6KA3	DLGAP1_S446	1
RPS6KA3	DLGAP2_S440	1
RPS6KA3	DMTN_S372	1
RPS6KA3	DNAJC5_S10	1
RPS6KA3	DYNC1I1_S618	1
RPS6KA3	E2F1_S364	1
RPS6KA3	EBAG9_S36	1
RPS6KA3	EEF2K_S366	1
RPS6KA3	EIF2AK2_T451	1
RPS6KA3	EIF2B5_S544	1
RPS6KA3	EIF2S1_S52	1
RPS6KA3	EIF4B_S422	1
RPS6KA3	EIF5B_S182	1
RPS6KA3	EMSY_S209	1
RPS6KA3	EPB41L1_S648	1
RPS6KA3	EPB41L2_S499	1
RPS6KA3	EPHA2_S897	1
RPS6KA3	EPN2_S173	1
RPS6KA3	ESR1_S118	1
RPS6KA3	ESR1_S167	1
RPS6KA3	ETV1_S191	1
RPS6KA3	ETV1_S216	1
RPS6KA3	ETV1_S334	1
RPS6KA3	EVL_S331	1
RPS6KA3	EXOC2_S432	1
RPS6KA3	FGFR1_S789	1
RPS6KA3	FLNA_S2152	1
RPS6KA3	FOS_S362	1
RPS6KA3	FOS_S374	1
RPS6KA3	FOXL2_S263	1
RPS6KA3	FOXN2_S365	1
RPS6KA3	FOXN2_S369	1
RPS6KA3	FOXO1_S256	1
RPS6KA3	FOXO3_S253	1
RPS6KA3	FOXO3_S315	1
RPS6KA3	FOXO4_S197	1
RPS6KA3	GABRB1_S434	1
RPS6KA3	GABRB2_S434	1
RPS6KA3	GABRG2_S366	1
RPS6KA3	GATA4_S262	1
RPS6KA3	GMFB_T27	1
RPS6KA3	GRIN1_S896	1
RPS6KA3	GRIN2B_S1303	1
RPS6KA3	GSK3A_S21	1
RPS6KA3	GSK3B_S9	1
RPS6KA3	GTF3C1_S1062	1
RPS6KA3	GYS1_S640	1
RPS6KA3	GYS1_S641	1
RPS6KA3	GYS1_S652	1
RPS6KA3	GYS1_S710	1
RPS6KA3	H2AX_S140	1
RPS6KA3	H2AX_S17	1
RPS6KA3	H2BC3_S33	1
RPS6KA3	H3-3B_S11	1
RPS6KA3	H3-4_S11	1
RPS6KA3	H3C1_S11	1
RPS6KA3	HAND1_S109	1
RPS6KA3	HAND1_S98	1
RPS6KA3	HAND1_T107	1
RPS6KA3	HDAC4_S467	1
RPS6KA3	HDAC4_S632	1
RPS6KA3	HDAC7_S486	1
RPS6KA3	HES1_S38	1
RPS6KA3	HIRIP3_S196	1
RPS6KA3	HMGN1_S21	1
RPS6KA3	HMGN1_S25	1
RPS6KA3	HMGN1_S7	1
RPS6KA3	HMGN2_S25	1
RPS6KA3	HMGN2_S29	1
RPS6KA3	HSF1_S230	1
RPS6KA3	HSPB1_S78	1
RPS6KA3	HSPB1_S82	1
RPS6KA3	HTR2C_S457	1
RPS6KA3	IFI16_S132	1
RPS6KA3	IFNAR2_S400	1
RPS6KA3	INCENP_S899	1
RPS6KA3	IRF2BPL_S334	1
RPS6KA3	IRS1_S270	1
RPS6KA3	IRS1_S307	1
RPS6KA3	IRS1_S330	1
RPS6KA3	IRS1_S341	1
RPS6KA3	IRS2_S1100	1
RPS6KA3	IRS2_S577	1
RPS6KA3	ITGA4_S1027	1
RPS6KA3	ITPRID2_S805	1
RPS6KA3	ITSN1_S315	1
RPS6KA3	JPH3_S506	1
RPS6KA3	KCNH2_S1137	1
RPS6KA3	KCNK3_S393	1
RPS6KA3	KIF1C_S1092	1
RPS6KA3	KLC2_S582	1
RPS6KA3	KRT18_S53	1
RPS6KA3	LASP1_S146	1
RPS6KA3	LATS1_S464	1
RPS6KA3	LBR_S80	1
RPS6KA3	LCP1_S5	1
RPS6KA3	LCP2_S207	1
RPS6KA3	LIPE_S855	1
RPS6KA3	LMNA_S404	1
RPS6KA3	LMO7_S1493	1
RPS6KA3	LMO7_S1510	1
RPS6KA3	LRBA_S1000	1
RPS6KA3	MACF1_S1862	1
RPS6KA3	MAP2_S823	1
RPS6KA3	MAP2_S833	1
RPS6KA3	MAP3K3_S166	1
RPS6KA3	MAP3K3_S337	1
RPS6KA3	MAP3K5_S83	1
RPS6KA3	MAP3K5_T1109	1
RPS6KA3	MAP3K5_T1326	1
RPS6KA3	MAP3K8_S400	1
RPS6KA3	MAP3K8_S413	1
RPS6KA3	MAP4K1_S368	1
RPS6KA3	MAPT_S530	1
RPS6KA3	MAPT_T154	1
RPS6KA3	MAPT_T212	1
RPS6KA3	MAPT_T529	1
RPS6KA3	MAPT_T547	1
RPS6KA3	MARK1_S394	1
RPS6KA3	MATR3_S188	1
RPS6KA3	MATR3_S596	1
RPS6KA3	MATR3_S598	1
RPS6KA3	MDM2_S166	1
RPS6KA3	MDM2_S186	1
RPS6KA3	MEF2C_S192	1
RPS6KA3	MEF2C_S210	1
RPS6KA3	MEF2D_S180	1
RPS6KA3	METTL1_S27	1
RPS6KA3	MET_S985	1
RPS6KA3	MOCOS_S530	1
RPS6KA3	MTOR_S2448	1
RPS6KA3	MYL12A_S19	1
RPS6KA3	MYLK_S1760	1
RPS6KA3	NBN_S397	1
RPS6KA3	NCF1_S304	1
RPS6KA3	NCF1_S328	1
RPS6KA3	NELFE_S115	1
RPS6KA3	NELFE_S51	1
RPS6KA3	NFATC4_S272	1
RPS6KA3	NFATC4_S281	1
RPS6KA3	NFATC4_S285	1
RPS6KA3	NFATC4_S289	1
RPS6KA3	NFATC4_S334	1
RPS6KA3	NFATC4_S344	1
RPS6KA3	NFATC4_S348	1
RPS6KA3	NFATC4_S352	1
RPS6KA3	NFATC4_S407	1
RPS6KA3	NFATC4_S676	1
RPS6KA3	NFATC4_S739	1
RPS6KA3	NFKBIA_S32	1
RPS6KA3	NOLC1_S623	1
RPS6KA3	NR4A1_S351	1
RPS6KA3	NR4A1_S364	1
RPS6KA3	PAK2_S20	1
RPS6KA3	PDCD4_S457	1
RPS6KA3	PDCD4_S76	1
RPS6KA3	PDC_S73	1
RPS6KA3	PDE3B_S296	1
RPS6KA3	PDE3B_S318	1
RPS6KA3	PDE3B_S421	1
RPS6KA3	PDE4B_S133	1
RPS6KA3	PDPK1_S241	1
RPS6KA3	PEA15_S116	1
RPS6KA3	PFKFB2_S466	1
RPS6KA3	PFKFB2_S483	1
RPS6KA3	PHKA1_S1018	1
RPS6KA3	PHKB_S700	1
RPS6KA3	PIN1_S16	1
RPS6KA3	PKLR_S43	1
RPS6KA3	PKP4_S512	1
RPS6KA3	PLCB3_S1105	1
RPS6KA3	PLCB3_S26	1
RPS6KA3	PLD1_T147	1
RPS6KA3	PLEC_S4386	1
RPS6KA3	PLIN1_S277	1
RPS6KA3	PLIN1_S81	1
RPS6KA3	PNISR_S211	1
RPS6KA3	PNN_S690	1
RPS6KA3	PPIG_T358	1
RPS6KA3	PPP1R14A_S12	1
RPS6KA3	PPP1R1A_T35	1
RPS6KA3	PPP1R3A_S46	1
RPS6KA3	PPP1R3A_S65	1
RPS6KA3	PPP1R8_S199	1
RPS6KA3	PPP1R9B_S100	1
RPS6KA3	PPP3CA_S411	1
RPS6KA3	PRDM2_S643	1
RPS6KA3	PRKCQ_S695	1
RPS6KA3	PRKD1_S205	1
RPS6KA3	PRKD1_S249	1
RPS6KA3	PRPF4B_S277	1
RPS6KA3	PRPF4B_S356	1
RPS6KA3	PRPF4B_S580	1
RPS6KA3	PSMA5_S56	1
RPS6KA3	PTGER4_S222	1
RPS6KA3	PTGER4_S259	1
RPS6KA3	PTPN12_S39	1
RPS6KA3	PTPN12_S435	1
RPS6KA3	PTPN7_S44	1
RPS6KA3	PUM2_S182	1
RPS6KA3	RAF1_S259	1
RPS6KA3	RAF1_S43	1
RPS6KA3	RANBP3_S126	1
RPS6KA3	RAP1B_S179	1
RPS6KA3	RAP1GAP_S490	1
RPS6KA3	RAP1GAP_S499	1
RPS6KA3	RBL2_S1044	1
RPS6KA3	RBL2_S672	1
RPS6KA3	RBM15_S125	1
RPS6KA3	RBM15_S294	1
RPS6KA3	RBM7_S136	1
RPS6KA3	RELA_S276	1
RPS6KA3	RIMS2_S409	1
RPS6KA3	RIN1_S351	1
RPS6KA3	RIOK2_S483	1
RPS6KA3	RPS6KA1_S221	1
RPS6KA3	RPS6KA1_S230	1
RPS6KA3	RPS6_S235	1
RPS6KA3	RPS6_S236	1
RPS6KA3	RPTOR_S719	1
RPS6KA3	RPTOR_S722	1
RPS6KA3	RRAD_S214	1
RPS6KA3	RRN3_S649	1
RPS6KA3	RYR1_S2843	1
RPS6KA3	RYR2_S2808	1
RPS6KA3	S1PR1_T236	1
RPS6KA3	SAP30_S131	1
RPS6KA3	SASH3_S27	1
RPS6KA3	SCN2A_S573	1
RPS6KA3	SCN2A_S610	1
RPS6KA3	SCN2A_S623	1
RPS6KA3	SCN2A_S687	1
RPS6KA3	SDC2_S187	1
RPS6KA3	SEC24B_S1224	1
RPS6KA3	SF1_S20	1
RPS6KA3	SF1_S82	1
RPS6KA3	SKIC2_S256	1
RPS6KA3	SLC24A2_S334	1
RPS6KA3	SLC9A1_S703	1
RPS6KA3	SLC9A3R1_S290	1
RPS6KA3	SLC9A3_S663	1
RPS6KA3	SMAD2_S465	1
RPS6KA3	SMAD3_S423	1
RPS6KA3	SMARCC1_S328	1
RPS6KA3	SMARCC2_S302	1
RPS6KA3	SMARCC2_S304	1
RPS6KA3	SORBS1_S270	1
RPS6KA3	SORBS1_S345	1
RPS6KA3	SPAG9_S730	1
RPS6KA3	SPTBN1_S2102	1
RPS6KA3	SPTBN1_S2160	1
RPS6KA3	SRF_S103	1
RPS6KA3	SRRM1_S10	1
RPS6KA3	SRRM1_S389	1
RPS6KA3	SRRM1_S402	1
RPS6KA3	SRRM1_S549	1
RPS6KA3	SRRM1_S551	1
RPS6KA3	SRRM1_S560	1
RPS6KA3	SRRM1_S562	1
RPS6KA3	SRRM1_S583	1
RPS6KA3	SRRM1_S605	1
RPS6KA3	SRRM1_S616	1
RPS6KA3	SRRM1_S626	1
RPS6KA3	SRRM2_S1103	1
RPS6KA3	SRRM2_S1421	1
RPS6KA3	SRRM2_S1443	1
RPS6KA3	SRRM2_S1499	1
RPS6KA3	SRRM2_S1501	1
RPS6KA3	SRRM2_S1517	1
RPS6KA3	SRRM2_S1519	1
RPS6KA3	SRRM2_S1579	1
RPS6KA3	SRRM2_S1581	1
RPS6KA3	SRRM2_S1600	1
RPS6KA3	SRRM2_S1616	1
RPS6KA3	SRRM2_S2044	1
RPS6KA3	SRRM2_S2046	1
RPS6KA3	SRRM2_S250	1
RPS6KA3	SRRM2_S2581	1
RPS6KA3	SRRM2_S745	1
RPS6KA3	SRRM2_S780	1
RPS6KA3	SRRM2_S931	1
RPS6KA3	SRRM2_S954	1
RPS6KA3	SRSF10_S133	1
RPS6KA3	SRSF2_S190	1
RPS6KA3	SRSF7_S183	1
RPS6KA3	SRSF7_S233	1
RPS6KA3	STAT3_S727	1
RPS6KA3	STK11_S428	1
RPS6KA3	STMN1_S16	1
RPS6KA3	SYN1_S427	1
RPS6KA3	SYN1_S568	1
RPS6KA3	SYN1_S9	1
RPS6KA3	SYNRG_S752	1
RPS6KA3	TAF2_S1196	1
RPS6KA3	TBC1D4_S588	1
RPS6KA3	TBX21_S503	1
RPS6KA3	TBX21_S507	1
RPS6KA3	TCAP_S157	1
RPS6KA3	TCF20_S538	1
RPS6KA3	TERT_S227	1
RPS6KA3	TERT_S824	1
RPS6KA3	TH_S40	1
RPS6KA3	TH_S44	1
RPS6KA3	TH_S67	1
RPS6KA3	TH_S71	1
RPS6KA3	TINF2_S295	1
RPS6KA3	TINF2_S330	1
RPS6KA3	TJP2_S244	1
RPS6KA3	TJP2_S266	1
RPS6KA3	TMEM230_S24	1
RPS6KA3	TNKS1BP1_S1666	1
RPS6KA3	TNNI3_S77	1
RPS6KA3	TOP2B_S1550	1
RPS6KA3	TP53_S15	1
RPS6KA3	TPH1_S58	1
RPS6KA3	TPX2_S94	1
RPS6KA3	TRA2B_S264	1
RPS6KA3	TRAF6_S46	1
RPS6KA3	TRAF6_S48	1
RPS6KA3	TRIM28_S473	1
RPS6KA3	TRIP12_S312	1
RPS6KA3	TRRAP_S2051	1
RPS6KA3	TSC2_S1754	1
RPS6KA3	TSC2_S1755	1
RPS6KA3	TSC2_S1798	1
RPS6KA3	TSC2_S939	1
RPS6KA3	UBA1_S13	1
RPS6KA3	UBN1_S493	1
RPS6KA3	VGLL1_S84	1
RPS6KA3	VIM_S25	1
RPS6KA3	VTN_S397	1
RPS6KA3	WARS1_S467	1
RPS6KA3	WIPF1_S488	1
RPS6KA3	WT1_S365	1
RPS6KA3	WT1_S393	1
RPS6KA3	WWC1_S947	1
RPS6KA3	WWC1_T929	1
RPS6KA3	XPO1_S1055	1
RPS6KA3	YBX1_S102	1
RPS6KA3	YWHAB_S59	1
RPS6KA3	YWHAH_S58	1
RPS6KA3	YWHAZ_S58	1
RPS6KA3	ZBTB21_S411	1
RPS6KA3	ZNF106_S861	1
RPS6KA4	ATF1_S63	1
RPS6KA4	ATXN1_S775	1
RPS6KA4	BAD_S75	1
RPS6KA4	BAD_S99	1
RPS6KA4	CDKN1B_T198	1
RPS6KA4	CREB1_S133	1
RPS6KA4	DAPK1_S289	1
RPS6KA4	EIF4EBP1_S65	1
RPS6KA4	EIF4EBP1_T37	1
RPS6KA4	EIF4EBP1_T46	1
RPS6KA4	EIF4EBP1_T70	1
RPS6KA4	ENO1_S37	1
RPS6KA4	ESR1_S118	1
RPS6KA4	ESR1_S167	1
RPS6KA4	FLNA_S2152	1
RPS6KA4	FOS_S362	1
RPS6KA4	GMFB_T27	1
RPS6KA4	GSK3B_S9	1
RPS6KA4	H3-4_S11	1
RPS6KA4	H3-4_S29	1
RPS6KA4	HMGN1_S7	1
RPS6KA4	LUZP1_S425	1
RPS6KA4	LUZP1_S801	1
RPS6KA4	MDM2_S157	1
RPS6KA4	NFATC4_S170	1
RPS6KA4	NFATC4_S217	1
RPS6KA4	NFATC4_S739	1
RPS6KA4	PAXBP1_S380	1
RPS6KA4	PAXBP1_S62	1
RPS6KA4	PPP1R13L_S119	1
RPS6KA4	PPP1R13L_S158	1
RPS6KA4	PPP1R13L_S357	1
RPS6KA4	PPP1R13L_S594	1
RPS6KA4	RELA_S276	1
RPS6KA4	RPS6KA1_S230	1
RPS6KA4	RPS6_S235	1
RPS6KA4	RPS6_S236	1
RPS6KA4	RPTOR_S719	1
RPS6KA4	RPTOR_S722	1
RPS6KA4	SAFB2_S343	1
RPS6KA4	SLC9A1_S703	1
RPS6KA4	SRF_S103	1
RPS6KA4	STK11_S428	1
RPS6KA4	SUFU_S342	1
RPS6KA4	TSC2_S1798	1
RPS6KA4	ZMYM3_S192	1
RPS6KA4	ZMYM3_S194	1
RPS6KA4	ZMYM3_S220	1
RPS6KA4	ZMYM3_S51	1
RPS6KA4	ZMYM3_S53	1
RPS6KA4	ZYX_S313	1
RPS6KA5	ATF1_S63	1
RPS6KA5	ATF2_T71	1
RPS6KA5	ATXN1_S775	1
RPS6KA5	BAD_S118	1
RPS6KA5	BAD_S153	1
RPS6KA5	BAD_S75	1
RPS6KA5	BAD_S99	1
RPS6KA5	C9orf78_S15	1
RPS6KA5	CAMKK1_T108	1
RPS6KA5	CBX3_S93	1
RPS6KA5	CDKN1B_T198	1
RPS6KA5	CREB1_S133	1
RPS6KA5	CTNNB1_S552	1
RPS6KA5	DAPK1_S289	1
RPS6KA5	EIF4EBP1_S65	1
RPS6KA5	EIF4EBP1_T36	1
RPS6KA5	EIF4EBP1_T37	1
RPS6KA5	EIF4EBP1_T45	1
RPS6KA5	EIF4EBP1_T46	1
RPS6KA5	EIF4EBP1_T70	1
RPS6KA5	EIF4H_S21	1
RPS6KA5	EIF4H_S24	1
RPS6KA5	ELK1_S383	1
RPS6KA5	ESR1_S118	1
RPS6KA5	ESR1_S167	1
RPS6KA5	ETV1_S191	1
RPS6KA5	ETV1_S216	1
RPS6KA5	ETV1_S334	1
RPS6KA5	FLNA_S2152	1
RPS6KA5	FOS_S362	1
RPS6KA5	GMFB_T27	1
RPS6KA5	GSK3B_S9	1
RPS6KA5	H2AC12_S2	1
RPS6KA5	H2AC13_S2	1
RPS6KA5	H2AC25_S2	1
RPS6KA5	H3-3B_S11	1
RPS6KA5	H3-3B_S29	1
RPS6KA5	H3-4_S11	1
RPS6KA5	H3-4_S29	1
RPS6KA5	H3C1_S11	1
RPS6KA5	H3C1_S29	1
RPS6KA5	HLCS_S79	1
RPS6KA5	HMGN1_S21	1
RPS6KA5	HMGN1_S25	1
RPS6KA5	HMGN1_S7	1
RPS6KA5	KDM3A_S264	1
RPS6KA5	KLHL25_S14	1
RPS6KA5	LRRC8A_S217	1
RPS6KA5	MCM2_S32	1
RPS6KA5	MCM2_T35	1
RPS6KA5	MDM4_T365	1
RPS6KA5	NFATC4_S739	1
RPS6KA5	NR4A1_S351	1
RPS6KA5	NR4A1_S364	1
RPS6KA5	PLA2G4A_S727	1
RPS6KA5	PPP2R5D_S573	1
RPS6KA5	PPP2R5D_S88	1
RPS6KA5	PRKACA_S140	1
RPS6KA5	PRKACA_S339	1
RPS6KA5	PRKACB_S140	1
RPS6KA5	PRKCD_S299	1
RPS6KA5	PRKCD_S302	1
RPS6KA5	PRKCD_S506	1
RPS6KA5	PRKCD_S645	1
RPS6KA5	PRKCD_T218	1
RPS6KA5	RARA_S369	1
RPS6KA5	RELA_S276	1
RPS6KA5	RPS6KA1_S230	1
RPS6KA5	RPS6_S235	1
RPS6KA5	RPS6_S236	1
RPS6KA5	RPTOR_S719	1
RPS6KA5	RPTOR_S722	1
RPS6KA5	SLC9A1_S703	1
RPS6KA5	SRF_S103	1
RPS6KA5	STAT1_S727	1
RPS6KA5	STAT3_S726	1
RPS6KA5	STAT3_S727	1
RPS6KA5	STK11_S428	1
RPS6KA5	TH_S40	1
RPS6KA5	TH_S71	1
RPS6KA5	TRIM28_S473	1
RPS6KA5	TRIM7_S107	1
RPS6KA5	TSC2_S1798	1
RPS6KA5	WNK1_T60	1
RPS6KA6	BAD_S75	1
RPS6KA6	BAD_S99	1
RPS6KA6	CDKN1B_T198	1
RPS6KA6	CREB1_S133	1
RPS6KA6	DAPK1_S289	1
RPS6KA6	EP300_S89	1
RPS6KA6	ESR1_S118	1
RPS6KA6	ESR1_S167	1
RPS6KA6	FLNA_S2152	1
RPS6KA6	FOS_S362	1
RPS6KA6	GMFB_T27	1
RPS6KA6	GSK3B_S9	1
RPS6KA6	NFATC4_S739	1
RPS6KA6	RPS6KA1_S230	1
RPS6KA6	RPS6_S235	1
RPS6KA6	RPS6_S236	1
RPS6KA6	RPTOR_S719	1
RPS6KA6	RPTOR_S722	1
RPS6KA6	SLC9A1_S703	1
RPS6KA6	SRF_S103	1
RPS6KA6	STK11_S428	1
RPS6KA6	TSC2_S1798	1
RPS6KB1	AKT2_S474	1
RPS6KB1	ASAP2_S822	1
RPS6KB1	BACH2_S521	1
RPS6KB1	BMAL1_S42	1
RPS6KB1	CAD_S1859	1
RPS6KB1	CAMK2D_T287	1
RPS6KB1	CAMKK1_S458	1
RPS6KB1	CAMKK1_S475	1
RPS6KB1	CAMKK1_S74	1
RPS6KB1	CAMKK1_T108	1
RPS6KB1	CCT2_S260	1
RPS6KB1	CDCA7L_S139	1
RPS6KB1	CDCA7L_S207	1
RPS6KB1	CDCA7L_S261	1
RPS6KB1	CDCA7L_T248	1
RPS6KB1	CDCA7L_T360	1
RPS6KB1	CTTN_S380	1
RPS6KB1	CTTN_T362	1
RPS6KB1	DEPTOR_S286	1
RPS6KB1	DEPTOR_S287	1
RPS6KB1	DEPTOR_S291	1
RPS6KB1	DNAJC2_S47	1
RPS6KB1	EEF2K_S359	1
RPS6KB1	EEF2K_S366	1
RPS6KB1	EEF2K_S377	1
RPS6KB1	EEF2K_S71	1
RPS6KB1	EGLN1_S125	1
RPS6KB1	EIF4B_S311	1
RPS6KB1	EIF4B_S359	1
RPS6KB1	EIF4B_S406	1
RPS6KB1	EIF4B_S418	1
RPS6KB1	EIF4B_S422	1
RPS6KB1	EIF4B_S442	1
RPS6KB1	EIF4B_S497	1
RPS6KB1	EIF4B_T420	1
RPS6KB1	EIF4ENIF1_S213	1
RPS6KB1	EIF4ENIF1_S587	1
RPS6KB1	EIF4G1_S1147	1
RPS6KB1	EPRS1_S999	1
RPS6KB1	ESR1_S167	1
RPS6KB1	FADD_S194	1
RPS6KB1	FMR1_S500	1
RPS6KB1	GLI1_S84	1
RPS6KB1	GRIA1_T858	1
RPS6KB1	GSK3B_S9	1
RPS6KB1	H2BC3_S37	1
RPS6KB1	HLCS_S79	1
RPS6KB1	HNRNPK_S302	1
RPS6KB1	HNRNPK_S417	1
RPS6KB1	HSF1_S230	1
RPS6KB1	HSF1_S320	1
RPS6KB1	HSPB1_S15	1
RPS6KB1	HSPB1_S78	1
RPS6KB1	HSPB1_S82	1
RPS6KB1	IRF3_S175	1
RPS6KB1	IRS1_S1101	1
RPS6KB1	IRS1_S270	1
RPS6KB1	IRS1_S307	1
RPS6KB1	IRS1_S312	1
RPS6KB1	IRS1_S527	1
RPS6KB1	IRS1_S616	1
RPS6KB1	IRS1_S636	1
RPS6KB1	IRS1_S639	1
RPS6KB1	LTC4S_S36	1
RPS6KB1	MAPKAP1_T398	1
RPS6KB1	MAPKAP1_T86	1
RPS6KB1	MAPT_S214	1
RPS6KB1	MAPT_S262	1
RPS6KB1	MAPT_S549	1
RPS6KB1	MAPT_S597	1
RPS6KB1	MAPT_T212	1
RPS6KB1	MAPT_T547	1
RPS6KB1	MDM2_S166	1
RPS6KB1	MDM2_S186	1
RPS6KB1	MRE11_T597	1
RPS6KB1	MTOR_S2448	1
RPS6KB1	MTOR_S2481	1
RPS6KB1	MTOR_T2444	1
RPS6KB1	MTOR_T2446	1
RPS6KB1	MXD1_S145	1
RPS6KB1	MXI1_S160	1
RPS6KB1	NCBP1_S22	1
RPS6KB1	NCBP1_S7	1
RPS6KB1	NCBP1_T21	1
RPS6KB1	NCBP2_S13	1
RPS6KB1	NCBP2_S130	1
RPS6KB1	NDRG2_S332	1
RPS6KB1	NDRG2_S350	1
RPS6KB1	NFATC3_S731	1
RPS6KB1	NFATC4_S272	1
RPS6KB1	NFATC4_S289	1
RPS6KB1	NFATC4_S334	1
RPS6KB1	NFATC4_S676	1
RPS6KB1	PDCD4_S457	1
RPS6KB1	PDCD4_S67	1
RPS6KB1	PDPK1_S267	1
RPS6KB1	PDPK1_S394	1
RPS6KB1	PFKFB2_S466	1
RPS6KB1	PIP5K1C_S555	1
RPS6KB1	PIP5K1C_T553	1
RPS6KB1	POLDIP3_S383	1
RPS6KB1	POLDIP3_S385	1
RPS6KB1	PPP1R8_S199	1
RPS6KB1	PPP1R8_T179	1
RPS6KB1	PRKAA2_S491	1
RPS6KB1	PRKACA_T198	1
RPS6KB1	PRKACA_T49	1
RPS6KB1	RAB5B_S123	1
RPS6KB1	RCHY1_S257	1
RPS6KB1	RICTOR_T1135	1
RPS6KB1	RPS6KA1_S380	1
RPS6KB1	RPS6KA2_S377	1
RPS6KB1	RPS6KA3_S386	1
RPS6KB1	RPS6_S235	1
RPS6KB1	RPS6_S236	1
RPS6KB1	RPS6_S240	1
RPS6KB1	RPS6_S244	1
RPS6KB1	RPS6_S247	1
RPS6KB1	RPS6_S6	1
RPS6KB1	SAFB2_S31	1
RPS6KB1	SAFB2_S513	1
RPS6KB1	SMN2_S49	1
RPS6KB1	SRPK2_S494	1
RPS6KB1	STK11_S428	1
RPS6KB1	TARBP2_S283	1
RPS6KB1	TP53_S392	1
RPS6KB1	TP63_S477	1
RPS6KB1	TP63_S560	1
RPS6KB1	TP63_T491	1
RPS6KB1	TRIB2_S83	1
RPS6KB1	URI1_S372	1
RPS6KB1	YWHAE_S64	1
RPS6KB2	EEF2K_S366	1
RPS6KB2	GSK3B_S9	1
RPS6KB2	HNRNPA1_S4	1
RPS6KB2	HNRNPA1_S6	1
RPS6KB2	HSPB1_S155	1
RPS6KB2	HSPB1_S158	1
RPS6KB2	HSPB1_S78	1
RPS6KB2	HSPB1_S82	1
RPS6KB2	HSPB1_T110	1
RPS6KB2	IRS1_S307	1
RPS6KB2	KRT18_S34	1
RPS6KB2	KRT18_S51	1
RPS6KB2	KRT18_S53	1
RPS6KB2	KRT18_S60	1
RPS6KB2	KRT18_T11	1
RPS6KB2	LMNB1_S393	1
RPS6KB2	MCL1_T163	1
RPS6KB2	MXD1_S145	1
RPS6KB2	RICTOR_T1135	1
RPS6KB2	RPS6_S235	1
RPS6KB2	RPS6_S236	1
RPS6KB2	TARBP2_S283	1
RPTOR	EIF4EBP1_S65	1
RPTOR	EIF4EBP1_T36	1
RPTOR	EIF4EBP1_T37	1
RPTOR	EIF4EBP1_T45	1
RPTOR	EIF4EBP1_T46	1
RPTOR	EIF4EBP1_T70	1
RPTOR	ISCU_S14	1
RPTOR	JMJD1C_T505	1
RPTOR	MAF1_S60	1
RPTOR	MAF1_S68	1
RPTOR	MAF1_S75	1
RPTOR	MTOR_S2481	1
RPTOR	NRBF2_S113	1
RPTOR	NRBF2_S120	1
RPTOR	RPS6KB1_T390	1
RPTOR	RPS6KB1_T412	1
RPTOR	SGK1_S422	1
RPTOR	TFEB_S142	1
RPTOR	TFEB_S211	1
RPTOR	TSC2_S1387	1
RPTOR	ULK1_S758	1
RRAS	CDH5_Y731	1
RRM1	CHEK1_S345	1
RRM1	CHEK2_S33	1
RRM1	CHEK2_T68	1
RRM1	RPA2_S33	1
RRM2	CHEK1_S345	1
RRM2	CHEK2_S33	1
RRM2	CHEK2_T68	1
RRM2	RPA2_S33	1
RSAD2	STAT1_Y701	1
RSKR	BAD_S75	1
RSKR	BAD_S99	1
RSKR	CDKN1B_T198	1
RSKR	CREB1_S133	1
RSKR	DAPK1_S289	1
RSKR	ESR1_S118	1
RSKR	ESR1_S167	1
RSKR	FLNA_S2152	1
RSKR	FOS_S362	1
RSKR	GMFB_T27	1
RSKR	GSK3B_S9	1
RSKR	NFATC4_S739	1
RSKR	PPP2CA_T304	1
RSKR	RPS6KA1_S230	1
RSKR	RPS6_S235	1
RSKR	RPS6_S236	1
RSKR	RPTOR_S719	1
RSKR	RPTOR_S722	1
RSKR	SLC9A1_S703	1
RSKR	SRF_S103	1
RSKR	STK11_S428	1
RSKR	TSC2_S1798	1
RTCA	GSK3B_S9	1
RUNX1T1	PRKDC_S2056	1
RUNX1T1	RELA_S536	1
RUNX3	TP53_S15	1
S100A4	AKT1_S473	1
S100A6	ESR1_S167	1
S100A6	PTK2_Y397	1
S100A8	CTNNB1_S675	1
S100A8	MDM2_S166	1
S100A8	MTOR_S2448	1
S100A8	MTOR_S2481	1
S100A9	MTOR_S2448	1
S100A9	MTOR_S2481	1
S1PR1	GJA1_S368	1
S1PR2	EZR_T567	1
S1PR2	GJA1_S368	1
S1PR3	GJA1_S368	1
SALL4	ATM_S1987	1
SAMHD1	CDKN1B_T157	1
SAV1	STK3_T180	1
SCARA3	GSK3B_S389	1
SCG2	PTK2_Y397	1
SCN8A	LIPE_S660	1
SCT	PAK2_T402	1
SCYL1	DGCR8_S377	1
SCYL1	DGCR8_T279	1
SCYL1	HSPB1_S78	1
SCYL2	ANXA2_S127	1
SCYL2	ANXA2_S22	1
SCYL2	CTTN_S150	1
SCYL2	CTTN_T182	1
SCYL2	EIF4B_S35	1
SCYL2	EIF4B_T32	1
SCYL2	EIF4B_T369	1
SCYL2	FGR_S27	1
SCYL2	GAPDH_S122	1
SCYL2	GAPDH_T237	1
SCYL2	GSN_S210	1
SCYL2	HNRNPK_S302	1
SCYL2	HNRNPK_T118	1
SCYL2	HSPA1L_T224	1
SCYL2	HSPA1L_T479	1
SCYL2	PKM_T129	1
SCYL2	PKM_T328	1
SCYL3	CBL_S667	1
SDC2	MAPK8_T183	1
SDC2	MAPK8_Y185	1
SDC4	PTK2_Y397	1
SDF2	NOS3_S1179	1
SDK1	YWHAB_S60	1
SDK1	YWHAH_S59	1
SDK1	YWHAZ_S58	1
SELENOW	TP53_S33	1
SEMA3A	CDK5_Y15	1
SEMA3A	DPYSL2_S522	1
SEMA3A	DPYSL2_T509	1
SEMA4D	ERBB2_Y1112	1
SEMA4D	ERBB2_Y1139	1
SEMA4D	ERBB2_Y1248	1
SERPINA2	BID_S78	1
SERPINB1	VASP_S157	1
SERPINE1	PDPK1_S241	1
SERPINE1	STAT1_Y701	1
SERPINF1	ULK1_S317	1
SESN2	SQSTM1_S403	1
SETD7	DNMT1_S143	1
SFRP4	PTK2_Y397	1
SGK1	APBB1_S610	1
SGK1	ARHGAP35_S1150	1
SGK1	BRAF_S365	1
SGK1	C9orf78_S15	1
SGK1	CARHSP1_S52	1
SGK1	CCNY_S326	1
SGK1	CD44_S291	1
SGK1	CDK16_S153	1
SGK1	CDKN1B_T157	1
SGK1	CDKN1B_T198	1
SGK1	CHUK_S180	1
SGK1	CHUK_T23	1
SGK1	CREB1_S133	1
SGK1	CRYAA_S122	1
SGK1	DLGAP1_S446	1
SGK1	DNAJC5_S10	1
SGK1	EBAG9_S36	1
SGK1	EIF5B_S182	1
SGK1	FANCA_S1149	1
SGK1	FBXW7_S227	1
SGK1	FOXO1_S256	1
SGK1	FOXO1_S319	1
SGK1	FOXO1_S322	1
SGK1	FOXO1_T24	1
SGK1	FOXO3_S253	1
SGK1	FOXO3_S315	1
SGK1	FOXO3_T32	1
SGK1	FOXO4_S197	1
SGK1	FOXO4_S262	1
SGK1	GFAP_S8	1
SGK1	GSK3A_S21	1
SGK1	GSK3B_S21	1
SGK1	GSK3B_S9	1
SGK1	GSK3B_Y216	1
SGK1	HTT_S419	1
SGK1	IKBKB_S181	1
SGK1	ILK_S246	1
SGK1	ILK_T181	1
SGK1	KCNJ1_S25	1
SGK1	KCNJ1_S42	1
SGK1	KCNJ1_S44	1
SGK1	KMT2D_S1331	1
SGK1	LBR_S82	1
SGK1	LBR_S84	1
SGK1	MAP2K4_S80	1
SGK1	MAP3K3_S166	1
SGK1	MAP3K3_S197	1
SGK1	MAP3K3_S337	1
SGK1	MAP3K3_S368	1
SGK1	MAP3K5_S83	1
SGK1	MAPK1_S29	1
SGK1	MAPT_S214	1
SGK1	MAPT_S530	1
SGK1	MAPT_S549	1
SGK1	MARK1_S394	1
SGK1	MATR3_S598	1
SGK1	MDM2_S166	1
SGK1	MDM2_S188	1
SGK1	MKNK1_S353	1
SGK1	NCSTN_S437	1
SGK1	NDRG1_S330	1
SGK1	NDRG1_S332	1
SGK1	NDRG1_S364	1
SGK1	NDRG1_T328	1
SGK1	NDRG1_T346	1
SGK1	NDRG1_T356	1
SGK1	NDRG1_T366	1
SGK1	NDRG2_S332	1
SGK1	NDRG2_S346	1
SGK1	NDRG2_T330	1
SGK1	NDRG2_T348	1
SGK1	NEDD4L_S327	1
SGK1	NEDD4L_S328	1
SGK1	NEDD4L_S342	1
SGK1	NEDD4L_S428	1
SGK1	NEDD4L_S448	1
SGK1	NEDD4L_T367	1
SGK1	NEDD4L_T383	1
SGK1	NFKBIA_S32	1
SGK1	NR3C1_S203	1
SGK1	NR3C1_S211	1
SGK1	NR3C1_S226	1
SGK1	PIKFYVE_S318	1
SGK1	PLEC_S4386	1
SGK1	PPP1R1B_T34	1
SGK1	PPP1R8_S199	1
SGK1	PRPF4B_S580	1
SGK1	RICTOR_T1135	1
SGK1	RRAD_S214	1
SGK1	RREB1_S1167	1
SGK1	SCN2A_S687	1
SGK1	SCNN1A_S594	1
SGK1	SLC1A3_T482	1
SGK1	SLC2A4_S274	1
SGK1	SLC7A11_S26	1
SGK1	SLC9A1_S703	1
SGK1	SLC9A3_S663	1
SGK1	SP1_S59	1
SGK1	SRRM1_S551	1
SGK1	SRRM1_S562	1
SGK1	SRRM1_S583	1
SGK1	SRRM1_T574	1
SGK1	STAT1_Y701	1
SGK1	TBC1D4_S318	1
SGK1	TBC1D4_S341	1
SGK1	TBC1D4_S570	1
SGK1	TBC1D4_S588	1
SGK1	TBC1D4_S666	1
SGK1	TBC1D4_S751	1
SGK1	TBC1D4_T568	1
SGK1	TBC1D4_T642	1
SGK1	TCF20_S538	1
SGK1	TNKS1BP1_S1666	1
SGK1	TRPV4_S824	1
SGK1	TSC2_S1130	1
SGK1	TSC2_S1132	1
SGK1	TSC2_S1798	1
SGK1	TSC2_S939	1
SGK1	TSC2_S981	1
SGK1	TSC2_T1462	1
SGK1	WNK1_T60	1
SGK1	WNK4_S1190	1
SGK1	WNK4_S1201	1
SGK1	WNK4_S1217	1
SGK1	ZBTB21_S411	1
SGK2	BRAF_S365	1
SGK2	CARHSP1_S52	1
SGK2	CREB1_S133	1
SGK2	FOXO1_S256	1
SGK2	FOXO1_S319	1
SGK2	FOXO1_T24	1
SGK2	FOXO3_S253	1
SGK2	FOXO3_S315	1
SGK2	FOXO3_T32	1
SGK2	GSK3B_S21	1
SGK2	HTT_S419	1
SGK2	KCNJ1_S25	1
SGK2	KCNJ1_S42	1
SGK2	KCNJ1_S44	1
SGK2	LCP1_S5	1
SGK2	MAP3K3_S166	1
SGK2	MAP3K3_S197	1
SGK2	MAP3K3_S337	1
SGK2	MAP3K3_S368	1
SGK2	MDM2_S166	1
SGK2	NDRG1_S330	1
SGK2	NDRG1_T328	1
SGK2	NDRG1_T346	1
SGK2	NDRG2_S332	1
SGK2	NDRG2_T330	1
SGK2	NDRG2_T348	1
SGK2	NEDD4L_S342	1
SGK2	NEDD4L_S428	1
SGK2	NEDD4L_S448	1
SGK2	NEDD4L_T367	1
SGK2	PRKACA_S140	1
SGK2	PRKACA_T196	1
SGK2	PRKACA_T198	1
SGK2	PRKACA_T49	1
SGK2	PTOV1_S36	1
SGK2	PTOV1_S53	1
SGK3	AKT1S1_T246	1
SGK3	BRAF_S365	1
SGK3	CARHSP1_S52	1
SGK3	CREB1_S133	1
SGK3	FIP1L1_S289	1
SGK3	FLII_S436	1
SGK3	FLII_T818	1
SGK3	FOXO1_S256	1
SGK3	FOXO1_S319	1
SGK3	FOXO1_T24	1
SGK3	FOXO3_S253	1
SGK3	FOXO3_S315	1
SGK3	FOXO3_T32	1
SGK3	GSK3A_S21	1
SGK3	GSK3B_S21	1
SGK3	GSK3B_S9	1
SGK3	HSD17B4_S318	1
SGK3	HTT_S419	1
SGK3	ITCH_S450	1
SGK3	ITCH_T385	1
SGK3	KCNJ1_S25	1
SGK3	KCNJ1_S42	1
SGK3	KCNJ1_S44	1
SGK3	LCP1_S5	1
SGK3	MAP3K3_S166	1
SGK3	MAP3K3_S197	1
SGK3	MAP3K3_S337	1
SGK3	MAP3K3_S368	1
SGK3	MDM2_S166	1
SGK3	NDRG1_S330	1
SGK3	NDRG1_T328	1
SGK3	NDRG1_T346	1
SGK3	NDRG2_S332	1
SGK3	NDRG2_T330	1
SGK3	NDRG2_T348	1
SGK3	NEDD4L_S342	1
SGK3	NEDD4L_S428	1
SGK3	NEDD4L_S448	1
SGK3	NEDD4L_T367	1
SGK3	PIKFYVE_S318	1
SGK3	TSC2_T1462	1
SH2D1A	JUN_S63	1
SH2D1A	JUN_T91	1
SH2D1A	MAPT_S739	1
SH2D2A	ITK_Y512	1
SH2D2A	LCK_Y192	1
SH3PXD2A	STAT3_Y705	1
SHB	FGFR1_Y675	1
SHB	FGFR1_Y677	1
SHB	FGFR1_Y764	1
SHB	FGFR1_Y797	1
SHC1	ZAP70_Y167	1
SHC1	ZAP70_Y474	1
SHC4	EGFR_Y1092	1
SHC4	EGFR_Y1172	1
SHH	MAP2K1_S218	1
SHH	MAP2K1_S222	1
SHH	MDM2_S166	1
SIK1	ASAP2_S701	1
SIK1	CRTC1_S151	1
SIK1	CRTC1_S167	1
SIK1	CRTC2_S171	1
SIK1	CRTC2_S348	1
SIK1	CRTC2_S70	1
SIK1	CRTC3_S162	1
SIK1	HDAC4_S246	1
SIK1	HDAC4_S467	1
SIK1	IRS1_S794	1
SIK1	NCOR2_T1383	1
SIK1	TP53_S15	1
SIK1	ZYX_S142	1
SIK1	ZYX_S150	1
SIK1	ZYX_T159	1
SIK2	CDK5R1_S91	1
SIK2	CEP250_S2392	1
SIK2	CEP250_S2394	1
SIK2	CRTC1_S151	1
SIK2	CRTC2_S171	1
SIK2	EP300_S89	1
SIK2	HDAC5_S259	1
SIK2	IRS1_S794	1
SIK2	PIK3R1_S154	1
SIK2	PIK3R1_S541	1
SIK3	CRTC2_S171	1
SIK3	CRTC2_S348	1
SIK3	CRTC2_S70	1
SIRT1	CTNNB1_S675	1
SIRT1	PFKFB3_S461	1
SIRT1	RPS6KB1_S447	1
SIRT1	RPS6KB1_T412	1
SIRT1	RPS6KB1_T444	1
SIRT1	STK11_S428	1
SIRT1	XPA_S196	1
SLC10A2	HDAC4_S246	1
SLC10A2	SIK2_S587	1
SLC12A3	SLC12A1_T100	1
SLC17A5	SREBF1_S396	1
SLC19A2	MAPT_T529	1
SLC25A22	CTNNB1_S675	1
SLC26A4	TRIM28_S824	1
SLC2A1	HDAC2_S424	1
SLC2A1	SIRT1_S27	1
SLC2A1	SIRT1_S47	1
SLC2A4	IRS1_Y612	1
SLC38A3	GSK3B_S9	1
SLC39A7	JUN_S63	1
SLC39A7	RPS6KB1_S447	1
SLC39A7	STAT2_Y690	1
SLC39A7	STAT5A_Y694	1
SLC39A7	WNK1_T60	1
SLC3A2	PTK2_Y397	1
SLC4A1	MYL12A_S19	1
SLC4A1	MYL12A_T18	1
SLC6A2	PGRMC1_S181	1
SLC6A4	HSF1_S303	1
SLC6A4	HSF1_S307	1
SLC7A5	PTK2_Y397	1
SLC7A6	MAPK7_S496	1
SLC7A6	PPP1R12A_T853	1
SLC9A1	CTTN_Y421	1
SLK	EZR_T567	1
SLK	MSN_T558	1
SLK	RDX_T564	1
SLK	RHOA_S188	1
SLK	TAOK3_T181	1
SLK	TAOK3_Y183	1
SLURP1	RB1_S795	1
SLURP1	STAT3_Y705	1
SMAD2	SMAD3_S423	1
SMAD3	CDKN1B_S10	1
SMAD7	ATM_S1981	1
SMAD7	TGFBR1_S165	1
SMAD7	TGFBR1_S172	1
SMAD7	TGFBR1_T176	1
SMARCA4	CHEK1_S345	1
SMARCAL1	PRKDC_T2609	1
SMG1	TP53_S15	1
SMG1	UPF1_S1073	1
SMG1	UPF1_S1078	1
SMG1	UPF1_S1084	1
SMG1	UPF1_S1089	1
SMG1	UPF1_S1096	1
SMG1	UPF1_S1107	1
SMG1	UPF1_S1116	1
SMG1	UPF1_S1127	1
SMG1	UPF1_T28	1
SMG1	UPF2_S1046	1
SMG7	MDM2_S386	1
SMG7	MDM2_S395	1
SMG7	MDM2_S429	1
SMO	AKT1_S473	1
SMO	AKT1_T308	1
SNAI1	CTNND1_Y228	1
SNAI2	H2AX_S140	1
SNCG	RYR2_S2808	1
SNCG	STAT3_Y705	1
SNRK	RGS14_S20	1
SNRK	RGS14_S260	1
SNRK	RGS14_S42	1
SNRK	RGS14_S45	1
SNRNP200	IRF3_S386	1
SOCS1	CHEK2_T68	1
SOCS1	TP53_S15	1
SOCS3	IL6ST_Y759	1
SOCS3	INSR_Y1189	1
SOCS3	INSR_Y1190	1
SOCS3	INSR_Y999	1
SOCS3	TBK1_S172	1
SOCS6	EGFR_Y1110	1
SOD3	FYN_Y420	1
SOD3	GPHN_S268	1
SOD3	GPHN_S270	1
SOD3	LYN_Y397	1
SOD3	SRC_Y419	1
SOD3	YES1_Y426	1
SORBS1	RAF1_T269	1
SP1	RANBP1_S60	1
SPAG11B	CTNNB1_S675	1
SPARC	WNK1_T60	1
SPG7	GSK3A_S21	1
SPG7	NFKBIA_S32	1
SPG7	PRKD1_S738	1
SPG7	PRKD1_S742	1
SPG7	RAF1_S338	1
SPI1	NLRC4_S533	1
SPP1	CTNNB1_S675	1
SPP1	GSK3B_S9	1
SPP1	MTOR_S2448	1
SPP1	RAF1_S259	1
SPP1	RAF1_S338	1
SPP1	RPS6KB1_S447	1
SPP1	RPS6KB1_T412	1
SPP1	RPS6KB1_T444	1
SPRY2	MDM2_S166	1
SQSTM1	MAPK7_S486	1
SRC	ABL1_Y226	1
SRC	ABL1_Y245	1
SRC	ABL1_Y393	1
SRC	ABL1_Y412	1
SRC	ABL1_Y469	1
SRC	ABL1_Y488	1
SRC	ABL2_Y439	1
SRC	ABLIM1_Y410	1
SRC	ACLY_Y1006	1
SRC	ACLY_Y227	1
SRC	ACLY_Y252	1
SRC	ACLY_Y682	1
SRC	ACTR2_Y202	1
SRC	ADAM15_Y715	1
SRC	ADAM15_Y735	1
SRC	AFAP1_Y125	1
SRC	AFAP1_Y451	1
SRC	AFAP1_Y453	1
SRC	AFAP1_Y93	1
SRC	AFAP1_Y94	1
SRC	AGGF1_S338	1
SRC	AGO2_Y393	1
SRC	AGO2_Y529	1
SRC	AGO2_Y749	1
SRC	AGTR1_Y319	1
SRC	AIP_Y248	1
SRC	AKAP8_Y146	1
SRC	AKAP8_Y150	1
SRC	AKAP8_Y152	1
SRC	AKAP8_Y154	1
SRC	AKAP8_Y170	1
SRC	AKAP8_Y311	1
SRC	AKAP8_Y436	1
SRC	AKAP8_Y51	1
SRC	AKAP8_Y53	1
SRC	AKAP8_Y539	1
SRC	AKAP8_Y80	1
SRC	AKT1_Y315	1
SRC	AKT1_Y326	1
SRC	ANXA1_T216	1
SRC	ANXA1_Y21	1
SRC	ANXA2P2_Y24	1
SRC	ANXA2_S12	1
SRC	ANXA2_S26	1
SRC	ANXA2_Y24	1
SRC	ANXA2_Y333	1
SRC	ANXA2_Y42	1
SRC	AP2B1_Y737	1
SRC	AP2B1_Y751	1
SRC	ARAF_S299	1
SRC	ARAF_T452	1
SRC	ARAF_T455	1
SRC	ARAF_Y301	1
SRC	ARAF_Y302	1
SRC	ARAP3_Y1403	1
SRC	ARAP3_Y1408	1
SRC	ARHGAP12_Y243	1
SRC	ARHGAP35_S1106	1
SRC	ARHGAP35_Y1087	1
SRC	ARHGAP35_Y1105	1
SRC	ARHGAP42_Y376	1
SRC	ARHGAP5_Y1109	1
SRC	ARHGDIA_Y156	1
SRC	ARHGDIA_Y27	1
SRC	ARHGDIB_Y153	1
SRC	ARHGDIB_Y24	1
SRC	ARHGEF2_Y198	1
SRC	ARHGEF4_Y165	1
SRC	ARHGEF4_Y94	1
SRC	ARHGEF7_Y442	1
SRC	ARRB1_Y54	1
SRC	AR_S83	1
SRC	AR_Y269	1
SRC	AR_Y535	1
SRC	ASAP1_Y767	1
SRC	ATG9A_Y15	1
SRC	ATG9A_Y8	1
SRC	ATP1A1_Y149	1
SRC	ATP1A1_Y260	1
SRC	ATP2B4_Y1176	1
SRC	ATXN2L_Y744	1
SRC	AURKA_T288	1
SRC	AURKA_Y148	1
SRC	AXL_Y779	1
SRC	BAIAP2L1_Y156	1
SRC	BAIAP2L1_Y163	1
SRC	BAIAP2L1_Y274	1
SRC	BAIAP2L1_Y293	1
SRC	BAIAP2L1_Y37	1
SRC	BAIAP2L1_Y439	1
SRC	BCAR1_S639	1
SRC	BCAR1_Y115	1
SRC	BCAR1_Y12	1
SRC	BCAR1_Y128	1
SRC	BCAR1_Y161	1
SRC	BCAR1_Y165	1
SRC	BCAR1_Y174	1
SRC	BCAR1_Y179	1
SRC	BCAR1_Y192	1
SRC	BCAR1_Y211	1
SRC	BCAR1_Y225	1
SRC	BCAR1_Y234	1
SRC	BCAR1_Y238	1
SRC	BCAR1_Y249	1
SRC	BCAR1_Y267	1
SRC	BCAR1_Y280	1
SRC	BCAR1_Y287	1
SRC	BCAR1_Y313	1
SRC	BCAR1_Y327	1
SRC	BCAR1_Y333	1
SRC	BCAR1_Y362	1
SRC	BCAR1_Y387	1
SRC	BCAR1_Y408	1
SRC	BCAR1_Y410	1
SRC	BCAR1_Y433	1
SRC	BCAR1_Y653	1
SRC	BCAR1_Y664	1
SRC	BCAR1_Y666	1
SRC	BCAR1_Y699	1
SRC	BCKDK_Y246	1
SRC	BCLAF1_Y150	1
SRC	BCLAF1_Y284	1
SRC	BCLAF1_Y408	1
SRC	BCLAF1_Y80	1
SRC	BCLAF1_Y81	1
SRC	BCLAF1_Y93	1
SRC	BCR_Y177	1
SRC	BCR_Y246	1
SRC	BDKRB2_Y177	1
SRC	BDKRB2_Y347	1
SRC	BLK_Y389	1
SRC	BLNK_Y96	1
SRC	BMX_Y566	1
SRC	BRAF_S602	1
SRC	BRAF_T599	1
SRC	BTK_Y223	1
SRC	BTK_Y551	1
SRC	CACNA1C_Y2217	1
SRC	CASP8_Y380	1
SRC	CASP8_Y397	1
SRC	CASP8_Y439	1
SRC	CASP9_Y251	1
SRC	CAV1_Y14	1
SRC	CAV2_Y19	1
SRC	CAV2_Y27	1
SRC	CBLC_Y341	1
SRC	CBL_Y700	1
SRC	CBL_Y731	1
SRC	CBL_Y774	1
SRC	CCDC88A_Y1765	1
SRC	CCDC88A_Y1799	1
SRC	CCDC88C_Y2023	1
SRC	CCDC88C_Y2025	1
SRC	CCR7_Y155	1
SRC	CD19_Y500	1
SRC	CD19_Y531	1
SRC	CD22_Y762	1
SRC	CD22_Y807	1
SRC	CD22_Y822	1
SRC	CD22_Y842	1
SRC	CD247_Y111	1
SRC	CD247_Y123	1
SRC	CD247_Y142	1
SRC	CD247_Y153	1
SRC	CD247_Y64	1
SRC	CD247_Y72	1
SRC	CD247_Y83	1
SRC	CD28_Y191	1
SRC	CD33_Y340	1
SRC	CD3D_Y149	1
SRC	CD3D_Y160	1
SRC	CD3E_Y188	1
SRC	CD3E_Y199	1
SRC	CD3G_Y160	1
SRC	CD3G_Y171	1
SRC	CD46_Y354	1
SRC	CD46_Y384	1
SRC	CD5_Y453	1
SRC	CD5_Y487	1
SRC	CD79A_Y188	1
SRC	CD79A_Y210	1
SRC	CD79B_Y196	1
SRC	CD79B_Y207	1
SRC	CD93_Y628	1
SRC	CD93_Y644	1
SRC	CDC25A_Y486	1
SRC	CDC25A_Y59	1
SRC	CDC42_Y64	1
SRC	CDCP1_Y734	1
SRC	CDCP1_Y743	1
SRC	CDCP1_Y762	1
SRC	CDH1_T790	1
SRC	CDH1_Y753	1
SRC	CDH1_Y754	1
SRC	CDH1_Y755	1
SRC	CDH1_Y797	1
SRC	CDH2_Y820	1
SRC	CDH2_Y852	1
SRC	CDH2_Y860	1
SRC	CDH2_Y884	1
SRC	CDH2_Y886	1
SRC	CDH5_S665	1
SRC	CDH5_Y658	1
SRC	CDH5_Y685	1
SRC	CDH5_Y731	1
SRC	CDK1_Y15	1
SRC	CDK4_Y17	1
SRC	CDK5_Y15	1
SRC	CDKN1A_Y77	1
SRC	CDKN1B_Y74	1
SRC	CDKN1B_Y88	1
SRC	CDKN1B_Y89	1
SRC	CDKN1C_Y91	1
SRC	CEACAM1_Y493	1
SRC	CEACAM1_Y520	1
SRC	CELF2_Y39	1
SRC	CELF2_Y63	1
SRC	CFL1_Y68	1
SRC	CHKA_Y197	1
SRC	CHKA_Y333	1
SRC	CHN2_Y21	1
SRC	CHRNA7_Y386	1
SRC	CHRNA7_Y415	1
SRC	CHRNA7_Y442	1
SRC	CHRNA7_Y471	1
SRC	CLCN3_Y342	1
SRC	CLEC1B_Y7	1
SRC	CLEC7A_Y15	1
SRC	CLTC_Y1477	1
SRC	CNKSR1_Y26	1
SRC	CNKSR1_Y519	1
SRC	CNKSR1_Y665	1
SRC	CNN2_Y12	1
SRC	CNN3_Y10	1
SRC	CORO7_Y288	1
SRC	CORO7_Y712	1
SRC	CORO7_Y738	1
SRC	CORO7_Y758	1
SRC	CTNNB1_Y333	1
SRC	CTNNB1_Y654	1
SRC	CTNNB1_Y86	1
SRC	CTNND1_Y112	1
SRC	CTNND1_Y217	1
SRC	CTNND1_Y228	1
SRC	CTNND1_Y257	1
SRC	CTNND1_Y280	1
SRC	CTNND1_Y291	1
SRC	CTNND1_Y296	1
SRC	CTNND1_Y302	1
SRC	CTNND1_Y96	1
SRC	CTNND2_Y1090	1
SRC	CTNND2_Y1154	1
SRC	CTNND2_Y1157	1
SRC	CTTN_Y297	1
SRC	CTTN_Y334	1
SRC	CTTN_Y384	1
SRC	CTTN_Y421	1
SRC	CTTN_Y433	1
SRC	CTTN_Y446	1
SRC	CTTN_Y449	1
SRC	CTTN_Y466	1
SRC	CTTN_Y470	1
SRC	CTTN_Y486	1
SRC	CYP19A1_Y361	1
SRC	CYTH1_Y382	1
SRC	DAAM1_Y652	1
SRC	DAB1_Y185	1
SRC	DAB1_Y198	1
SRC	DAB1_Y200	1
SRC	DAB1_Y220	1
SRC	DAB1_Y232	1
SRC	DAG1_Y892	1
SRC	DAPK1_S289	1
SRC	DAPK1_S308	1
SRC	DAPK1_Y490	1
SRC	DAPK1_Y491	1
SRC	DAPP1_Y139	1
SRC	DCC_Y1420	1
SRC	DDR2_Y471	1
SRC	DDR2_Y736	1
SRC	DDR2_Y740	1
SRC	DDR2_Y741	1
SRC	DGKA_Y335	1
SRC	DLG4_Y523	1
SRC	DLG4_Y566	1
SRC	DMAP1_Y246	1
SRC	DNM1_Y231	1
SRC	DNM1_Y597	1
SRC	DNM2_Y231	1
SRC	DNM2_Y597	1
SRC	DOCK1_Y1811	1
SRC	DOCK1_Y722	1
SRC	DOK1_Y362	1
SRC	DOK1_Y449	1
SRC	DOK2_Y271	1
SRC	DOK2_Y299	1
SRC	DOK2_Y345	1
SRC	DVL2_Y18	1
SRC	DVL2_Y27	1
SRC	DVL2_Y275	1
SRC	DVL2_Y295	1
SRC	DVL2_Y463	1
SRC	EFNB1_Y317	1
SRC	EFS_Y253	1
SRC	EGFR_Y1016	1
SRC	EGFR_Y1069	1
SRC	EGFR_Y1092	1
SRC	EGFR_Y1110	1
SRC	EGFR_Y1125	1
SRC	EGFR_Y1172	1
SRC	EGFR_Y1197	1
SRC	EGFR_Y727	1
SRC	EGFR_Y764	1
SRC	EGFR_Y869	1
SRC	EGFR_Y891	1
SRC	EGFR_Y915	1
SRC	EGFR_Y944	1
SRC	EGFR_Y998	1
SRC	ELMO1_Y720	1
SRC	ELMO1_Y724	1
SRC	EMD_Y105	1
SRC	EMD_Y161	1
SRC	EMD_Y167	1
SRC	EMD_Y181	1
SRC	EMD_Y182	1
SRC	EMD_Y19	1
SRC	EMD_Y41	1
SRC	EMD_Y59	1
SRC	EMD_Y74	1
SRC	EMD_Y85	1
SRC	EMD_Y90	1
SRC	EMD_Y94	1
SRC	EMD_Y95	1
SRC	EMD_Y99	1
SRC	ENG_Y612	1
SRC	ENG_Y614	1
SRC	ENO1_Y44	1
SRC	EPHA2_S897	1
SRC	EPHA2_Y594	1
SRC	EPS8_Y485	1
SRC	EPS8_Y525	1
SRC	EPS8_Y602	1
SRC	EPS8_Y774	1
SRC	ERBB2_Y877	1
SRC	ERRFI1_Y395	1
SRC	ESR1_Y537	1
SRC	ETS1_Y283	1
SRC	EWSR1_Y278	1
SRC	EWSR1_Y284	1
SRC	EYA3_S138	1
SRC	EYA3_S157	1
SRC	EYA3_S225	1
SRC	EYA3_S438	1
SRC	EYA3_Y105	1
SRC	EYA3_Y108	1
SRC	EYA3_Y208	1
SRC	EYA3_Y237	1
SRC	EYA3_Y325	1
SRC	EYA3_Y426	1
SRC	EYA3_Y508	1
SRC	EYA3_Y532	1
SRC	EYA3_Y67	1
SRC	EYA3_Y72	1
SRC	EYA3_Y77	1
SRC	EYA3_Y90	1
SRC	EYA3_Y96	1
SRC	EZR_Y146	1
SRC	EZR_Y478	1
SRC	F11R_Y280	1
SRC	FBXO5_Y142	1
SRC	FCER1G_Y65	1
SRC	FCER1G_Y76	1
SRC	FCGR2A_Y281	1
SRC	FCGR2A_Y288	1
SRC	FCGR2A_Y304	1
SRC	FCGR2B_Y292	1
SRC	FCGR2C_Y294	1
SRC	FCGR2C_Y310	1
SRC	FCRL3_Y650	1
SRC	FCRL3_Y662	1
SRC	FCRL3_Y692	1
SRC	FCRL3_Y722	1
SRC	FERMT2_Y193	1
SRC	FER_Y714	1
SRC	FGR_Y523	1
SRC	FHIT_Y114	1
SRC	FHL1_Y149	1
SRC	FHL1_Y272	1
SRC	FHOD1_Y99	1
SRC	FIP1L1_Y110	1
SRC	FLOT1_Y149	1
SRC	FLOT1_Y56	1
SRC	FLT4_Y1063	1
SRC	FLT4_Y830	1
SRC	FLT4_Y833	1
SRC	FLT4_Y853	1
SRC	FOS_Y10	1
SRC	FOS_Y30	1
SRC	FUBP1_Y268	1
SRC	FUBP1_Y58	1
SRC	FUBP1_Y625	1
SRC	FUNDC1_S13	1
SRC	FUNDC1_Y18	1
SRC	FUS_Y526	1
SRC	FXN_Y118	1
SRC	FYB1_Y595	1
SRC	FYB1_Y651	1
SRC	FYB1_Y771	1
SRC	G3BP1_Y133	1
SRC	G6PD_Y112	1
SRC	G6PD_Y428	1
SRC	G6PD_Y458	1
SRC	G6PD_Y507	1
SRC	G6PD_Y537	1
SRC	GAB1_Y242	1
SRC	GAB1_Y259	1
SRC	GAB1_Y317	1
SRC	GAB1_Y373	1
SRC	GAB1_Y589	1
SRC	GAB1_Y627	1
SRC	GAB1_Y657	1
SRC	GAB1_Y659	1
SRC	GAB2_Y476	1
SRC	GAK_Y1149	1
SRC	GAK_Y412	1
SRC	GAPDH_Y42	1
SRC	GAST_Y87	1
SRC	GIT1_Y246	1
SRC	GIT1_Y284	1
SRC	GIT1_Y321	1
SRC	GIT1_Y383	1
SRC	GIT1_Y545	1
SRC	GJA1_S368	1
SRC	GJA1_Y247	1
SRC	GJA1_Y265	1
SRC	GJA1_Y313	1
SRC	GLRB_Y435	1
SRC	GNAT1_Y142	1
SRC	GRB10_Y67	1
SRC	GRB10_Y9	1
SRC	GRB2_Y119	1
SRC	GRB2_Y160	1
SRC	GRIA2_Y876	1
SRC	GRIK2_Y590	1
SRC	GRIN1_Y837	1
SRC	GRIN1_Y858	1
SRC	GRIN2A_Y1105	1
SRC	GRIN2A_Y1184	1
SRC	GRIN2A_Y1267	1
SRC	GRIN2A_Y1292	1
SRC	GRIN2A_Y1325	1
SRC	GRIN2A_Y1387	1
SRC	GRIN2A_Y1423	1
SRC	GRIN2B_Y1474	1
SRC	GRK2_Y13	1
SRC	GRK2_Y86	1
SRC	GRK2_Y92	1
SRC	GRK5_Y253	1
SRC	GSK3A_Y279	1
SRC	GSK3B_T43	1
SRC	GSK3B_Y216	1
SRC	GSN_Y409	1
SRC	GSN_Y414	1
SRC	GSN_Y465	1
SRC	GSN_Y603	1
SRC	GSN_Y651	1
SRC	GSN_Y86	1
SRC	GTF2I_Y248	1
SRC	GTF2I_Y249	1
SRC	GTF2I_Y298	1
SRC	GTF2I_Y318	1
SRC	GTF2I_Y611	1
SRC	GTF2I_Y631	1
SRC	GTF2I_Y632	1
SRC	GTF2I_Y652	1
SRC	GUCY1B1_Y192	1
SRC	HCLS1_Y378	1
SRC	HCLS1_Y397	1
SRC	HCN2_Y476	1
SRC	HCN4_Y531	1
SRC	HCRTR1_Y358	1
SRC	HDAC3_Y325	1
SRC	HDAC3_Y328	1
SRC	HDAC3_Y331	1
SRC	HIPK2_Y361	1
SRC	HK1_Y686	1
SRC	HK1_Y732	1
SRC	HK2_Y686	1
SRC	HLA-A_Y344	1
SRC	HLA-B_Y344	1
SRC	HNF4A_Y23	1
SRC	HNF4A_Y286	1
SRC	HNF4A_Y288	1
SRC	HNRNPK_Y225	1
SRC	HNRNPK_Y230	1
SRC	HNRNPK_Y234	1
SRC	HNRNPK_Y236	1
SRC	HNRNPK_Y380	1
SRC	HNRNPK_Y458	1
SRC	HNRNPK_Y72	1
SRC	HRAS_Y32	1
SRC	HRAS_Y64	1
SRC	HRAS_Y96	1
SRC	HSP90AA1_Y197	1
SRC	HSP90AB1_Y301	1
SRC	ICAM1_Y512	1
SRC	IGF1R_Y1161	1
SRC	IGF1R_Y1165	1
SRC	IGF1R_Y1166	1
SRC	IGF1R_Y1346	1
SRC	IGF1R_Y973	1
SRC	IGF1R_Y980	1
SRC	IGF2BP1_Y396	1
SRC	IKBKB_Y188	1
SRC	IKBKB_Y199	1
SRC	IKBKG_Y374	1
SRC	IL2RB_Y387	1
SRC	IL2RB_Y418	1
SRC	IL2RB_Y536	1
SRC	INPPL1_Y986	1
SRC	INPPL1_Y987	1
SRC	IQGAP1_Y1510	1
SRC	IRS1_Y1229	1
SRC	IRS1_Y612	1
SRC	ITGB1_Y795	1
SRC	ITGB3_Y773	1
SRC	ITGB3_Y785	1
SRC	ITGB7_Y753	1
SRC	ITGB7_Y758	1
SRC	ITK_Y512	1
SRC	ITPR1_Y353	1
SRC	JAK2_Y1007	1
SRC	JUN_Y170	1
SRC	JUN_Y26	1
SRC	JUP_Y644	1
SRC	KCNA3_Y187	1
SRC	KCNA3_Y447	1
SRC	KCNA3_Y499	1
SRC	KCNB1_S800	1
SRC	KCNB1_Y128	1
SRC	KCND3_Y108	1
SRC	KCNJ1_Y337	1
SRC	KDR_Y1175	1
SRC	KHSRP_Y317	1
SRC	KHSRP_Y583	1
SRC	KHSRP_Y688	1
SRC	KIF11_Y125	1
SRC	KIF11_Y211	1
SRC	KIF11_Y231	1
SRC	KIT_Y900	1
SRC	KLF16_Y10	1
SRC	KNSTRN_Y87	1
SRC	KRAS_Y32	1
SRC	KRAS_Y64	1
SRC	KRT19_Y391	1
SRC	L1CAM_Y1176	1
SRC	LASP1_Y171	1
SRC	LCK_Y505	1
SRC	LDHA_Y10	1
SRC	LMNA_Y45	1
SRC	LPIN1_Y398	1
SRC	LPIN1_Y413	1
SRC	LPIN1_Y795	1
SRC	LPP_Y244	1
SRC	LPP_Y300	1
SRC	LPP_Y301	1
SRC	LRP1_Y4473	1
SRC	LRP1_Y4507	1
SRC	MAP2K1_S298	1
SRC	MAP2_Y67	1
SRC	MAP4K1_Y381	1
SRC	MAPK11_T180	1
SRC	MAPK11_Y182	1
SRC	MAPK14_T180	1
SRC	MAPK14_Y182	1
SRC	MAPK1_Y205	1
SRC	MAPKAPK5_Y188	1
SRC	MAPKAPK5_Y216	1
SRC	MAPRE1_Y247	1
SRC	MAPT_Y18	1
SRC	MCM7_Y600	1
SRC	MDM2_Y281	1
SRC	MDM2_Y302	1
SRC	MEGF10_Y1030	1
SRC	MET_Y1234	1
SRC	MET_Y1313	1
SRC	MMP14_Y573	1
SRC	MPRIP_T491	1
SRC	MPZL1_Y241	1
SRC	MPZL1_Y263	1
SRC	MSN_Y191	1
SRC	MSN_Y205	1
SRC	MUC1_Y1229	1
SRC	MYH9_Y158	1
SRC	MYLK_Y464	1
SRC	MYLK_Y471	1
SRC	NAPG_Y307	1
SRC	NCKIPSD_Y161	1
SRC	NCKIPSD_Y227	1
SRC	NDFIP2_Y151	1
SRC	NDFIP2_Y167	1
SRC	NDFIP2_Y171	1
SRC	NDFIP2_Y177	1
SRC	NDUFV2_Y193	1
SRC	NECTIN2_Y505	1
SRC	NEDD4_Y111	1
SRC	NEDD4_Y332	1
SRC	NEDD4_Y43	1
SRC	NEDD4_Y585	1
SRC	NEDD4_Y647	1
SRC	NELFCD_Y6	1
SRC	NFAM1_Y220	1
SRC	NFAM1_Y231	1
SRC	NFE2L2_Y576	1
SRC	NFKBIA_Y42	1
SRC	NGEF_Y179	1
SRC	NOS2_Y1055	1
SRC	NOS2_Y151	1
SRC	NOS3_S1177	1
SRC	NOS3_Y81	1
SRC	NOXA1_Y110	1
SRC	NPHP1_Y721	1
SRC	NPHP1_Y722	1
SRC	NR1H4_Y77	1
SRC	NRAS_Y32	1
SRC	NTRK1_Y496	1
SRC	NTRK2_Y706	1
SRC	NTRK2_Y707	1
SRC	OCLN_Y398	1
SRC	OCLN_Y402	1
SRC	OPRM1_Y338	1
SRC	PAG1_Y317	1
SRC	PAK2_Y130	1
SRC	PANX1_Y199	1
SRC	PANX1_Y309	1
SRC	PBK_Y272	1
SRC	PBK_Y74	1
SRC	PDCD6IP_Y319	1
SRC	PDCD6IP_Y324	1
SRC	PDGFRB_Y1009	1
SRC	PDGFRB_Y771	1
SRC	PDGFRB_Y934	1
SRC	PDHA1_Y289	1
SRC	PDK1_Y376	1
SRC	PDPK1_Y246	1
SRC	PDPK1_Y249	1
SRC	PDPK1_Y358	1
SRC	PDPK1_Y373	1
SRC	PDPK1_Y376	1
SRC	PDPK1_Y485	1
SRC	PDPK1_Y9	1
SRC	PECAM1_Y663	1
SRC	PELP1_Y920	1
SRC	PFN1_Y129	1
SRC	PIK3AP1_Y459	1
SRC	PIK3R1_Y307	1
SRC	PIK3R1_Y337	1
SRC	PIK3R1_Y607	1
SRC	PIK3R1_Y688	1
SRC	PIP5K1C_Y649	1
SRC	PKD1_Y4237	1
SRC	PKP3_Y195	1
SRC	PLCG1_Y1253	1
SRC	PLCG1_Y472	1
SRC	PLCG1_Y771	1
SRC	PLCG1_Y783	1
SRC	PLCG2_Y753	1
SRC	PLCG2_Y759	1
SRC	PLD2_Y511	1
SRC	PLEKHG2_Y489	1
SRC	PLSCR1_Y69	1
SRC	PLSCR1_Y74	1
SRC	PPARG_Y78	1
SRC	PPP2CA_Y307	1
SRC	PPP2CB_Y307	1
SRC	PRC1_Y464	1
SRC	PRKCD_Y155	1
SRC	PRKCD_Y313	1
SRC	PRKCD_Y334	1
SRC	PRKCD_Y567	1
SRC	PRKCD_Y64	1
SRC	PRKCI_Y265	1
SRC	PRKCI_Y280	1
SRC	PRKCI_Y334	1
SRC	PRKD1_Y432	1
SRC	PRKD1_Y463	1
SRC	PRKD1_Y502	1
SRC	PRKD1_Y95	1
SRC	PRKD2_Y87	1
SRC	PRMT5_Y324	1
SRC	PROM1_Y828	1
SRC	PROM1_Y852	1
SRC	PTEN_Y155	1
SRC	PTEN_Y174	1
SRC	PTEN_Y240	1
SRC	PTEN_Y315	1
SRC	PTEN_Y336	1
SRC	PTEN_Y377	1
SRC	PTEN_Y46	1
SRC	PTEN_Y68	1
SRC	PTK2B_Y402	1
SRC	PTK2B_Y579	1
SRC	PTK2B_Y580	1
SRC	PTK2B_Y881	1
SRC	PTK2_Y1007	1
SRC	PTK2_Y194	1
SRC	PTK2_Y397	1
SRC	PTK2_Y407	1
SRC	PTK2_Y441	1
SRC	PTK2_Y576	1
SRC	PTK2_Y577	1
SRC	PTK2_Y742	1
SRC	PTK2_Y861	1
SRC	PTK2_Y898	1
SRC	PTK2_Y925	1
SRC	PTP4A3_Y53	1
SRC	PTPN6_Y536	1
SRC	PTPN6_Y538	1
SRC	PTPN6_Y564	1
SRC	PTPN6_Y566	1
SRC	PTPRA_Y789	1
SRC	PTPRA_Y798	1
SRC	PTPRJ_Y1311	1
SRC	PTPRJ_Y1320	1
SRC	PTTG1IP_Y174	1
SRC	PXN_S178	1
SRC	PXN_Y118	1
SRC	PXN_Y181	1
SRC	PXN_Y31	1
SRC	PXN_Y40	1
SRC	PXN_Y88	1
SRC	RAB34_Y247	1
SRC	RAC1_S71	1
SRC	RAC1_Y64	1
SRC	RACK1_Y228	1
SRC	RACK1_Y246	1
SRC	RACK1_Y52	1
SRC	RAF1_S338	1
SRC	RAF1_S339	1
SRC	RAF1_S494	1
SRC	RAF1_T491	1
SRC	RAF1_Y340	1
SRC	RAF1_Y341	1
SRC	RAPGEF1_Y504	1
SRC	RAPGEF1_Y522	1
SRC	RBM10_Y16	1
SRC	RBM10_Y434	1
SRC	RBM10_Y500	1
SRC	RBM10_Y81	1
SRC	RBM10_Y905	1
SRC	RBM10_Y971	1
SRC	RET_Y1096	1
SRC	RET_Y905	1
SRC	RGS16_Y168	1
SRC	RGS16_Y177	1
SRC	RHBG_Y429	1
SRC	RHOA_Y34	1
SRC	RHOA_Y66	1
SRC	RHOH_Y73	1
SRC	RHOH_Y83	1
SRC	RHOU_Y254	1
SRC	RMDN3_Y176	1
SRC	ROBO3_Y1019	1
SRC	ROCK2_Y722	1
SRC	RPS6KA3_Y470	1
SRC	RPS6KA3_Y483	1
SRC	RPS6KA3_Y488	1
SRC	RPS6KA3_Y529	1
SRC	RPS6KA3_Y580	1
SRC	RPS6KA3_Y644	1
SRC	RPS6KA3_Y707	1
SRC	RPS6KB1_Y62	1
SRC	RPS6KB2_Y45	1
SRC	RRAS_Y66	1
SRC	SDC1_Y286	1
SRC	SDC2_Y179	1
SRC	SDC4_Y180	1
SRC	SDC4_Y197	1
SRC	SDCBP_Y4	1
SRC	SDCBP_Y46	1
SRC	SDHA_Y215	1
SRC	SF3B2_Y379	1
SRC	SF3B2_Y592	1
SRC	SFPQ_Y597	1
SRC	SFPQ_Y691	1
SRC	SH2B3_Y273	1
SRC	SH3GL1_Y315	1
SRC	SH3GLB1_Y80	1
SRC	SH3PXD2A_Y558	1
SRC	SH3PXD2B_Y508	1
SRC	SHC1_Y194	1
SRC	SHC1_Y195	1
SRC	SHC1_Y239	1
SRC	SHC1_Y240	1
SRC	SHC1_Y272	1
SRC	SHC1_Y349	1
SRC	SHC1_Y350	1
SRC	SHC1_Y427	1
SRC	SHC1_Y428	1
SRC	SHC3_Y218	1
SRC	SHC3_Y219	1
SRC	SHC3_Y256	1
SRC	SHC3_Y257	1
SRC	SHC3_Y283	1
SRC	SHC3_Y301	1
SRC	SHC3_Y341	1
SRC	SHC3_Y342	1
SRC	SHC3_Y379	1
SRC	SHC3_Y380	1
SRC	SHC3_Y406	1
SRC	SHC3_Y424	1
SRC	SIRPA_Y429	1
SRC	SIRPA_Y453	1
SRC	SIRPA_Y470	1
SRC	SIRPA_Y496	1
SRC	SIRT2_Y104	1
SRC	SKAP1_Y219	1
SRC	SKAP1_Y232	1
SRC	SLAMF1_Y281	1
SRC	SLAMF1_Y307	1
SRC	SLAMF1_Y327	1
SRC	SLC11A1_Y15	1
SRC	SLC25A4_Y195	1
SRC	SLC6A4_Y142	1
SRC	SLC6A4_Y47	1
SRC	SNCA_S129	1
SRC	SNCA_Y125	1
SRC	SOCS1_Y80	1
SRC	SOCS3_Y221	1
SRC	SORBS1_Y536	1
SRC	SP7_Y64	1
SRC	SPRY2_Y227	1
SRC	SPRY2_Y55	1
SRC	SPTAN1_Y1073	1
SRC	SPTAN1_Y1176	1
SRC	SRRT_Y175	1
SRC	SRRT_Y798	1
SRC	SRRT_Y836	1
SRC	SRRT_Y92	1
SRC	STAP2_Y22	1
SRC	STAP2_Y250	1
SRC	STAP2_Y310	1
SRC	STAP2_Y322	1
SRC	STAT1_Y701	1
SRC	STAT3_Y45	1
SRC	STAT3_Y68	1
SRC	STAT3_Y704	1
SRC	STAT3_Y705	1
SRC	STAT5A_Y694	1
SRC	STAT5B_Y679	1
SRC	STAT5B_Y699	1
SRC	STAT5B_Y725	1
SRC	STING1_Y245	1
SRC	STK11_Y261	1
SRC	STK11_Y36	1
SRC	STXBP1_Y473	1
SRC	SYK_Y296	1
SRC	SYK_Y323	1
SRC	SYK_Y352	1
SRC	SYK_Y525	1
SRC	SYN1_Y301	1
SRC	SYNJ2_Y490	1
SRC	TBK1_Y179	1
SRC	TERT_Y707	1
SRC	TFG_Y247	1
SRC	TFG_Y33	1
SRC	TFRC_Y20	1
SRC	TGFBR2_Y284	1
SRC	TGFBR2_Y309	1
SRC	TGM2_Y369	1
SRC	THOC5_Y225	1
SRC	THRAP3_Y107	1
SRC	THRAP3_Y118	1
SRC	THRAP3_Y344	1
SRC	THRAP3_Y68	1
SRC	THRB_Y406	1
SRC	TIAM1_Y384	1
SRC	TIMP2_Y165	1
SRC	TIMP2_Y62	1
SRC	TIMP2_Y90	1
SRC	TLR3_Y759	1
SRC	TNK2_Y284	1
SRC	TNNI3_S24	1
SRC	TNS3_Y1173	1
SRC	TNS3_Y1206	1
SRC	TNS3_Y1256	1
SRC	TP53_S46	1
SRC	TP53_Y126	1
SRC	TP53_Y220	1
SRC	TP73_Y28	1
SRC	TRAT1_Y79	1
SRC	TRIM25_Y278	1
SRC	TRIP10_Y471	1
SRC	TRIP4_Y289	1
SRC	TRIP6_Y55	1
SRC	TRPC6_Y31	1
SRC	TRPV1_Y200	1
SRC	TRPV4_Y253	1
SRC	TRPV4_Y411	1
SRC	TXK_Y420	1
SRC	UGT2B7_Y438	1
SRC	UNC5C_Y449	1
SRC	UNC5C_Y454	1
SRC	UNC5C_Y568	1
SRC	UNC5C_Y649	1
SRC	UNC5C_Y667	1
SRC	USP2_S207	1
SRC	USP2_S225	1
SRC	VAMP7_Y45	1
SRC	VAV1_Y142	1
SRC	VAV1_Y160	1
SRC	VAV1_Y174	1
SRC	VAV2_Y172	1
SRC	VAV3_Y173	1
SRC	VCL_Y100	1
SRC	VCL_Y1065	1
SRC	VCL_Y1133	1
SRC	VCP_Y805	1
SRC	VHL_Y185	1
SRC	VIL1_Y256	1
SRC	VIL1_Y46	1
SRC	VIL1_Y60	1
SRC	VIL1_Y64	1
SRC	VIL1_Y81	1
SRC	VIM_Y117	1
SRC	WASF1_Y125	1
SRC	WAS_Y291	1
SRC	WBP2_Y192	1
SRC	WBP2_Y231	1
SRC	WNK4_Y1113	1
SRC	WNK4_Y1115	1
SRC	WNK4_Y1164	1
SRC	WWOX_Y33	1
SRC	XRCC6_Y530	1
SRC	YAP1_Y341	1
SRC	YAP1_Y357	1
SRC	YAP1_Y391	1
SRC	YAP1_Y394	1
SRC	YAP1_Y407	1
SRC	ZAP70_Y292	1
SRC	ZAP70_Y315	1
SRC	ZAP70_Y319	1
SRC	ZAP70_Y474	1
SRC	ZAP70_Y493	1
SRC	ZC3H4_Y1218	1
SRC	ZC3H4_Y158	1
SRC	ZC3H4_Y247	1
SRF	BAD_S91	1
SRF	BCL2_T56	1
SRI	STAT3_Y705	1
SRL	LIPE_S552	1
SRM	SLC12A2_T203	1
SRM	SLC12A6_T1048	1
SRMS	CD79A_Y188	1
SRMS	CD79A_Y199	1
SRMS	CD79B_Y196	1
SRMS	CD79B_Y207	1
SRMS	FKBP5_Y54	1
SRMS	PTK6_Y447	1
SRPK1	HNRNPK_S302	1
SRPK1	MDM2_S160	1
SRPK1	MDM2_S166	1
SRPK1	MDM2_S186	1
SRPK1	MDM2_S188	1
SRPK1	MDM4_T365	1
SRPK1	NFATC4_S272	1
SRPK1	NFATC4_S676	1
SRPK1	PPP1R13L_T341	1
SRPK1	RBM4_S309	1
SRPK1	RBM8A_S166	1
SRPK1	RBM8A_S168	1
SRPK1	SRSF1_S199	1
SRPK1	SRSF1_S201	1
SRPK1	SRSF1_S205	1
SRPK1	SRSF1_S207	1
SRPK1	SRSF1_S209	1
SRPK1	SRSF1_S211	1
SRPK1	SRSF1_S213	1
SRPK1	SRSF1_S215	1
SRPK1	SRSF1_S217	1
SRPK1	SRSF1_S219	1
SRPK1	SRSF1_S221	1
SRPK1	SRSF1_S223	1
SRPK1	SRSF1_S225	1
SRPK1	SRSF1_S227	1
SRPK1	SRSF1_S231	1
SRPK1	SRSF1_S238	1
SRPK1	SRSF1_S242	1
SRPK1	SRSF1_S244	1
SRPK2	ACIN1_S1180	1
SRPK2	ASAP2_S822	1
SRPK2	CAMKK1_S458	1
SRPK2	EIF4B_S283	1
SRPK2	EIF4B_S311	1
SRPK2	EIF4B_S406	1
SRPK2	EIF4B_S418	1
SRPK2	EIF4B_S422	1
SRPK2	EIF4B_S424	1
SRPK2	EIF4B_S445	1
SRPK2	EIF4B_T195	1
SRPK2	EIF4B_T420	1
SRPK2	EIF4B_T75	1
SRPK2	LGMN_S226	1
SRPK2	MAPT_S214	1
SRPK2	MDM2_S160	1
SRPK2	MDM2_S166	1
SRPK2	MDM2_S186	1
SRPK2	MDM2_S188	1
SRPK2	NFATC4_S213	1
SRPK2	NFATC4_S289	1
SRPK2	NFATC4_S676	1
SRPK2	PRKACA_S140	1
SRPK2	PRKACA_T196	1
SRPK2	PRKCD_S302	1
SRPK2	PRKCD_S304	1
SRPK2	PRKCD_S306	1
SRPK2	PRKCD_T43	1
SRPK2	RPS6KA2_S106	1
SRPK2	RPS6KA2_S546	1
SRPK2	SF1_S82	1
SRPK2	SMAD4_T277	1
SRPK2	SRSF1_S201	1
SRPK2	SRSF1_S205	1
SRPK2	SRSF1_S225	1
SRPK2	SRSF1_S227	1
SRPK2	SRSF1_S231	1
SRPK2	SRSF1_S234	1
SRPK2	SRSF1_S244	1
SRPK2	SRSF2_T29	1
SRPK2	ZRANB2_S213	1
SRPK2	ZRANB2_S217	1
SRPK2	ZRANB2_S245	1
SRPK2	ZRANB2_S249	1
SRPK2	ZRANB2_S275	1
SRPK2	ZRANB2_S277	1
SRPK2	ZRANB2_S279	1
SRPK2	ZRANB2_S280	1
SRPK2	ZRANB2_S290	1
SRPK2	ZRANB2_S294	1
SRPK2	ZRANB2_S305	1
SRPK2	ZRANB2_S307	1
SRPK2	ZRANB2_T303	1
SSB	CHEK1_S345	1
SSH1	CFL1_S3	-1
SSH1	CFL2_S3	-1
SSH1	CORO1B_S2	-1
SSH1	DSTN_S3	-1
SSH1	LIMK1_T508	-1
SSH2	CFL1_S3	-1
SSH3	CFL1_S3	-1
SST	MAPT_S579	1
SSU72	POLR2A_S1616	-1
SSU72	POLR2A_S1619	-1
SSU72	POLR2A_S1623	-1
SSU72	POLR2A_S1626	-1
SSU72	POLR2A_S1644	-1
SSU72	POLR2A_S1647	-1
SSU72	POLR2A_S1651	-1
SSU72	POLR2A_S1654	-1
SSU72	POLR2A_S1665	-1
SSU72	POLR2A_S1668	-1
SSU72	POLR2A_S1672	-1
SSU72	POLR2A_S1675	-1
SSU72	POLR2A_S1693	-1
SSU72	POLR2A_S1696	-1
SSU72	POLR2A_S1714	-1
SSU72	POLR2A_S1717	-1
SSU72	POLR2A_S1721	-1
SSU72	POLR2A_S1724	-1
SSU72	POLR2A_S1735	-1
SSU72	POLR2A_S1738	-1
SSU72	POLR2A_S1763	-1
SSU72	POLR2A_S1766	-1
SSU72	POLR2A_S1784	-1
SSU72	POLR2A_S1787	-1
ST3GAL4	IRS1_Y612	1
STAM2	TIFA_T9	1
STAMBP	GSK3B_S9	1
STAMBP	TBC1D1_S237	1
STAMBP	TBC1D1_T596	1
STAT1	STAT3_S727	1
STAT2	DNM1L_S616	1
STAT3	EGFR_Y1092	1
STAT3	STAT1_Y701	1
STAT3	STAT2_Y690	1
STAT6	STAT1_Y701	1
STIM2	GRIA1_S863	1
STING1	STK11_S428	1
STING1	TBK1_S172	1
STK10	EZR_T567	1
STK10	EZR_Y565	1
STK10	MSN_T558	1
STK10	PLK1_T210	1
STK10	RDX_T564	1
STK11	BRSK1_T189	1
STK11	BRSK1_T205	1
STK11	BRSK2_T174	1
STK11	BRSK2_T220	1
STK11	CDKN1A_T80	1
STK11	CHGB_S294	1
STK11	CHGB_S301	1
STK11	CRTC1_S151	1
STK11	DIXDC1_S592	1
STK11	DPM1_T172	1
STK11	ETV4_S396	1
STK11	GSK3B_S9	1
STK11	HDLBP_S1056	1
STK11	HDLBP_S31	1
STK11	MARK1_S197	1
STK11	MARK1_S219	1
STK11	MARK1_S383	1
STK11	MARK1_T193	1
STK11	MARK1_T215	1
STK11	MARK2_T175	1
STK11	MARK2_T208	1
STK11	MARK3_S215	1
STK11	MARK3_S238	1
STK11	MARK3_T211	1
STK11	MARK3_T234	1
STK11	MARK4_S23	1
STK11	MARK4_T214	1
STK11	MELK_T167	1
STK11	MELK_T494	1
STK11	NUAK1_S444	1
STK11	NUAK1_T211	1
STK11	NUAK2_S573	1
STK11	NUAK2_T208	1
STK11	NUAK2_Y131	1
STK11	PAK1_T109	1
STK11	PRKAA1_T183	1
STK11	PRKAA1_T198	1
STK11	PRKAA2_S491	1
STK11	PRKAA2_T172	1
STK11	PRKAA2_T258	1
STK11	PRMT5_T132	1
STK11	PRMT5_T139	1
STK11	PRMT5_T144	1
STK11	PTEN_S380	1
STK11	PTEN_S385	1
STK11	PTEN_T382	1
STK11	PTEN_T383	1
STK11	SAFB2_S109	1
STK11	SAFB2_T306	1
STK11	SIK1_S644	1
STK11	SIK1_T182	1
STK11	SIK2_T175	1
STK11	SIK3_T221	1
STK11	SIRT1_S615	1
STK11	SIRT1_S669	1
STK11	SIRT1_S732	1
STK11	SMAD4_T277	1
STK11	SMAD4_T77	1
STK11	SNRK_S569	1
STK11	SNRK_T173	1
STK11	STRADA_T271	1
STK11	STRADA_T292	1
STK11	STRADA_T329	1
STK11	STRADA_T361	1
STK11	STRADA_T382	1
STK11	STRADA_T419	1
STK11	TBC1D1_S237	1
STK11	TP53_S15	1
STK11	TP53_S392	1
STK11	ULK1_S556	1
STK11	YAP1_S127	1
STK16	CBL_S675	1
STK16	CHAF1B_S410	1
STK16	CHAF1B_S422	1
STK16	CHAF1B_S429	1
STK16	CHAF1B_S458	1
STK16	DRG1_T100	1
STK16	DRG1_T101	1
STK16	EEF1D_T495	1
STK16	EIF4H_S32	1
STK16	NPM1_S195	1
STK16	PRKACA_T198	1
STK16	RUVBL1_T363	1
STK16	RUVBL2_T338	1
STK16	SRF_S446	1
STK16	TRIM28_S17	1
STK16	TRIM28_S437	1
STK16	TRIM28_T541	1
STK17A	CAMKK1_S492	1
STK17A	CAMKK2_S511	1
STK17A	DAPK1_S308	1
STK17A	DDX39A_S40	1
STK17A	DNMT3A_T261	1
STK17A	DUT_T151	1
STK17A	EIF4H_S13	1
STK17A	EIF4H_S21	1
STK17A	EIF4H_S24	1
STK17A	ENO1_S37	1
STK17A	ERF_S187	1
STK17A	FIP1L1_S14	1
STK17A	FIP1L1_S247	1
STK17A	HIRIP3_S108	1
STK17A	HIRIP3_S370	1
STK17A	HIRIP3_S372	1
STK17A	IRF3_S123	1
STK17A	KHDRBS1_S20	1
STK17A	MDM2_S260	1
STK17A	MLF2_S28	1
STK17A	NCL_S460	1
STK17A	NCL_T106	1
STK17A	NCL_T121	1
STK17A	NCL_T213	1
STK17A	NUP35_S128	1
STK17A	NUP35_S138	1
STK17A	NUP35_S55	1
STK17A	NUP35_S66	1
STK17A	NUP35_S99	1
STK17A	NUP35_T24	1
STK17A	NUP35_T273	1
STK17A	PCBP2_S111	1
STK17A	PCBP2_S272	1
STK17A	PCBP2_T259	1
STK17A	PPP1R13L_S187	1
STK17A	PPP1R13L_S332	1
STK17A	PPP1R13L_S358	1
STK17A	PPP1R13L_S53	1
STK17A	PPP1R13L_S567	1
STK17A	PSPC1_S409	1
STK17A	RPA2_S11	1
STK17A	RPA2_S13	1
STK17A	RPA2_S23	1
STK17A	RPA2_T21	1
STK17A	SLC4A1AP_S541	1
STK17A	SMARCC2_S399	1
STK17A	SMARCC2_S810	1
STK17A	SNUPN_S350	1
STK17A	SP100_S328	1
STK17A	SP100_S456	1
STK17A	STX1A_S188	1
STK17A	TP53_S20	1
STK17A	TSC22D4_S279	1
STK17A	TSC22D4_S49	1
STK17A	XPO1_S391	1
STK17A	ZFP36_S197	1
STK17A	ZFP36_S218	1
STK17A	ZHX1_S26	1
STK17A	ZHX1_S640	1
STK17A	ZMYM3_S220	1
STK17B	CAMKK2_S511	1
STK17B	DAPK1_S308	1
STK17B	STX1A_S188	1
STK19	NRAS_S89	1
STK24	HLCS_T146	1
STK24	PPP1R14C_T73	1
STK24	RAB8A_T72	1
STK24	RHOA_S26	1
STK24	STK38L_S282	1
STK24	STK38L_T442	1
STK24	STK38_T444	1
STK24	TAOK1_T440	1
STK24	TFAM_S193	1
STK24	TFAM_S195	1
STK25	CAV1_Y14	1
STK25	CCM2_S384	1
STK25	H2AX_S140	1
STK25	PDCD10_S39	1
STK25	PDCD10_T43	1
STK25	PRKCD_S37	1
STK25	YWHAZ_S58	1
STK26	ASAP3_T545	1
STK26	ATG4B_S383	1
STK26	EZR_T567	1
STK26	PDCD10_S39	1
STK26	PDCD10_T43	1
STK26	PPP1R14C_T73	1
STK26	STK25_T174	1
STK26	TRAF6_T463	1
STK26	TRAF6_T486	1
STK26	YAP1_S94	1
STK26	YAP1_T110	1
STK26	YAP1_T41	1
STK26	YAP1_T77	1
STK26	YAP1_T83	1
STK3	ABL1_T735	1
STK3	ABL1_T754	1
STK3	EIF4ENIF1_S680	1
STK3	EIF4ENIF1_S920	1
STK3	LATS1_S872	1
STK3	LATS1_S909	1
STK3	LATS1_T1012	1
STK3	LATS1_T1060	1
STK3	LATS1_T1079	1
STK3	LATS1_T967	1
STK3	LATS2_S872	1
STK3	LATS2_T1041	1
STK3	MAP1LC3B_T50	1
STK3	MOB1A_T12	1
STK3	MOB1A_T35	1
STK3	MOB1A_T74	1
STK3	MOB1B_T12	1
STK3	MOB1B_T35	1
STK3	MOB1B_T40	1
STK3	MOB1B_T74	1
STK3	MOB1B_T79	1
STK3	NEK2_S356	1
STK3	NEK2_S365	1
STK3	NEK2_S406	1
STK3	NEK2_S438	1
STK3	NR3C1_S682	1
STK3	NR3C1_S746	1
STK3	NR3C1_T562	1
STK3	NR3C1_T668	1
STK3	PRKCA_S226	1
STK3	PRKCA_T228	1
STK3	RAF1_S259	1
STK3	RCC1_S11	1
STK3	SAV1_S269	1
STK3	SAV1_S27	1
STK3	SAV1_S36	1
STK3	SAV1_T26	1
STK3	STK24_T190	1
STK3	STK38L_T442	1
STK3	WWTR1_S117	1
STK3	WWTR1_S89	1
STK3	WWTR1_S93	1
STK3	YAP1_S127	1
STK33	CRK_S125	1
STK33	CRK_S194	1
STK33	CRK_S196	1
STK33	CRK_S41	1
STK36	NFATC4_S221	1
STK38	AAK1_S637	1
STK38	CDC25A_S76	1
STK38	CDCA5_S164	1
STK38	CDCA5_S29	1
STK38	CDCA5_S33	1
STK38	CTTN_T374	1
STK38	HEY1_S68	1
STK38	HLCS_S79	1
STK38	KIF23_S716	1
STK38	KIF23_S814	1
STK38	MDM2_S160	1
STK38	MDM2_S166	1
STK38	MDM2_S186	1
STK38	MDM2_S240	1
STK38	MDM2_S262	1
STK38	NFATC4_S168	1
STK38	NFATC4_S272	1
STK38	NFATC4_S289	1
STK38	PANX2_S514	1
STK38	PI4KB_S277	1
STK38	PPP1R13L_S113	1
STK38	RAB11FIP5_S307	1
STK38	RAB3IP_S288	1
STK38	RAD23B_S166	1
STK38	XPO1_S1055	1
STK38	YAP1_S109	1
STK38	YAP1_S127	1
STK38	YAP1_S164	1
STK38	YAP1_S61	1
STK38L	CTTN_S381	1
STK38L	EIF4B_S442	1
STK38L	EIF4B_S445	1
STK38L	EIF4B_S93	1
STK38L	HEY1_S68	1
STK38L	NUAK1_T211	1
STK38L	PRKCD_S331	1
STK38L	PRKCD_T43	1
STK38L	PRKCD_T507	1
STK38L	PRKCD_T511	1
STK38L	RAB3IP_S288	1
STK38L	ULK1_S495	1
STK38L	YAP1_S127	1
STK39	SLC12A1_S91	1
STK39	SLC12A1_T100	1
STK39	SLC12A1_T105	1
STK39	SLC12A1_T95	1
STK39	SLC12A2_T203	1
STK39	SLC12A2_T207	1
STK39	SLC12A2_T212	1
STK39	SLC12A3_S73	1
STK39	SLC12A3_T46	1
STK39	SLC12A3_T55	1
STK39	SLC12A3_T60	1
STK39	SLC12A4_T5	1
STK39	SLC12A4_T983	1
STK39	SLC12A5_T1030	1
STK39	SLC12A5_T1032	1
STK39	SLC12A5_T6	1
STK39	SLC12A5_T929	1
STK39	SLC12A6_S96	1
STK39	SLC12A6_T1048	1
STK39	SLC12A6_T160	1
STK39	SLC12A6_T991	1
STK39	SLC12A7_T973	1
STK39	SLC12A7_T980	1
STK39	SLC4A4_S65	1
STK39	SNAI1_T203	1
STK4	ABL1_T735	1
STK4	ABL1_T754	1
STK4	AURKB_T232	1
STK4	BCL2L1_S14	1
STK4	BECN1_T108	1
STK4	EIF4B_S192	1
STK4	EIF4B_S442	1
STK4	FOXO1_S212	1
STK4	FOXO1_S218	1
STK4	FOXO1_S234	1
STK4	FOXO1_S235	1
STK4	FOXO3_S209	1
STK4	FOXO3_S215	1
STK4	FOXO3_S231	1
STK4	FOXO3_S232	1
STK4	FOXO3_S243	1
STK4	FOXO4_S262	1
STK4	H2AX_S140	1
STK4	H2BC11_S15	1
STK4	H2BC12L_S15	1
STK4	H2BC12_S15	1
STK4	H2BC13_S15	1
STK4	H2BC14_S15	1
STK4	H2BC15_S15	1
STK4	H2BC17_S15	1
STK4	H2BC18_S15	1
STK4	H2BC19P_S15	1
STK4	H2BC20P_S15	1
STK4	H2BC21_S15	1
STK4	H2BC26_S15	1
STK4	H2BC3_S15	1
STK4	H2BC5_S15	1
STK4	H2BC7_S15	1
STK4	H2BC9_S15	1
STK4	IRF3_T253	1
STK4	IRF3_T75	1
STK4	ITGA2_S1180	1
STK4	LATS1_S909	1
STK4	LATS1_T1079	1
STK4	LATS2_S872	1
STK4	LATS2_T1041	1
STK4	MAP1LC3B_T50	1
STK4	MDFI_S141	1
STK4	MOB1A_T12	1
STK4	MOB1A_T35	1
STK4	MOB1B_T12	1
STK4	MOB1B_T35	1
STK4	MOB1B_T40	1
STK4	NR3C1_S682	1
STK4	NR3C1_S746	1
STK4	NR3C1_T562	1
STK4	NR3C1_T668	1
STK4	PDX1_T11	1
STK4	PER1_T646	1
STK4	PPP1R13L_S113	1
STK4	PRDX1_T18	1
STK4	PRDX1_T183	1
STK4	PRDX1_T90	1
STK4	PRKCA_S226	1
STK4	PRKCA_T228	1
STK4	STK38_T444	1
STK4	TNNI3_T129	1
STK4	TNNI3_T143	1
STK4	TNNI3_T31	1
STK4	TNNI3_T51	1
STK4	UNC5B_T428	1
STK4	VASP_S157	1
STK4	ZYX_T270	1
STK4	ZYX_T352	1
STK40	IRF3_S123	1
STK40	IRF3_S173	1
STK40	PPP1R13L_S187	1
STK40	PPP1R13L_S358	1
STK40	PPP1R13L_S567	1
STK40	PPP1R13L_S594	1
STK40	PPP1R13L_S81	1
STK40	PPP1R13L_T341	1
STK40	PPP1R13L_T399	1
STMN1	CDKN1B_S10	1
STMN1	MCAT_S202	1
STRADA	STK11_S428	1
STRIP1	STK3_T180	1
STS	PTK2_Y925	1
STYK1	BECN1_S90	1
STYK1	BECN1_S93	1
STYK1	CTTN_S261	1
STYK1	CTTN_Y141	1
STYK1	CTTN_Y178	1
STYK1	CTTN_Y215	1
STYK1	CTTN_Y449	1
STYK1	CTTN_Y508	1
STYK1	FRK_S407	1
STYK1	FRK_Y46	1
STYK1	FRK_Y497	1
STYK1	GNA12_S68	1
SULT1B1	CCND1_T288	1
SULT1B1	CDKN1B_S10	1
SUV39H2	H2AX_S140	1
SYK	ARHGDIB_Y24	1
SYK	BLNK_Y178	1
SYK	BLNK_Y189	1
SYK	BLNK_Y72	1
SYK	BLNK_Y84	1
SYK	BLNK_Y96	1
SYK	BTK_Y551	1
SYK	CBL_Y141	1
SYK	CBL_Y368	1
SYK	CBL_Y455	1
SYK	CBL_Y700	1
SYK	CBL_Y731	1
SYK	CBL_Y774	1
SYK	CD19_Y500	1
SYK	CD19_Y531	1
SYK	CD79A_S197	1
SYK	CD79A_Y210	1
SYK	CDC25C_S216	1
SYK	CDC25C_S287	1
SYK	CFTR_Y512	1
SYK	CTTN_Y421	1
SYK	CTTN_Y470	1
SYK	CTTN_Y486	1
SYK	DBNL_Y344	1
SYK	DEPTOR_Y289	1
SYK	DUSP3_Y138	1
SYK	DUSP3_Y38	1
SYK	EZR_Y354	1
SYK	EZR_Y424	1
SYK	FCGR2A_Y280	1
SYK	FCGR2A_Y281	1
SYK	FCGR2A_Y287	1
SYK	FCGR2A_Y288	1
SYK	FCGR2A_Y303	1
SYK	FCGR2A_Y304	1
SYK	FCGR2C_Y287	1
SYK	FCGR2C_Y294	1
SYK	FCGR2C_Y310	1
SYK	FLT3_Y591	1
SYK	FLT3_Y768	1
SYK	FLT3_Y842	1
SYK	FLT3_Y955	1
SYK	GAB2_Y614	1
SYK	GCSAM_Y106	1
SYK	GCSAM_Y107	1
SYK	GCSAM_Y109	1
SYK	GCSAM_Y128	1
SYK	GCSAM_Y130	1
SYK	GCSAM_Y80	1
SYK	GCSAM_Y86	1
SYK	HCLS1_Y360	1
SYK	HCLS1_Y378	1
SYK	HCLS1_Y397	1
SYK	IKZF1_S361	1
SYK	IKZF1_S364	1
SYK	IL15RA_Y191	1
SYK	IL15RA_Y227	1
SYK	ITGB3_Y773	1
SYK	ITGB3_Y785	1
SYK	LAT2_Y136	1
SYK	LAT2_Y193	1
SYK	LAT2_Y233	1
SYK	LAT_Y161	1
SYK	LAT_Y200	1
SYK	LAT_Y220	1
SYK	LAT_Y255	1
SYK	LAX1_Y193	1
SYK	LAX1_Y268	1
SYK	LAX1_Y294	1
SYK	LAX1_Y373	1
SYK	LCK_Y192	1
SYK	LCP2_Y113	1
SYK	LCP2_Y128	1
SYK	LCP2_Y145	1
SYK	LCP2_Y426	1
SYK	MAP4K1_Y381	1
SYK	MAP4_Y1001	1
SYK	MAPK11_T180	1
SYK	MAPK11_Y182	1
SYK	MAPK14_T180	1
SYK	MAPK14_Y182	1
SYK	MAPT_S396	1
SYK	MAPT_S721	1
SYK	MAPT_Y18	1
SYK	MAPT_Y514	1
SYK	MAPT_Y711	1
SYK	MYD88_Y227	1
SYK	NFKBIA_Y42	1
SYK	PIK3AP1_Y459	1
SYK	PIP5K1B_Y105	1
SYK	PLCG1_Y1254	1
SYK	PLCG1_Y771	1
SYK	PLCG1_Y775	1
SYK	PLCG1_Y783	1
SYK	PLCG2_Y759	1
SYK	PRDX2_Y193	1
SYK	PRKCA_Y658	1
SYK	PRKCD_Y313	1
SYK	PTK2B_Y402	1
SYK	PTK2B_Y440	1
SYK	PTK2B_Y881	1
SYK	PYCARD_Y146	1
SYK	RHBG_Y429	1
SYK	SH2B3_Y273	1
SYK	SH3BP2_Y174	1
SYK	SH3BP2_Y183	1
SYK	SH3BP2_Y231	1
SYK	SH3BP2_Y240	1
SYK	SH3BP2_Y448	1
SYK	SH3BP2_Y505	1
SYK	SHC1_Y239	1
SYK	SHC1_Y240	1
SYK	SHC1_Y317	1
SYK	SHC1_Y349	1
SYK	SHC1_Y350	1
SYK	SHC1_Y427	1
SYK	SHC1_Y428	1
SYK	SLC4A1_Y21	1
SYK	SLC4A1_Y359	1
SYK	SLC4A1_Y46	1
SYK	SLC4A1_Y8	1
SYK	SLC4A1_Y904	1
SYK	SNCA_Y108	1
SYK	SNCA_Y125	1
SYK	SNCA_Y133	1
SYK	SNCA_Y136	1
SYK	STAT1_Y701	1
SYK	STAT5A_Y694	1
SYK	SWAP70_Y517	1
SYK	TRIM28_Y755	1
SYK	TRIP10_Y471	1
SYK	TUBA1A_Y432	1
SYK	TUBA4A_Y432	1
SYK	TYROBP_Y101	1
SYK	TYROBP_Y102	1
SYK	TYROBP_Y90	1
SYK	TYROBP_Y91	1
SYK	VAV1_Y174	1
SYK	ZAP70_Y292	1
SYK	ZAP70_Y315	1
SYT1	RELA_S536	1
TAB2	RIPK1_S320	1
TAF1	GTF2A1_S241	1
TAF1	GTF2A1_S242	1
TAF1	GTF2A1_S277	1
TAF1	GTF2A1_S280	1
TAF1	GTF2A1_S281	1
TAF1	GTF2A1_S282	1
TAF1	GTF2A1_S316	1
TAF1	GTF2A1_S321	1
TAF1	TAF7_S264	1
TAF1	TP53_T55	1
TALDO1	PLEK_S304	1
TANK	NFKBIA_S36	1
TAOK1	MAP2K3_S218	1
TAOK1	MAP2K3_T222	1
TAOK1	MAP2K6_S207	1
TAOK1	MAP2K6_T211	1
TAOK1	MARK1_T193	1
TAOK1	MARK1_T215	1
TAOK1	MARK2_T208	1
TAOK1	RND3_S210	1
TAOK1	RND3_S218	1
TAOK1	RND3_S240	1
TAOK1	STK3_T180	1
TAOK1	STK4_T183	1
TAOK2	ELK1_S383	1
TAOK2	MAP2K3_S218	1
TAOK2	MAP2K3_T222	1
TAOK2	MAP2K6_S207	1
TAOK2	MAP2K6_T211	1
TAOK2	RND3_S210	1
TAOK2	RND3_S218	1
TAOK2	RND3_S240	1
TAOK2	RPS6_S235	1
TAOK2	RPS6_S236	1
TAOK2	SEPTIN7_T426	1
TAOK3	MAP2K3_S218	1
TAOK3	MAP2K3_T222	1
TAOK3	MAP2K6_S207	1
TAOK3	MAP2K6_T211	1
TAT	GRIN2A_Y1325	1
TAT	SP1_S131	1
TBC1D4	AKT1_S473	1
TBC1D4	IRS1_T309	1
TBC1D4	IRS1_Y612	1
TBCA	GRIA1_S849	1
TBCA	GRIA1_S863	1
TBCA	SQSTM1_S403	1
TBCEL	BCL2L11_S59	1
TBCEL	BCL2L11_S87	1
TBCEL	CDC25C_S214	1
TBK1	AKT1_S473	1
TBK1	AKT1_T308	1
TBK1	ASB8_S17	1
TBK1	BMI1_S316	1
TBK1	CBL_S619	1
TBK1	CBL_S675	1
TBK1	CYLD_S418	1
TBK1	DDAH2_S245	1
TBK1	DDAH2_S253	1
TBK1	DDAH2_T203	1
TBK1	DDAH2_T211	1
TBK1	DDX25_S252	1
TBK1	E2F1_S332	1
TBK1	E2F1_S337	1
TBK1	ESR1_S305	1
TBK1	GABARAPL2_S87	1
TBK1	GABARAPL2_S88	1
TBK1	HSPB1_S156	1
TBK1	HSPB1_S9	1
TBK1	HSPB1_S98	1
TBK1	HTT_S13	1
TBK1	HTT_S16	1
TBK1	IKBKB_S177	1
TBK1	IKBKB_S181	1
TBK1	IKBKB_S670	1
TBK1	IKBKB_S672	1
TBK1	IKBKB_S675	1
TBK1	IKBKB_S682	1
TBK1	IKBKB_S689	1
TBK1	IKBKB_S692	1
TBK1	IKBKB_S695	1
TBK1	IKBKB_S697	1
TBK1	IKBKB_S705	1
TBK1	IKBKB_S733	1
TBK1	IKBKB_S740	1
TBK1	IKBKB_S750	1
TBK1	INSR_S994	1
TBK1	IRF3_S173	1
TBK1	IRF3_S175	1
TBK1	IRF3_S385	1
TBK1	IRF3_S386	1
TBK1	IRF3_S396	1
TBK1	IRF3_S398	1
TBK1	IRF3_S402	1
TBK1	IRF3_S405	1
TBK1	IRF3_T404	1
TBK1	IRF5_S158	1
TBK1	IRF5_S293	1
TBK1	IRF5_S309	1
TBK1	IRF7_S471	1
TBK1	IRF7_S472	1
TBK1	IRF7_S477	1
TBK1	IRF7_S479	1
TBK1	IRF7_S484	1
TBK1	IRF7_S485	1
TBK1	IRF7_S490	1
TBK1	IRF7_S492	1
TBK1	IRS1_S268	1
TBK1	IRS1_S270	1
TBK1	IRS1_S272	1
TBK1	IRS1_S274	1
TBK1	IRS1_S307	1
TBK1	IRS1_S312	1
TBK1	IRS1_S341	1
TBK1	IRS1_S345	1
TBK1	IRS1_S527	1
TBK1	IRS1_S531	1
TBK1	IRS2_S304	1
TBK1	IRS2_S306	1
TBK1	IRS2_S384	1
TBK1	IRS2_S388	1
TBK1	IRS2_S577	1
TBK1	LMO7_S417	1
TBK1	LRRK2_S910	1
TBK1	LRRK2_S935	1
TBK1	MAP1LC3C_S93	1
TBK1	MAP1LC3C_S96	1
TBK1	MAPT_S191	1
TBK1	MAPT_S198	1
TBK1	MAPT_S214	1
TBK1	MAPT_S285	1
TBK1	MAPT_S289	1
TBK1	MAPT_S305	1
TBK1	MAPT_S324	1
TBK1	MAPT_S356	1
TBK1	MAPT_T30	1
TBK1	MAVS_S442	1
TBK1	MDM2_S260	1
TBK1	MTDH_S568	1
TBK1	MTOR_S2159	1
TBK1	NFKB1_S924	1
TBK1	NFKB1_S928	1
TBK1	NFKBIA_S32	1
TBK1	NFKBIA_S36	1
TBK1	OPTN_S173	1
TBK1	OPTN_S177	1
TBK1	OPTN_S473	1
TBK1	OPTN_S513	1
TBK1	PBXIP1_S147	1
TBK1	PDE3B_S318	1
TBK1	PEBP1_S109	1
TBK1	PELI1_S293	1
TBK1	PELI1_S76	1
TBK1	PELI1_T288	1
TBK1	PELI1_T80	1
TBK1	PPP1R13L_S134	1
TBK1	PPP1R13L_S152	1
TBK1	PPP1R13L_S332	1
TBK1	PPP1R13L_T308	1
TBK1	PPP1R13L_T341	1
TBK1	PRKAA1_S459	1
TBK1	PRKAA1_S476	1
TBK1	PRPS1_T228	1
TBK1	PRPS2_T228	1
TBK1	RAB7A_S72	1
TBK1	RCHY1_S257	1
TBK1	RELA_S536	1
TBK1	RIPK1_S320	1
TBK1	RPS6KB1_S447	1
TBK1	RPS6KB1_T444	1
TBK1	RPTOR_S877	1
TBK1	SIKE1_S133	1
TBK1	SIKE1_S185	1
TBK1	SIKE1_S187	1
TBK1	SIKE1_S188	1
TBK1	SIKE1_S190	1
TBK1	SIKE1_S198	1
TBK1	SMCR8_S402	1
TBK1	SMCR8_T796	1
TBK1	SQSTM1_S366	1
TBK1	SQSTM1_S403	1
TBK1	SQSTM1_S407	1
TBK1	STAT2_T404	1
TBK1	STAT3_S754	1
TBK1	STAT6_S407	1
TBK1	STAT6_Y641	1
TBK1	STING1_S358	1
TBK1	STING1_S366	1
TBK1	STUB1_S122	1
TBK1	STX17_S202	1
TBK1	TICAM1_S210	1
TBK1	TRIM56_T442	1
TBK1	TRIP12_S312	1
TBK1	XIAP_S430	1
TBK1	YWHAE_T218	1
TBK1	YWHAH_T220	1
TBP	GTF2A1_S241	1
TBP	GTF2A1_S242	1
TBP	GTF2A1_S277	1
TBP	GTF2A1_S280	1
TBP	GTF2A1_S281	1
TBP	GTF2A1_S282	1
TBP	GTF2A1_S316	1
TBP	GTF2A1_S321	1
TCN1	FOXO4_T451	1
TCN1	MAPT_T529	1
TEC	BMX_Y216	1
TEC	BMX_Y224	1
TEC	BTK_Y223	1
TEC	CD19_Y500	1
TEC	CD19_Y531	1
TEC	CD28_Y191	1
TEC	CTLA4_Y201	1
TEC	FGF2_Y82	1
TEC	GRB10_Y67	1
TEC	ITK_Y180	1
TEC	MAF_Y21	1
TEC	PLCG1_Y783	1
TEC	PLCG2_Y759	1
TEC	PTPN18_Y281	1
TEC	PTPN18_Y303	1
TEC	PTPN18_Y354	1
TEC	PTPN18_Y389	1
TEC	PXN_Y181	1
TEC	TEK_Y1102	1
TEC	TEK_Y897	1
TEC	WAS_Y291	1
TEK	SRSF1_Y19	1
TEK	STAT1_Y701	1
TERF1	CHEK1_S317	1
TES	CFL1_S3	1
TESK1	CFL1_S3	1
TESK1	CFL2_S3	1
TESK1	DSTN_S3	1
TESK2	CFL1_S3	1
TESK2	CFL2_S3	1
TESK2	CHEK1_S345	1
TESK2	DSTN_S3	1
TESK2	PRKACA_T198	1
TESK2	PRKACA_T49	1
TESK2	PRKACA_Y331	1
TESK2	RPS6KA2_Y217	1
TESK2	RPS6KA2_Y573	1
TESK2	RUVBL1_T153	1
TESK2	ZYX_S290	1
TESK2	ZYX_Y172	1
TESPA1	ITPR1_Y353	1
TFAP2C	PAK1_S144	1
TFDP2	PXN_Y118	1
TFG	SHC1_Y318	1
TFG	SHC1_Y427	1
TFPI	NOS3_S1177	1
TFPI	NOS3_S633	1
TFPI2	TP53BP1_S1778	1
TFRC	BAD_S75	1
TFRC	CHEK1_S280	1
TFRC	EIF4B_S422	1
TFRC	ESR1_S167	1
TFRC	ETV1_S216	1
TFRC	GSK3A_S21	1
TFRC	GSK3B_S21	1
TFRC	MITF_S409	1
TFRC	NFKBIA_S32	1
TFRC	RPS6_S235	1
TFRC	RPS6_S236	1
TFRC	RPTOR_S719	1
TFRC	RPTOR_S721	1
TFRC	RPTOR_S722	1
TFRC	SLC9A1_S703	1
TFRC	STK11_S325	1
TFRC	STK11_S428	1
TFRC	YBX1_S102	1
TG	ERN1_S729	1
TG	GTF2I_Y248	1
TG	HSF1_S230	1
TG	HSF1_S326	1
TG	IRS1_Y612	1
TG	IRS1_Y896	1
TG	RICTOR_S1235	1
TG	RIPK1_S166	1
TG	RYR2_S2814	1
TG	SRC_Y419	1
TGFA	CEBPB_T266	1
TGFA	EGFR_Y1069	1
TGFA	EGFR_Y1092	1
TGFA	EGFR_Y1197	1
TGFA	GAB1_Y627	1
TGFA	GSK3A_S21	1
TGFA	GSK3A_S65	1
TGFA	GSK3B_S66	1
TGFA	PARD6A_S345	1
TGFA	SMAD3_T179	1
TGFB1	CDKN1A_S130	1
TGFB1	CDKN1A_S15	1
TGFB1	CTNNB1_Y654	1
TGFB1	EGFR_Y1197	1
TGFB1	EGFR_Y869	1
TGFB1	GSK3B_S9	1
TGFB1	GTF2I_S412	1
TGFB1	ITGB1_T788	1
TGFB1	MTOR_S2481	1
TGFB1	PARD6A_S345	1
TGFB1	PTK2_S732	1
TGFB1	PTK2_Y397	1
TGFB1	PTK2_Y577	1
TGFB1	PTK2_Y861	1
TGFB1	PXN_Y118	1
TGFB1	SMAD2_S255	1
TGFB1	SMAD2_S465	1
TGFB1	SMAD2_S467	1
TGFB1	SMAD3_S204	1
TGFB1	SMAD3_S423	1
TGFB1	SMAD3_S425	1
TGFB1	SMAD3_T388	1
TGFB1	SRC_Y419	1
TGFB1	STAT3_Y705	1
TGFB1	TP53_S15	1
TGFB1	TP53_S9	1
TGFB1	WWOX_Y33	1
TGFB3	PARD6A_S345	1
TGFBI	AKT1S1_T246	1
TGFBI	PARD6A_S345	1
TGFBR1	EEF1A1_S300	1
TGFBR1	ENG_S646	1
TGFBR1	ENG_S649	1
TGFBR1	OTUB1_S18	1
TGFBR1	PARD6A_S345	1
TGFBR1	SMAD1_S462	1
TGFBR1	SMAD1_S463	1
TGFBR1	SMAD1_S465	1
TGFBR1	SMAD2_S464	1
TGFBR1	SMAD2_S465	1
TGFBR1	SMAD2_S467	1
TGFBR1	SMAD3_S423	1
TGFBR1	SMAD3_S425	1
TGFBR1	TGFBR3_S831	1
TGFBR1	TP63_S160	1
TGFBR1	TP63_S162	1
TGFBR1	TP63_S66	1
TGFBR1	TP63_S68	1
TGFBR2	ADRB2_S165	1
TGFBR2	AKT3_S476	1
TGFBR2	CDC25A_S82	1
TGFBR2	CRK_S125	1
TGFBR2	CSDE1_T137	1
TGFBR2	ENG_S634	1
TGFBR2	ENG_S635	1
TGFBR2	ETF1_S215	1
TGFBR2	FHL2_T171	1
TGFBR2	PARD6A_S345	1
TGFBR2	PPP1R13L_S225	1
TGFBR2	PRMT8_T122	1
TGFBR2	PSPC1_T196	1
TGFBR2	RAB14_S56	1
TGFBR2	RPS6KA2_S544	1
TGFBR2	RUVBL1_S29	1
TGFBR2	RUVBL2_S262	1
TGFBR2	RUVBL2_T265	1
TGFBR2	SAFB2_S8	1
TGFBR2	SMAD2_S465	1
TGFBR2	SMAD2_S467	1
TGFBR2	SMC3_S1074	1
TGFBR2	SMC3_S1081	1
TGFBR2	SMC3_S1116	1
TGFBR2	TGFBR1_S165	1
TGFBR2	TGFBR1_S172	1
TGFBR2	TGFBR1_S187	1
TGFBR2	TGFBR1_S189	1
TGFBR2	TGFBR1_S191	1
TGFBR2	TGFBR1_T176	1
TGFBR2	TGFBR1_T185	1
TGFBR2	TGFBR1_T186	1
TGFBR2	TGFBR1_T200	1
TGFBR2	TGFBR1_T204	1
TGFBR2	USP2_S207	1
TGFBR2	USP2_S225	1
TGFBR2	XPO1_S395	1
TGFBR2	ZYX_S288	1
TGFBR2	ZYX_T306	1
TGM2	H3C1_S11	1
TGM2	H3C1_S29	1
TGM2	TP53_S15	1
THAP12	EIF2S1_S52	1
THBD	HSF1_S230	1
THBD	HSF1_S326	1
THBS1	EGFR_Y1110	1
THBS1	PTK2_Y397	1
TICAM1	TBK1_S172	1
TIE1	TEK_Y1102	1
TIE1	TEK_Y1108	1
TIE1	TEK_Y1113	1
TIMM8A	H2AX_S140	1
TIMP1	NOS3_S1179	1
TIMP1	PDPK1_S241	1
TIMP1	PRKAA2_T172	1
TIPARP	TP53_S315	1
TKT	JUN_S63	1
TKT	JUN_T91	1
TKT	JUN_T93	1
TKT	STAT3_Y705	1
TLK1	H3C1_S11	1
TLK1	NEK1_S14	1
TLK1	NEK1_T141	1
TLK1	NEK1_Y315	1
TLK1	RAD9A_S328	1
TLK1	RAD9A_T355	1
TLK2	ASF1A_S192	1
TLK2	ASF1B_S198	1
TLK2	H2AX_S140	1
TLR2	ESR1_S118	1
TLR2	LRRK2_S910	1
TLR2	MTOR_S2481	1
TLR3	CXCR4_S339	1
TLR3	IKBKB_S177	1
TLR3	IRF3_S396	1
TLR3	STAT1_Y701	1
TLR4	CTNNB1_S552	1
TLR4	GRK2_S670	1
TLR4	IRF3_S396	1
TLR4	MARCKS_S46	1
TLR4	RELA_S536	1
TLR4	SGK1_S422	1
TLR4	STAT1_S727	1
TLR4	STAT1_Y701	1
TLR4	TBK1_S172	1
TLR7	LRRK2_S935	1
TLR9	BTK_Y551	1
TLR9	IRAK1_T209	1
TLR9	LRRK2_S935	1
TLR9	STAT1_Y701	1
TLR9	SYK_Y352	1
TLR9	SYK_Y525	1
TLR9	SYK_Y526	1
TM4SF5	CDKN1B_S10	1
TM7SF2	JUN_S63	1
TM7SF2	JUN_S73	1
TM7SF2	TEK_Y992	1
TMED9	MAPT_S235	1
TMED9	MAPT_S519	1
TMED9	MAPT_S721	1
TMED9	MAPT_T522	1
TMED9	MAPT_T548	1
TMED9	NR3C1_S211	1
TMSB4X	AKT2_S474	1
TNC	PXN_S178	1
TNF	BAD_S118	1
TNF	BAD_S75	1
TNF	BAD_S99	1
TNF	BCL2_S87	-1
TNF	BRMS1_S30	1
TNF	CHUK_S176	1
TNF	CTNNB1_S37	1
TNF	CTNNB1_S552	1
TNF	EGFR_S1071	1
TNF	EGFR_T693	1
TNF	EGFR_Y1092	1
TNF	EGFR_Y1197	1
TNF	EPHA2_S897	1
TNF	EPS15_S796	1
TNF	ERBB2_Y877	1
TNF	FOXO3_T32	1
TNF	GATA4_S105	1
TNF	GLO1_T107	1
TNF	H2AX_S140	1
TNF	HSPB1_S82	1
TNF	ICAM1_Y512	1
TNF	IGFBP3_S140	1
TNF	IKBKB_S177	1
TNF	IKBKB_S181	1
TNF	INSR_Y999	1
TNF	IRS1_S24	1
TNF	IRS1_S270	1
TNF	IRS1_S307	1
TNF	IRS1_S312	1
TNF	IRS1_S616	1
TNF	IRS1_S636	1
TNF	JUN_S63	1
TNF	MAP3K5_T838	1
TNF	MAP3K7_T187	1
TNF	MAP4_S696	1
TNF	MAP4_S787	1
TNF	MAPK1_T185	1
TNF	MAPK3_T202	1
TNF	MAPK7_S486	1
TNF	MAPT_S400	1
TNF	MAPT_S519	1
TNF	MPRIP_S226	1
TNF	MSN_T558	1
TNF	NCF1_S345	1
TNF	NCOA3_S857	1
TNF	NCOA3_S867	1
TNF	NFKB1_S927	1
TNF	NFKBIA_S32	1
TNF	NFKBIA_S36	1
TNF	NOS3_S1177	1
TNF	NOS3_S633	1
TNF	NR3C1_S226	1
TNF	PAK1_T212	1
TNF	PAK1_T423	1
TNF	PDPK1_S241	1
TNF	PIAS1_S522	1
TNF	PIAS1_S90	1
TNF	PIM1_S276	1
TNF	PLN_T17	1
TNF	PPARG_S273	1
TNF	PRKD1_S738	1
TNF	PRKD1_S742	1
TNF	RAC1_S71	1
TNF	RELA_S276	1
TNF	RELA_S311	1
TNF	RELA_S468	1
TNF	RELA_S529	1
TNF	RELA_S536	1
TNF	RELA_S547	1
TNF	RELA_T254	1
TNF	RELA_T435	1
TNF	RELA_T505	1
TNF	RGS7_S434	1
TNF	RIPK1_S320	1
TNF	RPS3_S209	1
TNF	RPS6KA5_S212	1
TNF	RPS6KA5_S360	1
TNF	RPS6KA5_S376	1
TNF	RPS6KA5_T581	1
TNF	RPS6KB1_T412	1
TNF	SPHK1_S225	1
TNF	STAT1_S727	1
TNF	STAT1_Y701	1
TNF	STAT3_S727	1
TNF	STAT3_Y705	1
TNF	STK11_S428	1
TNF	TAX1BP1_S593	1
TNF	TAX1BP1_S666	1
TNF	TBK1_S172	1
TNF	TNFRSF1A_S381	1
TNF	TP53_S392	1
TNF	TRAF2_S11	1
TNF	TRAF2_S55	1
TNF	TRAF2_T117	1
TNF	TRPV1_T407	1
TNF	ULK1_S556	1
TNF	WASL_S484	1
TNF	WASL_S485	1
TNFRSF10B	JUN_S63	1
TNFRSF1A	TRAF2_T117	1
TNFSF10	CASP8_Y380	1
TNFSF10	H2AX_S140	1
TNFSF10	MAPK3_T202	1
TNFSF10	SRC_Y530	1
TNFSF11	GSK3B_S9	1
TNFSF11	RELA_S276	1
TNFSF11	RELA_S536	1
TNFSF11	STAT1_S727	1
TNFSF11	STAT3_S727	1
TNFSF12	BAD_S99	1
TNFSF12	STAT3_Y705	1
TNFSF13B	MTOR_S2481	1
TNFSF14	OPN4_S398	1
TNFSF14	STAT3_S727	1
TNFSF14	STAT3_Y705	1
TNFSF14	WWOX_Y33	1
TNFSF18	STAT3_S727	1
TNFSF18	STAT3_Y705	1
TNIK	HTT_S13	1
TNIK	HTT_T3	1
TNIK	MAP3K1_T1400	1
TNIK	MAP3K1_T1412	1
TNIK	SMAD1_T322	1
TNIK	TCF7L2_S177	1
TNK2	AKT1_Y176	1
TNK2	AR_Y269	1
TNK2	AR_Y365	1
TNK2	AR_Y535	1
TNK2	CTTN_Y421	1
TNK2	CTTN_Y470	1
TNK2	H4C8_Y89	1
TNK2	KDM3A_Y1114	1
TNK2	PPP1R13L_Y211	1
TNK2	RET_Y1062	1
TNK2	RET_Y791	1
TNK2	STAT1_Y701	1
TNK2	STAT3_Y705	1
TNK2	WASL_S242	1
TNK2	WASL_Y256	1
TNK2	WAS_Y291	1
TNK2	WWOX_Y287	1
TNK2	WWOX_Y33	1
TNKS1BP1	PRKDC_S2056	1
TNKS1BP1	PRKDC_T2609	1
TNNI3K	ANXA6_T48	1
TNNI3K	CBL_Y141	1
TNNI3K	CBL_Y774	1
TNNI3K	DAXX_S697	1
TNNI3K	DAXX_S702	1
TNNI3K	EIF4ENIF1_S301	1
TNNI3K	EIF4ENIF1_S74	1
TNNI3K	HCLS1_Y222	1
TNNI3K	MDM2_S240	1
TNNI3K	NFATC3_S359	1
TNNI3K	NFATC3_Y229	1
TNNI3K	NPM1_S139	1
TNNI3K	NPM1_T46	1
TNNI3K	NPM1_Y67	1
TNNI3K	PCM1_S116	1
TNNI3K	PPP1R13L_S110	1
TNNI3K	PPP1R13L_S53	1
TNNI3K	PPP1R13L_T308	1
TNNI3K	PPP1R13L_T570	1
TNNI3K	PPP1R8_Y335	1
TNNI3K	PRDM10_S418	1
TNNI3K	RGCC_T99	1
TNNI3K	RUVBL2_S262	1
TNNI3K	STIP1_Y354	1
TNNI3K	TRIP10_S304	1
TNNI3K	ZYX_S150	1
TNNI3K	ZYX_T159	1
TNPO1	AKT1_S473	1
TNS4	CBL_Y774	1
TOPBP1	BRIP1_T1133	1
TOPBP1	CHEK1_S317	1
TOPBP1	CHEK1_S345	1
TOPBP1	RAD51_S14	1
TOR1A	MAPK10_T221	1
TOR1A	MAPK8_T183	1
TOR1A	MAPK9_T183	1
TOR1A	PTPN11_Y546	1
TP53	CDC25C_S216	1
TP53	CDKN1A_S146	1
TP53	CDKN1A_S15	1
TP53	CHEK1_S317	1
TP53	CHEK1_S345	1
TP53	CHEK2_S15	1
TP53	CHEK2_T68	1
TP53	FABP5_S16	1
TP53	FOXO3_S318	1
TP53	H2AX_S140	1
TP53	HIPK2_S46	1
TP53	HSF1_S326	1
TP53	IGF1R_Y1161	1
TP53	PKM_Y105	1
TP53	PPP1R12A_T696	1
TP53	RELA_S536	1
TP53	RPA2_S33	1
TP53AIP1	TP53_S46	1
TP53INP1	TP53_S46	1
TP53RK	BIRC5_T34	1
TP53RK	TP53_S15	1
TP63	TP53_S15	1
TPH1	TPH2_S19	1
TPO	JAK2_Y813	1
TPR	STK11_S428	1
TPR	VIM_S56	1
TPSG1	GSK3A_S21	1
TPSG1	GSK3B_S21	1
TPX2	NEDD1_S405	1
TRAF2	TCF7L2_S177	1
TRAF6	LAT_Y220	1
TRIB2	HLCS_S79	1
TRIB3	EP400_T945	1
TRIB3	EP400_T955	1
TRIB3	LUZP1_S659	1
TRIB3	LUZP1_S801	1
TRIB3	LUZP1_S905	1
TRIB3	LUZP1_T677	1
TRIB3	LUZP1_T679	1
TRIB3	LUZP1_T958	1
TRIB3	PBX2_S104	1
TRIB3	PBX2_S105	1
TRIB3	PPP2R1B_S212	1
TRIB3	PRKCD_S302	1
TRIB3	PRKCD_S304	1
TRIB3	PRKCD_S647	1
TRIB3	PRKCD_T218	1
TRIM23	BECN1_S30	1
TRIM23	SQSTM1_S403	1
TRIM28	ATM_S824	1
TRIM28	H2AX_S140	1
TRIM28	ULK1_S556	1
TRPA1	PRKCE_S729	1
TRPM6	H2AC13_S2	1
TRPM6	H3C1_T4	1
TRPM6	H3C1_T7	1
TRPM6	H4C8_S2	1
TRPM6	TRPM7_T1482	1
TRPM7	ANXA1_S5	1
TRPM7	EEF2K_S78	1
TRPM7	EEF2_T57	1
TRPM7	MYH9_S1803	1
TRPM7	MYH9_S1808	1
TRPM7	MYH9_T1800	1
TRPM7	PLCG2_S1164	1
TRPM7	PLCG2_T1045	1
TRPM7	TMOD1_S2	1
TRPM7	TMOD1_T54	1
TRPV1	NOS3_S1177	1
TRPV1	PRKCE_S729	1
TSC1	BMAL1_S42	1
TSC1	EGFR_Y1092	1
TSC1	TSC2_S1387	1
TSC1	TSC2_T1462	1
TSC2	MAPKAP1_T86	1
TSC2	RPS6KB1_T412	1
TSC2	RPS6_S235	1
TSC2	RPS6_S236	1
TSSK4	CREB1_S133	1
TTBK1	APC_S1279	1
TTBK1	APC_S1392	1
TTBK1	BID_S110	1
TTBK1	BID_T105	1
TTBK1	CDK5_S159	1
TTBK1	CSNK1E_S323	1
TTBK1	CSNK1E_S368	1
TTBK1	CSNK1E_S405	1
TTBK1	CSNK1E_S408	1
TTBK1	CSNK1E_T325	1
TTBK1	CSNK1E_T334	1
TTBK1	CSNK1E_T337	1
TTBK1	CSNK1E_T407	1
TTBK1	CTNNB1_S45	1
TTBK1	MAPT_S198	1
TTBK1	MAPT_S199	1
TTBK1	MAPT_S202	1
TTBK1	MAPT_S416	1
TTBK1	MAPT_S422	1
TTBK1	MAPT_S515	1
TTBK1	MAPT_S516	1
TTBK1	MAPT_S519	1
TTBK1	MAPT_S533	1
TTBK1	MAPT_S534	1
TTBK1	MAPT_S537	1
TTBK1	MAPT_S733	1
TTBK1	MAPT_S739	1
TTBK1	MAPT_S751	1
TTBK1	MAPT_S757	1
TTBK1	MAPT_T427	1
TTBK1	MAPT_T744	1
TTBK1	MAPT_T762	1
TTBK1	MAPT_Y197	1
TTBK1	MAPT_Y514	1
TTBK1	MAPT_Y532	1
TTBK1	NFATC3_S207	1
TTBK1	NFATC3_S211	1
TTBK1	NFATC3_S215	1
TTBK1	NFATC3_T204	1
TTBK1	NFATC3_T210	1
TTBK1	PSEN2_S19	1
TTBK1	PSEN2_S7	1
TTBK1	PSEN2_S9	1
TTBK1	SLC18A2_S511	1
TTBK1	SLC18A2_S513	1
TTBK1	TP53_T18	1
TTBK1	TUBB2A_S275	1
TTBK1	TUBB_S275	1
TTBK1	YWHAQ_S232	1
TTBK2	APC_S1279	1
TTBK2	APC_S1392	1
TTBK2	BID_S110	1
TTBK2	BID_T105	1
TTBK2	CDK5_S159	1
TTBK2	CEP83_S698	1
TTBK2	CSNK1E_S323	1
TTBK2	CSNK1E_S368	1
TTBK2	CSNK1E_S405	1
TTBK2	CSNK1E_S408	1
TTBK2	CSNK1E_T325	1
TTBK2	CSNK1E_T334	1
TTBK2	CSNK1E_T337	1
TTBK2	CSNK1E_T407	1
TTBK2	CTNNB1_S45	1
TTBK2	KIF2A_S135	1
TTBK2	NFATC3_S207	1
TTBK2	NFATC3_S211	1
TTBK2	NFATC3_S215	1
TTBK2	NFATC3_T204	1
TTBK2	NFATC3_T210	1
TTBK2	PSEN2_S19	1
TTBK2	PSEN2_S7	1
TTBK2	PSEN2_S9	1
TTBK2	SLC18A2_S511	1
TTBK2	SLC18A2_S513	1
TTBK2	SV2A_S42	1
TTBK2	SV2A_S45	1
TTBK2	SV2A_S47	1
TTBK2	SV2A_S80	1
TTBK2	SV2A_S81	1
TTBK2	SV2A_T84	1
TTBK2	TP53_T18	1
TTBK2	YWHAQ_S232	1
TTC39A	GSK3B_Y216	1
TTK	ABL1_T735	1
TTK	ABL1_T754	1
TTK	ARHGEF17_T1007	1
TTK	ARHGEF17_T751	1
TTK	ARHGEF17_T944	1
TTK	BLM_S1290	1
TTK	BLM_S1296	1
TTK	BLM_S144	1
TTK	BUB1B_S1043	1
TTK	BUB1B_S435	1
TTK	BUB1B_S543	1
TTK	BUB1B_S670	1
TTK	BUB1_S459	1
TTK	BUB1_T461	1
TTK	CDCA8_S238	1
TTK	CDCA8_T169	1
TTK	CDCA8_T230	1
TTK	CDCA8_T88	1
TTK	CDCA8_T94	1
TTK	CDS1_T68	1
TTK	CETN2_T45	1
TTK	CETN2_T47	1
TTK	CHEK2_T68	1
TTK	EIF2S1_S58	1
TTK	HSP90AA1_T115	1
TTK	HSPA9_S65	1
TTK	HSPA9_T62	1
TTK	MAD1L1_S22	1
TTK	MAD1L1_S598	1
TTK	MAD1L1_S610	1
TTK	MAD1L1_S62	1
TTK	MAD1L1_T323	1
TTK	MAD1L1_T624	1
TTK	MAD1L1_T644	1
TTK	MAD1L1_T716	1
TTK	MAD1L1_T8	1
TTK	MAP4_S928	1
TTK	MAP4_T927	1
TTK	MAPT_S516	1
TTK	MAPT_S525	1
TTK	MAPT_S527	1
TTK	MAPT_S579	1
TTK	MAPT_T522	1
TTK	MDM2_T306	1
TTK	MDM2_T4	1
TTK	NCAPH2_S492	1
TTK	RBBP5_S138	1
TTK	RBBP5_S497	1
TTK	RBBP5_T252	1
TTK	RMI2_S112	1
TTK	SLC4A4_S12	1
TTK	SMAD2_S465	1
TTK	SMAD2_S467	1
TTK	TP53_T18	1
TTK	USP16_S415	1
TTK	USP16_S552	1
TTK	USP16_T554	1
TTN	TCAP_S157	1
TUBA1A	MECP2_S423	1
TXK	CTLA4_Y201	1
TXK	LCP2_Y113	1
TXK	LCP2_Y128	1
TXK	LCP2_Y145	1
TXN	NOS3_S1177	1
TXNL1	RPS6KB1_T412	1
TYK2	DUSP3_Y138	1
TYK2	EIF2AK2_Y162	1
TYK2	FYN_Y420	1
TYK2	GJA1_Y247	1
TYK2	GJA1_Y265	1
TYK2	HCLS1_Y222	1
TYK2	IFNAR1_S535	1
TYK2	IFNAR1_Y466	1
TYK2	IFNAR1_Y481	1
TYK2	IL10RA_Y446	1
TYK2	IL10RA_Y496	1
TYK2	IL13RA1_Y402	1
TYK2	NPM1_Y17	1
TYK2	RACK1_Y194	1
TYK2	SIVA1_Y162	1
TYK2	SIVA1_Y53	1
TYK2	STAT1_Y701	1
TYK2	STAT2_Y690	1
TYK2	STAT3_Y640	1
TYK2	STAT4_Y693	1
TYK2	STAT5B_Y699	1
TYR	ESR1_Y537	1
TYR	NFKBIA_Y42	1
TYR	TNK2_Y284	1
TYR	TNK2_Y518	1
TYR	TNK2_Y859	1
TYRO3	AKT1_T308	1
TYRO3	CBL_Y674	1
TYRO3	FGR_Y34	1
TYRO3	FGR_Y523	1
TYRO3	MLKL_Y376	1
TYRO3	PLCG1_Y771	1
TYRO3	PRKCD_Y120	1
TYRO3	PRKCD_Y155	1
TYRO3	PRKCD_Y646	1
TYRO3	ZAP70_Y492	1
TYROBP	LCP2_Y113	1
TYROBP	LCP2_Y128	1
UCHL1	SNCA_S129	1
UCN2	NOS3_S1177	1
UCN2	PLN_S16	1
UHMK1	CDKN1B_S10	1
UHMK1	CDKN1B_T187	1
UHMK1	MBP_S155	1
UHMK1	MBP_S166	1
UHMK1	MBP_S181	1
UHMK1	MBP_S192	1
UHMK1	MBP_S299	1
UHMK1	NCOA3_S1062	1
UHMK1	NCOA3_T1067	1
UHMK1	NFATC4_S217	1
UHMK1	PAM_S839	1
UHMK1	PAM_S860	1
UHMK1	PAM_S878	1
UHMK1	PAM_S946	1
UHMK1	PAM_S947	1
UHMK1	PIMREG_S131	1
UHMK1	PPP1R13L_S134	1
UHMK1	PPP1R13L_S152	1
UHMK1	PPP1R13L_S158	1
UHMK1	PPP1R13L_S225	1
UHMK1	PPP1R13L_S280	1
UHMK1	PPP1R13L_S358	1
UHMK1	PPP1R13L_S395	1
UHMK1	PPP1R13L_S597	1
UHMK1	PPP1R13L_T341	1
UHMK1	SF1_S205	1
UHMK1	SF1_S207	1
UHMK1	SF1_S80	1
UHMK1	SF1_S82	1
UHMK1	STMN1_S38	1
UHMK1	SYN1_S39	1
UHMK1	SYN1_S432	1
UHMK1	SYN1_S438	1
UHMK1	SYN1_S510	1
UHMK1	SYN1_S553	1
UHMK1	SYN1_S568	1
UHMK1	SYN1_T436	1
UHMK1	XPO1_S1055	1
UHMK1	XPO1_S397	1
UHMK1	ZYX_S169	1
UHMK1	ZYX_T270	1
ULK1	AMBRA1_S465	1
ULK1	AMBRA1_S635	1
ULK1	ATG101_S11	1
ULK1	ATG101_S203	1
ULK1	ATG13_S355	1
ULK1	ATG13_S389	1
ULK1	ATG14_S29	1
ULK1	ATG16L1_S278	1
ULK1	ATG4B_S316	1
ULK1	ATG9A_S14	1
ULK1	ATG9A_S761	1
ULK1	BECN1_S15	1
ULK1	BECN1_S279	1
ULK1	BECN1_S30	1
ULK1	BECN1_S337	1
ULK1	BECN1_S93	1
ULK1	BECN1_S96	1
ULK1	BNIP3L_S35	1
ULK1	CDC37_S339	1
ULK1	DENND3_S472	1
ULK1	DENND3_S490	1
ULK1	DVL2_S254	1
ULK1	ENO1_S115	1
ULK1	ENO1_S282	1
ULK1	FBP1_S63	1
ULK1	FBP1_S88	1
ULK1	FLCN_S406	1
ULK1	FLCN_S537	1
ULK1	FLCN_S542	1
ULK1	FLII_S64	1
ULK1	FUNDC1_S17	1
ULK1	HK1_S124	1
ULK1	HK1_S364	1
ULK1	MAD1L1_S546	1
ULK1	NR3C2_S843	1
ULK1	PFKM_S74	1
ULK1	PFKM_S762	1
ULK1	PIK3C3_S249	1
ULK1	PRKN_S108	1
ULK1	RAB9A_S179	1
ULK1	RB1CC1_S1323	1
ULK1	RB1CC1_S943	1
ULK1	RB1CC1_S986	1
ULK1	RIPK1_S262	1
ULK1	RIPK1_S291	1
ULK1	RIPK1_S296	1
ULK1	RIPK1_S320	1
ULK1	RIPK1_S333	1
ULK1	RIPK1_S335	1
ULK1	RIPK1_S345	1
ULK1	RIPK1_S346	1
ULK1	RIPK1_S357	1
ULK1	RIPK1_S389	1
ULK1	RIPK1_T337	1
ULK1	RPTOR_S792	1
ULK1	RPTOR_S855	1
ULK1	RPTOR_S859	1
ULK1	RPTOR_S863	1
ULK1	RPTOR_S877	1
ULK1	SDCBP_S6	1
ULK1	SDCBP_S60	1
ULK1	SEC16A_S846	1
ULK1	SEC23A_S207	1
ULK1	SEC23A_T405	1
ULK1	SEC23B_S186	1
ULK1	SESN2_S254	1
ULK1	SESN2_S73	1
ULK1	SMCR8_S400	1
ULK1	SMCR8_S492	1
ULK1	SMCR8_S562	1
ULK1	SMCR8_T666	1
ULK1	SQSTM1_S403	1
ULK1	SQSTM1_S407	1
ULK1	STING1_S366	1
ULK1	TBK1_S172	1
ULK1	YAP1_S227	1
ULK2	BECN1_S15	1
ULK2	BECN1_S30	1
ULK2	DENND3_S472	1
ULK2	DENND3_S490	1
ULK2	PIK3C3_S249	1
ULK2	RPTOR_S792	1
ULK2	RPTOR_S855	1
ULK2	RPTOR_S859	1
ULK2	SEC16A_S846	1
ULK2	STING1_S366	1
ULK3	PIK3C3_S249	1
ULK3	ZYX_S170	1
ULK3	ZYX_S259	1
ULK3	ZYX_S267	1
ULK3	ZYX_S281	1
ULK3	ZYX_S288	1
ULK3	ZYX_S308	1
UMPS	RB1_S795	1
UMPS	RB1_S807	1
USP6	RELA_S536	1
USP9X	CTNNB1_S675	1
USP9X	ENAM_S191	1
USP9X	ENAM_S216	1
UTS2	PLN_T17	1
UTS2	TH_S62	1
VAV1	CBL_Y700	1
VAV1	PLCG1_Y1253	1
VAV1	PLCG1_Y783	1
VAV2	NFATC1_S117	1
VAV3	AR_S83	1
VCL	RIGI_S8	1
VEGFA	CDH5_Y658	1
VEGFA	CDH5_Y685	1
VEGFA	CDH5_Y731	1
VEGFA	FLT1_Y1048	1
VEGFA	FLT1_Y1053	1
VEGFA	FLT1_Y1213	1
VEGFA	KDR_Y1054	1
VEGFA	KDR_Y1059	1
VEGFA	KDR_Y1175	1
VEGFA	KDR_Y1214	1
VEGFA	KDR_Y951	1
VEGFA	KDR_Y996	1
VEGFA	MDM2_S166	1
VEGFA	NOS3_S1177	1
VEGFA	NOS3_S1179	1
VEGFA	OCLN_S490	1
VEGFA	PFN1_Y129	1
VEGFA	PLCB3_S1105	1
VEGFA	PXN_Y118	1
VEGFB	FLT1_Y1213	1
VEGFB	FLT1_Y1309	1
VEGFC	AKT1_S473	1
VEGFC	NOS3_S1177	1
VEGFC	PLCG1_Y783	1
VEGFD	NOS3_S1177	1
VIM	ARHGEF2_S886	1
VIM	CTNNB1_S675	1
VIM	SNAI2_S87	1
VIP	BAD_S75	1
VIP	NOS3_S1177	1
VIP	PAK2_T402	1
VRK1	APC_S1279	1
VRK1	APC_S1392	1
VRK1	ATF2_S44	1
VRK1	ATF2_S62	1
VRK1	ATF2_T116	1
VRK1	ATF2_T55	1
VRK1	ATF2_T69	1
VRK1	ATF2_T71	1
VRK1	ATF2_T73	1
VRK1	BANF1_S4	1
VRK1	BANF1_T2	1
VRK1	BANF1_T3	1
VRK1	BID_S110	1
VRK1	BID_T105	1
VRK1	CDK5_S159	1
VRK1	COIL_S184	1
VRK1	CSNK1E_S323	1
VRK1	CSNK1E_S368	1
VRK1	CSNK1E_S405	1
VRK1	CSNK1E_S408	1
VRK1	CSNK1E_T325	1
VRK1	CSNK1E_T334	1
VRK1	CSNK1E_T337	1
VRK1	CSNK1E_T407	1
VRK1	CTNNB1_S45	1
VRK1	H2AC13_T121	1
VRK1	H2AC20_T121	1
VRK1	H2AX_S140	1
VRK1	H3C1_S11	1
VRK1	H3C1_T4	1
VRK1	HNRNPA1_S6	1
VRK1	JUN_S243	1
VRK1	JUN_S63	1
VRK1	JUN_S73	1
VRK1	JUN_T93	1
VRK1	NBN_S343	1
VRK1	NFATC3_S207	1
VRK1	NFATC3_S211	1
VRK1	NFATC3_S215	1
VRK1	NFATC3_T204	1
VRK1	NFATC3_T210	1
VRK1	NFATC4_S221	1
VRK1	NFATC4_S334	1
VRK1	NR1I2_S350	1
VRK1	PSEN2_S19	1
VRK1	PSEN2_S7	1
VRK1	PSEN2_S9	1
VRK1	SLC18A2_S511	1
VRK1	SLC18A2_S513	1
VRK1	TP53_T18	1
VRK1	XRCC1_S241	1
VRK1	XRCC1_S371	1
VRK1	XRCC1_S461	1
VRK1	XRCC1_T457	1
VRK1	XRCC1_T523	1
VRK1	YWHAQ_S232	1
VRK2	APC_S1279	1
VRK2	APC_S1392	1
VRK2	BANF1_S4	1
VRK2	BANF1_T2	1
VRK2	BANF1_T3	1
VRK2	BID_S110	1
VRK2	BID_T105	1
VRK2	CDK5_S159	1
VRK2	COIL_S184	1
VRK2	CSNK1E_S323	1
VRK2	CSNK1E_S368	1
VRK2	CSNK1E_S405	1
VRK2	CSNK1E_S408	1
VRK2	CSNK1E_T325	1
VRK2	CSNK1E_T334	1
VRK2	CSNK1E_T337	1
VRK2	CSNK1E_T407	1
VRK2	CTNNB1_S45	1
VRK2	DTNBP1_S297	1
VRK2	DTNBP1_S299	1
VRK2	NFATC2_S31	1
VRK2	NFATC3_S207	1
VRK2	NFATC3_S211	1
VRK2	NFATC3_S215	1
VRK2	NFATC3_T204	1
VRK2	NFATC3_T210	1
VRK2	PLK1_T210	1
VRK2	PSEN2_S19	1
VRK2	PSEN2_S7	1
VRK2	PSEN2_S9	1
VRK2	SLC18A2_S511	1
VRK2	SLC18A2_S513	1
VRK2	TP53_T18	1
VRK2	USP25_S745	1
VRK2	USP25_T680	1
VRK2	USP25_T727	1
VRK2	YWHAQ_S232	1
VRK3	APC_S1279	1
VRK3	APC_S1392	1
VRK3	BANF1_S4	1
VRK3	BID_S110	1
VRK3	BID_T105	1
VRK3	CDK5_S159	1
VRK3	CSNK1E_S323	1
VRK3	CSNK1E_S368	1
VRK3	CSNK1E_S405	1
VRK3	CSNK1E_S408	1
VRK3	CSNK1E_T325	1
VRK3	CSNK1E_T334	1
VRK3	CSNK1E_T337	1
VRK3	CSNK1E_T407	1
VRK3	CTNNB1_S45	1
VRK3	EZH1_S730	1
VRK3	NFATC3_S207	1
VRK3	NFATC3_S211	1
VRK3	NFATC3_S215	1
VRK3	NFATC3_T204	1
VRK3	NFATC3_T210	1
VRK3	NOL7_S126	1
VRK3	PSEN2_S19	1
VRK3	PSEN2_S7	1
VRK3	PSEN2_S9	1
VRK3	SLC18A2_S511	1
VRK3	SLC18A2_S513	1
VRK3	TP53_T18	1
VRK3	YWHAQ_S232	1
VTA1	TP53_S15	1
WDR26	BAD_S75	1
WEE1	CAMKK1_S443	1
WEE1	CAMKK1_T108	1
WEE1	CBL_S452	1
WEE1	CBL_S483	1
WEE1	CBL_S667	1
WEE1	CDK1_S121	1
WEE1	CDK1_S46	1
WEE1	CDK1_T14	1
WEE1	CDK1_T240	1
WEE1	CDK1_Y15	1
WEE1	CDK2_T14	1
WEE1	CDK2_Y15	1
WEE1	CSDC2_S47	1
WEE1	CTTN_S380	1
WEE1	CTTN_T374	1
WEE1	CTTN_Y501	1
WEE1	EIF4A3_S62	1
WEE1	EIF4B_S131	1
WEE1	EIF4B_S406	1
WEE1	EIF4B_T461	1
WEE1	EIF4B_T75	1
WEE1	EIF4ENIF1_S564	1
WEE1	EIF4ENIF1_S587	1
WEE1	HCLS1_Y198	1
WEE1	HNRNPK_S116	1
WEE1	HNRNPK_T118	1
WEE1	HNRNPK_Y236	1
WEE1	HNRNPK_Y380	1
WEE1	HSP90AA1_Y38	1
WEE1	IRF3_S175	1
WEE1	KHDRBS1_S24	1
WEE1	KHDRBS1_S29	1
WEE1	KHDRBS1_S35	1
WEE1	KHDRBS1_S70	1
WEE1	KHDRBS1_S90	1
WEE1	KHDRBS1_T84	1
WEE1	LIG1_T182	1
WEE1	LIG1_T548	1
WEE1	METTL3_S64	1
WEE1	METTL3_T54	1
WEE1	METTL3_T57	1
WEE1	NFATC4_S170	1
WEE1	NFATC4_S217	1
WEE1	NFATC4_Y234	1
WEE1	NOC2L_S58	1
WEE1	NUP133_T65	1
WEE1	PPP1R13L_S119	1
WEE1	PPP1R13L_S158	1
WEE1	PPP1R13L_S357	1
WEE1	PPP1R13L_S594	1
WEE1	PPP1R13L_Y132	1
WEE1	PPP1R8_Y264	1
WEE1	PSPC1_S473	1
WEE1	RBM17_S227	1
WEE1	RBM17_T224	1
WEE1	RPA2_S33	1
WEE1	SNRNP70_S226	1
WEE1	SNRNP70_S320	1
WEE1	SNRNP70_Y126	1
WEE1	SRSF1_S201	1
WEE1	SRSF1_Y202	1
WEE1	TAGLN2_Y192	1
WEE1	TAGLN2_Y8	1
WEE1	TSC22D4_S263	1
WEE1	TSC22D4_S49	1
WEE1	TSC22D4_S69	1
WEE1	TSC22D4_T139	1
WEE1	TSC22D4_T157	1
WEE1	XRCC1_S259	1
WEE1	XRCC1_S268	1
WEE1	XRCC1_S446	1
WEE1	XRCC1_T279	1
WEE1	XRCC1_T453	1
WEE1	ZC3H12D_Y15	1
WEE1	ZMYM3_S192	1
WEE1	ZMYM3_S194	1
WEE1	ZMYM3_S220	1
WEE1	ZMYM3_S51	1
WEE1	ZMYM3_S53	1
WEE1	ZYX_S313	1
WEE2	CDK1_T14	1
WEE2	CDK1_Y15	1
WFDC1	STAT3_Y705	1
WFDC2	PTK2_Y397	1
WIPF2	H2AX_Y143	1
WNK1	MAPK1_S202	1
WNK1	MAPK1_T181	1
WNK1	NEDD4L_S342	1
WNK1	NEDD4L_S449	1
WNK1	NFATC4_S272	1
WNK1	NR3C2_S843	1
WNK1	OSR1_T185	1
WNK1	OXSR1_S325	1
WNK1	OXSR1_T185	1
WNK1	PCF11_S120	1
WNK1	PCF11_T121	1
WNK1	PRKCD_S503	1
WNK1	PRKCD_T507	1
WNK1	RPS6KA2_S218	1
WNK1	RPS6KA2_T570	1
WNK1	SLC12A5_T1030	1
WNK1	SLC12A5_T929	1
WNK1	SLC12A6_T1048	1
WNK1	SLC12A6_T991	1
WNK1	STK39_S323	1
WNK1	STK39_S371	1
WNK1	STK39_T231	1
WNK1	SUFU_S349	1
WNK1	SYT2_T199	1
WNK1	SYT2_T383	1
WNK1	WNK4_S335	1
WNK1	ZYX_T270	1
WNK2	STK39_S371	1
WNK2	STK39_T354	1
WNK2	WNK1_S382	1
WNK3	NEDD4L_S328	1
WNK3	SLC12A5_T1030	1
WNK3	SLC12A5_T929	1
WNK3	SLC12A6_S96	1
WNK3	SLC12A6_T1048	1
WNK3	SLC12A6_T991	1
WNK3	WNK1_S382	1
WNK4	CFTR_Y512	1
WNK4	CLDN7_S206	1
WNK4	KLHL3_S433	1
WNK4	NEDD4L_S342	1
WNK4	NEDD4L_S449	1
WNK4	OXSR1_S325	1
WNK4	OXSR1_T185	1
WNK4	SLC12A3_S73	1
WNK4	SLC12A3_T46	1
WNK4	SLC12A3_T50	1
WNK4	SLC12A3_T55	1
WNK4	STK39_S371	1
WNK4	STK39_S71	1
WNK4	STK39_T231	1
WNK4	WNK1_S382	1
WNT1	BAD_S99	1
WNT1	CTNNB1_S675	1
WNT1	LRP6_S1490	1
WNT3A	CTNNB1_S675	1
WNT3A	CTNND1_S268	1
WNT3A	CTNND1_S269	1
WNT3A	GSK3B_S9	1
WNT3A	LRP6_S1490	1
WNT3A	LRP6_S1579	1
WNT3A	LRP6_T1493	1
WNT3A	PRKD1_S738	1
WNT5A	AQP2_S256	1
WNT5A	AQP2_T269	1
WNT5A	CTNNB1_S45	1
WNT5A	HCLS1_Y378	1
WNT5A	LYPLA1_S209	1
WNT5A	PXN_Y118	1
WNT5A	RORA_S35	1
WNT5A	SMAD1_S206	1
WNT5A	SRC_Y419	1
WNT8A	LRP6_S1490	1
WRN	PRKCE_S729	1
WWC1	LATS1_S909	1
WWC1	LATS2_S83	1
WWOX	MAPT_S515	1
WWOX	MAPT_T529	1
XAF1	TP53_S46	1
XRCC1	TP53_S15	1
YES1	ABL1_Y226	1
YES1	ABL1_Y393	1
YES1	ALOX5_Y43	1
YES1	ALOX5_Y446	1
YES1	ALOX5_Y54	1
YES1	ANXA2_Y24	1
YES1	ASAP3_Y733	1
YES1	CBL_Y141	1
YES1	CBL_Y368	1
YES1	CBL_Y700	1
YES1	CBL_Y731	1
YES1	CBL_Y774	1
YES1	CD247_Y111	1
YES1	CD247_Y123	1
YES1	CD247_Y142	1
YES1	CD247_Y153	1
YES1	CD247_Y72	1
YES1	CD247_Y83	1
YES1	CD28_Y191	1
YES1	CD3G_Y160	1
YES1	CD3G_Y171	1
YES1	CD46_Y324	1
YES1	CD46_Y338	1
YES1	CD46_Y339	1
YES1	CD46_Y353	1
YES1	CD46_Y354	1
YES1	CD46_Y368	1
YES1	CDC37_Y298	1
YES1	CDC37_Y4	1
YES1	CDK4_Y17	1
YES1	CDKN1B_Y74	1
YES1	CDKN1B_Y88	1
YES1	CDKN1B_Y89	1
YES1	CTTN_Y384	1
YES1	CTTN_Y433	1
YES1	DAPP1_Y139	1
YES1	DOK1_Y449	1
YES1	DPYSL2_Y479	1
YES1	EGFR_Y1016	1
YES1	EGFR_Y1069	1
YES1	EGFR_Y1092	1
YES1	EGFR_Y1110	1
YES1	EGFR_Y1125	1
YES1	EGFR_Y1172	1
YES1	EGFR_Y1197	1
YES1	ENO1_Y44	1
YES1	ERBB2_Y877	1
YES1	ETS1_Y283	1
YES1	FCGR2A_Y288	1
YES1	FCGR2A_Y304	1
YES1	FYN_Y365	1
YES1	NFE2L2_Y576	1
YES1	NGEF_Y179	1
YES1	NPHS1_Y1193	1
YES1	NPM1_Y67	1
YES1	PECAM1_Y663	1
YES1	PRKCD_Y313	1
YES1	PTK2_Y397	1
YES1	PTK2_Y861	1
YES1	PTK2_Y925	1
YES1	SNCA_S129	1
YES1	SNCA_Y125	1
YES1	SOCS1_Y80	1
YES1	STAT3_Y705	1
YES1	WBP2_Y192	1
YES1	WBP2_Y231	1
YES1	YAP1_Y407	1
YES1	YWHAH_Y117	1
YRDC	BAD_S75	1
YRDC	BCL2_S24	1
YRDC	DLG4_Y523	1
YRDC	GRIN2A_S1232	1
YRDC	GSK3B_S9	1
YRDC	HSPB1_S82	1
YRDC	NUAK2_T208	1
YRDC	RAF1_S259	1
YWHAG	MYCN_S62	1
YWHAG	PPP1R13L_S113	1
YWHAG	PPP1R13L_S84	1
YWHAG	SIRT1_S540	1
YWHAG	SIRT1_T530	1
YWHAG	TREX1_S261	1
ZAP70	ABI2_Y207	1
ZAP70	ABI2_Y424	1
ZAP70	CTLA4_Y218	1
ZAP70	CTTN_Y433	1
ZAP70	DBNL_Y334	1
ZAP70	DBNL_Y335	1
ZAP70	DBNL_Y343	1
ZAP70	DBNL_Y344	1
ZAP70	DBNL_Y345	1
ZAP70	DBNL_Y353	1
ZAP70	DUSP3_Y138	1
ZAP70	DUSP3_Y38	1
ZAP70	EPHB3_Y614	1
ZAP70	GAB2_Y452	1
ZAP70	GAB2_Y576	1
ZAP70	GAB2_Y614	1
ZAP70	LAT_Y126	1
ZAP70	LAT_Y127	1
ZAP70	LAT_Y131	1
ZAP70	LAT_Y132	1
ZAP70	LAT_Y156	1
ZAP70	LAT_Y161	1
ZAP70	LAT_Y163	1
ZAP70	LAT_Y168	1
ZAP70	LAT_Y170	1
ZAP70	LAT_Y171	1
ZAP70	LAT_Y190	1
ZAP70	LAT_Y191	1
ZAP70	LAT_Y200	1
ZAP70	LAT_Y207	1
ZAP70	LAT_Y220	1
ZAP70	LAT_Y225	1
ZAP70	LAT_Y226	1
ZAP70	LAT_Y227	1
ZAP70	LAT_Y255	1
ZAP70	LAT_Y262	1
ZAP70	LCK_Y192	1
ZAP70	LCP2_Y113	1
ZAP70	LCP2_Y128	1
ZAP70	LCP2_Y145	1
ZAP70	LCP2_Y423	1
ZAP70	LCP2_Y426	1
ZAP70	MAPK14_Y323	1
ZAP70	MUC1_Y1203	1
ZAP70	MUC1_Y1229	1
ZAP70	MUC1_Y229	1
ZAP70	MUC1_Y238	1
ZAP70	MUC1_Y247	1
ZAP70	PRKACA_Y331	1
ZAP70	SH2B3_Y273	1
ZAP70	SHC1_Y239	1
ZAP70	SHC1_Y240	1
ZAP70	SHC1_Y317	1
ZAP70	SHC1_Y349	1
ZAP70	SHC1_Y350	1
ZAP70	SHC1_Y427	1
ZAP70	SHC1_Y428	1
ZAP70	THEMIS_Y174	1
ZAP70	THEMIS_Y353	1
ZAP70	THEMIS_Y429	1
ZAP70	THEMIS_Y540	1
ZAP70	THEMIS_Y541	1
ZAP70	THEMIS_Y95	1
ZAP70	TRAT1_Y79	1
ZAP70	VAV1_Y174	1
ZAP70	VAV1_Y192	1
ZBTB12	IRF3_S386	1
ZBTB16	MYC_S62	1
ZC3H12D	BIRC5_T34	1
ZDHHC2	PXN_Y118	1
ZFP36L2	GRIA1_S863	1
ZFP42	DNM1L_S616	1
ZFYVE9	TGFBR1_S165	1
ZFYVE9	TGFBR1_S172	1
ZFYVE9	TGFBR1_T176	1
ZGPAT	CDKN1A_T145	1
ZHX2	MAP2K1_S218	1
ZHX2	MAP2K1_S222	1
ZHX2	MAP2K2_S222	1
ZHX2	MYC_T8	1
ZNF331	TP53_S15	1
ZNF451	GRIN2B_Y1474	1
ZNF451	PPP1R1B_T34	1
