Gene_symbol	Protein_id	FKH1_1	FKH1_2	FKH1_3	FKH1_4	FKH1_5	FKH1_6	HL60_1	HL60_2	HL60_3	HL60_4	HL60_5	HL60_6	KASUMI1_1	KASUMI1_2	KASUMI1_3	KASUMI1_4	KASUMI1_5	KASUMI1_6	Kg1a_1	Kg1a_2	Kg1a_3	Kg1a_4	Kg1a_6	ME1_1	ME1_2	ME1_4	ME1_5	ME1_6	MOLM13_1	MOLM13_4	MOLM13_6	MOLM16_1	MOLM16_2	MOLM16_3	MOLM16_4	MOLM16_5	MOLM16_6	MONOMAC6_1	MONOMAC6_2	MONOMAC6_3	MONOMAC6_4	MONOMAC6_5	MONOMAC6_6	MUTZ3_1	MUTZ3_2	MUTZ3_3	MUTZ3_4	MUTZ3_5	MUTZ3_6	MV411_1	MV411_2	MV411_3	MV411_4	MV411_5	MV411_6	OCIAML3_1	OCIAML3_2	OCIAML3_3	OCIAML3_4	OCIAML3_5	OCIAML3_6	OCIAML5_1	OCIAML5_3	OCIAML5_5	OCIAML5_6	OCIAML6_1	OCIAML6_2	OCIAML6_3	OCIAML6_4	OCIAML6_5	OCIAML6_6	OCIM1_1	OCIM1_3	OCIM1_4	OCIM1_6	SHI1_1	SHI1_2	SHI1_3	SHI1_4	SHI1_5	SKM1_1	SKM1_2	SKM1_3	SKM1_4	SKM1_5	SKM1_6	THP1_1	THP1_2	THP1_4	THP1_5	THP1_6	UCSDAML1_1	UCSDAML1_6	UCSDAML1_2	UCSDAML1_3	UCSDAML1_4	UCSDAML1_5
H1_[11]_(K)_Unmod	H1_[11]_(K)_Unmod	-1.48750421006811	-0.955027279837495	-1.95789060520064	-1.13866230761619	-0.897802248091993	0.748953677266776	0.748953677266776	0.748953677266776	0.748953677266776	0.748953677266776	0.748953677266776	0.748953677266776	0.748953677266776	0.748953677266776	0.748953677266776	0.748953677266776	0.748953677266776	0.748953677266776	0.748953677266776	0.748953677266776	0.748953677266776	0.748953677266776	0.748953677266776	-1.95255875030311	0.748953677266776	0.748953677266776	0.748953677266776	0.748953677266776	-2.07594365002092	0.748953677266776	0.748953677266776	-0.817556883635129	-0.731751337169126	0.748953677266776	0.748953677266776	-0.990772209509427	0.748953677266776	0.748953677266776	0.748953677266776	0.748953677266776	0.748953677266776	0.748953677266776	-1.71937022900735	0.748953677266776	0.748953677266776	0.748953677266776	0.748953677266776	0.748953677266776	0.748953677266776	0.748953677266776	-0.619909596640375	0.748953677266776	0.748953677266776	0.748953677266776	0.748953677266776	0.748953677266776	-2.22436672535627	0.748953677266776	0.748953677266776	0.748953677266776	0.748953677266776	0.748953677266776	-2.56594340424901	0.748953677266776	0.748953677266776	-0.952911140283952	-0.726095316440585	-0.789126524123347	-2.21195210954997	-0.779271372535054	-0.370893865655281	0.748953677266776	-1.56471688527185	-1.27604221836065	-1.90230921788123	0.748953677266776	0.748953677266776	0.748953677266776	-1.05253501655516	0.748953677266776	-0.697573536349361	-0.945265828881413	-1.67193484713118	0.748953677266776	-1.36337121400907	-1.40436445224148	-1.20661922419189	0.343921151939055	0.130891437762482	-0.338308043868066	-0.43729287251495	-0.0562170565755701	-0.437079183736945	-0.527994258832582	-1.63641261641765	-0.321836056999856	-0.359989898795581
H1_[13]_(K)_Unmod	H1_[13]_(K)_Unmod	-1.48750421006811	-0.955027279837495	-1.95789060520064	-1.13866230761619	-0.897802248091993	0.748953677266776	0.748953677266776	0.748953677266776	0.748953677266776	0.748953677266776	0.748953677266776	0.748953677266776	0.748953677266776	0.748953677266776	0.748953677266776	0.748953677266776	0.748953677266776	0.748953677266776	0.748953677266776	0.748953677266776	0.748953677266776	0.748953677266776	0.748953677266776	-1.95255875030311	0.748953677266776	0.748953677266776	0.748953677266776	0.748953677266776	-2.07594365002092	0.748953677266776	0.748953677266776	-0.817556883635129	-0.731751337169126	0.748953677266776	0.748953677266776	-0.990772209509427	0.748953677266776	0.748953677266776	0.748953677266776	0.748953677266776	0.748953677266776	0.748953677266776	-1.71937022900735	0.748953677266776	0.748953677266776	0.748953677266776	0.748953677266776	0.748953677266776	0.748953677266776	0.748953677266776	-0.619909596640375	0.748953677266776	0.748953677266776	0.748953677266776	0.748953677266776	0.748953677266776	-2.22436672535627	0.748953677266776	0.748953677266776	0.748953677266776	0.748953677266776	0.748953677266776	-2.56594340424901	0.748953677266776	0.748953677266776	-0.952911140283952	-0.726095316440585	-0.789126524123347	-2.21195210954997	-0.779271372535054	-0.370893865655281	0.748953677266776	-1.56471688527185	-1.27604221836065	-1.90230921788123	0.748953677266776	0.748953677266776	0.748953677266776	-1.05253501655516	0.748953677266776	-0.697573536349361	-0.945265828881413	-1.67193484713118	0.748953677266776	-1.36337121400907	-1.40436445224148	-1.20661922419189	0.343921151939055	0.130891437762482	-0.338308043868066	-0.43729287251495	-0.0562170565755701	-0.437079183736945	-0.527994258832582	-1.63641261641765	-0.321836056999856	-0.359989898795581
H1_[142]_(K)_Unmod	H1_[142]_(K)_Unmod	0.0073421648141009	0.367736991650268	0.859019231628262	0.858351465199214	0.253796849975821	0.706075607645854	-0.245319149232705	0.238835611194146	0.843508384061679	1.02384807285168	0.762521552430505	0.971655518367777	0.123951889721671	0.366062540532064	-0.106167022213175	-0.238062376125436	-0.0483693910681853	0.324317321977507	-1.13107665012741	-1.36210820213898	-0.534744431869251	0.397585722457405	0.608963152425344	-2.12715452036715	0.0221545841375824	0.0462653052639928	0.327665604605047	-1.12020959820625	-1.81483419161262	-1.49106973767978	-1.50563749376122	-0.547977121625935	-2.7466211026498	-2.3300863458808	-2.16700151023956	-0.994831956489573	-1.59615693817953	0.348346644111897	0.060157849983822	0.170503082321164	-0.191448758328181	-0.891227778639374	0.130537364593875	-0.288397195708508	-0.187242582213102	-0.379715848756203	1.30392818007489	-0.192462268876014	-0.291045919216713	-0.0626867573363096	1.22307037500414	1.31494296962463	-0.500773502540711	-0.311710684634931	0.214917084175438	-0.348239016012488	-0.978026242102131	-0.142672181615465	0.62920937456649	-0.709619811183237	0.255474271466215	1.12826151466718	0.994541670371661	0.298951826010994	1.85315818090057	-0.329297242587259	-1.28907418140593	-1.99933310052465	0.400023117802676	-0.954085322635048	-0.858012319999181	0.873232942472342	0.477780977539361	-0.123245359932254	-0.794704434360407	0.589038865108307	1.15683888246555	0.738177252637754	-0.219330947647961	1.72074313677895	1.58814761700313	-0.903243438305907	0.410898757643127	0.245723986559518	-0.628214561393857	0.0843267464921105	0.503250155913274	2.61470983047442	1.81878304863778	0.0688016427764622	1.49231729254821	-0.364980355814652	0.523145826813892	-0.211066762071935	-0.438634864391083	0.1904650658451	2.16385607337599
H1_[144]_(K)_Unmod	H1_[144]_(K)_Unmod	0.0073421648141009	0.367736991650268	0.859019231628262	0.858351465199214	0.253796849975821	0.706075607645854	-0.245319149232705	0.238835611194146	0.843508384061679	1.02384807285168	0.762521552430505	0.971655518367777	0.123951889721671	0.366062540532064	-0.106167022213175	-0.238062376125436	-0.0483693910681853	0.324317321977507	-1.13107665012741	-1.36210820213898	-0.534744431869251	0.397585722457405	0.608963152425344	-2.12715452036715	0.0221545841375824	0.0462653052639928	0.327665604605047	-1.12020959820625	-1.81483419161262	-1.49106973767978	-1.50563749376122	-0.547977121625935	-2.7466211026498	-2.3300863458808	-2.16700151023956	-0.994831956489573	-1.59615693817953	0.348346644111897	0.060157849983822	0.170503082321164	-0.191448758328181	-0.891227778639374	0.130537364593875	-0.288397195708508	-0.187242582213102	-0.379715848756203	1.30392818007489	-0.192462268876014	-0.291045919216713	-0.0626867573363096	1.22307037500414	1.31494296962463	-0.500773502540711	-0.311710684634931	0.214917084175438	-0.348239016012488	-0.978026242102131	-0.142672181615465	0.62920937456649	-0.709619811183237	0.255474271466215	1.12826151466718	0.994541670371661	0.298951826010994	1.85315818090057	-0.329297242587259	-1.28907418140593	-1.99933310052465	0.400023117802676	-0.954085322635048	-0.858012319999181	0.873232942472342	0.477780977539361	-0.123245359932254	-0.794704434360407	0.589038865108307	1.15683888246555	0.738177252637754	-0.219330947647961	1.72074313677895	1.58814761700313	-0.903243438305907	0.410898757643127	0.245723986559518	-0.628214561393857	0.0843267464921105	0.503250155913274	2.61470983047442	1.81878304863778	0.0688016427764622	1.49231729254821	-0.364980355814652	0.523145826813892	-0.211066762071935	-0.438634864391083	0.1904650658451	2.16385607337599
H1_[145]_(K)_Unmod	H1_[145]_(K)_Unmod	0.0073421648141009	0.367736991650268	0.859019231628262	0.858351465199214	0.253796849975821	0.706075607645854	-0.245319149232705	0.238835611194146	0.843508384061679	1.02384807285168	0.762521552430505	0.971655518367777	0.123951889721671	0.366062540532064	-0.106167022213175	-0.238062376125436	-0.0483693910681853	0.324317321977507	-1.13107665012741	-1.36210820213898	-0.534744431869251	0.397585722457405	0.608963152425344	-2.12715452036715	0.0221545841375824	0.0462653052639928	0.327665604605047	-1.12020959820625	-1.81483419161262	-1.49106973767978	-1.50563749376122	-0.547977121625935	-2.7466211026498	-2.3300863458808	-2.16700151023956	-0.994831956489573	-1.59615693817953	0.348346644111897	0.060157849983822	0.170503082321164	-0.191448758328181	-0.891227778639374	0.130537364593875	-0.288397195708508	-0.187242582213102	-0.379715848756203	1.30392818007489	-0.192462268876014	-0.291045919216713	-0.0626867573363096	1.22307037500414	1.31494296962463	-0.500773502540711	-0.311710684634931	0.214917084175438	-0.348239016012488	-0.978026242102131	-0.142672181615465	0.62920937456649	-0.709619811183237	0.255474271466215	1.12826151466718	0.994541670371661	0.298951826010994	1.85315818090057	-0.329297242587259	-1.28907418140593	-1.99933310052465	0.400023117802676	-0.954085322635048	-0.858012319999181	0.873232942472342	0.477780977539361	-0.123245359932254	-0.794704434360407	0.589038865108307	1.15683888246555	0.738177252637754	-0.219330947647961	1.72074313677895	1.58814761700313	-0.903243438305907	0.410898757643127	0.245723986559518	-0.628214561393857	0.0843267464921105	0.503250155913274	2.61470983047442	1.81878304863778	0.0688016427764622	1.49231729254821	-0.364980355814652	0.523145826813892	-0.211066762071935	-0.438634864391083	0.1904650658451	2.16385607337599
H1_[158]_(K)_Unmod	H1_[158]_(K)_Unmod	-0.367814753988801	-0.28794487189153	0.734011494897333	1.11814943947916	-0.659819605200321	0.572311869738133	0.0009036276140545	-0.14329036288598	0.197866281680772	0.826618136779422	0.428486856406293	0.242054143718488	0.607549287010086	0.625010278499276	-0.0338600691553734	-0.954643431196752	-0.106225327710522	-0.478162418065523	-1.19469624590897	-1.19041651450331	-0.799724156302443	0.985117145816941	-0.0321304731700347	-3.09128196766322	-0.186585744408182	0.5272329664015	0.139611156298355	-0.436763098573127	-0.86753431524934	-1.18684469756629	-0.579034838491536	2.54027603612334	1.61179796586335	-0.884087826434092	-1.0919088096893	-1.15102728812446	-0.765085714193013	-0.343272718788756	-0.465020170726358	-0.206302191150332	0.0710535406883405	0.24677762161376	0.598148981834129	-0.636989843920969	-0.363572036318546	-0.841685384570941	1.1831752191645	-0.030733574933576	-0.743561087773715	-0.169742099554557	1.29034251768844	0.454085988214195	-0.755656655175584	-0.937919119243858	-0.468258759859208	-0.351150503947178	-0.987135745198082	-0.508525486293635	0.720005068829605	-0.672804579741682	-0.393248354846415	-0.126840350992974	0.0360670492716851	-0.0552789631236419	2.06529889168488	1.14960262947218	-0.572793321106744	-1.49282305193026	0.27533529491237	0.108605813343967	-0.89055506220845	1.52637563554111	1.44004810643724	-1.27709826376704	0.335201199318436	-0.0884974021518029	0.279617034016431	1.15088205479301	-0.828893701621536	2.99549986171059	1.6685087961578	-0.810289107967789	0.19134809907511	-0.597138653212209	-1.37274468240077	-1.26556714090787	0.120574874101385	1.74452349928199	0.808738023892495	-0.746068996919133	0.997161248298709	-1.43903835705154	1.21468286671136	-0.615634895569256	1.35617695374693	-0.0293442817819315	2.38823351900131
H1_[159]_(K)_Unmod	H1_[159]_(K)_Unmod	-0.367814753988801	-0.28794487189153	0.734011494897333	1.11814943947916	-0.659819605200321	0.572311869738133	0.0009036276140545	-0.14329036288598	0.197866281680772	0.826618136779422	0.428486856406293	0.242054143718488	0.607549287010086	0.625010278499276	-0.0338600691553734	-0.954643431196752	-0.106225327710522	-0.478162418065523	-1.19469624590897	-1.19041651450331	-0.799724156302443	0.985117145816941	-0.0321304731700347	-3.09128196766322	-0.186585744408182	0.5272329664015	0.139611156298355	-0.436763098573127	-0.86753431524934	-1.18684469756629	-0.579034838491536	2.54027603612334	1.61179796586335	-0.884087826434092	-1.0919088096893	-1.15102728812446	-0.765085714193013	-0.343272718788756	-0.465020170726358	-0.206302191150332	0.0710535406883405	0.24677762161376	0.598148981834129	-0.636989843920969	-0.363572036318546	-0.841685384570941	1.1831752191645	-0.030733574933576	-0.743561087773715	-0.169742099554557	1.29034251768844	0.454085988214195	-0.755656655175584	-0.937919119243858	-0.468258759859208	-0.351150503947178	-0.987135745198082	-0.508525486293635	0.720005068829605	-0.672804579741682	-0.393248354846415	-0.126840350992974	0.0360670492716851	-0.0552789631236419	2.06529889168488	1.14960262947218	-0.572793321106744	-1.49282305193026	0.27533529491237	0.108605813343967	-0.89055506220845	1.52637563554111	1.44004810643724	-1.27709826376704	0.335201199318436	-0.0884974021518029	0.279617034016431	1.15088205479301	-0.828893701621536	2.99549986171059	1.6685087961578	-0.810289107967789	0.19134809907511	-0.597138653212209	-1.37274468240077	-1.26556714090787	0.120574874101385	1.74452349928199	0.808738023892495	-0.746068996919133	0.997161248298709	-1.43903835705154	1.21468286671136	-0.615634895569256	1.35617695374693	-0.0293442817819315	2.38823351900131
H1_[16]_(K)_Ac	H1_[16]_(K)_Ac	-0.542505563291874	-0.41462405385581	-0.2132686157155	0.638395786530843	-0.487927147300683	-0.352429012907865	1.16888277871792	0.734092741257298	1.10601407059126	1.2593446394027	0.666498507784265	1.30680023465943	-0.971217522148253	-0.609602988949978	-0.559085321520935	-0.490592139199578	-1.19763222087216	-0.700544191503075	0.634164095482354	0.219755622124748	0.856197851522993	0.920825225648193	1.04744065413984	0.152772752699627	0.261203010860633	0.400082020210525	0.630064191897618	0.274152414564364	-0.390878922626944	-0.157985311811957	-1.21606661979252	-0.0635165244544246	-0.158652743404656	-0.0931068324576904	0.111283061786772	-0.188064615538055	0.399063974451132	1.27313281349019	0.725643524741745	0.922953899891584	0.826419093835731	0.659975276610379	0.629209052298128	0.14556121288651	0.234283382896541	0.763650398024076	-0.719099456134051	0.283867632195295	0.538553967622371	0.684733976065268	1.11338517934805	1.09303418019301	0.43880564802025	0.822081472195454	0.790813685735162	0.469403902039859	0.348143051218713	0.408578056265819	0.213297023461057	0.275572552216392	0.621256784192869	0.97922279283702	0.363686296963103	0.914302367416354	0.450502280167789	-1.07080761175225	-0.101758329883605	-0.265538931191735	0.0163070100734555	0.20704470550839	-0.132714730136421	-1.73869031404208	-0.142220423641763	0.656987014916999	-0.278533655876294	0.627528668854723	-3.66886823560974	-2.53038637555884	-2.77568539230019	-0.948681858705914	-0.870552918623196	0.290480883805137	0.0842555301858233	-0.170792431281267	-0.0573912735956431	-0.203499846268476	-2.10896251776171	-3.20666001202679	-3.63136450075842	-0.767959576058023	0.051355291166661	0.630623042777852	-0.0233191202641385	0.117146522682628	0.376762428791249	0.530784439057703	0.854809183840644
H1_[16]_(K)_Bu	H1_[16]_(K)_Bu	0.793449408979087	0.937285248424283	0.7833388823675	1.09524381850743	0.889966058530488	0.815717689274165	-1.0502117810111	-1.20006310690199	-1.4726977346715	-1.32418568634972	-1.37808041352733	-1.01003994925534	0.975182554995901	1.0460690196224	1.24294125596229	1.35821571416077	1.22622791859703	1.24791841851231	-0.251107063542565	1.12451340554798	-0.250340535713389	-0.640699362561544	-0.368390737177046	0.874078215024187	0.85394589789474	-0.272936837046028	0.865772564204657	0.689991341853484	1.55080660318809	1.60668692573366	1.62155340063489	-0.205780601516493	0.0703115554458315	0.0591027644533509	0.127377810241	-1.26641192828209	0.0908008706574064	-1.33189160556533	-1.21841259832066	-1.27280484601861	-0.893480224322311	-0.837912532202224	-2.00413012586838	-0.49272051983018	-0.341932487789652	-0.849819603058334	-1.15356406080738	-0.178802674743932	-0.35634148622403	-0.420305045628819	-0.360315174312758	-0.873820223136158	-0.484988062101552	-1.30188429953779	-0.676958439870776	-0.274840467976162	-0.448103808684777	-0.471026544166887	-0.268998294085169	-0.265347860933715	-0.558199698870798	-0.593458471289888	-0.79135681827894	-0.746317204689071	-0.569546745060238	1.0935931154609	1.64182506399899	1.49612174015623	0.901957565867118	1.71840240245625	1.69250472829876	-0.605011237155107	-1.13294925418394	-1.3049907564493	-0.464438357187874	1.7798293593277	1.60024129031056	1.40529583238908	1.13846632422308	0.263694720465233	0.644205438657265	1.28805591646581	0.826574169255051	1.05221504598983	1.17589384947696	0.972604298029651	-0.988585778650563	-1.29179046099847	-0.690792032667323	-0.924726687148644	-0.926787245410886	-0.846552495103978	0.390809839069679	-1.09036237332906	-1.04716906451	-0.557150122569287	-0.42925651641599
H1_[16]_(K)_Hib	H1_[16]_(K)_Hib	-0.0941244436277935	-0.052643222177023	-0.188413767376692	-1.75476546597455	-0.321227986163356	-0.00792089409273246	-0.0781405532162109	0.118621723275565	-1.42656826813526	-0.0589639934207396	0.093846396082188	-0.0419151516123352	0.312360886701796	0.298631825658246	0.420187800329818	-1.29651627670417	0.217899403699124	0.487996029502889	0.421589397467511	0.0469554076272759	0.296225894531236	-0.0409519644078221	0.0788821429040649	-3.97215565730917	0.118587922179793	0.173561235127841	0.0289403987734432	0.11450309930723	0.0161080548901724	-0.254391392013331	-0.0318656243520523	0.336251287975701	0.47650136613546	0.31272129579877	0.052649669332435	-1.23909296452795	0.264050103336336	1.20391169319927	0.170436515159067	-0.0624227708279925	0.2037728145899	-0.196439454421326	-0.0774821884011414	0.107892874189915	0.0765529472611477	-0.353232991662839	0.1072173634261	0.226538344818938	0.0395720848054398	0.10449022545354	-0.437856595584749	-0.833145606202434	0.0968690020270818	-2.50067001062618	-0.117216186261337	0.147916219704587	0.277954442422059	-0.0515226588969706	0.114950071763861	0.207706288678351	-0.129448895249449	-0.488926167605393	-0.10135642375618	-0.445110453232816	-0.0179001522013942	-0.301396700699601	-0.320921705272097	-0.0521190327009943	0.758790521506572	-0.0509589243496458	-0.117447379658778	0.000359683946608618	0.0491655589222909	-1.83356835902214	0.162858434227072	-0.751964929976296	-0.968654119326696	0.304487161747119	2.42919177596921	0.411396505753908	-0.663664167336368	-1.6698898956157	0.0457218254525216	0.0364751983173474	-0.843777209814014	-1.30813697674355	2.89747206405606	2.91781022505428	2.68875244758169	2.84732369025645	2.91278832229018	-1.42133208141833	0.2466277833801	0.0600308255273446	-0.204476077742655	0.2339873310023	0.40460415659105
H1_[16]_(K)_Me3	H1_[16]_(K)_Me3	-0.808155893767515	-0.916285403007496	-0.556531780700677	0.322378919764025	-0.548692866180423	-0.759063555954471	0.170337327970259	-0.290239120662534	-0.15138672752501	-0.744714754340958	0.0592617670452224	0.344409708362955	0.298866617151026	0.0934776344305955	0.65547982798169	0.254610132932865	0.34692931619479	0.673674665289046	1.17310344144939	1.08851800122954	1.30500946531344	0.960361102206459	0.648093601013368	0.48292455092212	0.384828423249617	0.759277543948565	0.517054969728841	0.730362681985093	0.834056149397134	0.0632322519276725	1.59390162956257	-1.4776124281754	-1.15843547185898	-1.07669567701834	-1.01478470075037	-1.94663766767332	-1.31001834646021	1.12723546657699	0.611205742027891	0.547776011619722	1.02340393353244	1.36910451155986	0.488876716925093	-0.734617725927956	-0.565771102983521	0.259811298338266	-2.89024021591833	0.414731084366015	-0.697651108449753	0.421471519722918	0.607710848674936	0.375595745437867	0.427251541287353	1.03501185361016	-0.492389194080578	0.160582296927025	0.66810350102192	-0.583117127645766	0.686594200129817	0.677207482940109	-0.663718186073686	0.275088216808905	-0.508333187582995	0.630830432394434	0.197846476930162	-1.39704391069344	-0.977288705019999	-0.480945303119334	0.244935712348044	-0.494473746467071	-0.445538290209094	0.411171586374535	0.824121994754499	-0.204254939011499	0.709317018147096	1.15111246993205	1.20410916747821	1.06081515423442	-0.0144530425868342	-2.38251870311048	1.35902664995134	1.88666412806792	0.790369714563696	1.06440522130819	1.40825180802543	0.758161097146857	-0.356872151502117	-0.697706735783932	-2.06315898641032	0.450707148778537	-1.14702992129001	0.111739401496055	-1.50145884446213	-2.86298268396049	-2.47072716634434	-1.29307720747217	-0.515874302313482
H1_[16]_(K)_Unmod	H1_[16]_(K)_Unmod	-0.06130719928448	0.659857230158084	0.0279662695435585	1.50499534671685	0.371141939172504	0.526884159423129	-1.15455333691816	-0.901514002995217	0.262483919290811	-1.86291038284862	-1.87257608119018	-1.30989779393626	-0.956338549802064	-0.320567342049754	-0.765132428502786	-0.234659886627188	-0.136322172003256	-1.08131379861445	-0.799423583233488	-0.607562553017576	-1.23639625671599	-1.17772714004581	-1.17000314424544	-1.11976127745537	-0.858653009494038	0.103662610705529	-2.04404797548487	-1.50489395611443	0.346468330384473	0.892805604250245	0.44752531281499	0.71653055481998	0.312053934343736	-0.920065341865041	-0.2288770033024	0.834793233288138	0.455665496968167	-0.21371193920741	-1.72766120006386	-1.52364716476922	-1.21669039160765	-1.79521399321929	-0.287565861628724	-0.771283363556343	-0.202841604063446	-0.047604940444184	-0.928762663014147	-0.206624536197163	-0.182198193709829	0.058794728720298	0.777364180317469	0.993836562285604	-0.174781116422103	0.531246534130537	0.268858175608359	0.217368688210046	0.178595637413088	0.442006024830853	0.470908299046716	-0.0609192721752149	1.21341229424517	-0.0817749000077936	0.0799191522483382	-0.0370260957946661	-0.161160712640286	1.49429797028951	2.09937739587186	0.956013559884837	0.454990367824882	1.77343089113927	2.25541291525162	-2.45590693803807	-0.0841344692467283	1.92127961423923	2.25388494824631	0.703935090358534	0.289516420945542	0.558933969210611	1.24388747100391	0.857566364197043	-0.705026671587287	0.96533476240651	0.154822135487473	-0.0713507749337142	0.519058897513291	0.649691374261746	-0.686952782359331	0.682641115937896	1.83143361478975	-0.745971073417852	-0.111199604115024	1.51737957014591	-1.05566272510744	0.519564513152107	-0.218258337572667	0.755205514205303	0.925632845346485
H1_[19]_(K)_Unmod	H1_[19]_(K)_Unmod	0.415401716380801	1.41594744212375	0.109091732836543	2.00910259495948	1.39693061442558	1.33783021781464	-0.69737715780721	-0.463954825795831	1.66449336091197	-1.13294740872854	-1.84425097213739	-0.659271780186996	0.0435349320772445	0.211763097391923	0.0517497830964562	-0.22854990484363	0.28588375372614	-0.189800093436312	-0.992131872841869	-0.835007729103357	-1.80109958518938	1.66449336091197	-2.01874156069858	1.66449336091197	-1.35798865511188	-0.173704664790436	-0.86373388934127	-0.654945629763692	-0.680977175490779	-1.08205925688563	-0.271425832647428	0.205268523999101	0.157645935282877	-0.495246089328148	-0.48655591982141	0.158393503687549	-0.142845953425181	-1.73598684937291	-0.741301339983472	-0.662119952595551	-0.510441590681281	-0.785835147656139	-0.469398416505529	-1.39661918849282	-0.879092839630716	-1.0377545301113	-1.57218427859375	-0.494091666328545	-1.31812006254386	-0.66222453549292	-0.61852399225743	-0.208177063467022	-0.720663659574656	-1.30151998890014	-0.50999923105824	-1.33504965938302	-0.0721767963186058	-0.405625425195743	-0.380658198021903	-0.318760664025132	0.381536669305914	-1.03011828663319	-0.0906414584673848	-0.514884774770265	0.0695811723397135	0.50636815884502	0.838748391270244	0.297968378856887	0.302628303336978	0.614465507865239	0.992993226644689	-0.120030279664237	0.603760247327828	0.597587730372552	2.05732705163248	-0.580273729170569	-1.65984033016487	0.0970879981414678	1.26845560198483	0.999194614490998	-0.64044848222444	0.518101328026434	0.503420714579161	0.16759366633511	1.21725293609737	1.10825010130356	1.04841580038414	2.00441663098353	1.76783960900693	1.67656164664074	1.39346720395039	1.57437935170867	1.36065000600348	0.757811459560091	0.320847386252372	1.21175089695434	0.794692653921465
H1_[20]_(K)_Ac	H1_[20]_(K)_Ac	-0.0835943815267913	-0.0844223598561728	-0.0354379167801495	0.291226808276685	-0.242093337252305	-0.173622066720003	-1.33904215394189	-0.464220629046588	0.106442441124279	-0.327103173616248	-1.22271105101701	-1.30083570251461	-0.239652969682051	0.345877166576947	0.0130556839302038	0.758593729514982	0.46978051799408	0.00706344647065315	-0.101525679559713	0.0657135770474157	-0.0262890179297944	-0.940814138871923	0.56981148804457	0.76659804234339	1.20915710711481	0.415612097759728	1.32407343048155	0.874297198812943	0.914607866981295	1.87105278322835	0.0890844538508786	-2.45165909174124	-3.9302256925035	-1.65629657108457	-0.704810358573046	0.122733301940168	0.00708375818307987	0.853842036078634	0.840634127309355	0.700320393488358	0.0703424204079263	0.305007869694781	0.402509923387512	0.443868485791765	0.442281529602594	0.359812597849298	-0.34656920309168	-0.265778342910846	0.532986648800085	0.647752590606201	1.02556406883385	1.08753762190634	0.275965831545957	0.692879267758844	0.977835680437242	0.750177292400165	-0.408130707317619	0.877617386187733	0.0830366629863553	-0.483077902864556	1.10126029379482	0.0771115982031669	-0.203835650628094	-0.0398901885524298	-0.995068542256972	-3.17777878936878	-1.3275472726128	-1.42588075130793	0.0465796381534028	-1.57893010154503	-1.0817155661262	-3.26303592354087	-1.25214001146533	1.56522704102902	-0.60726102394376	1.47974859946489	0.830583341991115	0.698705496729413	0.802764480864984	-0.648994006061966	-0.00190671362388889	0.863108716483768	0.42699017007132	0.318149918137289	0.450617955659797	0.431730954310978	-0.393160484158562	0.314548338828392	1.26661384550528	-0.545057473850818	0.00968390515506647	0.68217661477197	-1.18964493648729	0.53482546394244	0.292028957529933	0.327534933520095	0.447932285036856
H1_[20]_(K)_Su	H1_[20]_(K)_Su	-1.64331836813255	0.416636030969372	-1.37842671164115	-0.233940536338665	-0.90170048191527	-0.921700228024902	2.33432938484537	-2.00073591022139	0.684492814212387	2.33432938484537	-3.79738230442784	-1.22549064196853	-0.121566368711323	-1.13645580475137	0.263542529087105	0.256026468077413	-0.272313961991518	-0.242635724312332	-0.858391721308973	-0.770718143386103	-0.520334628284734	-1.74491627313817	0.157937354694112	0.615051116094482	0.232253576229646	-0.218097079743823	-0.0323466976055361	-0.423881350805848	0.0438629399052325	0.714816763871204	-0.416463703959557	-1.54800190955789	-1.59203723388659	-0.234570350311886	0.150506052869798	1.67151046649725	0.118652566436966	1.57295311331001	-0.139549621612693	-0.102552645955098	0.251976447998109	0.257163057966385	0.250883292296029	-0.467002864748353	0.13736864062267	0.806059685328325	-0.0735766010276885	-1.33610701376247	0.416717121174937	0.0695467252009416	1.25935472736942	1.66762083787444	-0.131010524980938	1.80600577849689	0.32406586875339	-0.733023045950145	-0.171434164482909	-0.168970808516004	-0.204800607028149	-0.31624660828772	-0.108565736466111	0.829621836436888	-0.0832411373188667	0.474665883872535	-0.502364272193866	-1.44745122598102	-0.82505701593586	-0.183882181325883	-0.368763215571556	-0.342702179222283	-0.53643130034732	-0.912390132184794	-0.627985744686898	1.21210500197133	0.179005480823973	1.77854116186611	1.77897898256639	-0.491851455232062	-0.0189267786103337	-0.822190136598519	1.15769178122566	0.710913198618535	0.131845191207791	0.12537747856027	0.558201733652652	1.82209542108556	-0.496254286049993	1.63765796158054	1.69141082143194	-0.437224865609436	-0.0613994782673039	1.38557213261328	0.0796063346339303	-0.46340158614722	0.754789003444718	-0.200349132171171	-0.111609649920753
H1_[20]_(K)_Unmod	H1_[20]_(K)_Unmod	-0.744745305772369	-0.108894401642339	-0.43195641842098	1.61059546099008	-0.520089680910756	-0.306556210241856	-0.670779475228619	-1.21387402670988	-1.73949556272782	-1.98912647305264	-1.41675385748526	-0.442548220570515	-0.758578307374413	-0.3660936395286	0.279237872251295	-0.764004574352976	-0.550171648482904	0.0500494294228668	0.789234120806893	0.928992502343245	0.760734981012267	0.405601610288618	0.269151041070995	-0.456522239798845	0.311507984713495	1.1507957322638	0.00247974840958973	-0.165003685020202	0.656967261060116	0.248518388165741	1.01512378819734	0.5065212621104	0.915631710164083	-0.219762759997177	-0.211256138936705	-1.17194785340623	0.528412968278265	1.0335956442964	-1.0544434179555	-1.11451666417588	-0.349981472604494	-0.573953141408355	-0.651879435835069	-0.84171663470708	-0.318924912629207	0.474971990265708	-3.02943110794326	0.324460178957927	-0.0427427811794062	0.429814785111069	0.935306200162325	0.938388275981944	0.109389825414174	0.708901445705973	0.107688579593894	0.372956033666042	0.767173705103877	0.100956731793079	0.610927540858127	0.578351844390492	0.704446750937819	0.667352997329701	0.0278575663609627	0.668865624899838	0.177883016898204	0.0134307557342215	1.66552642042346	1.37217768366756	1.57957259973971	2.59090663487644	2.01880867152246	-1.87699984693446	0.140984143387124	-0.523210431881114	0.0850490280415075	1.06278744051159	-0.378394415059539	0.564285710225405	0.979344899667699	-0.875031647501714	-1.80661293307396	1.64928213739826	0.510598857366439	0.357366178274409	0.611001853896972	0.20635451257044	-2.90863644279518	-1.29051562832621	-1.28865477696697	-1.06712219871585	-1.61731904205115	0.900303491775528	0.236472155716022	-0.961479690360524	-1.10538998350051	0.41791090484967	0.794108406344951
H1_[21]_(K)_Ac	H1_[21]_(K)_Ac	-0.555265316873414	-0.208583763864319	-0.673128946630955	-0.29864706366924	-0.344430279876976	-0.562768497589049	-1.4629561970887	-1.92104709109429	-1.1762668617029	-2.09674443514491	-2.21103953526145	-1.67780137239313	-0.393957885530274	-0.293311411425064	0.170268285850969	0.538133038662614	0.276446148990264	0.190590844652418	0.295372779055176	0.548480217772586	0.293847803231059	-0.173483521722485	0.262821042614752	-0.283460089324914	-0.558325857845758	-3.21524276446588	-0.593106913841516	-0.821364126512989	0.916332784954787	1.0947531443651	1.01470319878957	0.697967584843652	0.746758037857311	1.36803216397089	1.61660045535731	1.08156438276058	1.51935169154715	0.0825472132226008	-1.04694023202975	-1.19185828425647	-1.10855657898407	-0.00487152989603423	-2.6474133454977	0.667618627802939	0.788592530500021	1.12475206230771	-0.120600882654519	0.912951403468229	0.866855382201751	0.354934033052357	0.701912972174083	0.407556060156905	0.308082558216003	0.624767279406768	0.408235559575781	0.773404436298951	0.370141898627703	0.788633794775105	0.563432470095283	0.554302320282308	0.770118007787586	0.908434806962886	0.535242101950169	0.735396619277056	-0.234829151926768	0.676460674824384	1.65271644553243	1.41878333012052	0.27844888250006	1.60344535131907	1.54060922276737	0.909663448090478	-2.42919221604785	-0.825349222199182	-0.898656267637553	0.509642353721604	0.34263743749511	-0.272274156029112	0.0190677202940093	-2.56379253167866	-0.788329258725379	0.302164396254558	-0.512785478036019	-0.0207144810925077	0.204626911766444	-0.0892883174278494	-1.16217715070032	-0.26634171596819	0.0741735668880872	-0.556889074469224	-0.737684158823337	0.85767045853981	-0.0715357534523164	0.0904130671543736	0.171366481507167	0.55993305710964	-0.020746829912474
H1_[21]_(K)_Unmod	H1_[21]_(K)_Unmod	-1.39260702358171	-0.203143019996961	-0.781534432931565	0.911739412359985	-1.26650656111367	-0.988437450727128	-0.379092402772526	-1.16072547237468	0.0105673425399917	-0.816453940974504	-1.19293548465917	-0.66915438963566	-0.602376913651514	-0.822142171477248	0.352253264011857	-0.195684234115382	-0.808706766381697	-0.0539652502600836	0.522405558800704	0.494561050549568	0.57894521589412	-0.406241561865049	0.766638304648725	0.619759816998379	1.42163438340637	1.23400855808655	1.14760850947881	0.617658925186087	0.812921301092188	1.09978939510356	0.102090055958613	-1.84212753856391	-0.953290032323802	-0.940019252276893	-0.554051747129102	-1.23259555743	0.147082785416331	2.14808763579829	0.413245017176877	0.389710318570341	0.647781925985783	0.340277400445073	0.561659903524123	-0.592145902340375	0.0631806218995918	0.915419383217671	-1.59478945868605	-0.350520512295873	0.423858439915317	0.807748745541346	1.88847610829307	1.8078535301104	0.364342385820645	1.57996560667089	0.669835664154822	0.280375522240214	0.329781205238452	0.145536563222647	0.328793367360282	0.125742668780914	0.348038442966508	1.15076530576192	-0.26789869530806	0.898195361347683	-0.36674504362348	-2.46280615882839	-0.970813647119203	-0.335432291941847	0.705785002856535	0.207293376009988	-0.41902756905105	-2.6854065495497	-0.642512270974027	0.91779851148148	-0.0733648230533461	2.68268255405419	1.38087715859984	0.558403679822881	0.549716899276794	-1.56603146630809	-0.332100648497811	1.65530479779144	0.486831387713862	0.333970659546398	0.53847896127835	0.253614657614242	-2.31041294919053	-0.646993563854734	-0.175759765150386	-1.61236479827717	-1.16699824713986	0.610589636112109	-0.693997796020644	-1.15972487389006	-0.779135609160283	-0.246823171042927	0.363914729813354
H1_[22]_(K)_Unmod	H1_[22]_(K)_Unmod	-1.48368257409833	-0.288813765764785	-0.979365406905163	0.652160881932219	-1.27236917988723	-1.11978033102918	-0.864416846327358	-1.56572029659481	-0.577904589547849	-1.29967447556733	-1.59730831876974	-1.09816762739349	-0.745589750893259	-0.879959625723944	0.356327102894678	0.0891220932372676	-0.567367508560822	0.0253947750061508	0.553630789376065	0.637168582329437	0.595033987650463	-0.451506249879819	0.772710235531455	0.367595288582701	1.03048263551551	0.790574953515904	0.782836074716359	0.262772703884302	1.0687591170542	1.52866260981979	0.658617898957132	-1.13375536571539	-0.372074580452213	-0.510822202041876	-0.175587898611601	-0.498372535254571	0.536723459080446	1.85845569835184	0.0137747966949185	-0.0124194978442366	0.252693654518077	0.278413464073046	0.149850759687803	-0.285611823292137	0.338042044402263	1.29148565898228	-1.42745379303174	0.0838191188452441	0.685626860465114	0.834835997856803	1.93099591449839	1.69987650556628	0.425838015676609	1.63031291352915	0.726856573100334	0.557814960376439	0.418326464026637	0.410803224852366	0.49977367877807	0.306393840697403	0.582791942609125	1.39328433501861	-0.0483148794212424	1.08125155917326	-0.426889142115173	-1.85862196709794	-0.568387680832207	0.0805525304755144	0.695490006141782	0.659813124999683	-0.0434824446281404	-2.62347511712088	-1.01226624796719	0.183263663791758	-0.383644333926162	2.45885680399601	1.30218098460601	0.327349072611021	0.431593477626063	-2.32212280370323	-0.810662027260222	1.51962312381973	0.194201779709084	0.257129787033298	0.541700919956637	0.143723015867731	-2.65333460283638	-0.764160176847342	-0.107346647642855	-1.70939338907915	-1.43596961730709	0.905902147461979	-0.653300634916335	-0.976798316232273	-0.570121858062435	0.0130239094106605	0.301720611811989
H1_[24]_(K)_Unmod	H1_[24]_(K)_Unmod	0.942803044897126	0.893803870407512	0.497842916752498	1.66705359628588	0.770728319902823	0.426002216000589	0.508555607841405	-0.880515276759033	-1.25552716508673	0.524329562762149	-1.32879623905789	0.903611851509904	-1.12979881361567	-0.741343061042248	-0.35925650111799	-0.409328511223511	-0.852391990637975	-0.582938894326322	1.49107526523192	0.426919817039627	1.46532218722295	0.561669466783411	1.48443650920584	1.24241291758032	1.74949760564554	0.331212362042358	1.47610628158696	1.55673666008196	-2.31540812275727	-2.06563284752706	-2.37224589924664	-2.63225674986435	-1.76472259638508	-0.441931758444679	-0.367758951101788	-1.07448474936183	-0.062356481756486	0.296452374706034	-0.261064546482459	0.0337558811353666	-0.27016579839398	-0.0542550517755684	-0.633592903604208	0.367056213218529	0.607381517627627	1.32267912313568	-0.622797925619065	0.816028790278107	0.714023669508724	-0.228380287212884	-0.328516301625444	-0.38542971415936	-0.202128951065647	-0.238404493315644	-0.190707778527149	0.147024675397834	0.168413728248188	-0.124445661622595	-0.741680575948715	0.421655127166928	0.0399724944760985	0.961827006927204	0.534918070359139	0.797162819563568	-0.380730007952819	-2.33385930621341	-0.369650178767419	-0.260760964618235	-0.45604658996528	-0.389074828222059	0.148555493483823	-2.07864080512359	-1.35659804332924	0.0013326114612443	-0.344921433983769	1.4358192130425	0.472855884722796	0.627658691486871	0.867845491248616	0.383287832918191	-1.2815027656988	0.865315676789911	-0.241702443317957	0.372643501171768	0.452074606835774	-0.0874003528244657	1.41287980792077	1.15168569569761	0.844920620591312	1.26491151232426	1.3070259521836	0.0849826124914158	-1.10047904945088	-0.389553305426398	0.0108575301329917	0.0304544332245248	-1.89439404469816
H1_[25]_(K)_Unmod	H1_[25]_(K)_Unmod	-1.53067950217705	-0.34234997426391	-1.0095208003636	0.762389181754842	-1.5038501061477	-1.2095207571315	-0.798427243438543	-1.41709542187395	-0.51712394048311	-0.51919956512643	-1.7944766654075	-0.862519666143966	-0.454858489990043	-0.554007155689663	0.526686820433679	0.0882190481756077	-0.63677321419754	0.163729151854844	0.506708894453409	0.619158057418811	0.771591982454965	-0.117531748522851	1.11278760783439	0.368042769356153	0.806138118648393	0.915353420581438	1.10969438834471	0.484532294764823	0.944397322860957	1.48287638577495	0.282403630791977	-1.30902396882449	-0.665745189875784	-0.943402510528621	-0.610213129693962	-0.587958209413048	0.164669239995044	2.38916513915342	0.471913748149489	0.458305108627042	0.829442650608427	0.64767010869581	0.348370998234026	-0.413578472877841	0.0750368136067937	0.844691773191653	-1.58200920052478	-0.284583558465711	0.458415854285521	0.728376819792531	1.93089383352324	1.74967690269352	0.192427497396417	1.3656056563583	0.631642384502696	0.364446978560575	0.134381915041529	0.177929469115757	0.399630016276391	0.00278197930079844	0.436591035357084	1.04959054521423	-0.442021690804722	0.706731417374032	-0.516194277931279	-2.27016104240059	-1.19777166140057	-0.668590270253417	0.673031533531553	0.18358605432288	-0.534297588223626	-2.50274876967231	-0.807922430329094	-0.356109042562218	-0.429760273630073	2.6143080948478	1.64660261195005	0.49057283503805	0.31936644802101	-1.8225013341573	-0.294782280024596	1.55826401830172	0.436736871690876	0.450829968270786	0.827074782947999	0.263587824196008	-2.49359895870633	-0.427720627803408	-0.138383325516785	-1.46833953398024	-1.17023171593739	0.812469767430816	-0.208779900646445	-0.947971881516064	-0.215111642608876	0.0779271552423159	0.71999181291679
H1_[26]_(K)_Lac	H1_[26]_(K)_Lac	0.415401716380801	1.41594744212375	0.109091732836543	2.00910259495948	1.39693061442558	1.33783021781464	-0.69737715780721	-0.463954825795831	1.66449336091197	-1.13294740872854	-1.84425097213739	-0.659271780186996	0.0435349320772445	0.211763097391923	0.0517497830964562	-0.22854990484363	0.28588375372614	-0.189800093436312	-0.992131872841869	-0.835007729103357	-1.80109958518938	1.66449336091197	-2.01874156069858	1.66449336091197	-1.35798865511188	-0.173704664790436	-0.86373388934127	-0.654945629763692	-0.680977175490779	-1.08205925688563	-0.271425832647428	0.205268523999101	0.157645935282877	-0.495246089328148	-0.48655591982141	0.158393503687549	-0.142845953425181	-1.73598684937291	-0.741301339983472	-0.662119952595551	-0.510441590681281	-0.785835147656139	-0.469398416505529	-1.39661918849282	-0.879092839630716	-1.0377545301113	-1.57218427859375	-0.494091666328545	-1.31812006254386	-0.66222453549292	-0.61852399225743	-0.208177063467022	-0.720663659574656	-1.30151998890014	-0.50999923105824	-1.33504965938302	-0.0721767963186058	-0.405625425195743	-0.380658198021903	-0.318760664025132	0.381536669305914	-1.03011828663319	-0.0906414584673848	-0.514884774770265	0.0695811723397135	0.50636815884502	0.838748391270244	0.297968378856887	0.302628303336978	0.614465507865239	0.992993226644689	-0.120030279664237	0.603760247327828	0.597587730372552	2.05732705163248	-0.580273729170569	-1.65984033016487	0.0970879981414678	1.26845560198483	0.999194614490998	-0.64044848222444	0.518101328026434	0.503420714579161	0.16759366633511	1.21725293609737	1.10825010130356	1.04841580038414	2.00441663098353	1.76783960900693	1.67656164664074	1.39346720395039	1.57437935170867	1.36065000600348	0.757811459560091	0.320847386252372	1.21175089695434	0.794692653921465
H1_[26]_(K)_Unmod	H1_[26]_(K)_Unmod	-1.5732175956067	-0.523954784765057	-1.18729699047444	0.131846917933638	-1.47372296861324	-1.29801548946147	-1.353657838062	-1.38432891741599	-0.430802898084596	-1.09311997829715	-1.72370299492203	-1.55556627198257	-0.0141738079237257	-0.172378090073118	0.918287478119546	0.698180359278419	0.0939925155036117	0.636050987872581	0.246583282007404	0.599004259563098	0.482618672168826	-0.438843567237408	0.798730694335631	0.466638314693174	0.64211213480621	0.745119136579419	0.816668474668285	0.264605432824288	1.15515815630362	1.85199287953963	0.612718429794471	-1.02857182562818	-0.351152322177675	-0.83866716614525	-0.476994570996516	-0.825016838202402	0.205967533973429	2.08652757603995	0.524969520366951	0.425219028862537	0.758526989703766	0.650070249679969	0.351478492213201	-0.314577626663127	0.0937698150888309	0.783730172119074	-1.64714148390253	-0.459320436510109	0.478738435138952	0.814130798604507	1.86642317753357	1.63865459155761	0.354434663271986	1.48637894255293	0.743945331596419	0.32481774045799	0.190947893038887	0.284009919662302	0.365953080730619	0.0062688776266985	0.449603249017652	0.958640730112746	-0.296474487797293	0.782106662472807	-0.534972353182241	-1.7210856612509	-0.880105067934138	-0.252620170760838	0.822294552311642	0.345575369418742	-0.452069243384052	-2.12473011359596	-0.694862466228781	0.214201705175401	-0.315027042056169	2.21730466823403	1.03360755725183	0.13142795756578	0.362015499700958	-2.8873214067665	-0.313222666971429	1.54551759286003	0.582758168373813	0.503433493590785	0.887386375560013	0.470635007770222	-2.36451882328581	-1.1650345533079	-1.10048112518067	-1.5261188838797	-1.25308974065221	0.948668591938335	0.146957877131028	-0.595479604149281	-0.163503618834672	0.165923208035607	0.641612270030386
H1_[3]_(T)_Ph	H1_[3]_(T)_Ph	-1.01460844009788	-1.14267990966274	-0.597887998446961	0.175004930375374	-0.953306194996951	-1.03476645987357	0.149437967896033	-0.0974940755917503	0.348380750308076	-0.280373434792544	0.0174158152293201	0.356358584319097	-0.0260842348939461	0.224609936849561	0.346810840151709	0.583168508719385	0.0323718591267344	0.353812247409065	0.265411063470612	0.377013503547798	0.487712504067702	1.08462819569808	0.651425495784489	0.468638920753816	0.404463794776005	1.08658821145041	0.688863053828481	0.517846453682264	0.693590658825168	0.598416291306332	0.0640811817946122	-1.8098506642132	-1.43042228535586	-1.96997965010963	-1.46044018187523	-1.70826597616551	-0.930063198627865	1.45193815751513	1.22867077040441	0.988247058147869	0.987232985483843	0.943914647759329	0.917494931659579	-0.322782508141706	-0.278509835606149	0.355632127324049	-2.91042438387438	-0.395648539700052	0.0584846523149954	0.861796023294451	1.35939204393181	1.33511095216512	0.525473350686888	1.21742426655145	1.05573332689332	0.574106584267026	0.37370506041106	0.582324430170545	0.402808812677503	0.0491353206979224	0.901337823114745	0.546617881651283	-0.283536381482215	0.622279499043258	0.181816280397726	-1.71411835941773	-1.05560258060544	-0.62493804081034	0.0826885094666385	-0.640931144946853	-0.930117441617936	-3.98195116765132	0.593664248202734	1.63954752748714	-0.477138310492242	1.57526877942515	0.771675284395465	0.602524559857078	-0.0703393302602097	-1.88074353293367	-0.0517645102531722	1.04949539176858	0.581806190740027	0.355222056484294	0.524212145785234	0.252599774598119	-0.935439661104603	-0.882652119321598	-2.50611043434934	-0.13026204901836	-0.354175623639842	0.443127556273287	-1.27940739237794	-0.0844214991799513	-0.132379874056187	-0.0686290424104416	0.479686687538138
H1_[31]_(K)_Unmod	H1_[31]_(K)_Unmod	-0.611390097143535	-0.185756104382766	0.548031329559241	1.38259775048402	-0.654954186859926	0.153863376983474	0.777996125711506	0.331123152145837	1.03417483026828	0.940642220652465	0.953271326707109	0.793158776749645	-0.503017206464269	-0.702851287759198	-1.15727387004814	-1.73448442789915	-2.26400203702927	-1.27467525150669	-0.576529738092914	-0.287771147132219	-0.202657806667087	0.724998950900634	-0.105348542593518	-2.16155475202118	-1.23942009609921	0.617697433002751	-0.232770518259851	-0.680390724385155	0.137871551561355	0.168385915050432	0.721112178254677	2.13045139778023	0.830209756573562	-0.24703004352781	-0.317919542263769	1.94779427567367	-0.0304101219198562	1.43753182829706	0.155302559245731	0.14679222764536	0.684558509313658	0.0740878117283016	0.841829177114579	-0.793577266782484	-0.734578162576899	-1.09987743086112	1.14885382879983	-0.470523856515301	-0.970335845853772	-0.221881845679569	1.09454824577106	1.50161156221953	-0.586290737542302	0.0212558751709616	-0.224231778562069	0.0210174771547124	-0.414417403695696	-0.347003389166587	1.226357023065	-0.389226546818117	-0.0602791994172318	-0.596113743041789	-1.28007530905513	-1.36885920029538	0.769471397240089	1.02355471264203	-0.767081615147412	-1.36694762097113	0.179672172599102	0.174447868456788	-0.235993912544804	1.635897257228	0.984976417498983	-1.50670862162346	-0.261147343637774	0.572035873950149	1.92263250286464	0.867358128129889	-1.09324555217244	2.64775928695693	2.58229452148065	-0.498966003704732	-0.33067005748983	-0.619717268332856	-0.679540111319342	-0.515852210941957	-1.42713261399222	0.477578501870962	0.117598529055564	-1.14343153577287	-0.776720888151384	-0.522917399348998	0.0041349130156272	-1.24822539744435	-0.207743066248301	-0.461720674207331	1.88470255439606
H1_[32]_(K)_Unmod	H1_[32]_(K)_Unmod	0.942803044897126	0.893803870407512	0.497842916752498	1.66705359628588	0.770728319902823	0.426002216000589	0.508555607841405	-0.880515276759033	-1.25552716508673	0.524329562762149	-1.32879623905789	0.903611851509904	-1.12979881361567	-0.741343061042248	-0.35925650111799	-0.409328511223511	-0.852391990637975	-0.582938894326322	1.49107526523192	0.426919817039627	1.46532218722295	0.561669466783411	1.48443650920584	1.24241291758032	1.74949760564554	0.331212362042358	1.47610628158696	1.55673666008196	-2.31540812275727	-2.06563284752706	-2.37224589924664	-2.63225674986435	-1.76472259638508	-0.441931758444679	-0.367758951101788	-1.07448474936183	-0.062356481756486	0.296452374706034	-0.261064546482459	0.0337558811353666	-0.27016579839398	-0.0542550517755684	-0.633592903604208	0.367056213218529	0.607381517627627	1.32267912313568	-0.622797925619065	0.816028790278107	0.714023669508724	-0.228380287212884	-0.328516301625444	-0.38542971415936	-0.202128951065647	-0.238404493315644	-0.190707778527149	0.147024675397834	0.168413728248188	-0.124445661622595	-0.741680575948715	0.421655127166928	0.0399724944760985	0.961827006927204	0.534918070359139	0.797162819563568	-0.380730007952819	-2.33385930621341	-0.369650178767419	-0.260760964618235	-0.45604658996528	-0.389074828222059	0.148555493483823	-2.07864080512359	-1.35659804332924	0.0013326114612443	-0.344921433983769	1.4358192130425	0.472855884722796	0.627658691486871	0.867845491248616	0.383287832918191	-1.2815027656988	0.865315676789911	-0.241702443317957	0.372643501171768	0.452074606835774	-0.0874003528244657	1.41287980792077	1.15168569569761	0.844920620591312	1.26491151232426	1.3070259521836	0.0849826124914158	-1.10047904945088	-0.389553305426398	0.0108575301329917	0.0304544332245248	-1.89439404469816
H1_[33]_(K)_Fo	H1_[33]_(K)_Fo	0.713157001267938	0.0935584820125614	-0.0160288691603358	1.23807034683673	-0.895711602117976	-0.758622528578212	1.27416142073299	1.4371148127238	4.19683248777102	1.68323772790011	1.05921581609663	0.0448264940162905	-0.289911363512043	0.57082939426901	0.890109781308914	-0.62164939548243	2.26132225380843	-0.576940557340683	1.163869053223	0.227588265871759	0.599965778182122	-1.02020045728573	0.514309118900755	1.69547374390854	1.07348692695187	-1.46560608179444	-1.48775066772502	-0.209559223300882	0.825517539365339	0.606550702929	-0.226115713421031	-0.547985081396521	-0.460978586678964	0.912346794197971	1.0582786466754	-0.999260423761468	-0.570894322978212	0.706950507309082	-0.271901828861673	-0.397974527324921	0.604422627701242	0.497154003667457	-0.128362981676837	-0.266500029872404	0.0964931082341161	0.196676969866769	-0.736454780872451	-0.0504192670323307	-0.600568731779849	0.825959914939158	-0.161122378911867	0.56279145523302	0.248725677645148	1.7048207470068	-0.856239432905226	0.109116878772334	0.516273998887395	0.078840772846391	-1.97386138813675	0.792487413378332	-0.840195618638009	-0.410834025760786	-0.38194530050902	0.73143893416361	-0.908632035262629	-0.563489210423803	0.511785178665154	-0.499747417488644	-0.68417438317243	-0.403565531023334	-0.582235796749716	-0.583109147115331	-1.23637085817454	-1.28768354357883	-1.77869821148099	1.45318025627604	0.150263351746181	0.384854038633746	-0.359382591911119	-1.47056160072336	-0.542388721894182	2.03758607703667	-0.371743296060978	-0.932593114588608	-0.208265075747498	-1.82058241794675	0.063033264089652	0.923558285498233	-1.12217280237658	-0.70589094036615	-1.44715820041983	-0.183941582970641	-0.67284683353181	-0.740801397067145	0.475811313634162	-0.177147419819755	-1.30527006747016
H1_[33]_(K)_Unmod	H1_[33]_(K)_Unmod	0.817955506479232	0.514733290068198	-0.0600200116145728	1.87612134872031	0.890884467362339	0.139302729488217	2.26232857375589	2.79812927306081	1.21828137300679	2.03493684656824	2.23720635922108	2.31717200295062	-1.5392780500598	-1.14331122651886	-0.350948027077284	-0.426834888219075	-2.38453474366219	-0.573291194691348	1.07257194336929	0.763893939536842	0.549766181509566	-0.520881701650811	0.114311818205233	-0.180100635109917	-1.05654640469579	-1.37375573039699	-0.783968976788804	-0.068573869210393	-0.415092393781791	0.531435047956657	0.992248684022148	-1.54715700346842	-0.917241597990498	0.356340202394958	-0.114412129351978	0.51054763917182	0.236570414698595	0.503666980580871	0.882756258826073	0.192470018632084	0.665544081715434	0.64169462513855	0.099995323095175	-0.561026536769662	-0.0104588147777612	-0.574586866841051	-0.578377586964653	-0.0775022316231299	-0.0825045730472162	0.0245907059517426	-1.44170845164902	-0.114790518058642	0.536591752194427	0.0225696798704802	0.540617833189257	0.149640271426418	1.12065067894828	0.0051130274967877	-1.10975615095017	0.0917960160157335	-0.553472994414557	-0.429734824423398	0.178869272228267	-0.307619617083987	-0.652788637054167	-1.07596246884633	-0.060744277066513	0.143897478195379	-0.995881658408094	-0.267725561210919	0.0302192380028235	-0.764525016466647	-1.8085674203297	-0.950437976126054	0.247046544190393	1.45470818257536	-0.704084984089065	0.416962172167975	0.20817788015296	1.27085291383812	-0.363032230500992	1.81324243336745	-0.804247543406767	0.263379251162937	0.997126972061559	-0.418905336207696	0.161716077481247	-1.32219229407408	-1.6486756232912	0.730187602793014	-0.468662843873247	0.00228304614721297	-1.49341618226365	-0.433334123619264	0.416937528889266	0.100551804268718	-2.61792136442461
H1_[34]_(K)_Unmod	H1_[34]_(K)_Unmod	-1.21789750740609	-0.421331436078784	-1.08842422614494	0.0178963471551208	-1.03445473374035	-1.12411597357351	-1.94293584720156	-1.81238914853028	-0.35011450180976	-1.314369809727	-2.40806431772239	-2.34084920466235	-0.224517701615596	-0.255612741354585	0.459415079818193	0.789999992290998	0.284380151298108	0.174405405106707	0.112004707518021	0.390886633303745	0.250717815564357	-0.726077833153158	0.784681757100848	0.574110391775551	0.744088315507107	0.125093183500877	0.666274566713895	0.246844261181366	1.10773923300841	1.90526036557281	0.851168430924715	-2.44180846377421	-1.95524886623774	-0.340259222103772	0.347721149982558	1.1425076438878	0.671326579778095	1.17814372261486	0.189207337100596	0.229082257075877	0.334269026069464	0.693929099939219	0.218837615322748	-0.0204662674520109	0.580496968289608	1.1721508288009	-0.609508876704173	0.0865631896687443	0.862532287549844	0.557016394571843	1.38774219779009	1.17005054543725	0.240519222143738	1.27851268994819	0.688545164235993	0.447007339537267	0.0447924603726003	0.447251232142666	0.398702616041721	0.0110497656047361	0.654469427860546	0.88344215285561	-0.066773848619186	0.786180209847588	-0.733115021428856	-2.47976733955054	-1.24011325856279	-0.667398802679831	0.00096850953276695	-0.596526677325922	-0.663478293816321	-2.08999304898672	-1.41601613529789	0.433366936593054	-0.0958256860888105	1.77327678666178	1.39430015630602	0.262119727483829	0.212882810613972	-2.20585554960604	0.503530289510547	1.54257953137142	0.395263218408553	0.57433817040493	1.09090533685731	0.675487355437057	-1.04237613291038	-0.114171204663625	0.682392656550211	-0.756665496482833	-0.773519217991	1.26960956252091	-0.908936618518093	-0.244811772165994	0.380788481390554	0.24651242556188	0.0984530666713205
H1_[36]_(K)_Unmod	H1_[36]_(K)_Unmod	0.957867633509965	-1.04256769944268	-0.0382707541869187	0.0673130456078473	-0.307185280242006	-0.0892429812512032	-0.11721102162877	0.347017677026037	-0.446094596665138	-0.63626617981318	-0.676658886933418	-0.442671418826308	0.283737174838838	1.049092654437	0.0474004777838721	1.42807203468322	0.130080318126508	1.18499347862892	1.52053931592398	1.05096322288545	0.201131276469227	0.248779332488229	-4.66085116491733	1.61583903334219	0.702543894301715	-0.122726945181311	0.613940653892407	0.04883581140075	-0.711374448752282	-0.199274930776883	-1.37507142453345	-4.93323803828008	0.0966217634889695	0.923086619225727	1.58196263917069	-1.1875380229902	0.928376197745833	0.226866293362451	0.357519526202724	1.22911240006609	-0.308915113366131	-0.542927174505159	-0.875929877103518	1.24081415359192	0.750495097919937	1.24599217734748	-0.213382070101618	0.985603355188466	0.235057183094	-0.128939515925567	-0.275674081477037	-0.131473117139176	0.947755251897435	0.604119754641875	0.113309957247999	-0.698437028396665	0.527706180512569	0.988097894229441	-0.250525110519171	0.269386097136129	-0.210541011468518	0.132583898949461	1.19612289201554	0.5152714443425	-0.879078715004199	-0.342429189179112	-0.034372191822879	0.781717198696953	-0.481407260643662	-0.227750661628564	-0.0505525363823822	-1.22387078649723	-0.0799907209503506	0.409261529308004	-0.22004533167894	0.412332136644176	-0.0903420424198291	-1.17757295339927	-0.187320129909113	-0.0411066625342287	0.403046047840305	0.108499211887975	0.156974415353354	-1.9880017540925	0.891728068373725	0.242965841391094	0.673224526534802	-0.610487846539087	-0.493771711207131	0.277102855374832	-0.302184166506213	0.229247500304434	-0.492457004164268	0.705292534235463	-0.486150369998581	-0.969356822080889	-0.884162927606363
H1_[39]_(K)_Unmod	H1_[39]_(K)_Unmod	0.415401716380801	1.41594744212375	0.109091732836543	2.00910259495948	1.39693061442558	1.33783021781464	-0.69737715780721	-0.463954825795831	1.66449336091197	-1.13294740872854	-1.84425097213739	-0.659271780186996	0.0435349320772445	0.211763097391923	0.0517497830964562	-0.22854990484363	0.28588375372614	-0.189800093436312	-0.992131872841869	-0.835007729103357	-1.80109958518938	1.66449336091197	-2.01874156069858	1.66449336091197	-1.35798865511188	-0.173704664790436	-0.86373388934127	-0.654945629763692	-0.680977175490779	-1.08205925688563	-0.271425832647428	0.205268523999101	0.157645935282877	-0.495246089328148	-0.48655591982141	0.158393503687549	-0.142845953425181	-1.73598684937291	-0.741301339983472	-0.662119952595551	-0.510441590681281	-0.785835147656139	-0.469398416505529	-1.39661918849282	-0.879092839630716	-1.0377545301113	-1.57218427859375	-0.494091666328545	-1.31812006254386	-0.66222453549292	-0.61852399225743	-0.208177063467022	-0.720663659574656	-1.30151998890014	-0.50999923105824	-1.33504965938302	-0.0721767963186058	-0.405625425195743	-0.380658198021903	-0.318760664025132	0.381536669305914	-1.03011828663319	-0.0906414584673848	-0.514884774770265	0.0695811723397135	0.50636815884502	0.838748391270244	0.297968378856887	0.302628303336978	0.614465507865239	0.992993226644689	-0.120030279664237	0.603760247327828	0.597587730372552	2.05732705163248	-0.580273729170569	-1.65984033016487	0.0970879981414678	1.26845560198483	0.999194614490998	-0.64044848222444	0.518101328026434	0.503420714579161	0.16759366633511	1.21725293609737	1.10825010130356	1.04841580038414	2.00441663098353	1.76783960900693	1.67656164664074	1.39346720395039	1.57437935170867	1.36065000600348	0.757811459560091	0.320847386252372	1.21175089695434	0.794692653921465
H1_[45]_(K)_Unmod	H1_[45]_(K)_Unmod	0.905675785887138	0.343069635961279	-0.0432729412978684	1.82334564301997	-0.0816883400993112	-0.40782031628687	2.05897061512585	2.45795525985614	3.35087512198139	2.19506712645096	1.90786767504307	1.30404144904051	-1.0323983833575	-0.264738211201596	0.375301418227377	-0.631954571492579	0.13170508245901	-0.684013400230233	1.33366893192764	0.565810375907433	0.685769892646088	-0.938254650072363	0.391383301574523	0.983685377622584	0.104041432431684	-1.69215053571342	-1.3816640035091	-0.171579492916717	0.298743309642321	0.679885575360028	0.401742417388618	-1.20155413592182	-0.799270634942643	0.778807214940791	0.612896224125014	-0.357164097272558	-0.234389633638276	0.728721968403577	0.312234478926029	-0.148227884041523	0.752342492260028	0.670708110542321	-0.0269399280735282	-0.478999559561718	0.0558687017362848	-0.190654959588361	-0.788686956360453	-0.0748589306482233	-0.428965813385992	0.541035284942532	-0.896443115382526	0.296244565147061	0.454198609427082	1.10120822088118	-0.249272430583508	0.15205228775431	0.946545104105906	0.0531660387577898	-1.87143819223261	0.556649045668811	-0.841233212648438	-0.498913300318223	-0.145476894676196	0.297814856376603	-0.939605307924703	-0.952101952443784	0.293417374242401	-0.2399604379952	-0.985099749273522	-0.405098470513638	-0.355212260793686	-0.793211494223902	-1.78507737137539	-1.34551845449707	-0.999988540512473	1.72877244695858	-0.291575144268905	0.475290859987724	-0.114935215196054	-0.239675428695655	-0.546216535663495	2.29934747753411	-0.680086473225778	-0.450632864315259	0.41582784362682	-1.39328976634084	0.129267681669368	-0.137926897409427	-1.62413736220103	-0.0489096203121439	-1.18218944481627	-0.11621784441013	-1.25171730940359	-0.711628409897939	0.533367250213093	-0.0577898605939891	-2.27456282402296
H1_[48]_(K)_Unmod	H1_[48]_(K)_Unmod	-0.751079533910019	-0.68064036072166	-1.46618619897166	0.739557499087973	-0.28393314414433	-1.41138331553635	-0.543684572235367	-0.452195385016485	-1.92168891655831	-0.476874996573452	-0.720953226515751	-0.30626494466842	-0.327717165057439	0.0142889843373985	0.966526844377456	0.910240506301807	0.288976776893676	0.542809629213272	1.69655987958137	1.62284683525792	1.06241856574369	0.135839920216395	0.821419611890466	0.643541915147127	-0.190073205379835	-0.597413865616203	-0.416665679925733	1.13367577895074	0.377950207441419	1.40215285831096	1.71094967372351	-0.841190035918645	0.0967287581525353	1.22238186360433	0.211784582922288	1.87462071678035	0.599395680081018	0.508895668990169	0.746893864686868	-0.374435416098727	0.676999336445708	1.35795652759638	-0.071629824592259	-0.431277301115525	-0.0446833762913053	-0.413763023529348	-0.0412981020728035	0.0346704603067966	-0.13990781943373	-0.466314176357806	-2.15501741489799	-0.625091673273217	0.550061471854662	-0.200038421484484	0.360429073114051	0.438570471650818	1.46092219505521	-0.125960152188573	-1.00183910466423	0.390732238548526	-0.236436614486657	-1.26113281640585	-0.188694465497843	-0.574995972171851	-1.03257062758282	-1.29267527330303	-0.317809755702639	0.193334666341823	-1.08855181233957	-0.929767946722228	-0.369013463435807	0.175133271847028	-1.04622428848604	-0.743722468414866	1.42186912920896	1.09581386060238	-0.494929827721871	0.069452346265191	0.471942572708131	-0.339121406813786	1.06642745545756	2.67793274473955	0.287718476342813	1.29291093163558	1.70411582793534	0.434013169642095	-0.408662093915885	-2.1409635583745	-1.77160809209259	0.717591700773869	-1.16531739783234	0.516431147707999	-1.76744762158561	-0.446889358098233	1.0238847994859	0.353390086713506	-3.00702536993901
H1_[51]_(K)_Unmod	H1_[51]_(K)_Unmod	0.905675785887138	0.343069635961279	-0.0432729412978684	1.82334564301997	-0.0816883400993112	-0.40782031628687	2.05897061512585	2.45795525985614	3.35087512198139	2.19506712645096	1.90786767504307	1.30404144904051	-1.0323983833575	-0.264738211201596	0.375301418227377	-0.631954571492579	0.13170508245901	-0.684013400230233	1.33366893192764	0.565810375907433	0.685769892646088	-0.938254650072363	0.391383301574523	0.983685377622584	0.104041432431684	-1.69215053571342	-1.3816640035091	-0.171579492916717	0.298743309642321	0.679885575360028	0.401742417388618	-1.20155413592182	-0.799270634942643	0.778807214940791	0.612896224125014	-0.357164097272558	-0.234389633638276	0.728721968403577	0.312234478926029	-0.148227884041523	0.752342492260028	0.670708110542321	-0.0269399280735282	-0.478999559561718	0.0558687017362848	-0.190654959588361	-0.788686956360453	-0.0748589306482233	-0.428965813385992	0.541035284942532	-0.896443115382526	0.296244565147061	0.454198609427082	1.10120822088118	-0.249272430583508	0.15205228775431	0.946545104105906	0.0531660387577898	-1.87143819223261	0.556649045668811	-0.841233212648438	-0.498913300318223	-0.145476894676196	0.297814856376603	-0.939605307924703	-0.952101952443784	0.293417374242401	-0.2399604379952	-0.985099749273522	-0.405098470513638	-0.355212260793686	-0.793211494223902	-1.78507737137539	-1.34551845449707	-0.999988540512473	1.72877244695858	-0.291575144268905	0.475290859987724	-0.114935215196054	-0.239675428695655	-0.546216535663495	2.29934747753411	-0.680086473225778	-0.450632864315259	0.41582784362682	-1.39328976634084	0.129267681669368	-0.137926897409427	-1.62413736220103	-0.0489096203121439	-1.18218944481627	-0.11621784441013	-1.25171730940359	-0.711628409897939	0.533367250213093	-0.0577898605939891	-2.27456282402296
H1_[54]_(K)_Unmod	H1_[54]_(K)_Unmod	-0.751079533910019	-0.68064036072166	-1.46618619897166	0.739557499087973	-0.28393314414433	-1.41138331553635	-0.543684572235367	-0.452195385016485	-1.92168891655831	-0.476874996573452	-0.720953226515751	-0.30626494466842	-0.327717165057439	0.0142889843373985	0.966526844377456	0.910240506301807	0.288976776893676	0.542809629213272	1.69655987958137	1.62284683525792	1.06241856574369	0.135839920216395	0.821419611890466	0.643541915147127	-0.190073205379835	-0.597413865616203	-0.416665679925733	1.13367577895074	0.377950207441419	1.40215285831096	1.71094967372351	-0.841190035918645	0.0967287581525353	1.22238186360433	0.211784582922288	1.87462071678035	0.599395680081018	0.508895668990169	0.746893864686868	-0.374435416098727	0.676999336445708	1.35795652759638	-0.071629824592259	-0.431277301115525	-0.0446833762913053	-0.413763023529348	-0.0412981020728035	0.0346704603067966	-0.13990781943373	-0.466314176357806	-2.15501741489799	-0.625091673273217	0.550061471854662	-0.200038421484484	0.360429073114051	0.438570471650818	1.46092219505521	-0.125960152188573	-1.00183910466423	0.390732238548526	-0.236436614486657	-1.26113281640585	-0.188694465497843	-0.574995972171851	-1.03257062758282	-1.29267527330303	-0.317809755702639	0.193334666341823	-1.08855181233957	-0.929767946722228	-0.369013463435807	0.175133271847028	-1.04622428848604	-0.743722468414866	1.42186912920896	1.09581386060238	-0.494929827721871	0.069452346265191	0.471942572708131	-0.339121406813786	1.06642745545756	2.67793274473955	0.287718476342813	1.29291093163558	1.70411582793534	0.434013169642095	-0.408662093915885	-2.1409635583745	-1.77160809209259	0.717591700773869	-1.16531739783234	0.516431147707999	-1.76744762158561	-0.446889358098233	1.0238847994859	0.353390086713506	-3.00702536993901
H1_[57]_(N)_Deam	H1_[57]_(N)_Deam	-0.136657159126953	-0.66754016557927	-0.472947531500128	-4.16292321734151	-0.283923750760554	-0.607719374649419	-0.112282282977714	0.124976137709992	-1.29775729945084	-0.405313390422093	-0.320525118941577	-0.00859577799920743	0.372900407179288	0.516918841067238	0.439276818203345	0.90936297632052	0.693887647212916	0.415558750185567	1.52699670959853	1.39081414715978	1.09784010232048	0.422920196446476	0.427053626920399	0.626780068691086	0.179774242447149	-0.263142486877337	0.0985689530655955	1.20421246808057	0.904356969239872	1.14701276909561	1.3947669069167	-0.16940501728203	-0.109665326622102	1.1477303956129	0.349201305480759	1.79628708937757	0.279902632910487	-0.90975709360343	0.98866064678661	0.0624377782937968	0.730565352115819	1.33713665849691	0.447370096348848	0.0327304007654337	0.137884272332322	-0.315715228343768	-0.0356189713272044	0.446379878900311	-0.209711726097705	0.195302643396397	-1.06752994036543	-0.512837471899989	0.532031914159855	0.17045889489884	0.647796804757125	0.287373213873315	1.09299557081165	0.391491150546656	-0.274517718654615	0.338341540702895	0.312021147525259	-0.891480217530453	0.340778438510255	-0.241295234806791	-0.464308542342847	-0.616351201673686	0.176041423000029	0.195152080409898	-0.618832906994749	-0.974177920051295	0.0997682893963916	0.111426904280152	-0.0839664545012205	-0.821641541644624	1.2047673555981	-4.12777931473415	-0.692438923905115	0.30134281507458	0.352151241919013	-0.146918449829323	0.371080527193263	-3.66984587366664	0.368512247037442	0.728595708948337	1.22718005495184	0.879180763387752	-0.0397476179724849	-1.61137662297857	-1.05811724032492	0.52628092721978	-1.06036867178058	-0.000135925571924917	-1.28682904058003	0.0191573991396559	0.119180751292683	-0.601233460572974	-1.28774384202877
H1_[62]_(K)_Ac	H1_[62]_(K)_Ac	1.14428608793754	0.755989419798164	0.157422163259009	1.5128411426211	0.601315865490494	-0.402735840846319	1.60400485442341	1.48798765405411	1.1995342588459	0.419071575006376	0.938364441163182	0.448757386438536	-0.124285819904015	-0.104010606836314	0.753478551332074	-0.843609748949505	0.494607731192959	0.346507252987268	0.494660755224395	0.261759183138077	-0.0796908723991391	-0.697205457734321	-1.3599199273837	-0.219344663972614	-1.46730915821203	-1.55906464874635	-0.920093584647168	-0.483589934962481	-0.0646986532542103	-0.361142427714163	0.664986578235149	-1.23126159828722	-1.07072017301422	1.02229526301122	0.976331484425445	0.167582404319873	0.251787093835396	-2.60292939167104	0.864754010171344	-0.534375708336789	-0.407364658563124	1.67962336136073	-0.0855022612215814	0.0784785374826985	0.776307565044856	1.8231045973715	0.634560027950488	0.989786102936474	0.270774348097146	0.555312076545423	0.0238088207092688	-0.19221180009151	1.09570697649591	1.08429673914997	-0.471679037453528	0.415375341676296	1.20454731958317	0.0742310092767378	-0.973564640493741	0.95882683754217	-0.333587031038349	-0.538785456064435	-0.170180916825511	1.2365930380727	-1.49011708300069	-2.30476149266762	1.36402938896499	1.27365199190987	-1.18129109445572	-0.346580485841236	0.831441169115637	1.04403000482794	-0.558297007548926	-0.0169888236952798	0.574239852294006	-0.947093135974409	-2.99250613984567	-0.427323449271988	0.783912228721	-0.854312626611707	-2.30376584183238	-1.10804773886809	-1.39435052860189	0.0757484295803523	0.0536866728959314	0.0520512890491704	0.400308953842746	-0.906072338119773	-1.0323817409012	1.00455851509301	-1.55824763698905	-0.131448029740875	-1.26723877244834	1.17212641070216	-0.14202289871608	0.582137790044947	-0.419869669494008
H1_[62]_(K)_Unmod	H1_[62]_(K)_Unmod	0.919588663359267	-0.262795580229976	0.544006491419979	-2.04959273006216	0.613737195135561	0.519917934594981	1.51508560057144	1.93315785203117	0.43267092656175	1.10203158922074	1.35470605991669	1.39170877507139	0.122049421444416	0.0850572143819302	-0.301727566305928	0.190171321661567	0.0119674581644361	0.132770357111343	1.20807720877741	0.97275712564887	0.134271195205019	0.321289769812237	-0.347871472060918	0.793853292544483	-0.0153881627422948	-1.13425468379726	-0.0189032190278493	0.755207247956673	0.404331429636248	-1.04108919003658	-0.961804697016455	0.0344582828782071	-0.883771782238555	0.83008337742607	0.670672398276005	-0.15151051727385	0.616987119028415	-1.81217523454031	0.908621858245177	0.748041036599623	0.412239833712406	0.810414171563105	0.671904481894478	0.423852620003678	0.375255327450414	0.399094189017419	-0.145970230176013	0.644337251347184	-0.132358434758557	0.214469411211205	-0.331951795553117	-0.519625749187866	1.10143312925778	0.128249345339453	0.88925523643335	0.132011049358646	0.931191310155561	0.721548249588801	-1.63188417310462	0.609154812915909	0.386223829994146	-0.330539442880197	0.765477485828849	0.0539016993224894	0.0269817577936437	-0.0788068784075723	0.132685943941584	0.851409069132136	-0.57184689301636	-0.691660738604657	0.442772860877349	-0.98098258640731	0.20887981030924	0.101250438905013	2.41696999561277	-2.3642730288866	-3.34748780706072	-1.00806190261655	0.602423564424151	-1.70921694271704	-2.01692485387051	-2.77688742278952	-0.0393237578906243	-0.158057042667102	0.489060317350464	0.509164107722044	0.586506925992284	-1.31714336436709	-1.41287233289067	0.909143304467434	-0.778647814177411	-0.993147147114459	-1.08677061938998	0.325567335377636	-0.348168712186742	-0.87993631586765	-1.90667624706066
H1_[63]_(K)_Unmod	H1_[63]_(K)_Unmod	0.919588663359267	-0.262795580229976	0.544006491419979	-2.04959273006216	0.613737195135561	0.519917934594981	1.51508560057144	1.93315785203117	0.43267092656175	1.10203158922074	1.35470605991669	1.39170877507139	0.122049421444416	0.0850572143819302	-0.301727566305928	0.190171321661567	0.0119674581644361	0.132770357111343	1.20807720877741	0.97275712564887	0.134271195205019	0.321289769812237	-0.347871472060918	0.793853292544483	-0.0153881627422948	-1.13425468379726	-0.0189032190278493	0.755207247956673	0.404331429636248	-1.04108919003658	-0.961804697016455	0.0344582828782071	-0.883771782238555	0.83008337742607	0.670672398276005	-0.15151051727385	0.616987119028415	-1.81217523454031	0.908621858245177	0.748041036599623	0.412239833712406	0.810414171563105	0.671904481894478	0.423852620003678	0.375255327450414	0.399094189017419	-0.145970230176013	0.644337251347184	-0.132358434758557	0.214469411211205	-0.331951795553117	-0.519625749187866	1.10143312925778	0.128249345339453	0.88925523643335	0.132011049358646	0.931191310155561	0.721548249588801	-1.63188417310462	0.609154812915909	0.386223829994146	-0.330539442880197	0.765477485828849	0.0539016993224894	0.0269817577936437	-0.0788068784075723	0.132685943941584	0.851409069132136	-0.57184689301636	-0.691660738604657	0.442772860877349	-0.98098258640731	0.20887981030924	0.101250438905013	2.41696999561277	-2.3642730288866	-3.34748780706072	-1.00806190261655	0.602423564424151	-1.70921694271704	-2.01692485387051	-2.77688742278952	-0.0393237578906243	-0.158057042667102	0.489060317350464	0.509164107722044	0.586506925992284	-1.31714336436709	-1.41287233289067	0.909143304467434	-0.778647814177411	-0.993147147114459	-1.08677061938998	0.325567335377636	-0.348168712186742	-0.87993631586765	-1.90667624706066
H1_[65]_(K)_Unmod	H1_[65]_(K)_Unmod	-0.499595545869666	-0.512965253568802	-0.457408060371233	-2.12563374842265	-0.173085444690618	0.120029110330943	-1.53496102868434	0.799731743240017	-1.0101283246035	-0.0816388044142609	-0.183454884492935	0.0410004187857467	0.549729253429542	0.0799512310995975	0.675818901196186	0.352307089499112	0.744463833795241	0.376059029465547	1.26865791965106	0.787393906589917	0.773180646389322	-1.1296330936389	-0.373887902003915	1.35365457586993	-0.936206534884594	-0.0363335280937992	-0.890335937129002	0.942895777253262	0.867467212675101	1.16723319386267	1.21198644045653	0.126300249910544	-0.715778279382917	0.133052633837096	0.296567967854341	1.09735482642213	-0.310281708659665	-1.91153120552303	0.259941812481144	-0.0295650277843319	-0.260784532902195	1.98272392689789	-0.159413042027009	0.699758347348412	0.311338154512527	1.02698699021461	0.367430663147412	0.357684471593747	-0.120683192611493	0.842113825715637	-0.0894127486608407	-1.06880306362976	0.776690415925774	0.935316782552755	0.190439822100974	0.0272056227975652	1.1821410861667	0.0307404197895504	-0.426161493705558	0.808111447743046	-0.862768672778446	-1.102378012988	-0.366681125109935	0.88949414526418	-0.3268337119666	-0.512951843268642	1.11408328802219	1.52059335330741	-0.548324341664649	-0.607591588969476	0.702404726123661	0.776603069847052	-0.204213631273279	-0.118440055127454	3.07058666722661	-2.34733422444267	-3.03476659549266	-0.0197608242961929	0.781190717366858	-2.61275307903166	-1.95508278736255	-1.9668587517259	0.832077517684195	0.269660611311876	0.716059896151797	0.968825785701419	0.285169539564437	-1.11109276464616	-0.950875126337499	0.950966338136733	-0.942790449287412	0.150199115452373	-0.492200819851028	0.0496129015005545	-0.0412605155932245	-0.467925057778244	-1.01042105851627
H1_[66]_(K)_Fo	H1_[66]_(K)_Fo	-0.856595024635523	-0.43181361675781	-0.192528982689981	0.438309533061681	-0.357288119992889	0.551376521011419	-2.0830302515462	0.553954429582169	-0.482705948456641	-0.00349548747554972	-0.304816575091457	-0.17569456273777	0.573940885294131	-0.195672638423504	0.300956664809434	-0.243161143468282	0.30206172768512	-0.116774668061175	0.337896667814061	-0.00581104726258379	0.182458673092493	-1.41722737797695	-0.687890699752649	1.01651261875173	-1.30241271301163	0.407915612164565	-1.03165512396627	0.470170397899298	0.489082653544165	0.643777981984311	0.680444128211267	0.764151286912068	-0.433013385058428	-0.753161270883231	0.132080861999938	0.246563267208806	-0.704167689200972	-1.74193486154122	-0.573294637456191	-0.177430398322447	-0.740465420603578	1.49989981762335	-0.376117129857552	0.679669997525686	0.20411424971236	1.22557873393776	0.656847397716794	0.206091337987034	-0.197916574210793	0.832182237559657	0.740225148465973	-0.906895917265162	0.379858123702835	1.04778636476692	-0.311642476536347	-0.335679251949038	0.551612554657801	-0.348502415454855	-0.111153297906384	0.655112833417976	-1.22979072245904	-0.992805100365122	-0.967346124999711	1.07688784124234	0.188766429574875	0.262683093839775	1.16203142055425	1.46844125337324	-0.111850285649681	0.0489589894157396	0.727851553560686	1.08624757668433	0.0300862277209116	0.0615840246781075	2.84340171433547	-0.909324469289353	-3.21409448950419	4.36488323202937	0.485174535413493	-2.89839107728875	-2.44010770554508	-0.681513015481858	0.893989583162204	-0.340001526085374	-0.156699158748373	0.618586380482447	0.160985535535672	-0.246538374934994	-0.393042752567423	0.550412508675272	-0.46070598665126	0.0407647216865073	0.461270507110118	-0.0854638759031921	-0.161424861099136	-0.316563565083025	-0.0980280379669972
H1_[66]_(K)_Unmod	H1_[66]_(K)_Unmod	0.23432249898883	-0.379169859002374	-0.612213127374472	-4.46385739000165	0.123697532638369	-0.614734498287247	0.0897413444459187	0.59421887112328	-1.19542260597995	-0.204271373846313	0.0323632067342694	0.253537319542499	0.120492313319284	0.350753921400261	0.72435682171783	0.902532766561749	0.845279588899395	0.769466346250076	1.73065462451183	1.34922349337253	1.06252974288108	-0.111393476947572	0.224394631760475	0.940290033244062	0.0742881843269428	-0.694533121876958	-0.219723089174121	0.96591255723868	0.805102157087733	1.12512561620669	1.15406507854101	-0.898901444588892	-0.739305639498212	1.21933609531098	0.282222980003424	1.55184493479177	0.360456978897207	-1.05550460338645	1.1960215751447	0.130064060384186	0.499140754598117	1.39150332448958	0.174224635629968	0.241368218463353	0.208581679197134	0.0673367039654504	-0.319795969069628	0.288515158867573	-0.00404604830627917	0.283615026890486	-1.25050307821008	-0.711272392167468	0.794779389795499	0.150599628097279	0.708834743267356	0.451004432952922	1.27965545994073	0.475110076815782	-0.669430068172811	0.468748878955033	0.104487884229365	-0.651916087958503	0.625164894804492	0.0284599871616663	-0.908558324832182	-1.34318150716742	0.310919564504229	0.610769455271737	-0.88639070882822	-1.21533892154036	0.179207953612262	-0.18592042338262	-0.469549453652383	-0.360259003862905	1.46723403874022	-2.98869235213161	-1.0157468474564	0.000555902535462955	0.656617083568242	-0.70114060889857	-0.164058463581348	-2.62618296914311	0.179915892507119	0.889523300439303	1.43141848788291	0.806152253377123	0.221766337387554	-1.70336036364006	-1.21418203571538	0.868925127360865	-1.10583578463619	0.147869901040891	-1.58182399115898	0.143651441801814	0.0869828909263916	-0.458801353696838	-1.72991879722941
H1_[74]_(K)_Unmod	H1_[74]_(K)_Unmod	1.06980455233762	0.0767735449028349	0.483489932373999	-2.32978887974226	0.650409097339151	0.374898394337328	1.55119399020199	2.19198715514555	0.671400612425999	1.1581537046868	1.41013057865999	1.55493040848559	-0.0222782724703299	-0.0151885171453565	-0.0625573686407384	0.121054441347628	0.128599653913843	0.222628809226576	1.25772937504436	0.831840097573749	0.172941077271612	-0.0487801628284265	-0.544849694436845	0.814679691760076	-0.160525932066877	-1.11616875423027	-0.129059943892245	0.636495284454482	0.341015304913929	-0.1355346166532	0.510869859247242	-0.683718093614652	-0.991329961616963	0.91192112964272	0.711331764467467	-0.0245642613012659	0.465258273899566	-1.74708112741087	0.984766974094029	0.640028645771123	0.378579512015783	1.01309113753985	0.495912482369893	0.422863222839216	0.482566885544373	0.457098747843285	0.0124004531862054	0.66675635868016	0.0787597482440121	0.300758117468419	-0.374902146935158	-0.368482880137452	0.991494842103148	0.535666525228466	0.824042143918936	0.221281117145832	1.01420223904398	0.686505147631599	-1.74477463656805	0.618039990986431	0.288837286430044	-0.286217259161828	0.87271289225882	0.274986957128035	-0.350697686838523	-0.567671315713864	0.431236884434553	0.930742684364365	-0.669046270894669	-0.614735351775603	0.455289780727053	-1.08609838439481	-0.259817507933922	0.00571596221761046	0.453716143768852	-2.36719581571225	-3.0881078315618	-0.713452366297586	0.670399649955659	-1.9424097821298	-1.99691673650405	-3.11819218534745	-0.300661420885841	-0.00966290735970483	0.559472414230112	0.541788677912256	0.483371461156829	-1.24923079139212	-1.43186200717287	1.0125666612762	-0.889325274586222	-0.682971394988552	-1.20442020238662	0.522799443637026	-0.373367203885149	-0.779211105016946	-2.16713187318111
H1_[76]_(N)_Deam	H1_[76]_(N)_Deam	1.27483777625817	0.355678200044401	0.467129626359612	-2.78005902423777	0.722755815676553	0.14927278096878	1.65619835411798	2.10068142673632	0.885959718010037	1.0117152125645	1.34142132262308	1.3044587445674	-0.161981102003694	-0.123540574949912	0.250291932912721	-0.0995238157669354	0.188589854399588	0.276309182620705	1.08819856544555	0.644949879346949	0.184849327828153	-0.283316759645354	-0.788558219068672	0.563798543652474	-0.537568162237202	-1.28537216807048	-0.287870665008514	0.273322386654721	0.304276065015271	0.570924376974752	1.02090991295396	-1.08941161740699	-1.17179111387939	1.04930696978573	0.794318968951181	0.0227163159130827	0.383567296735421	-1.96642604656298	1.10517418021912	0.26314981273509	0.226307950176394	1.2469992226512	0.312386314078633	0.439749335412568	0.58195055627139	0.772231509026754	0.188257915077159	0.731379856367051	0.197527456146641	0.362089452524846	-0.457852272366185	-0.331822983679571	1.00678668718351	0.803065211252621	0.412870115089709	0.274380802270705	1.16564034544232	0.570390192394678	-1.5322846303432	0.667012760071454	0.163576522673638	-0.329854085542639	0.672583513612865	0.598909818783073	-0.761886298362762	-1.20478550799624	0.782783608467272	1.0688365715028	-0.859950221381375	-0.570801986094366	0.485698516636509	-0.411524989227837	-0.756859750284279	-0.0966770837092644	-0.0737927283498936	-1.77764283362813	-2.9965272518901	-0.575836625300921	0.766946013200383	-1.91491802027125	-2.08069109679296	-2.45946571186995	-0.663186098539319	0.0543539190966151	0.683503985792706	0.532957218644181	0.437573005869362	-1.12257503588431	-1.32632685748967	1.17788513644247	-1.11805361982629	-0.444262901047805	-1.36526920941106	0.689470468604762	-0.436937352844429	-0.285467329322562	-1.79819478054135
H1_[77]_(K)_Unmod	H1_[77]_(K)_Unmod	-0.248006812968743	-1.24804439756146	-0.277121299341112	-2.51727507153206	-0.794520118857597	-0.0900112760872203	-0.740204430652876	0.72562253633541	-1.31281326233813	-0.777428325966521	-0.893614611189585	-0.565884401530996	0.753130703032675	0.648056416242942	0.13091602604742	1.00434642288009	0.514974922614768	0.615298028691042	1.77983757855232	1.58057680620014	0.639743246735089	0.107064780323885	-0.530579490488902	1.53558928926384	0.130809310847126	-0.00953417338566859	0.0335632644576656	0.796236862726514	0.568512987852841	0.856565977628405	1.07672711453708	-0.287143613228416	-0.400143425749973	1.28959383925426	0.714191319283178	1.13246570302425	0.250680238386929	-1.77848972645851	0.578443141014069	0.296446243576104	-0.363569055943318	1.51649436891434	-0.324164226311351	0.795709712104032	0.589436374294321	1.1513516627284	-0.127399736497387	0.836892106010526	-0.044312929539521	0.273041901735301	-0.539890550985088	-1.01109273760793	1.01126933257782	1.13016022431537	0.172352423254691	-0.427202257705522	1.16057489836144	0.454691530519276	-0.33533415781618	0.613820549382487	-0.631967460131463	-0.962515711589901	0.323626361211517	0.989361715417577	-0.707180337829794	-0.263040803991422	0.731427336733121	1.73170099330574	-0.940055822525462	-0.796086478887826	0.475346032943713	0.0490471014040291	-0.0740491481661848	-0.196067351529712	1.35803143879101	-3.99408278823029	-1.51828519151075	-0.328517152151151	0.125299665082565	-0.977979332537406	-0.270092902846819	-2.73467349695327	0.791222082567611	-0.0776344110326406	1.38442151837874	0.880350121699903	0.421341907831458	-1.48498352368264	-1.13278084196304	0.624899805664595	-1.17586402830796	-0.0236347846924098	-1.02000275907893	0.317988726362732	-0.455134499660105	-1.12479100625266	-1.13605272780446
H1_[78]_(N)_Deam	H1_[78]_(N)_Deam	0.369569313613654	-1.22989079849177	-0.171902002916182	-3.44920624092041	-0.663623159298448	-0.3424711713764	-0.236230686021724	0.531334775308315	-1.17636816597818	-0.968005413232865	-0.883295739844028	-0.571751209132859	0.584028344021159	1.02245165574157	0.0307987017965166	1.41449084413446	0.457497862982867	0.921201679488162	2.03146802471055	1.88404012611041	0.657192107236835	0.470701345931558	-0.136400595342296	1.13221309878183	0.685644011685593	-0.291309131061825	0.604520881782741	0.639812456869755	0.340372477048775	0.582752431521868	0.83028810699129	-1.00249721058008	-0.137992893587312	1.63460014993592	0.854927465840015	1.23138671288653	0.785673829984989	-0.937245759123208	0.863991972884267	0.568460437618246	0.166724995660967	0.77270216123659	-0.116136118849519	0.538784915259615	0.643801032731086	0.19070663694567	-0.423088195424131	0.951983815974152	0.0898378657971706	-0.0638515598188195	-0.74211769887359	-0.540742309847311	1.03753594880051	0.67632988846028	0.388774577774687	-0.275973218379165	1.06340700295813	0.897155038323177	-0.302672437912119	0.387721981721508	-0.145935662989638	-0.384498828081667	0.846505421062561	0.265013948952853	-1.0268947821471	-0.644147503157922	0.147414290531173	0.701007036158729	-0.950484228463739	-1.00159903853047	0.0712211284844059	-0.451716701739081	-0.0593211156054975	-0.314718293714025	0.640450670772484	-4.15189384693953	-0.720155449471962	-0.262000323128475	-0.211431193081603	-0.175206957788968	0.342248892957596	-2.90380365553251	0.339683306203566	0.164818201384396	1.54185823903849	0.702829388873441	0.46635736206972	-1.63812963312945	-1.08545034962734	0.453351183572334	-1.08769942066509	-0.0285783359877595	-1.31392234285662	0.525202476163642	-0.444005113588373	-1.16364554357035	-1.31483618696738
H1_[79]_(N)_Deam	H1_[79]_(N)_Deam	-0.522320404852449	-0.901757070022454	-0.266932048039345	-3.35085627660861	-0.692053312612573	-0.529136800733096	-0.317879309160228	-0.397629163292944	-1.25695431925239	-0.575618640333558	-0.6651248243936	-0.291379566153278	0.602601249378451	0.636429127611059	0.0793343149220549	0.810534391451966	0.448935963638811	-0.0161266646055833	1.12814558355384	1.27337906619318	1.00782832283224	0.951971956385844	0.596569947966893	0.214156684690529	0.272974986542232	0.234623024254408	0.431641166083711	1.32153377339371	0.906172922072136	1.03672501647014	1.49242981479341	0.640143242270744	0.584799507007969	0.936142536167571	0.380922360830647	1.85109758550424	0.159998173627845	-0.645700336345504	0.648683843062979	-0.0180684794394528	0.895770276158468	1.12208732871401	0.690822583015518	-0.196966200085622	0.0452402510845878	-0.693532194286562	0.276194502008945	0.565143971280719	-0.407870901604294	0.07688141359408	-0.744742844384688	-0.23810513864511	0.185432065790857	0.172047363446694	0.50604714158179	0.0766562751348007	0.763242512400369	0.255234249360427	0.185084787419118	0.157639471968986	0.500251386502709	-1.04670055266287	-0.00690759030328445	-0.505149098607001	0.0708766919666494	0.242518641782339	0.00945755703331731	-0.277595159701713	-0.256886095463987	-0.599300558755527	0.00211215731391583	0.420322220677549	0.343277639963105	-1.22516254432059	0.779889012233131	-4.87879855715577	-0.261538537541655	0.591777711114312	-0.0186013879323026	0.470249500612016	0.907081194533206	-4.37104948895404	0.529642456140662	0.469266375597434	0.862722151588739	0.85554470541127	-0.318222259308925	-1.32356860645677	-0.765560882782976	0.0938558750562788	-0.887283459197266	-0.160352608818289	-0.817149620410708	-0.117858856521824	0.140116922072864	-0.685201548108377	-0.658619045410251
H1_[81]_(K)_Unmod	H1_[81]_(K)_Unmod	0.371491179664873	1.22376039142922	0.208182069412811	1.94367504492676	1.32965883428641	0.783555746141238	0.608695724475444	-0.120674224920219	-0.201918291847061	-1.36751412434934	-0.447724755371319	-0.626853689154211	0.600401899487818	0.887179369458183	1.03354978682077	0.839441836941538	1.11775462853401	0.651352061649985	0.434406426377164	-0.408001327208973	-0.906643507619833	-0.293354575707929	-0.936762032163602	-2.17760422640544	-0.728669680639559	-0.866450946081048	-0.615081123062507	-0.931305724637045	-0.783484771697443	-0.534965974932002	0.90156061616412	0.630305422816002	0.694132954670892	0.213504950903009	-0.0316961789082495	0.559350871059199	0.0371344351306284	-1.70597245587792	-1.59466045936272	-0.746291812463948	-0.607130806302975	-2.59074979673925	-0.484706259210665	-1.27054522603233	-0.260241642491809	-1.5254252300336	0.603957196433805	-0.131533479821269	-1.44027053133098	-1.02826648741774	-0.728963490012926	-0.277136531347503	-0.174287400622697	0.034113325352995	-0.685612326686263	-1.38869597125112	-0.163569717996906	-0.703860618646703	-1.03166079063764	-0.501375179134739	0.117968137200672	-1.30200032365776	-0.958315990363603	-0.271868156682114	-0.73107390257423	0.77957127517866	0.678429686822855	0.674273779405682	-0.151990071235942	0.395706331407291	0.579568458371124	-0.012231273104478	0.974005446315643	-1.15316096506238	2.54332985199644	-0.164087412919083	-2.35178947217814	-0.813869447735937	1.04162507060984	1.67654615819686	-0.0829892295787059	-0.166232435089845	0.170759975900618	-0.102820958562537	1.24220046322055	0.467569115673157	0.502434772764023	1.95395714456309	1.3961222038673	1.61258561350284	1.32402884431853	0.906958285367978	0.954820647731394	0.609670635149463	1.19479176250012	1.64065537830355	0.137347196367701
H1_[84]_(K)_Unmod	H1_[84]_(K)_Unmod	0.371491179664873	1.22376039142922	0.208182069412811	1.94367504492676	1.32965883428641	0.783555746141238	0.608695724475444	-0.120674224920219	-0.201918291847061	-1.36751412434934	-0.447724755371319	-0.626853689154211	0.600401899487818	0.887179369458183	1.03354978682077	0.839441836941538	1.11775462853401	0.651352061649985	0.434406426377164	-0.408001327208973	-0.906643507619833	-0.293354575707929	-0.936762032163602	-2.17760422640544	-0.728669680639559	-0.866450946081048	-0.615081123062507	-0.931305724637045	-0.783484771697443	-0.534965974932002	0.90156061616412	0.630305422816002	0.694132954670892	0.213504950903009	-0.0316961789082495	0.559350871059199	0.0371344351306284	-1.70597245587792	-1.59466045936272	-0.746291812463948	-0.607130806302975	-2.59074979673925	-0.484706259210665	-1.27054522603233	-0.260241642491809	-1.5254252300336	0.603957196433805	-0.131533479821269	-1.44027053133098	-1.02826648741774	-0.728963490012926	-0.277136531347503	-0.174287400622697	0.034113325352995	-0.685612326686263	-1.38869597125112	-0.163569717996906	-0.703860618646703	-1.03166079063764	-0.501375179134739	0.117968137200672	-1.30200032365776	-0.958315990363603	-0.271868156682114	-0.73107390257423	0.77957127517866	0.678429686822855	0.674273779405682	-0.151990071235942	0.395706331407291	0.579568458371124	-0.012231273104478	0.974005446315643	-1.15316096506238	2.54332985199644	-0.164087412919083	-2.35178947217814	-0.813869447735937	1.04162507060984	1.67654615819686	-0.0829892295787059	-0.166232435089845	0.170759975900618	-0.102820958562537	1.24220046322055	0.467569115673157	0.502434772764023	1.95395714456309	1.3961222038673	1.61258561350284	1.32402884431853	0.906958285367978	0.954820647731394	0.609670635149463	1.19479176250012	1.64065537830355	0.137347196367701
H2A_[11]_(K)_Unmod	H2A_[11]_(K)_Unmod	-0.697409120484269	0.0709593975782896	-0.263394485007324	0.939965572476674	-0.0568756756042713	-0.2620753491174	0.57925779909214	0.126178258368336	0.630147004179248	-0.207204824129862	-0.2711854826803	0.385351924518288	-0.498225971797562	-0.663918114237571	-0.0539452334155885	-1.09565061655421	-0.31084608427393	0.0291595321094851	0.83063889525538	0.208383842033903	0.620241827329845	-0.723574234492618	0.546532365036189	-0.926110580124149	-0.180445985616326	-0.986808974187867	-0.316771040154138	-0.39107909319761	-0.186635352552549	-0.0716277232021284	0.0520704546345201	-2.12476610747256	-2.15295410881421	-0.930952049235847	-1.66648604745265	-1.99014678426271	-1.37559687172281	0.220153776337528	1.06966398716318	0.464505547973561	-0.0154943001861364	2.58561623379163	0.0615435748184308	-0.150521551993225	0.186179092216226	1.67075156367053	-0.647189602447127	0.518561519434658	0.0445843243667719	-0.0627075408085474	2.40014178407012	0.754700073627729	0.805911393656638	0.480589927333172	0.131140062913563	-0.864120455822279	-0.265504952840108	-0.485458667413006	-0.827261098049668	-0.1733763160025	-0.316146153363061	0.662177954326271	0.519874623945015	1.19617863113622	-1.61242944327938	-2.57776775447277	-1.27134132671246	-0.595700445818474	-0.150804625861987	-1.67104378632622	-0.810144427300278	-0.345976699552814	0.107423051505778	1.44628741535255	0.0842315910906077	0.932137092686986	1.93411871374223	0.472865074215055	0.408977053137847	-1.83841274779455	1.21435624815546	1.40771590407177	0.55023689676992	1.21828847524852	1.62030439632094	1.57290545553438	0.665583250870911	0.510933330564104	0.982941747178958	1.96129240247111	0.430003936837648	0.568169656175902	-1.42576774270345	-0.614223356798958	-1.29470521813331	-0.256554118314633	-0.202594393538806
H2A_[13]_(K)_Unmod	H2A_[13]_(K)_Unmod	-0.979289519194245	-0.180722159896316	-0.679590388977782	0.58990882080568	-0.426104810996065	-0.614248433031048	0.677780772835914	0.343985323163346	0.734488997862125	0.0441272157031151	0.0154751705045473	0.557884603895784	-0.87312515980654	-0.94141839292272	-0.275694161341858	-0.903050508932936	-0.359994283420475	-0.327090658808332	0.982938263955378	0.269909520839521	0.691239643434269	-0.215035745932265	0.720410849624703	-0.629534380303981	-0.626789572788748	-1.11276415020356	-0.713895128043771	-0.769567455844229	-0.315627914280232	-0.149690454044611	-0.0337439920463082	-1.45571122543951	-1.42197138501145	-0.234128813546134	-0.763322934081126	-0.841751234856995	-0.353038659952233	0.506484212695389	1.21972268021882	0.582704972280584	0.113318652925934	2.6250427879351	0.0266867321163113	-0.695843029981129	-0.359549696635747	2.22723252807405	-0.719782795684823	0.0227297667736969	-0.447539102978838	-0.12330993080497	2.67954723347519	0.91666521466279	0.704708154834014	0.899808914561179	0.147665544933633	-1.03140050871617	-0.585870344580981	-0.625222897207574	-1.04189213713491	-0.35848436950955	-0.545179614251898	0.621246531669117	0.169033107763036	1.31500904045599	-1.4876182097098	-2.58970151606333	-1.42970285041321	-0.782747488301433	-0.449768270037095	-1.69970237440872	-0.854697230818115	-0.0878934290523632	-0.0192885376071077	2.37654425050403	0.0480347895861599	0.845533143512609	2.07578658490436	0.497301933795927	0.447950066662137	-1.51924263646358	1.197966966627	1.30226609183324	0.315247852808969	1.01941073914983	1.55536649177235	1.46442760631656	0.464534578592494	0.51796568667273	0.981289438931966	1.87262875988294	0.43856861911209	0.435806344502843	-1.5681912389605	-0.830999625579462	-1.36699883038632	-0.483058269446228	-0.361798744730173
H2A_[15]_(K)_Unmod	H2A_[15]_(K)_Unmod	-0.979289519194245	-0.180722159896316	-0.679590388977782	0.58990882080568	-0.426104810996065	-0.614248433031048	0.677780772835914	0.343985323163346	0.734488997862125	0.0441272157031151	0.0154751705045473	0.557884603895784	-0.87312515980654	-0.94141839292272	-0.275694161341858	-0.903050508932936	-0.359994283420475	-0.327090658808332	0.982938263955378	0.269909520839521	0.691239643434269	-0.215035745932265	0.720410849624703	-0.629534380303981	-0.626789572788748	-1.11276415020356	-0.713895128043771	-0.769567455844229	-0.315627914280232	-0.149690454044611	-0.0337439920463082	-1.45571122543951	-1.42197138501145	-0.234128813546134	-0.763322934081126	-0.841751234856995	-0.353038659952233	0.506484212695389	1.21972268021882	0.582704972280584	0.113318652925934	2.6250427879351	0.0266867321163113	-0.695843029981129	-0.359549696635747	2.22723252807405	-0.719782795684823	0.0227297667736969	-0.447539102978838	-0.12330993080497	2.67954723347519	0.91666521466279	0.704708154834014	0.899808914561179	0.147665544933633	-1.03140050871617	-0.585870344580981	-0.625222897207574	-1.04189213713491	-0.35848436950955	-0.545179614251898	0.621246531669117	0.169033107763036	1.31500904045599	-1.4876182097098	-2.58970151606333	-1.42970285041321	-0.782747488301433	-0.449768270037095	-1.69970237440872	-0.854697230818115	-0.0878934290523632	-0.0192885376071077	2.37654425050403	0.0480347895861599	0.845533143512609	2.07578658490436	0.497301933795927	0.447950066662137	-1.51924263646358	1.197966966627	1.30226609183324	0.315247852808969	1.01941073914983	1.55536649177235	1.46442760631656	0.464534578592494	0.51796568667273	0.981289438931966	1.87262875988294	0.43856861911209	0.435806344502843	-1.5681912389605	-0.830999625579462	-1.36699883038632	-0.483058269446228	-0.361798744730173
H2A_[17]_(K)_Unmod	H2A_[17]_(K)_Unmod	0.999021549976501	1.19533620057559	1.22208809974178	1.73574327223579	1.39691945889859	1.34917922697273	-1.70917930540067	-0.44139317497726	-1.82531581431447	-1.02257132623829	-0.72217154574555	-0.867251691310613	1.44218072876288	1.38615345497815	1.35068985290305	-0.405322866018751	0.975025009594699	1.45881740103301	0.139422716862278	0.730431246093085	-0.222856262782108	-0.374630831558332	-0.612163034866724	-0.892584602722855	0.864108839245485	0.811507569767731	0.611114026270667	0.978648649815508	0.922343286998296	1.0178565319399	1.06582462783797	0.0489496087590423	0.795901716515218	0.128463113779476	-0.675651800747937	-1.66064073585746	-0.295026263745259	-1.93433065962465	-0.104878848416397	-0.154401306849188	-0.0417132332518054	-0.339843757399511	0.0383205303389595	0.867193896845201	0.623391729816978	-0.93560392254201	0.0466957080809167	0.671444229984043	0.344862382105736	0.242060866855528	-1.10827502250592	-1.25052171351378	0.455434517782795	-1.57469605360859	0.186321850013263	0.0826839366619204	0.759135638039734	0.299123746564756	-0.00970885768118126	0.367838644754614	-0.143576531578689	-1.08202728637493	-0.0661935993692914	-0.932872744991512	-0.172435187720184	0.297640456607285	1.38010643452702	1.2875274120538	-0.0204404051817583	0.987525849558173	0.636453949740385	-0.92218487379449	-0.155362745082923	-2.03616395546988	0.957951100787608	-1.38758630521568	-2.04462422999601	-0.157495828703657	-0.180980825189871	-0.864479658006809	-1.15235583230346	-0.988195934148257	0.553949323144247	-0.0835757006386676	-0.65932366469685	-1.90012618252327	0.259792431323334	-2.46511665765004	-1.61343079210645	-0.952775004675683	-0.415476180372904	-0.0367305013305277	0.976852177076918	1.13131557795612	1.30352578282993	1.31109808243459	0.920290813359826
H2A_[36]_(K)_Fo	H2A_[36]_(K)_Fo	-0.629660834929924	-0.495536813023358	-0.810859482539504	0.319028527122524	-1.40624862965064	-0.871551661663319	0.0590081197373775	-0.674764309801883	2.61863946785977	0.00652529407714782	-0.512915334780257	-1.97997154380613	0.268448109655501	0.00727011372436463	-0.0869669319565569	-0.859688440996514	0.616182011972388	-2.14084156792103	-0.75293311151593	0.260880075290476	-0.82536549972071	1.20353163383719	0.0516334039973884	1.28117780752064	-0.606599530625246	0.416287187995873	-2.17925245508537	-0.268903752166851	0.731067989723303	-0.0167796538209826	-1.21424471363828	0.722239571280229	0.838033556395492	0.244633659058898	0.781972453328	0.13957990220831	-0.382888653721243	1.10538470719547	0.212065168419915	-0.950481625487902	1.14930184625301	2.21029319084452	0.931591796632055	-1.19170181971524	-0.535532883238541	1.93261257441385	-0.935211400971434	-0.453502229928954	-0.589700540657511	0.155622529710511	2.38734396207638	0.136990918526225	-0.130303252541259	0.980131363881967	-0.219105723805201	0.0558337774910938	-0.0040452848968232	0.00112481532134451	-0.423024968828249	-0.319540645890001	-0.451082496283669	0.0470515040913406	-1.55318332363239	1.92636542236847	0.758732356609297	1.34888716045353	0.767333970025829	0.722591393087792	-0.0414633871113289	0.837702114547634	-0.241965814345912	-1.48497551374754	0.0852877189302111	0.319351635208286	0.363774932179021	-0.0248410668517957	2.21404040715785	-0.587825154553924	-0.646332285932334	-1.07978852720543	1.40127183187131	0.699774837773841	0.371368420529132	-1.37224071615311	-1.62713717674077	-2.3522490758728	-0.719103719263744	0.500541481803356	-0.0221369368930344	-1.23489480772987	-0.33137301461658	0.476604592730477	0.794973384959331	-0.637580706973892	1.14849251471925	0.0390786628702875	0.22863714376551
H2A_[36]_(K)_Unmod	H2A_[36]_(K)_Unmod	-1.50742412331512	-1.11998203870102	-0.952837625088218	-0.0464007833798197	-1.81595163047167	-0.473104237295826	-0.32762985399067	1.13617221354552	1.30438996300863	-0.1119396536241	-0.0384794524286197	0.752338120793299	-1.02162994823331	-0.53921759221918	0.684427180062401	0.274818902140945	-1.16482609526379	-0.16115245015703	1.25420695825604	0.672293385717421	-0.226823484520836	0.0477524380726838	-0.331177000905665	-1.14498912834283	-1.02944015715779	0.823072620810001	-0.632720926722312	-1.25120755379289	0.0429819223012867	0.787853987437954	1.57738928372988	0.870294312862312	1.50654767272009	0.0100762169914455	-0.0226231232564579	1.03485812898362	0.663001784279619	0.734990996367923	2.00765698938325	1.14876794797807	0.806222381334675	0.847043486996992	0.0809233481300989	-0.759438475342571	-0.67584857382668	-2.41075361061347	-0.518478923645607	-0.251770741857439	-0.59654523287976	-0.312747266708542	0.871381369306162	2.38128651702392	0.600800623426941	2.1107830311722	0.286708478625868	-0.420743671398997	0.82464869938957	0.732784622623501	0.231903082890833	0.362441763133306	0.175696503371594	0.461820513040391	0.200744055604909	0.311554617226859	0.834669920599615	0.664525666185547	-0.313782959642963	0.527537637231214	-0.704183804548283	1.40798363692898	-0.118628499898718	-1.14358840371933	-0.843002995804433	-2.73870634949058	-0.442315093218471	1.02451964631826	-1.23584263702344	0.857466237080396	0.0617629468276453	1.04355415627045	-1.67089571575383	-1.84654391176448	-0.0161285912782867	-1.06912736712994	1.13412186714585	0.360174981271954	-2.02350981708687	-0.446099543224323	-0.840899272486611	-1.14110636378864	-0.645915409263208	-0.2836687714227	1.29135681010068	-0.867437310038287	-0.645472959727404	-0.156442649227684	1.23087415597791
H2A_[37]_(K)_Unmod	H2A_[37]_(K)_Unmod	-0.946262131273396	-0.683977495636845	0.135760540756106	1.26600083456485	-0.153641012934932	0.0731816264106878	0.292052989975567	0.176898266077085	-1.81532370792396	0.63597080003897	0.611209608356536	0.603007254836683	0.23211002432464	-0.136115196509041	-1.36742730960022	-1.71320815556625	-0.530914224675444	-0.31348324677813	0.89453835447356	0.139336433980502	0.705229248075524	0.685664704725183	0.24746157111426	-2.51182941220321	-0.134749616074605	-0.47396547578876	0.176840376332393	-0.162754116933375	0.190093946315621	-0.0840580115947746	-0.0438634528796224	1.28451085765071	0.748029615618078	0.627157623371553	-0.849674855765875	-0.75868979623876	0.177879116755662	-1.14537517671176	0.522078995540633	1.06008874124728	0.831574583992024	0.77118036115429	1.54845339661722	-0.253647969107184	-0.256383499778824	-2.36205924963117	0.141934139441443	0.55851082725435	-0.602254275217973	0.485764465267561	-1.20448181410798	-0.692766321187736	0.589880269733175	-2.22360143795799	0.157394640239583	-0.311592580779508	0.410973564014591	0.285653138195482	0.268852938458208	0.752248329159874	-0.162596975346736	-2.05541735053532	0.208160945440258	-1.27772739221341	0.330880420776181	-0.309834357098761	0.0146915990204744	-0.017895470044401	-0.0230129566238618	-0.701915444737353	-0.391924088793968	1.66992227983252	1.66279899866824	-3.77443994086781	1.51460315073835	-0.928892343414204	-0.770874049272004	2.14636298430931	0.809696858047907	0.866341558624355	0.423313206857206	0.203425333367598	1.62761665003524	1.08335517403458	0.740518714107985	-0.592904369829207	0.91586973599583	0.307517652106614	-0.707605085634718	1.03490163174823	1.02158451596313	-1.8580802430801	0.043107161836436	-0.663230317872593	0.448331614627288	-0.11924160260193	0.727169160616049
H2A_[38]_(N)_Deam	H2A_[38]_(N)_Deam	-1.39369621315518	-0.9586572347776	-0.431687989116949	1.28880427874876	-1.74286163688276	-0.514489676827803	-0.749844455379203	0.873958190059563	1.80683957314387	-0.285160133103742	-0.278036316942416	0.0710161028052511	-0.360774407787844	-0.294872498344084	0.744096153037048	-0.00107118069913439	-2.08698771421427	-0.527985552896367	0.773969683258842	-0.0763088710333659	-0.523980985245246	0.0135160970772712	-1.34634793645951	-1.48607596707168	-0.684436228114693	0.719506690555223	-0.639272840024952	-1.09967084960355	0.278853548521502	0.357570571387961	1.25131781373547	1.17471819112377	2.02423007888836	-0.229822619042412	0.309693635391012	-0.0561842056410691	-0.188617612941395	0.621872471161539	1.31894127374501	0.718033146451051	1.29572545532907	0.250865467794451	0.560382537492893	-0.539872553862349	-0.411292648913964	-1.42300990186598	0.0115936783948339	0.0163488114792644	-0.621758337561679	-0.429050752104359	-0.716521742435174	2.01340011672435	-0.211481322369311	1.7399038556648	-0.31299226547387	-0.134669797717118	0.731805787506405	0.815905921920042	0.303415282351143	-2.36214076527383e-05	0.0478941544667778	-0.260152602526154	0.00932068396247183	-0.52016470413379	0.70990658148473	1.57335521101956	1.0850404012176	0.565333854479484	-0.198006697576788	2.25910209877706	-0.384915915728307	-0.994097142534417	-0.580234442040436	-3.52570737060489	0.291298703094151	0.823847707055918	-0.942204988450875	1.38694572093029	-0.545871963951284	1.10395011992207	-1.21245312572935	-0.832760043884717	0.279585096156516	-1.06708840340314	1.00750350227019	-0.429624425122028	-1.56732005086489	0.551639593188979	-0.730552378195889	-1.17274261696402	-0.332583344233051	-0.657901722523288	1.25735318521653	-1.14074452985103	1.82486296202942	-0.0688660887376529	1.05828463705222
H2A_[4]_(K)_Unmod	H2A_[4]_(K)_Unmod	-0.919335318841525	-0.252668022543721	-0.46455951340131	0.439838850382062	-0.354535664923213	-0.518059232835233	0.631030816988744	0.347817551236637	0.734380977259623	0.139981626596396	0.0161585015391509	0.539328066016595	-0.887733631543828	-0.958371075147725	-0.50583749883099	-1.20314229854015	-0.0885025128785107	-0.418289284286081	0.889007538075503	0.0658069650106115	0.762233524648991	-0.300948613851943	0.685500447114138	-0.505771447899059	-0.452998951025626	-1.09558803191682	-0.561638447797945	-0.620846343653403	-0.393363062694269	-0.311092898415849	-0.21695904610986	-1.81119822401808	-1.78351557025251	-0.856290799677033	-1.1798397164442	-1.06293758033372	-1.1227713588024	0.465687784511919	1.08496828245691	1.06208957650927	0.326190493633594	2.29268593250048	0.261178876160251	-0.546750716519556	-0.245559488796765	2.09811146081944	-0.824348283652382	0.141764366119171	-0.401644242088587	-0.0610038073277021	2.14490550121263	0.833682403812415	0.656799745400268	0.759534783669748	0.0593791367511732	-0.928444165860637	-0.468110326992427	-0.538012224794399	-1.07970040461286	-0.325929690914491	-0.503119280214445	0.499153313876899	0.35371364360963	1.13856577019879	-1.15023319654874	-2.4536065624841	-1.33389795026487	-0.757271991291843	-0.367247245384215	-1.59439640156324	-0.962048735379369	0.121769857463772	0.649310944338383	2.77707104300286	0.494636083782574	0.920914186763274	1.72300109485604	0.609085889260239	0.606129655462641	-1.56558264714339	1.14583935424007	1.29987632214679	0.498554970910177	1.09835519265801	1.5913931928452	1.43153045136953	0.596001413487749	0.639380313224504	1.01553624823793	1.98786696312107	0.611825944072329	0.366689495526101	-1.44955847755246	-0.773079183107019	-1.45764337080128	-0.461392857673805	-0.518889155246712
H2A_[5]_(K)_Ac	H2A_[5]_(K)_Ac	-0.55407409605815	0.277346183655911	0.314910695363896	0.867837694809019	-0.0379589816890442	-0.0706117810605292	0.378034117526949	0.115100583703633	0.418824945510329	0.461202213378013	0.378420033921369	0.727839091052312	-1.12398078127776	-1.42920421601394	-0.940355387108886	-1.65209211130522	-1.8490732194003	-0.648593868167048	0.37945989815657	0.16388791869649	0.570695350528223	0.547980139954555	0.523806449444748	-1.30132258544542	-2.40780986184877	-0.675324220402106	-1.22116895483908	-0.880067039075863	-0.809156023140852	-0.747915128860249	0.232523901498701	-0.681588992104898	-0.347648222787677	-0.583466807218927	-1.27685237273878	-0.673123675425826	-1.13733399155899	0.0758802788204972	-0.088827382756466	-1.07916935018875	-0.524008345640952	1.3845151441048	-0.657378585197417	-0.490351474261403	-0.905070303714972	0.638332339050811	-0.140873665329923	-0.235386457376145	-0.149841243373321	0.598626843163664	2.99398415978958	0.813942895186024	0.599669468101059	1.64637318719271	0.736187073802682	-0.169005497984409	0.447956238273439	-0.538536990447387	-0.113189221288231	0.432317823519361	0.147909321425794	0.440827124781371	-0.243928193021005	1.14396690397343	-0.287237442093939	-1.13416451235877	-0.664557348175669	-0.208928681417668	-0.19970652835751	0.0555869949581337	-0.134893501312132	0.661874341789432	-0.0652313712700821	1.23845252275405	-0.822663203938746	0.727995618743185	2.16615630092974	0.517481133295226	-0.0112353069231531	0.841672373370908	2.46550212434831	1.18898604023614	1.63082269297294	1.69186690864678	1.95741711125797	2.05418935149979	-0.49812827589413	-0.339581879359911	0.446568132143213	0.65608630580669	0.413357292467477	-0.341300353205119	-1.05776097678074	-1.52404474110505	-2.66468788759605	-0.98969808811077	0.15573586240222
H2A_[5]_(K)_Fo	H2A_[5]_(K)_Fo	-0.949833229227045	-0.805898352136087	-0.489310472595445	0.492435901980421	-1.38001545323889	-1.08258641645498	0.48039782177782	-0.162313401992556	2.7923863149301	0.631330136273869	0.0288999767261878	-1.04738582754049	0.24423469083607	0.11475990595808	-0.422822148078216	-0.0409419739775297	0.268811605014103	-1.57999235233016	-0.61153430754088	-0.241637834702163	-0.979667909554077	0.32720081936159	-0.0561603758418629	1.9924414998824	-0.411498121016953	0.203327509008319	-1.07280459242938	-0.532449861230745	-0.0589553093247452	-0.308238763690443	-0.810816111761876	0.062087555036312	-0.405028546870284	-0.517701107086922	-0.0497369534226969	0.917026426951181	-0.990961323617597	2.70025944943231	-0.539079066564813	-0.721161818627328	1.0884697599334	1.12760498960241	0.224643982270291	-1.03132806912258	-0.638905218355328	1.70584453271962	-0.0699632749458814	-1.07038116971573	-1.09482050087544	-0.332012810012303	1.875701915085	1.39250668315694	-0.488732495256179	2.4943500680396	-0.50767678173499	-0.38410700768973	-0.422109786306868	-0.452639800751159	-0.402606571832399	-0.706700252769045	-0.219475785806615	-0.0317940915736649	-1.03963415477134	0.866534969947404	0.385632281509353	0.655490855494362	-0.677395503616381	-0.563146776343436	0.150466996180219	-0.466128447860301	0.264170358031235	-1.03052280349846	-0.477868990112443	1.27234541538054	-0.855739341233784	1.62553658529991	2.79278849320562	-0.947562582078077	0.490969430522846	0.171591757600351	1.87468587431733	0.796007772088187	0.201584200137436	-1.23988915489204	-1.3666957908354	0.0242027648182938	-1.37349570562063	0.322817949997967	2.19039517623716	0.678900916320049	-0.926394353854225	1.079422116122	-0.19380505847294	-0.996699792009148	-0.409768573562149	-0.730945490333876	0.409212309510417
H2A_[5]_(K)_Unmod	H2A_[5]_(K)_Unmod	-0.711827830095308	0.403964980706068	-0.369267118458149	1.05569904767314	-0.0348334954240293	-0.0837749676691674	0.412861505705907	0.272092528607687	0.732567386690823	-0.151049138078531	0.151830096103528	0.252735313290938	0.0159623794722735	0.00132938025709244	0.252721383621624	-0.000598624255211486	-0.698331675072942	0.209904625657574	1.31651561698702	0.590560095415835	0.819456229738087	0.643104784903102	1.31215686452519	0.830516170701464	0.607374375155234	1.23121972557843	0.755227977902188	0.841226997907733	-0.897379779383624	-0.424591010667682	0.212010287035268	-0.556628925471338	-0.460285162516186	-0.0768753500073659	-0.412972273042188	0.675391312195582	-0.326222461897464	-0.105746729404479	0.119350155713446	-0.81657795088394	-0.826723246782331	1.4711871105877	-1.12174560402724	-0.92630430386631	-0.652035019158301	1.89504113106397	0.338433733572618	-0.523758051361254	-0.54595217353562	-0.586790645217269	2.43523235983768	-0.0611747494354635	-0.315028596169512	0.26330292681864	-0.20556846429983	-0.724601320714192	-0.520380948981165	-0.409352600618955	-0.273889791486787	-0.364673117359997	-0.0945585665059907	0.154814648011469	-0.677940998512203	0.570634109454179	-1.54407162913538	-1.24437551668491	-0.939553759690965	-0.555335151253367	-0.205809203222577	-0.492224204456775	-0.281186616751205	1.22042449041678	0.980554885015104	2.85637739473852	1.4699039183714	-0.39461911733561	2.27461937398767	-0.0158819001864475	0.691718306126107	0.399708222271998	-0.287856201523478	-2.25287218125232	-1.94948899704926	-1.71913255133577	-1.71254946545376	-1.06606708719105	-0.0284364840167764	0.473199681574487	1.80014585346509	2.09243222550473	0.294582617866983	0.351375267082882	-1.25367690183881	-0.879495773551093	-3.44987015873867	-0.444149797227192	-0.0753740890577893
H2A_[7]_(K)_Ac	H2A_[7]_(K)_Ac	-1.04836729098085	-0.15649089660115	-0.136127044545456	0.403587646943846	-0.469762025900118	-0.783071562728542	0.519514246490361	-0.11267439798933	0.560737588890772	0.34865541134054	-0.186083622694974	0.445335242510538	-1.37606651854755	-1.06447441810117	-0.704158686768167	-1.4745349491793	0.237282410642493	-0.641259578571507	0.646614211318922	-0.00452833730536618	0.872054364651355	0.261130979838866	0.89917551216864	-0.560710018079955	-0.562038094443723	-0.784868787649049	-0.501992573343432	-0.474892943192096	-0.356038734127432	-0.988421180585629	-0.681083478084239	-1.53530417827478	-1.51187852475018	-1.0753642008344	-1.13557182683104	-0.902325517543933	-1.20666917094219	-0.122134344018785	0.548236292645257	-0.342750985367793	-0.373131042798325	1.75877778321848	-0.285681429051681	-1.42644201641674	-0.633960149060381	0.0783124522664352	-1.69676644885812	0.0484834698904233	-0.825968929614314	-0.224247479380528	2.05763877459733	0.955585876979042	0.60215654066263	0.789353872236462	-0.135852459632766	-0.632441916620586	-0.136897182280515	-0.381891740588954	-0.152603326009038	0.0689005895397992	-0.279785597621837	0.34768379660193	0.0598210266515054	0.78551414800093	-0.901723176473512	-1.48188421302215	-1.27719879882288	-0.572528570528128	-0.491693788932839	-1.14253635552787	-0.817008768230213	1.48420841270496	1.00924708348716	3.25950380295736	0.415220082043012	1.99566098274746	2.04229865202506	0.875342343519066	-0.0952927851383926	-0.74550811976777	1.74596539504205	1.89239855820268	1.47786740668418	1.69984579092114	1.68160930721954	2.06065501613168	0.318782853615181	0.858859511093936	0.55015524017948	0.907216634372277	0.631712632384497	0.293642978626933	-0.751336493337684	-0.657050082254593	-1.28935517921768	-0.296820837397249	0.110505852522687
H2A_[7]_(K)_Unmod	H2A_[7]_(K)_Unmod	-0.115764702727848	0.397474702932711	-0.142571540643157	1.32579741453375	0.439938882675629	0.361115930520514	0.350165645986992	0.0843068404559774	0.35232745494543	-0.79616598165608	-0.370643410046934	0.0580135971515865	0.205133533832376	-0.0507816461716041	0.626275512134383	-0.776414207380471	-0.819765071121809	0.707805241630467	0.760911801479763	0.321402513807819	0.375129630864176	-1.37034983560046	0.149735676509368	-1.21828940873877	0.317754734567948	-0.773842064445076	0.0574338379593221	-0.0800716999134348	-0.0812032583236459	0.468269799721532	0.707817629292005	-2.01246527723417	-2.18945577378508	-0.451870591163991	-1.55849189915822	-2.57685089491424	-1.0472559641819	0.238930291352022	1.10031954874773	1.02126346318607	0.166162020867072	2.48955581622557	0.228331162535172	0.5112918183869	0.646182617187548	2.38026061390678	0.0494165945504674	0.69257342609245	0.477313466158271	0.023398800654453	2.00539307850867	0.469418084429792	0.806872977263398	-0.00661942237393193	0.247884368837804	-0.88258206073171	-0.30440487792	-0.484328592409219	-1.07924134074672	-0.282377922184612	-0.301126527612408	0.770976672698927	0.688543102130397	1.24388100063571	-1.78635397800965	-2.8953569592423	-0.838249268870937	-0.32521587838468	0.0388575117549797	-1.7751918184077	-0.478739267685511	-1.05776925922635	-0.636248815296421	0.0837228091791974	-0.361821713914285	0.269163714769505	1.31656744058794	0.0984321170944576	0.614157739690716	-2.26968208448306	0.564207558824916	0.766267005084746	0.233842169514149	0.932165668430304	1.03580571752379	0.938963354259206	0.757766945085561	-0.0657497030378222	0.913737380701508	2.249848818525	0.0975789565700646	0.634990459622179	-1.82657371836935	-0.302983945168649	-0.837730597915376	-0.00724671046082479	-0.633006982916754
H2A_[73]_(N)_Deam	H2A_[73]_(N)_Deam	-0.438336163893565	-0.0891945381905475	0.465655321169183	1.84579248682987	-0.617411686241459	0.587026696136047	-0.232688406052046	1.75306335597839	1.52399893320136	0.468528518738728	0.418581541115939	0.956651512056957	0.0739907958100806	0.0367725691700606	1.05442296462121	0.898949509819423	-0.883939809969549	0.0102530613642545	1.39702463853598	0.0397155445340824	0.398654986616105	-0.834301415861233	-0.0333961994808226	-0.57270162719278	0.0552029917529052	-0.571451857079195	0.380746669531908	-0.882048535180716	-0.238026043787328	0.349769819810028	2.02253581229349	0.00360886486294509	-0.840689714196644	-0.088358634531396	0.577865252796817	0.379931050655601	0.136439147882623	0.477603193259963	0.715399721833349	1.32639513408943	0.120668423105811	-1.26264785777148	-0.308787148786056	-0.181852462912046	-0.0132596017922443	-2.96200827837691	0.46257462881623	0.236626173742398	0.00981133970978734	-0.0390065795559792	-2.29871295371815	1.88438422724721	0.185486718984433	1.25769855308693	0.110912243782711	0.243693738562958	0.219492465482475	0.799892767985218	-0.16153936287374	-0.577613481018596	0.430370490952755	-0.747026159817159	0.549758321519796	-1.69726579593968	-0.407526910408517	-0.275027421398159	-0.150476406044643	-0.307585367264769	-0.302558084288978	0.269067831734092	-0.281366606601762	0.556849236100619	-0.727339195302671	-3.14480862294128	0.175832019834062	0.827314053251575	-1.76419000222428	1.91655525975502	-0.0776843523552105	1.87400807350769	-1.11374105665952	-0.183110732919095	-1.47900083546836	-0.594982835870533	1.42013696185886	0.0249609755229452	-1.28087253124545	0.215462584693492	-2.83247020435369	-1.106014943758	-0.735034413118943	0.44782472289225	-1.20263809784592	-0.0973796669098642	0.679220612208992	0.120175169303346	1.24271491309058
H2A_[74]_(K)_Unmod	H2A_[74]_(K)_Unmod	-0.904632280500117	0.0343121464741314	-0.0366510038362289	1.6702919768982	-0.868098231696938	0.379673251515453	-0.0702491091135011	1.74902750537042	1.6347350691387	0.356527744640932	0.567648908271284	1.12471468862267	-0.181025809931321	-0.089974845829178	0.722971972450816	0.832602324295749	-0.893898220529344	0.172248682132986	1.50634322137721	0.135288333351731	0.0584257716903507	-0.68527866755749	0.408032405541827	-0.652396230511139	-0.280192242064869	-0.720383892775259	0.00810093651190348	-1.07934187357345	-0.37499126734552	0.212047282022414	1.9662037649553	-0.0352402716193473	-1.03767057168326	0.0982058470246659	0.24655483745304	1.17369651305787	0.58318474960644	1.18524186173104	1.50276373029455	1.5410460215002	-0.0713749365233317	-0.580380481049511	-0.234304879647001	-0.561991549939479	-0.38695464817435	-3.17295608882417	0.592933282759341	0.00134271950482811	-0.148774522013753	-0.000879083302056961	-0.894552023402688	2.08241748681023	0.440519759937478	1.62197530264815	0.36039231644766	0.179525186764184	0.15184306800689	0.579434214659922	-0.112646650607112	-0.123175822953534	0.498032605335945	-0.548711129492382	0.418011598267496	-0.764348084130741	-0.788206259590002	-0.968361539209198	-0.614079684591698	-0.348831585043686	-0.681583073961115	0.197092951684856	-0.053726883073821	0.558456719313219	-0.689492506187811	-2.95991781701198	-0.235444337862604	0.915010612318069	-1.34862219882149	1.77725287874549	0.14773720324288	2.29590849733854	-0.971809858837411	-0.936346772406331	-1.73677924888851	-0.677377343898548	1.4151316977552	0.280985574228541	-1.52636789255761	-0.0737990434323151	-1.82825484934242	-0.883243072292625	-0.976024064712347	0.0687817119591954	-1.65126934469745	-0.0711362925635337	-0.233284811589336	-0.0671778943097208	1.37953585985056
H2A_[75]_(K)_Unmod	H2A_[75]_(K)_Unmod	-0.904632280500117	0.0343121464741314	-0.0366510038362289	1.6702919768982	-0.868098231696938	0.379673251515453	-0.0702491091135011	1.74902750537042	1.6347350691387	0.356527744640932	0.567648908271284	1.12471468862267	-0.181025809931321	-0.089974845829178	0.722971972450816	0.832602324295749	-0.893898220529344	0.172248682132986	1.50634322137721	0.135288333351731	0.0584257716903507	-0.68527866755749	0.408032405541827	-0.652396230511139	-0.280192242064869	-0.720383892775259	0.00810093651190348	-1.07934187357345	-0.37499126734552	0.212047282022414	1.9662037649553	-0.0352402716193473	-1.03767057168326	0.0982058470246659	0.24655483745304	1.17369651305787	0.58318474960644	1.18524186173104	1.50276373029455	1.5410460215002	-0.0713749365233317	-0.580380481049511	-0.234304879647001	-0.561991549939479	-0.38695464817435	-3.17295608882417	0.592933282759341	0.00134271950482811	-0.148774522013753	-0.000879083302056961	-0.894552023402688	2.08241748681023	0.440519759937478	1.62197530264815	0.36039231644766	0.179525186764184	0.15184306800689	0.579434214659922	-0.112646650607112	-0.123175822953534	0.498032605335945	-0.548711129492382	0.418011598267496	-0.764348084130741	-0.788206259590002	-0.968361539209198	-0.614079684591698	-0.348831585043686	-0.681583073961115	0.197092951684856	-0.053726883073821	0.558456719313219	-0.689492506187811	-2.95991781701198	-0.235444337862604	0.915010612318069	-1.34862219882149	1.77725287874549	0.14773720324288	2.29590849733854	-0.971809858837411	-0.936346772406331	-1.73677924888851	-0.677377343898548	1.4151316977552	0.280985574228541	-1.52636789255761	-0.0737990434323151	-1.82825484934242	-0.883243072292625	-0.976024064712347	0.0687817119591954	-1.65126934469745	-0.0711362925635337	-0.233284811589336	-0.0671778943097208	1.37953585985056
H2A_[9]_(K)_Unmod	H2A_[9]_(K)_Unmod	-1.12656712289767	0.125139759865988	-0.294358366806022	1.16614030230367	-0.317774618966106	-0.366001090134633	0.662926934024632	0.140636657022282	1.01733210793888	0.443972948351432	0.279652055031855	0.235458878471504	-0.0552732600796411	-0.161428121670554	-0.432046412524477	-0.278570214600369	-0.689383192925972	-0.504775526063837	0.427032968999778	0.273960395904536	0.300886658958321	0.838057882062813	0.639934583866482	1.08915964846836	-0.753282150286657	0.179614191398863	-1.15033414832912	-0.652666822897097	-0.716633499242263	-0.596044170476928	-0.0248345724034858	-0.381505324541471	-0.526854278254912	-0.479818292213976	-0.562032678759459	0.694247202082353	-1.05498936485974	0.627968515755899	-0.413745495880325	-1.37065457639365	-0.269056468416157	2.10002779806022	-0.545337641116972	-1.12915848624848	-0.950541817665963	1.92269739344887	0.135296813372577	-0.738936450872976	-0.713607166727652	-0.283716264659238	3.52672963253168	1.05381232228959	-0.217840192844432	1.71553743548555	-0.158441150132696	-0.585281275562354	-0.306152004914094	-0.595101781340909	-0.348936774439663	-0.353314229704131	-0.0643379659113993	0.269296981458567	-0.846488267955188	1.50796043410707	-0.466854025581035	-1.04046631734284	-1.0319856991187	-0.623996014757873	-0.0365291667632867	-0.434809942160851	0.0118216061572297	0.326817894014988	-0.296984625101592	2.38686362767025	-0.890507322905212	0.703765267763768	2.87452148728269	-0.0438436946580829	0.671960914162286	0.647506634643404	2.01732419749831	0.175100527996715	-0.17965254050746	-1.34968321014974	-0.953166662556542	0.338986909699129	-0.890583440769821	0.352267076151051	1.82711291708299	1.46086438390599	-0.00553256933048912	0.403912855493702	-1.05900400863446	-1.51277440568829	-3.11196833658218	-0.927060855489251	0.298917277034101
H2A_[94]_(N)_Deam	H2A_[94]_(N)_Deam	0.267687603847577	0.416820042969143	-0.152026685154166	1.40303626056103	0.00942234593928319	0.767155710382022	-0.541297937664834	0.245140173306374	-1.06253429462447	0.284274806943063	-1.68259416616679	-0.147159987503087	0.31154696989122	0.0821351130196774	0.6804067870487	0.0576555446358266	-0.151767686290893	-0.433363276196529	1.60205996179944	0.254400737066012	0.667232240254659	-0.59947590678987	-0.0481701059749211	0.33775076268279	0.477650268258988	0.59365943384896	-0.0618723446669533	0.161085955699318	0.42695403607988	-0.0666868304632181	1.05121323850201	0.129030652718319	2.42005087956241	1.47830399709905	1.06088583026268	-0.946947397537433	1.02785177460751	-2.11798257160867	-0.233783722976149	-0.393868939188742	0.622524257830793	-1.10157240934045	-0.475985855959026	-0.311757162503711	0.386763806466595	-1.30122756071657	-1.94612760402952	-0.496474684659936	-0.531134146183036	0.750905527697907	-0.99247006631429	0.54563949265076	0.354543968667848	0.277872148793602	0.357510754175586	0.721533787678064	1.37307534666987	1.07811885692101	-0.300738982528852	0.191618692812885	0.105697579453881	-1.0460350407435	1.07133454401927	-0.746524623640386	-0.180670782214566	-0.536918125801379	1.59595382883666	1.08688760048574	-0.748778035800941	1.94399269366007	0.33466337155229	-1.15578783144581	-0.115062522977277	-1.0521815437032	1.08418134614458	0.619394243848262	-1.40823185710562	0.836363372295326	-0.257951850723901	-2.60004055521483	-1.78946129642485	0.347157434375847	0.511445214313945	-0.163316481480206	0.707499053225929	-1.28613088422151	-0.496612213531763	-2.45875629414991	-2.28393096547202	-1.86164524853465	-1.30709151906303	0.902907830336579	1.63880616820293	1.30457376893178	-0.0681329019341489	0.34523072629244	0.350674355899215
H2A_[95]_(K)_Lac	H2A_[95]_(K)_Lac	-0.211176774084276	-0.402542827694404	-0.97971299730359	0.894118269485322	-0.569293643344697	-0.459302967405236	0.0646236874005301	0.506249129681809	-1.20573967099372	0.742346821355953	-0.369040063380451	0.386832986257664	0.190564064435861	0.2423693980796	0.881605640113254	1.63604997756987	0.490477174322444	0.372361728123175	1.2626110135034	0.303223015782579	0.150609290843898	-0.802187511108117	-0.298564054283473	0.122029514687421	0.0588492483385397	-0.971176573696054	-0.831678277675186	-0.0681472582969263	0.93113693011482	0.324618440070606	-0.14703236247986	-0.95125480992523	-0.447127524194209	1.0415505691094	0.592608747699834	-0.888962846153161	0.890382054011652	-2.38066040802164	0.014829257455699	0.0950372522552869	-0.242083600359951	0.452249511937367	-0.463732150494568	-0.0205384921588794	0.220502542912085	-0.0233690813570143	-1.94085926084054	0.290686260523226	-0.169218531364025	0.57455692352404	-0.856837087864553	-0.769938766498826	2.52564921529091	-0.180013366159237	0.656003813637324	0.745812529059736	1.22142802052912	0.931951448865917	-0.216013479174528	0.930430734620808	0.122314618200492	-0.167750921617078	1.01026323442408	1.09458432468859	-0.511762600485045	-1.66671956941535	0.696627538718129	0.747671405827406	-0.364345701359346	0.120584901130618	0.155161459950996	-1.31713244578791	-0.293253026448177	0.0459778933348598	1.018469921886	0.642646081282054	-1.80967377178951	0.407633222369103	0.325461818334023	-1.56358437392605	-2.28310265767621	-0.496284031774608	0.215711854274591	0.243025287735422	1.96806909882225	-0.700714967170077	0.204498271485925	-2.28347797829444	-2.25479061490646	-0.539192003455065	-0.830968012229301	0.0229739389800267	-0.0368663975521355	0.481108717840185	4.09069372604881	0.626770446445892	-0.998779513179482
H2A_[95]_(K)_Unmod	H2A_[95]_(K)_Unmod	0.474321655055016	0.619765814171239	-0.274989223154628	1.03511319337005	0.0488694262081018	0.425613164112977	0.108561513329389	0.539806496011474	-1.02513983815279	0.506835986230049	-1.26577477498903	0.428281729305807	0.218543263116145	0.213599327388924	0.743929603859899	0.624132079587848	0.361007149822111	0.185309952026756	1.93457571726557	0.375709163432347	0.941086578994796	-1.06503507421648	0.306996889864423	0.678538351249396	0.557265336378149	-0.243977970127847	-0.0500449590937581	0.310814939743231	0.381071940026753	0.282158122515578	0.881126315945137	-0.711337383091167	1.22045414991791	1.75936082406507	1.12395077455357	-0.76046777586864	1.40741089394229	-2.15645479522788	0.0375191984334752	-0.139427076266706	-0.298552099040219	-1.29024248980449	-0.937676354052269	-0.226690245047268	0.519374127195073	-1.15442901925766	-2.1000585130874	-0.353362928286747	-0.300430184098706	1.11579466672553	-0.968446854009704	0.305692085613204	0.854163655094852	0.384580490628662	0.847728928924403	0.95447380209011	1.39190054995404	1.16637502491238	-0.243680668451381	0.626630280988154	0.355029444220437	-1.09975404589692	1.33232390631161	-0.0399991214849405	-0.615820171840934	-1.97005616901139	1.0563848258294	0.432896669471766	-1.03104840497496	0.631517024734936	0.103422323957974	-1.68993613588187	-0.682408171831883	-0.792899825094408	0.842057921082643	1.1143843817963	-1.46384800989651	0.976852177347503	0.181402966642373	-1.91376370588489	-1.92773937475128	0.466204289976485	0.213604890825271	0.26980745441439	1.20353257195643	-0.623080655606851	-0.676965497729744	-2.63053191238822	-2.46718220285803	-1.42033939903127	-1.69218626841329	0.89981596336613	0.333763027573948	1.37119471585133	-0.674650862764048	0.400018245412304	-0.104227802154892
H2B_[108]_(K)_Fo	H2B_[108]_(K)_Fo	0.8164271815003	0.78398754921903	-0.312149850334363	-0.600260447701777	0.780929089514396	-0.00462093455810726	0.344202121559908	0.442341874373399	0.568072328526364	0.212320406471136	0.0180673391296532	-0.355219928637104	0.723425721891017	0.635091379482245	0.393317265441059	0.70104243315901	-0.0486869668541226	0.0917667463610256	0.591073864137218	0.903451290879384	-0.617507593898772	0.0979377992807358	0.256464595360085	1.06117314858852	0.578977952180094	-1.75154627262803	-1.05361397510276	0.647495242379393	0.535728675992881	-0.0256286984911089	-0.609580239709667	-1.7354819896458	-0.908440621551273	1.17407764245228	0.805784100752183	-1.15425758121875	-0.534882879490714	-1.6249933314392	0.358227453126488	-0.0446633244531426	0.350411518976919	1.70162609915766	-0.236232666821712	0.056486671547194	0.354795695547648	2.37121000118309	-0.327801738080237	-0.0145819224036505	-0.0667439287072135	0.557720643420572	1.14052392572708	-1.19161331070225	1.0804201988292	1.75331176882803	0.942990400741924	0.310830154897211	0.895365026166759	0.874989711920567	-1.79017631698131	0.769252450215106	0.169467870197991	0.196610682568713	0.26506266531999	1.82453379143736	-0.499674180445028	-1.24114900192427	0.883301266127783	0.970047509294057	-0.556574894400905	-0.548300015583285	-0.0410154397032959	-1.64351642219431	-0.238316978341884	1.390934176677	0.408962135863313	-2.48397683991118	-2.6228369971442	-1.39920549302612	0.615640354518195	-1.63895727368149	-2.66373450234338	0.358634034890997	0.349527312215001	0.0800309289309779	0.621367759920038	-0.00295535977598939	0.374474913972544	-0.690595880347764	-0.267222739002141	0.895302313074784	-0.507837683624189	-0.767698440217422	-0.0372224370620373	0.313654909403148	-0.258280497780926	-0.234098423242144	-3.04701607416563
H2B_[108]_(K)_Unmod	H2B_[108]_(K)_Unmod	0.961610392647693	-0.290192628275748	-0.227692840845158	-2.04684880425763	0.65305982509303	0.339158620123196	0.384047310490308	1.19809717545081	-0.997698803318107	0.439774553231152	0.869852423828314	0.694888010747128	0.49891074392769	0.402157243441091	0.365527331395815	1.0500642689573	0.977599645458194	0.889514691968639	0.877389328350873	0.66363039628999	0.372383486872811	-0.738654197458746	0.0881937007322018	0.919436660800063	0.118969212391707	-1.64503332702552	0.345236848818018	0.322809029736135	-0.0376249144181835	0.0910793900505712	0.330316593608532	0.215138685315159	-0.0155523009805055	0.680361360592921	0.633006499750525	0.744266048678898	0.365348658053034	-2.97488085643031	0.813070361007895	0.649733675393978	-0.383929993124235	1.00564419942045	0.173513618632359	0.266896273284912	0.440374701025397	1.13212719796416	0.497004066479634	0.629532703394145	0.348327548542164	0.192601414832145	-0.965121888981636	-1.42490056089829	0.713457046743607	-0.572047064578535	0.423928108912603	0.250622488658286	0.713411719655963	0.644707526366301	-1.89479595518129	0.415065050929437	0.591656922426684	0.0661394733895868	0.781260167614315	0.840235642638207	0.326130374793607	0.292026311314143	-0.122675329132555	0.777020146465652	-0.127875694444741	-0.214857306748244	0.577085045351088	-0.859824692878455	-0.455181332405643	0.188424443334368	0.298425553587483	-2.47023211163362	-4.16715068114539	-1.48891691556332	0.99072867468562	-2.07649744384337	-1.64727276980849	0.248932542325036	0.138841890856111	0.0876083262943216	1.18829023050554	-0.417604505256348	0.762355980777661	-0.966698840547909	-0.94203146267223	1.52822271856275	-0.81062075983244	-1.45822531504052	-0.835498551650923	0.335545508339047	-0.117500047877458	-0.0753979749851877	-2.35173992006573
H2B_[11]_(K)_Unmod	H2B_[11]_(K)_Unmod	-0.147919483606514	0.481292375077326	0.133384501750457	1.96188682680879	-0.243491660160148	0.0525932518101688	1.05358214757554	1.06757306004271	1.46277839687779	0.327570341189479	0.254689234679578	0.516942846203565	-0.18765616250485	0.311579878108457	1.30984222707198	0.715506141133982	0.41837978713259	0.388151942536384	0.528788449652457	0.4990303696472	0.457370517381012	-1.74315148034899	-0.205777747174653	0.524905121378609	0.412678180139222	-0.875745144748514	0.26358389038516	-0.0449589106140953	0.148752301212627	0.762226806724257	1.27410357087866	-3.41797071889016	-1.48878122481073	0.621261899506517	0.828882894135726	-1.43385031840771	1.44512447753401	0.495080096395194	0.340723017938811	0.60378900119305	-0.738280967909959	0.102688098227401	-1.01800929031587	0.454744535192941	0.644996489374946	0.458657823728824	-2.65394812468174	0.233257180371594	0.403692580092834	0.330979658011979	0.862178782982515	0.625580414260045	0.542812141606393	1.78312251161615	0.117363218253516	0.0851225698804121	0.0633993588285101	0.229551817075812	-0.253355370722107	-0.243437314933078	0.219472339992817	1.12212628948371	0.406982038605759	1.29654515760085	-2.25036995838592	-2.80442705029176	-0.650692103919261	-0.450136494280266	-0.387671503880158	-1.34985295274935	-0.32856873761734	-1.21651831819844	-1.18947719681239	0.0773107095452165	-0.853232489812921	1.09798336298321	-1.27445946355208	-0.35465810854178	-0.383821975054629	-1.10480635596862	-1.10084219488422	0.353894354276302	-1.73300264331877	-0.00779950724817758	0.478218644550367	1.27635739992324	-0.685167122882601	-0.539310301923117	-0.686785449101694	-0.164460307545509	-1.23791417501275	2.16135339360197	-1.03042423666041	0.690017980438191	0.591680023174013	0.392961550628178	-0.284371408937673
H2B_[116]_(K)_Unmod	H2B_[116]_(K)_Unmod	0.99017387666959	-0.225035071090365	-0.178345939384524	-1.94708478591986	0.677845059608601	0.357582728298085	0.461481926490033	1.23081655331629	-1.01820545401458	0.376345502095408	0.831493840186112	0.647037795047319	0.657478280129939	0.491218985702284	0.349141769420239	0.943223515458965	0.860827198777193	0.832734971416892	0.871965251468228	0.776479167510423	0.258679104743323	-0.225836685428882	0.131442913490389	0.937395480756359	0.359441550864005	-1.84977899526806	0.36487572046811	0.429037302879188	0.00810934851768163	-0.00279461470923835	-0.057262859160767	-0.104083309143467	-0.123193359119793	0.771472702578471	0.676301424222154	0.558549858804282	0.144463359502873	-2.88132812807516	0.737654646915374	0.392673055999728	-0.0558071876160038	1.30474142680131	0.147523992853225	0.197680107485039	0.439791772575524	1.26799995468269	0.243635371831949	0.527896805430966	0.230550865563308	0.237757031246856	-0.909766745512916	-1.3986281399756	0.843089734885268	-0.452953438361785	0.475237675794001	0.229795466736214	0.8429284613672	0.692564644221549	-1.99416800432649	0.525586083486197	0.442166196192733	0.0287547393735781	0.730837272923687	1.06226426861835	0.345177574853923	0.119363382474199	0.158496026070831	0.94260157486269	-0.224559073502822	-0.231790868604287	0.458295167115723	-1.00755108343248	-0.491625168528252	0.232357977413753	0.34563923361946	-2.53898384163837	-4.01057759442845	-1.56341931656113	0.948352797012395	-2.00525111639332	-1.77723489501882	0.297502543216159	0.220852618028089	0.114455238855121	0.976375308668424	-0.376971850521837	0.643258248424837	-1.01658736570042	-0.7612639676833	1.24135157513715	-0.774145745364109	-1.10104102941831	-0.62641416406684	0.425251971102106	-0.126289105772	-0.110834210802663	-2.89726288571713
H2B_[12]_(K)_Ac	H2B_[12]_(K)_Ac	-0.152309354263784	0.455408200765654	0.490108817567496	1.8747728147118	0.0596445686357034	0.156692630898303	1.16166742643285	1.16788825314981	1.38127594873424	0.667161150866309	0.621158452715886	0.747895576220871	-0.0798956884705305	-0.092285260584385	0.708981437392491	0.0511268201724363	0.243733496902997	0.655452091411115	1.21080646404808	0.332685079187832	1.39080159637806	0.119552808659065	0.672208613456117	-0.689814440377672	-0.88001226080584	-1.25562958316404	-0.50825056528566	-0.546589998975276	-0.394202704296002	0.050326438269479	0.871644099419975	-2.95854309515837	-1.39588867634208	-0.265517343493183	-0.0032486232484329	-2.83688701816406	0.494304027016087	0.624685955561459	-0.181294133699534	0.0416012244083475	-0.185640500858497	0.451330682923453	-0.817344985219873	0.224219881579925	0.247222433686886	0.278820573387316	-2.79747114133945	0.427592924430047	0.512178231327565	0.0166695712796103	0.725223933201191	0.416013645460141	0.400378091850161	1.5335310901257	-0.148821833243216	0.0503965152252415	0.340103222310645	-0.429219328552655	-0.0371029383639361	0.230919014459674	0.0709229254453086	0.131308351843308	-0.473933567216237	0.340476642158658	-2.66254498708544	-3.25190745059896	-0.353083322449871	-0.0147924013201097	-0.546010432719767	-0.525592484470552	0.235055361175438	-0.209921417846685	-0.199373742646046	0.824225897913142	-0.294073621389329	1.34048061020875	-0.396978485487316	0.491457359870743	-0.285235309757712	-0.808594598974899	-0.173298825939473	1.37999749135794	-0.0119308356643441	1.4748917570426	1.77959959537147	2.07469707264458	-0.735212934004119	-1.39506422898711	-1.38441288957382	-0.353496746117202	-0.917515193008312	1.60975378608167	-1.00156122146807	-0.0491358656353274	-1.06036810217498	-0.0704635134579112	-0.0285790034435559
H2B_[12]_(K)_Unmod	H2B_[12]_(K)_Unmod	-0.0387634370097642	0.360982751772979	0.242975490788952	1.87325171515593	-0.148495281846165	0.0754264613278494	1.02982549134212	1.03180034558526	1.42655198800468	0.486575089970469	0.301150661489357	0.608237147358718	-0.348681395550312	0.0157980146467923	0.831917651436558	0.430454558753813	0.24976665561308	0.270715245997782	0.85975573838762	0.107830878182784	0.724571130625202	-1.35536413456449	0.261736660312313	0.199063812091505	-0.052499871177051	-1.57998168769462	-0.192574027667665	-0.481446597723768	-0.45913424943846	0.289091752740604	0.662688960783193	-3.68590869667756	-1.9421743032517	0.176209982720143	0.311538554703256	-1.64516244372404	0.894023320535177	0.610347113965906	0.535625536977766	0.771751611618394	-0.625476158298171	0.167695788063224	-0.727213815102477	0.844552025964886	0.850770813350619	0.550154409945891	-2.18762439287398	0.353795722050064	0.596575185211273	0.192847726230985	0.596580872809795	0.355919073986946	0.342582351384649	1.29663228660114	-0.0376987746505977	0.44543064212166	0.44959268593096	0.581682646126611	-0.0417133106570213	0.014130686738772	0.491306321439384	0.88773463035771	0.305014602233389	0.941102091567873	-2.17773456722282	-3.35596560971074	-0.226703258351242	0.138522453961835	-0.65393111290031	-0.966340012608646	-0.0862439811263325	-2.00235982930239	-1.65002373196542	-0.0219547775270705	-0.798203587248448	1.26365654597503	-0.63983969584944	0.0818251797793237	-0.517460900737774	-1.19343968789603	-0.674392879946493	0.793537499966518	-1.22414435300192	0.330234116439269	0.771412615281034	1.24765978352238	-0.500413304502887	-0.344578573273676	-0.468587922508659	-0.24221137613755	-1.0604579323583	2.1276708196203	-0.945199156413058	1.16795858864436	1.20276058119546	0.800441309770486	-0.52934555066299
H2B_[120]_(K)_Unmod	H2B_[120]_(K)_Unmod	0.975531141606979	-0.166365495039245	-0.278864271187955	-2.01534822755287	0.700176066038117	0.287563137629061	0.409881809518754	1.10305564511553	-0.940577594481996	0.410125713254613	0.799026932973349	0.619628341061093	0.592581819986768	0.471899804811063	0.389259266441253	1.02403890295944	0.910843249941787	0.821600886910992	0.856927864100634	0.746948283104157	0.284949589845869	-0.395466341931659	0.12945292737541	0.987596431814139	0.298335882055989	-1.76634653209258	0.219469765862378	0.408704607918512	0.0516749770047778	0.0899935393325233	0.175126316280127	0.0700195354363475	-0.117630509822987	0.796764535187539	0.691672546750953	0.644569250632524	0.277132729381799	-2.89971566864086	0.726304565599569	0.470209197752066	-0.215409679414455	1.16854171529186	0.0914392011539129	0.2189185792377	0.443075663438564	1.2655829996362	0.398507277336515	0.55180364978806	0.27787249171938	0.284286087036515	-0.910834242305538	-1.44939231552113	0.826544879360108	-0.498859310703722	0.586396451729668	0.262195372288745	0.786529807867693	0.72508998639842	-1.95895844179233	0.511598648953977	0.512201818768923	0.121744587606966	0.709256003734107	1.01007648209339	0.0838962900339684	0.157491875288141	-0.000672586974700724	0.855471100303482	-0.225568446706869	-0.301006263249019	0.497375842417733	-1.09921331088184	-0.437222994084482	0.318031975622073	0.336931201976923	-2.5822420645574	-4.03953836242695	-1.55078893131636	0.956329158100761	-2.01817253715683	-1.81094567640171	0.315378236830826	0.191605324106138	0.0901622628986845	1.06881051464771	-0.344420058856598	0.66298849029009	-0.763004796442895	-0.888950213066651	1.38430607643422	-0.791249721395835	-1.32103738267606	-0.770602908833244	0.328500729826545	-0.136409555911814	-0.112336958854542	-2.63285464562098
H2B_[125]_(K)_Unmod	H2B_[125]_(K)_Unmod	0.93352281555281	-0.325749892558371	-0.301433068022692	-2.15897977877795	0.620723504991184	0.298402798055322	0.32435653105975	1.0158321891754	-0.793126753242359	0.33659901612042	0.693974198444688	0.624447072150897	0.701265647688104	0.502659581661771	0.361151693301481	1.06288249649359	0.808449270261607	0.874137191671062	0.820145089662414	0.813784830155311	0.234161894439902	-0.219220157857563	0.127770123813202	1.00322032504533	0.409178119402139	-1.8067264240192	0.229631025873605	0.433120414662206	0.136207255346023	0.0991441204949197	-0.0825110353137297	0.230650433196082	-0.222205057078328	0.82520339273549	0.802713420707039	0.763712658302539	0.24222427696622	-2.71972137848977	0.64982493773202	0.672839726871098	-0.11494175826655	1.07655939673451	0.129021923820418	0.303838221731392	0.400637882342501	1.23346529301455	0.501013857210955	0.492125481836458	0.182284390325808	0.215344008521561	-0.817623810973856	-1.38927420853507	0.931450823687761	-0.388951167504419	0.717557921280972	0.17380662562368	0.806094247639515	0.777867368060677	-2.05564904915605	0.614828362951641	0.601569230844175	0.105646594699233	0.694303150490772	0.978519492934158	0.111825198573406	0.292813681330068	-0.125439125489822	0.84991458761485	-0.227866267454789	-0.347017356269727	0.470786544777122	-0.930954215401441	-0.353033497515077	0.355168985316524	0.313756175964359	-2.62588101252117	-4.1280323164526	-1.61194306356752	0.891786009175809	-2.06786958674636	-1.79477864380715	0.220684004139816	0.238102364048042	-0.0381507502535948	0.986581139455474	-0.258023876715888	0.548298845285374	-0.621836865125458	-1.00252288411334	1.30776792721164	-0.837704606456083	-1.54718731832921	-0.673516830031751	0.26213884751718	-0.241848711932923	-0.11129427327122	-2.49647989494302
H2B_[15]_(K)_Ac	H2B_[15]_(K)_Ac	0.674870395477402	1.00265742847934	0.491161034570859	1.83456828716688	0.466409406234923	0.473822495509051	1.58986052587727	0.515728885239224	0.598877695061111	1.06177350377589	-0.301606146508393	1.23183793110596	-0.69808393754555	-0.333770939178971	0.272579097863694	-0.00166295724364594	-0.0445808382875204	-0.112866514917885	0.670663092850147	-0.188740169764089	0.615713448784415	-0.998077952730026	0.17242431932189	0.979546718245107	0.628631162879493	-0.542155881890304	0.398834983856404	0.324493284013717	-0.662658194650289	-0.424578553843118	-0.0276643578089196	-3.41912201625748	-2.06129526264082	-0.499552740373182	-0.434833325034712	-1.87091776455332	0.0574237790254114	-0.156037283483864	-0.216127250533168	-0.215934545893094	-1.10878882438205	-0.30845067484524	-1.32307566735185	0.115521841346019	0.350044754239892	0.617959614672341	-1.64785659664684	0.268957517792614	0.56556939806825	0.547861753300369	0.720275486112228	0.572873861685924	0.74532749223685	1.51444483754488	0.390272046506465	-0.0205011722280816	0.146040145173226	0.0630253514884766	-0.523405297762084	-0.186673165138324	-0.109770006284276	1.36642314758725	0.812592138557373	1.52825905503099	-0.926392758809988	-3.87685044331613	-1.07432550017338	-0.97113712988165	-0.563200858896076	-1.80068095873809	-0.939503268331915	-1.13506487867777	-0.966581399660793	0.474523667342889	-0.343340657820473	0.441367420336055	-1.39465420562164	-0.811629174460524	-0.402449468885572	-0.593749769871892	0.262527833111898	1.38841314054888	-0.387193514632474	0.842733538672976	1.26339746284878	1.62275669277821	-0.232340588666895	0.0638472688639323	-0.167190988430433	0.18033972313135	-0.649836073630862	1.98505005921879	-0.161653393914402	1.05803615179998	1.33999007089197	0.75274605819601	-0.226491934224988
H2B_[15]_(K)_Unmod	H2B_[15]_(K)_Unmod	-0.927425323721801	-0.293392983220713	-0.484208468068478	0.0130512638764986	-0.776110582530184	-0.709978282674968	-0.236602288557365	-0.289137011872806	-0.437245657573037	-0.638483079672115	-0.574696172147221	-0.471309694689106	-0.359569869036606	-0.0720954192796881	0.340267326114397	0.0928843909428672	-0.205179258372171	-0.216186639127779	-0.060859357473198	0.484183026485501	-0.047605026817804	-1.16888845490696	-0.589688183940999	1.79370826161768	1.8979656465217	1.28109977659257	1.873348846512	1.70124358917968	0.605871197317894	0.883578970325474	0.786467047084835	-0.587403605425823	-0.187090010613295	0.986201756336772	1.11976861682875	0.0689133454101309	1.35816223540848	-0.458526270688253	-0.248261636971154	-0.173641722991793	-0.808247570031593	-0.96540705977617	-0.86732710943461	-0.539403259070469	-0.473304085427533	-0.589059882669845	-1.91864448804344	-0.915049399137231	-0.67057333080508	1.57140435790135	1.76062685902613	1.802481101359	1.6634690814627	2.09566050179844	1.50314999041958	-0.907314793654887	-0.94871990261296	-0.538804087532573	-0.849016832998934	-0.862187694824698	-0.898243452134806	0.73965425497075	0.512184269409853	0.675189609704367	-0.979118668574834	-1.37761451080367	-0.672290596538334	-0.698724270043487	0.21967142620915	-1.25586521859455	-0.854355815864979	-0.374368092290774	-0.652503757140919	-0.429334719330376	-0.760727879285954	0.291718339297998	-0.771322642546149	-0.17107072565754	1.23599196451416	-1.5760234907517	-0.87759890063635	-1.14554263100304	-1.24170787777782	-0.664989925453885	-0.370433415025253	0.207778069129339	2.04381847363863	1.91922824036133	1.89238087546893	2.09537438471424	1.76105125828337	0.52786802833038	-0.874371626897516	-0.464332366890067	-0.239168029810684	-0.232632288797072	-0.156430984311824
H2B_[16]_(K)_Bu	H2B_[16]_(K)_Bu	0.457702165825563	0.77496293255888	0.31622939430309	1.50949800771668	0.341985500546816	0.341136744050041	1.04405385801957	0.811124813655623	0.99381747007322	0.516749281728909	0.321124806086087	0.746337305575022	-0.211231086280816	0.0489644677058589	0.651905480667675	0.387012008810389	0.277759103785734	0.235355564368984	0.101294340263557	0.159777223117973	-0.0406573823340978	-1.40622552679185	-0.432640112849054	0.433378927015983	0.13225873029898	-0.946114343539181	-0.0534564218058263	-0.113538328143065	0.104794027711957	0.297197935713719	0.61797364974398	-2.12291810975097	-1.02555361508368	0.236641854245611	0.288948909841172	-0.871676358076059	0.603284790639669	0.5142292901436	0.465664239339611	0.46582915900704	-0.255766233614257	0.39105339469077	-0.428946687651434	0.733711083142656	0.923252071866987	1.14195202045072	-0.629226300925473	0.77967977836796	0.979092063072775	0.251184401682796	0.446406740292252	0.231725992947769	0.407923193027209	1.06440172411019	0.114733912156723	0.623769624245058	0.758359481597644	0.691270579876635	0.217325753622179	0.503793390566506	0.551619220340161	0.880380645141963	0.409223516348919	1.06539071669919	-1.0248895505354	-2.07598865303266	-0.0475220122772491	-0.0484779203514633	-0.314450650728142	-0.700729359906077	-0.118956323755108	-1.29310999121582	-1.15694956819941	0.137925700866752	-0.483952257639152	0.743954184617459	-0.64818216167896	-0.203062851214863	-0.512599263458896	-0.227505332305621	-0.16361963897256	0.746311575196781	-0.688714303608861	0.305286494294846	0.680723233003617	0.935701078612928	-2.07411392473222	-4.05169852521229	-2.78132531665176	-3.08340722759614	-3.09899746509307	1.42291844086411	-0.341495060650879	0.600474676198658	1.32580195126835	0.407777237250415	-0.99241799331959
H2B_[16]_(K)_Su	H2B_[16]_(K)_Su	0.19568041495386	0.533902775064361	0.402475518443915	1.43134429913199	0.153327445171614	0.152788242418009	0.731717628686472	0.231711054453522	0.274820954701401	0.567518688264767	-0.4246229603268	0.537068684650881	-0.594780105552846	-0.382765604350897	0.112518948369843	-0.214625836995617	-0.127132826361225	0.0444963168063712	1.35350255918084	-0.0329575929217093	1.4716828214815	0.26713757457335	0.884837503968758	0.344048138585273	0.462013273568861	-0.206621126968945	0.249270022069595	0.223400026800548	-1.05370934591252	-0.665743267170801	-0.147593227382772	-3.48707787842785	-2.11013742262347	-0.956265541826424	-0.851057949350902	-2.88816695931937	-0.322742089437686	-0.101823859455624	-0.462217854149633	-0.405042439643676	-0.678739640121666	-0.181530825874272	-1.0388061600752	-0.177899775385453	-0.18873316878053	0.123905582108707	-2.50893935072826	-0.0337761634732846	0.264162384715623	0.550621779407115	0.801981060307864	0.723327058866209	0.816315244099613	1.6088995958832	0.424374892125098	-0.902847177883467	-0.827584324414917	-1.3026590140825	-1.11361277390934	-0.720383042026251	-0.981821472989881	0.866290511922978	0.388112151252046	1.02085577111413	-1.17205185150022	-3.15144908236821	-0.352624432446212	-0.134873859960881	-0.520411690386728	-0.502309103628609	-0.0320527812686514	-0.396161820526631	-0.220694572885942	0.616137310735945	-0.299777912365176	1.03612059206832	-0.443656279164152	0.269260786878853	0.331291039552578	-0.52302098905531	0.868534031777949	1.8939834447141	0.818080906933278	1.96726068142437	1.92928956252748	2.2308456572249	0.49122022573889	-0.189736534957903	-0.0772508950963973	0.599335136747339	0.216916286930071	1.6303497088135	-0.325563380478479	0.502724273754662	-0.324764767128781	0.870962701723346	0.272395460448194
H2B_[16]_(K)_Unmod	H2B_[16]_(K)_Unmod	-0.0128329162543675	0.577371221271354	0.355289416583572	1.91117331901613	-0.120482640261971	0.189925613801994	1.15043546366714	1.30142640672339	2.03084496990558	0.562024353981673	0.595575860622628	0.543921224542027	0.314994459452421	0.500549677117504	1.1081335324981	0.529766522602837	0.622217396875971	0.77698140290181	1.10263007957114	0.339052406301644	0.972314710605883	-0.870265703528539	0.459097648747615	-0.148353868251434	0.215644492679193	-0.972145835372316	0.275611177516519	-0.241150137668013	-0.273712124530723	0.60958739480867	1.02989035063753	-2.66863018758541	-1.09343648061783	0.43893492422211	0.763194476456993	-1.60347109916666	1.41120297347016	0.709049624238689	0.297342508833204	1.02855622553546	-0.309596313537335	0.144340257306399	-0.543399847480408	0.323898158393521	0.586802873427938	0.335697592178968	-2.8364909189274	0.185539194205173	0.285096888271304	-0.187689776441183	0.520580374091776	0.457564828663205	-0.0611619296378732	1.19602178894794	-0.357989513968825	-0.00090351725090824	-0.215035699032918	0.137490208927066	-0.245695141294225	-0.279191734467257	0.218367099015765	0.0771049954972938	-0.380828904925178	0.299364063703853	-2.98253620961699	-3.11593225018882	-0.295598491626878	0.00575457751951139	-0.549998754141366	-0.850083633130129	0.264079780856011	-0.744677738301569	-0.139052196167335	0.374657115433043	0.0903125583812709	1.09050269902938	-0.866136116830972	0.414010261838955	-0.331308330168266	-2.79985880034809	-1.44067476028212	0.0944748088999658	-1.50261351137707	0.0862508040244053	0.345186897911488	0.973855839820453	-0.924678232473124	-0.936010039138969	-0.979217494620119	-0.449861664772401	-1.44511321494079	2.09635944656986	-1.0277402785796	0.96073678184562	0.134378227358327	0.710550433865621	-0.328162384267689
H2B_[20]_(K)_Unmod	H2B_[20]_(K)_Unmod	-0.366164722801214	0.328091137267502	-0.0240282333263287	1.898411228599	-0.39019664316483	-0.17510109113427	0.953310923751251	1.05301266772278	1.41288271179362	0.295042126925518	0.264933701069087	0.398541650791877	-0.193623782727661	0.240883570954188	1.15585214227748	0.501062662080079	0.422271328186296	0.517353739361938	1.1314275881656	0.471470884716093	1.02861142151931	-0.950051311507382	0.399167406759027	0.147243283124664	0.144018115598183	-1.11237495065885	-0.0580093770016543	-0.336866107400506	-0.152134420931249	0.532653044919107	1.17485937801351	-3.54186113906684	-1.7374383075374	0.226222754933583	0.429366670247933	-2.12515165105222	1.08771478435365	0.703323351742363	0.412207198949412	0.678451667700146	-0.426152806550447	0.423219892795965	-0.84121440359695	0.481042905771573	0.693276126664835	0.543886139838446	-2.9663285421059	0.464257208256947	0.633901924101618	0.219850207701417	0.789139015184005	0.57530113731249	0.53561237747143	1.90416122995476	0.000989121785485642	-0.0733470994303155	-0.0230817700925795	-0.221970426751036	-0.33363323185906	-0.266488218084531	-0.0283320407269885	0.775424641230728	0.0310241415219119	0.987215210333909	-2.60911347426995	-2.6460243369748	-0.170230347792704	0.105221994531203	-0.609398124700327	-0.773401680476717	0.129518267478863	-1.25958556615561	-1.05787391129821	0.138779080134815	-1.00099784257979	1.77125471449223	-0.615167423556047	0.558562446561378	0.148085989864048	-0.852954386888983	-1.10208262187697	0.464533538717506	-1.72249274032381	0.191154042861593	0.604193396442873	1.34915650725474	-0.313448910068273	-0.727800557641466	-0.720365595001125	0.0403596927085569	-0.984034241106705	2.10750829083578	-1.16744350319504	0.261183022645756	-0.249841278520458	0.268375097147147	-0.278767683190013
H2B_[27]_(K)_Unmod	H2B_[27]_(K)_Unmod	0.00914381717650554	0.576805453896321	0.237848200383968	2.12036809099553	-0.119125422578722	0.163982886307548	1.25160308193158	0.959330117665501	1.35559314184832	0.511854019202982	0.153543987391762	0.647163702507412	-0.287394073104971	0.0633537305487931	0.908849865658196	0.287288447177037	0.350343855691274	0.383260770925711	1.22074112043643	0.128572521833472	1.12250253068331	-0.767441413412976	0.521322345828519	0.267194569488115	0.24686433159894	-0.852650028220606	0.0847350146543707	-0.212488736791525	-0.35411641501451	0.321602933028484	0.924520068671155	-3.82108214326746	-1.87703483676534	0.028862748039585	0.222910919928133	-2.21721888086426	0.851769422680233	0.621391755954961	0.418810921187287	0.745071703009535	-0.456078669161883	0.366453367417144	-0.823034763577681	0.407125273809011	0.761063149934437	0.776075787482936	-2.70733521789856	0.414765017492517	0.546805731889419	0.0886631946556141	0.592144008714879	0.447361912885027	0.358131859196462	1.70950006225854	-0.104416049218782	-0.222155241017308	-0.271203904928993	-0.103647681949531	-0.444641085380565	-0.452000382954759	-0.100285088177666	0.760607163458144	0.0579933278362729	0.982588201080676	-2.45647209260515	-2.93561510968742	-0.120942661388382	0.030105019201207	-0.829390994347357	-0.836116148934314	0.0133002648726276	-1.5158425549456	-0.867974041198066	0.190758586415787	-0.524879883118924	1.41547045077775	-0.826038001606243	0.161432572843145	-0.101090740303848	-0.882360064531428	-0.966951107551426	0.60211568360231	-1.53611375600379	0.291860037061244	0.686357487772846	1.22440908839801	-0.479563391069153	-0.589804235456729	-0.628511569228485	0.00605436039451545	-1.19401733078459	2.22264122517659	-0.90447656461425	0.785109304607946	0.626930897502155	0.594949501668021	-0.438468333074977
H2B_[28]_(K)_Unmod	H2B_[28]_(K)_Unmod	-0.0186812676484898	0.607035583626804	0.222251728243182	2.0151507440178	-0.0090866783572012	0.0997514669357963	1.05523617858407	0.716391396412799	1.05311368702194	0.460244943861143	-0.0169227939088951	0.597286870283181	-0.400690591624896	-0.0112042065435853	0.936847091817933	0.347050124017803	0.183500149351459	0.264279589019797	1.07738389930477	0.309125599959547	1.08110861323879	-0.865213679049215	0.439777071775092	0.554799199351042	0.498989904633163	-0.724561543079235	0.31769713697747	0.057521560974011	-0.28459475872297	0.312935221181745	0.90544606437997	-3.79379908889184	-1.8713498199711	0.0353445314588229	0.217184047058416	-2.0590495368576	0.824641455468686	0.336665380346924	0.127983400586666	0.290193609539249	-0.738668105710596	0.0358548587087967	-1.12748460200266	0.293501597336004	0.401702704793581	0.291018278209341	-2.92817160569827	0.155545408192554	0.395716120734529	0.5258018316239	1.01302527886552	0.815961912729681	0.806940996374327	2.03346334113079	0.32653136682886	-0.349136632506343	-0.27009138760531	-0.453132902956138	-0.652458605955662	-0.441021696934222	-0.31409478666235	1.09277687172628	0.410141012099838	1.35750658272546	-2.10785864498586	-3.23723870767872	-0.571617964849522	-0.333732992340666	-0.524529686991696	-1.25028106639069	-0.252976775023463	-0.869069900379529	-0.860289758972802	0.311873592506198	-0.661553720139479	1.25533215600925	-1.07201807909854	-0.048665734654296	0.0495311309007027	-0.987416438242173	-0.633143384654171	0.773577590863035	-1.30520036468021	0.442063661905757	0.829367069089973	1.54612179888797	-0.150604373923558	-0.50623103590409	-0.529743892559556	0.176755650889731	-0.673502306642894	2.160333070705	-0.906028156353979	0.603337702417781	0.258810693672362	0.533872392914477	-0.030283647117286
H2B_[5]_(K)_Me3	H2B_[5]_(K)_Me3	-0.474092827384994	-0.104162153933194	-0.112029557637523	1.91418631085402	-0.545778503106947	-0.28284115454771	0.765004615544192	1.14277891816468	1.86002981721074	-0.188491037523652	0.302616627198034	0.367047902933442	-0.40310473228733	-0.225180561695972	0.423453259333388	0.150125886911382	-0.1268731375969	-0.274618428736802	1.11582520753195	0.414040415314841	0.927329523421309	-1.41895807882124	0.45139396825423	0.708496985292368	0.419288491146197	-0.76912174965931	0.143341281343568	-0.334141857504573	0.645725375105796	0.543095009753365	0.876894753664226	-3.54689239352756	-2.14499991817393	-0.155751862652708	0.00511337095864184	-2.10229737511267	0.724557991580921	0.74643311881452	0.440208166611961	0.603551327259929	-0.511470347565741	0.238018689603303	-0.634687300851842	0.588843694917584	0.644273346078081	0.578439891645129	-2.34812958424489	0.224397103684178	0.51721025330361	0.109424680264023	0.659583726300568	0.31848562066042	0.0580814609458094	0.97417536989753	-0.544179076757637	0.148565693282218	0.471555547368461	0.299936542625677	-0.00419035441364165	-0.261636302741677	0.127591019481637	0.936005099843886	0.00825955523314791	0.95181830676838	-2.42034871257725	-2.26421723872011	0.903517059563318	0.752538595351417	-0.438214561967079	-0.368184194963712	0.129114653288462	-2.13551311867899	-1.76072576955363	-0.217859045595685	-0.710267360619963	1.11568615827492	-0.445534298347178	0.0808347695310343	-0.556140371015094	-0.0216720452417109	-1.00383320565326	0.720703245978722	-1.20450036786687	-0.0700813136620506	0.716916117358079	1.2743889202002	-0.327398328079297	0.0959135340807533	-0.234313837863919	0.262120761079179	-0.923852676582981	1.68276984807151	-1.46845533110799	0.110992427947606	3.05213424514737	-0.0707292640903329	-0.287364923314354
H2B_[5]_(K)_Unmod	H2B_[5]_(K)_Unmod	-0.257737975309078	0.515255518859132	-0.0878398311796121	1.42206364190127	-0.401264339770576	-0.252370818384691	0.382969607899266	0.465958509609169	0.804350891171729	-0.261438763144421	-0.206763004057045	-0.120525305211178	-0.243229880810939	0.359592868982768	1.36962778724523	0.784323882665462	0.44825782955175	0.462261678157271	0.286724337305836	0.761663658518851	0.261109544089932	-2.07929388122273	-0.817975771300276	0.715131663514836	0.617453264428562	-0.919767235239893	0.462090711819888	0.290332409793811	0.0354956099668586	0.908097956699963	1.37716326291128	-3.00406159770619	-1.1058450317854	0.829088973574603	0.946424303325978	-1.15688169171132	1.52213947952562	0.305596289988653	0.461791334799253	0.59416014834059	-0.721412283314339	0.0250863712698734	-1.03403445549745	0.580170175699811	0.926436095990212	0.698683948843451	-2.3853729941301	0.568026589996496	0.694302588229052	0.687383421109978	1.03487650798085	0.903353296278828	0.985568829758478	2.24796412546526	0.642826178617688	-0.365045712012978	-0.62684618565306	-0.254408540975283	-0.858136281898514	-0.547034712502991	-0.29173144741986	1.39750677391107	0.822755762185078	1.7566698602007	-1.73334224334473	-2.55979802630852	-0.60189509846623	-0.52519503750063	-0.183644462431934	-1.74410589452601	-0.258710705989026	-1.36401287456736	-1.40349094108085	-0.15018390590986	-1.08443554348817	1.46492067086085	-1.12513658001956	0.0738385147617642	0.466197076904081	-1.34910835092994	-0.849728357666907	0.203679157380715	-1.89224427408735	-0.0137695486411134	0.247610310857278	1.10769328760342	-0.190207345407285	-0.48770787339375	-0.384084728835952	0.0211462470074327	-0.864791364280946	2.02827872739723	-0.948425235079555	0.671282159316596	0.145154454954877	0.435891570001377	-0.51339173503643
H2B_[85]_(K)_Lac	H2B_[85]_(K)_Lac	-1.35748983809373	-0.755565762509302	-0.150895440186759	0.258706905427782	-1.1386984863012	-0.303246649647549	-0.807677523377333	-0.893797120893137	-0.461365075885604	-0.245411386263856	-0.6266058535349	-0.819292674344783	-0.143003065438784	-0.207004794323797	-0.598179730654239	-0.784528512157454	-1.9890727571487	-0.897137295394422	-0.741905672070349	-0.410067416513611	-0.560488188309571	1.40683230958574	-0.392671603901279	-1.43904945332547	-2.23371071990104	1.43914029125889	-0.432927482791456	-0.248679127877479	0.360556489623052	-0.283284835208003	-0.116467584210086	2.52911033133437	2.3884286031393	-0.508004645891789	-0.621030094019834	0.449212112905658	-0.414787853402042	0.0852309729499662	-0.243997763367957	-0.532974766062758	1.06165689087708	0.248381561751831	1.02618516898332	-0.727773594166219	-0.639240979798659	-1.09161354885279	0.39084330164825	-0.140857678399696	-0.587314001931778	-0.292651972567408	0.384918478734957	0.214925618144306	-0.305012323681756	-0.246336913216833	-0.387646817081105	-0.384787028356262	-0.144785847079118	-0.190020221773599	1.38102481391772	-0.233495646426661	-0.476185932928143	-0.722194494325416	-1.20458050030521	-0.761669464321261	1.44127841018263	2.61736417277268	0.819485765292029	0.292074231961301	0.438975297869934	1.57726579019227	-0.246966690697819	1.92442073791055	1.5310694977597	-1.16186004592073	0.55838237618055	-0.20513128738453	0.406093038700019	0.655696072217482	-0.579889915913026	1.50427202423962	1.24980020111801	-0.35769489551549	0.613888245266913	-0.50786675130557	-0.936879544550387	-0.780549503892014	-0.448955394523215	0.327328331088686	0.449723241351807	-1.0520056368298	0.450427913855754	-0.63492132583618	2.25711859654744	-0.678702379572606	2.77656803275379	-0.0755287298297791	2.04575241244794
H2B_[85]_(K)_Unmod	H2B_[85]_(K)_Unmod	-0.995412928018648	0.0650556115574036	-0.0230570842169799	-0.0422685732972663	-0.649359050404887	-0.0547855348398697	-0.719707461862891	-0.904397763879014	-0.216270147799545	-0.000656726282799982	-0.413343068085257	-0.97393867979519	-0.0780937489213812	0.315592927291177	-0.742896782307449	-1.08241173580988	-3.23651867718899	-0.792037942062238	-0.663422832663149	-0.314285377542129	-0.754548134882888	0.655229142442667	0.278451100480455	-2.05741457766805	-2.70575985482537	0.94899023923672	-0.349618190615111	-0.0124796902573291	0.0432293153717394	-0.333872533373069	-0.114951379629507	1.90617151319914	1.80713942755066	-0.321861682058352	-0.445279862723595	0.508454772571325	-0.749977501207414	0.265474097229759	0.0646975088417828	-0.316867575701999	0.735748451784296	0.688955653056292	0.629127296165419	-0.840789050877825	-0.240176832246115	-0.516654217524088	1.00299035670756	-0.0803667103511379	-0.809683865535395	0.269585971046741	1.26771194998052	0.25484367166951	-0.700707577333	-0.328115042233482	0.0711130456469146	-0.0675981325008653	-0.351979859296697	-0.205151501754894	1.64864361742525	-0.295841000639745	-0.00590745389007489	-0.568307135692951	-1.09959923398413	-0.5051717500704	1.20333912678641	2.4086343764789	0.614118501542508	-0.329804015658722	-0.0287840262024061	1.0466530484715	0.152627460379171	1.83026363205285	1.96979474468689	-1.08672658219073	0.713884302985913	-0.198272406521889	0.937446591711648	1.19066432624135	-0.85919437135207	2.31355759470695	1.8147360123344	-0.775524334777791	0.616660418890799	-0.0575159263193138	-1.19505457663874	-0.656035911946637	-0.670944802147024	0.441211690270313	0.548690600614154	-0.911566612290054	0.338462908711219	-0.816817724227755	1.83490295409976	-0.411391589006207	-0.980452180843722	-0.187595525845763	2.44437108759979
H31_[122]_(K)_Lac	H31_[122]_(K)_Lac	-0.138529588221243	1.51134680394546	-1.18622741928172	2.33837999129868	1.32072945322022	0.528547549306151	1.02088354917001	1.18651315095334	0.293050304063063	0.00470741578106973	0.197127842858612	0.960507937723263	-0.0445748692377741	0.605288625969953	1.31708844653268	0.718319865630503	1.92662675226638	0.61772612671129	1.18084691537133	0.057662450869931	-0.150054159930739	-1.39971964843312	0.149731558916414	-0.0158292715065234	0.153990256121423	-1.58363155761704	0.215966521945194	0.140240031608661	-0.864584740352863	-0.0998583597244469	1.36518469077097	-2.84300407038328	-0.73036142652939	-0.455529120069169	-0.548308000191474	-1.11106632909769	-0.340816690620792	-1.33341873174741	-1.33618185580747	-0.187716121621329	-0.336093434199512	-0.802358267226306	-1.19194103812162	-0.409438027649704	1.05048994241546	-0.345297751863989	0.211377793364937	0.853716612652777	0.453653799376769	0.20224601937375	-0.362044183191442	0.52036745758587	0.331781208064113	0.974370770425237	0.130694391157481	-0.515475538727965	0.266067044372285	0.331303162670833	-0.669941474828807	-0.00486148199341362	1.14474490750069	0.473997901227955	0.565809668522364	1.08340307135566	-1.61046357817059	-1.64401276840206	0.17458089750083	-0.866506915151455	-0.589722919528682	-1.50760843457999	0.385458924383304	-2.21914039277854	-1.84043574374502	-1.41683706300028	1.72493404893769	0.807728257623044	-1.77017341051524	0.825641489439563	0.772589573107581	-0.0498597864980475	-1.80355760704085	0.476346365410834	-0.236632183185696	0.241652268149626	2.14607852528373	1.4300989240877	0.394267138200694	0.482403512999062	0.348896669244551	0.999148174160087	-0.639957245856889	0.496919492264816	-0.350697017813292	-0.600438371047234	-0.426870630399832	-0.293514621608006	-1.23794240439594
H31_[122]_(K)_Unmod	H31_[122]_(K)_Unmod	0.929412931819615	-2.57486800686809	0.681748957560776	-2.56295273801381	-0.34851301396674	0.0301088456469009	-0.171506165027719	0.720314107331919	-0.679588213602482	0.732454232700328	0.611920110269256	0.421388506916583	0.39194299855364	0.45838313617045	-0.0936472055916149	-0.181738701006551	-1.71581802557911	0.839912749079953	0.67745110898177	0.695617458313302	0.866112888234001	0.0671118638362252	0.273870726310467	0.666412715020511	0.424296657167034	0.234506927758042	0.299207588342669	0.446254106123007	0.63540707394573	0.930714685723326	-2.05406501814971	0.247142620953248	0.137143795442849	1.04960681553106	0.548396105489272	0.278927027405333	1.04291176400536	0.148736930386104	0.987175546320984	0.798722810457105	0.27880781295757	0.368084238460292	0.482941277393284	0.629376367389388	0.442502772683276	0.05546536329538	-1.96218562854927	0.443551269337119	0.278042227919427	0.851064190732557	-1.86183961830003	-0.660864915909287	0.985514154149802	-0.834645208382244	0.799020717075975	0.814213456784267	1.06657188318086	0.736660852707588	0.359684616168806	0.96173594920198	-0.376889239116164	-0.662031930357597	0.635406018107929	-2.51563378597585	0.0794679599559439	-0.260845474126086	0.641256810593345	1.04897048478659	-0.285646289209339	0.347786683035446	0.384824050800644	-0.107472685703509	0.278746026126063	-0.223480419879173	-1.47219203512552	-0.00323805136751372	-0.820441357773229	-0.177471592693708	0.651773396681174	-3.23705335049174	0.0530690710153659	0.242754527978264	0.431225411649744	0.932488731907877	-2.85642578012166	-2.21846590429892	0.683536943774875	-1.84784409374532	-1.73520295866275	0.208119809033802	0.128369568458141	0.0399459934230496	-0.920398265827965	1.05446692509155	-0.39359911874461	0.797175136568963	0.350630301944145
H31_[14]_(K)_Ac	H31_[14]_(K)_Ac	-1.02620354802646	-0.346945429185716	-0.570087604612617	0.312943263948505	-1.09128656537782	-0.704168027407959	0.337719885503856	0.278675762726803	0.548127701462842	-0.702980602815385	0.043666383887017	-0.00327656461125607	-1.84259419931102	-1.05657249368514	-4.76972747693633	-0.589120303522743	-1.88602366574798	-0.944087202925228	-1.21006915332372	-0.697309150669781	-0.799020838757533	-0.215937115110117	-1.0337076173645	-0.871839242620415	-0.748750324349063	0.150417369668282	0.435474452556455	-0.49902382504309	-0.840634157654212	-0.535543911439713	0.0338161515095394	-0.0930956675300352	-0.203264743474512	-1.12506194989467	-1.04480644002375	0.294823906336839	-0.858507188489876	0.22605277670798	1.02788415405941	0.161726401210016	0.0265095652520531	1.7510587713222	0.482947386935995	-0.342992754246498	-0.100199244398253	1.19552587269766	0.897741099972638	-0.141319511238578	0.40039834171378	0.11761222734374	3.30499064890161	1.06722078168752	-0.179394552062828	1.50950638472601	0.483821897735148	0.0320829887880553	0.417013668147973	0.734855972041607	0.660806677833026	0.464790895641919	1.26833529530536	0.615996063500257	-0.826313713540773	0.726738317844053	0.553171189572089	0.103565541932299	-0.868402049787544	-0.673235828318896	-0.343804273022123	0.248995076438823	-0.682250364576458	-0.332119135821099	0.085623567261832	1.00159115571895	-0.914836475798791	0.89747768116825	2.39147787096088	0.730789323287998	0.134377473734583	1.63647536154027	2.26405610673703	0.483705183835909	0.182946097919623	-0.0658047496749677	0.712565622587202	0.981581890102047	-1.02964535171568	0.166456690216629	0.319434655249141	-0.193182716617713	-0.00335436065663941	-0.0660470029729222	0.0303829552517316	-0.399217480074073	0.60788623097226	-0.834917380533485	0.764841213512268
H31_[14]_(K)_Unmod	H31_[14]_(K)_Unmod	-1.06656950463925	-0.86907899070582	-0.977710774092846	1.09985557250202	-1.47518829615745	-1.12882173272255	0.360991920554143	-0.592023933762448	0.154891314608767	-0.89447609697075	-0.330667017109345	-0.460738031123188	-0.428736735586768	-0.245923236307699	0.270777627616387	0.281637558119422	-1.22337145055495	0.230174050919572	-0.00891418274538241	0.0703323097822925	0.0358151720927721	-0.0735957478834997	0.312792542673841	-0.0783245113861716	-0.322483089126157	-0.130572105630239	0.323025182773007	-0.0413316595416176	-0.285338115576404	-0.431081538315886	0.689030103169971	0.386545195263674	-0.111753830398733	0.47462548276456	0.84632535735346	1.7370328553532	0.702097484537293	0.744727103869395	0.80664697618453	-0.325685225658218	-0.129679439970357	2.71782020352547	-0.908351292378639	-1.09242638833251	-0.644069845587391	2.75765395171981	0.0763392658186748	0.133355549115206	-0.00785861760808244	-0.266299840536001	3.38469412650873	1.21348736888296	-0.105179425610095	1.49920402740574	0.0261534074499239	-0.988514232287269	-0.889655873325773	-0.528871671367162	-0.223846609120579	-0.615881366796097	-0.33298971036613	1.54645471424094	-1.08346370313152	2.06325943853731	0.0153653171099286	-1.31959008194923	-1.73016118138622	-1.47574702566707	-0.376628409832874	-0.898731659756062	-1.1694303742639	-0.753322245882808	-0.859355500377322	1.19449396872956	-0.50882422237759	-0.434001680144623	1.22502013862638	-1.27408460544593	-0.394878689378473	0.418509304590341	1.82944800554121	-0.518161551929173	-1.70248477896091	-1.13962493599693	0.0559305791692757	-0.340653513578987	-0.154208625201401	1.33228236852107	1.78995594766968	1.16429110058734	-0.544851250425608	0.809223305245542	-1.09967533601107	-0.404824998734139	1.26899819835005	-0.369589283573749	0.739039675803602
H31_[18]_(K)_Ac	H31_[18]_(K)_Ac	-0.600401994504469	-0.388855273953727	-0.0540949816908734	-0.0101498785159893	-0.330559611601218	-0.684912412150225	-0.604226601318404	-0.265530348708751	-0.573752026462959	-0.114600605298242	-0.548395593983997	0.214775576952021	-1.85367725992346	-1.43352985623729	-1.30601029740291	-1.46426397633426	-0.765201891148198	-0.865903078637939	0.570496398671385	-0.0485144543307657	0.894588476667326	0.845209857556994	0.246781815126044	-1.23041079929168	-1.47730235356539	-0.728754413344187	-0.395059086693605	-0.776158653040613	-1.49135181738722	-1.57160153543372	-1.48629959043594	-0.486655546231387	-0.0675061547949711	-0.629007911254842	-0.829597072528502	-0.866884266868362	-0.855997956098819	-0.232363963410053	0.148486033759836	-0.450523336537322	-0.860315891115663	-0.133754299667788	-0.722338675442228	-0.052323309227911	-0.446894629758657	0.0867447463206352	-0.279946798685736	0.00570056127351251	0.153239862187813	-0.479103231346903	1.33899651721231	-0.127860012392019	-0.487291398112267	0.475306601501829	-0.313156384850474	-0.42413446333075	0.160125957612621	-0.330860358385148	-0.640622865667093	-0.187443473998599	0.0273187100984762	0.844319389245088	0.810683071387876	0.654376582425246	0.434337942881549	-0.455440610966386	-0.0913137516400841	0.288460361642889	-0.335588995678116	0.368863371098916	0.0723572768126002	0.706950818982047	0.54644464242791	2.03245909099244	0.429017174454451	1.30951040453553	1.56638466780473	0.498055094646862	-0.0470169521238145	0.553728363349953	2.93825907705959	1.78224574930269	2.89507357159564	2.47813355840081	2.82416585813306	3.24444565753691	-0.268949996272804	-0.677644587747397	-0.60329306624263	-0.111508925868951	0.0983185158020663	0.446350652815155	0.214276511330897	0.0368983195965495	-1.11332908785104	0.159762574771752	1.27653695151873
H31_[18]_(K)_Fo	H31_[18]_(K)_Fo	-0.383871838466215	-0.509747748996906	-0.718788410906136	0.131673072979006	-1.33543353235499	-0.706385045987916	-0.146759961095111	-0.425078842240325	2.70459998117895	-0.217947666281915	-0.69364662383847	-1.48254090322405	-0.256112489491733	-0.252348670806036	-0.0690639156538008	-0.474665061889333	-0.54770348037745	-1.10541939262361	-0.0303269245269026	-0.397379199990404	-0.235986187671992	-0.324816413417378	-0.129695575943655	1.36712934359065	-0.403104257097215	-0.411992706372115	-0.851076239932378	-0.182301848817097	0.334726863004916	-0.240314391029831	-0.988915478960447	0.154720267632375	0.348848240976479	0.33982257257483	0.805797176529337	0.51452816494618	-0.481587852724267	2.58140999241786	-0.364517224319102	-0.936666759273325	0.426342067534573	1.83623610649002	-0.873596179447475	-0.889784566539114	-0.450050692969043	1.88923644405293	-0.364416094622964	-0.408097232797564	-0.682308631037315	-0.105926615918636	2.30733777450141	1.37798388834137	-0.420627014946843	3.18058086204309	-0.539276477294387	-0.209286936554889	-0.486203570192549	-0.290094111967354	-0.789894505663497	-0.780371512635136	-0.921866020666353	-0.179882144350365	-0.553936131651303	1.5158305097257	-0.598820960281124	-0.360517395398693	-0.0218423152518333	0.0651172002813897	-0.544380238267571	-0.225714740388765	-0.20587019020024	-1.16942749210882	-0.446870732207158	1.3762876162849	-0.0750343548829542	0.874159090687322	2.95402850039858	-0.869653468613166	-0.167021033497653	-0.896396618892493	2.45980529669997	1.35391644501218	-0.105303897068944	-1.05113001554052	-0.514939797683309	0.0160050959157755	-0.760639206389629	1.73929470503538	1.89453287992363	0.334736144538059	-1.34096872869959	0.407747586840133	-0.395979367937345	-0.490721339557063	-0.290220284652151	-0.305704813900862	-0.205463815152219
H31_[18]_(K)_Lac	H31_[18]_(K)_Lac	-1.32111218320225	-1.45720698083183	-1.12024769230439	0.775504217019071	-0.978515427554225	-0.377343951788463	-0.18195628429129	-0.134452490333414	-0.378019175191829	-0.0099966106066919	-0.183004552841169	-0.411317548604194	-0.900904311191521	-0.407998809730447	-0.316960159841638	1.57271880623352	0.651208666794498	-0.488404185880594	0.0230009369939098	-0.0766948769760095	-0.497393697716596	0.369233481651223	-0.676126757397373	-0.435911186250821	-0.0851860948673662	-0.610060108147943	0.0907789722624445	-0.23855705406357	0.334896527904025	-0.534171828998189	-0.848891792324198	-0.0515140185337387	-1.27742592720015	-0.0768944391887939	0.411028911328367	0.155334003022169	0.419764472434333	-0.724221186028551	0.717627182819361	0.530331115494313	-0.773429329844326	1.83141730355288	0.221871240712321	-0.237487236798468	-0.824564354599112	0.757628420761695	-0.501962926654322	0.287598481786547	0.208212270494955	-0.506622648870375	1.66137111325628	-0.540340320701992	1.25348548344352	0.12435975891434	-0.125203327245125	-0.209035610259576	-0.194826594702388	0.137316729513006	-0.560728254066901	-0.170963050255551	-0.261135366529087	1.65205883695377	0.137302772739156	2.36808747129117	0.0928601972062326	-1.16067266769155	-0.55368565514741	0.503146005254699	0.287020000712303	-0.418122576006722	-0.597511180621045	-0.57229205944274	-0.0746977364605939	1.35525809458215	-0.204572223644207	0.0427806499473519	0.137468381932036	-0.383849191156514	-0.4235965316883	-0.609780828667523	-0.098807301394136	-0.447036431739078	-0.0171616518532962	-0.0453435274505899	2.38097726918357	0.52420936214343	-0.132164050160236	-0.332359810419029	-1.17258813645929	-0.818518431917644	-0.615819824147234	-0.337951061064406	-0.237769055077406	-0.177242576276826	6.67658766349797	0.464530243387228	-0.0186441843236038
H31_[18]_(K)_Unmod	H31_[18]_(K)_Unmod	-1.496514425246	-0.866536399225434	-0.916019150943999	0.521029384670245	-0.945679123162631	-0.881609288881979	0.464879586074753	0.706358847531609	-1.18540544402503	-0.262025929825853	-0.349341259115567	-0.0615354653012662	-1.54352589402094	-1.3689510553068	-1.44010972402018	-1.55569049409084	0.899154757997964	-1.02488209513642	0.614035574207261	0.696918662141958	0.383360309685498	0.684721789247131	-0.27640907836442	-1.34573801846082	-0.395534824617266	-0.305405318813841	0.729996326369964	-0.204474642392363	-0.588387572284526	-0.0846862156762114	0.239160360993462	-0.948192362402559	-0.688058072367638	-0.167865798923601	-0.116358350890322	-1.15498303299362	0.0377830354594353	-0.606311724986926	2.11418621235297	0.580116173898543	0.111694367014641	2.79239029719	-0.295907053531285	-0.758442242023228	-0.261713634388773	0.950814373838541	-0.835455956232895	0.144898458585258	0.661955860080322	-0.425029359626808	2.6240964993908	-0.944815766965293	-1.29529963367417	0.389108136595984	-0.60461958812345	-0.639581714703318	1.11015261403353	0.546475387820682	-0.54444532907056	-0.0945018505036982	0.575021999616437	1.80782743529286	0.661242219336058	2.38831969440956	0.44989805921857	-1.68705102569704	0.170026468637314	0.902236008264049	-0.882969329943809	-0.251783769371131	-0.595554937352199	-0.08059949926155	0.179259170212945	2.14268001053813	0.960616478497223	0.737100207298211	1.30506443358934	0.574260411212947	0.127942533028175	-0.666650629265914	1.02740457940152	0.830295353493861	1.54296509297848	0.716008307511094	1.31929120757216	0.781121937876438	-0.746575661825427	-1.44552825487752	-1.2078329919035	-0.174606074586787	-0.116459265665696	0.0601732328566574	-0.61701132585101	0.0798495599881126	-2.37135410596184	-0.11006476576702	1.09219311164029
H31_[19]_(Q)_Deam	H31_[19]_(Q)_Deam	-1.32772612459066	-0.852857969025679	-0.486380245169749	0.650608770466935	-1.13333349153745	-0.84960777333561	0.0250199599160279	-0.0122163831557192	-1.26270030025492	0.256141661346644	-0.775921048315105	-0.81203774355291	-0.842086114016468	-1.0360622597625	-1.02435772042031	-1.3681456353999	0.346043963427222	-1.36325609365861	0.333772950959692	0.612588678950619	0.0873946071858116	1.33695873004067	-0.292725111942311	-1.44477622087065	-0.42497573943266	1.04187404145875	-0.206619226148121	0.0272170064753668	0.374862136435701	0.405739750198315	-0.274006022412874	1.32098851909987	1.70459770244028	-0.442899211174995	-0.301857597192317	-1.37438117434462	-0.541938581504019	-0.801625463543815	0.749547971979296	-0.0757653989322492	1.36281376080644	0.892821235733072	0.228940554922642	-0.794842895611166	-0.259793822881662	-1.17091272113667	-0.367428404912082	-0.00319074396151745	0.0916000995390098	-0.426451469791551	0.160672156088062	-1.68001021184905	-1.08659020411003	-0.594009611777304	-0.682786503079739	-0.704341115987757	0.778256227905092	0.00650181703707458	-0.223927646984848	-0.184496698165942	0.055567068869295	0.782702430179332	0.119639204550577	0.510634934998914	1.67717041419021	1.31975647292371	0.992038742760505	0.933440414324838	0.0651955287885383	1.76363386726508	-0.459623207995979	0.323101500742872	0.41661465816901	1.0701851556156	1.37838446969673	0.266229021197969	0.740269190828185	0.531460203752214	-0.410672637606662	-0.38150557791838	0.237125568381732	0.844866576832837	1.34106571304357	0.195026420337478	-0.112958190527036	-0.139089733495376	-0.87176686151067	-1.84097514770141	-1.61425195848255	-1.55711207385532	0.189256985060389	-0.45460504485849	1.59991201341799	-0.233119515718937	5.03911624492018	-0.200259717737926	0.5956252640919
H31_[23]_(K)_Ac	H31_[23]_(K)_Ac	-1.38112466949202	-1.16252461913407	-0.754542161481903	0.513159224442208	-1.12672314088733	-0.896126064843479	-0.549123952193751	-0.181460961777374	-0.790856235463433	0.000525777610608667	-0.86310295779917	-0.512024658795508	-2.1238549230171	-1.55226561445615	-1.67197250952006	-1.93348801517233	-0.382024260569384	-1.66568496973358	0.603739798390599	0.148805705001395	0.518511517793291	1.17104169003507	0.118864562329301	-1.05174341463441	-0.840961290373023	-0.0804519272575485	0.0277053093472623	-0.234575545161879	-0.0883986823558433	-0.367608462338729	-0.950461397739216	-0.192003063015019	0.101145247779307	-0.571956810072792	-0.474071191360931	-0.870002646954033	-0.429366322944802	-0.104197686973026	0.949006119709141	0.0204471461540855	0.508188113058257	2.04841366089118	-0.145806536446952	-0.503485868964537	-0.591067536049719	0.365446805709377	-0.311190520508481	0.0253360151556044	0.200586877703033	-0.846735717315482	2.05754601976781	-0.75314060149045	-0.953023220139526	0.308882841281308	-0.927808612701538	-0.629180651686233	0.238859502051264	-0.209244134205462	-0.961752408169756	-0.547447496239267	-0.0716970777140465	1.34588964396124	0.735105602028184	1.72833128258754	0.632262122227995	-0.825233971039103	0.0504977068212223	0.686962920434312	-0.297043393236651	0.474409303114658	-0.347723005375912	0.463308330070851	0.623412572769765	3.31971134550103	0.736223766461171	1.72628071257065	2.09570784763118	0.533225382032087	-0.282785836815699	0.154351656168039	1.86863583337477	1.49174717419779	1.51836077191905	0.823062418096369	2.22926065323525	1.70701932156192	-0.870148906326736	-1.08973858342166	-1.3267559455927	-0.572440625800907	-0.110556601337076	0.131299162994538	0.388793658016113	-0.0321561070173796	0.203988160944446	0.194458634125373	1.22034359605752
H31_[23]_(K)_Unmod	H31_[23]_(K)_Unmod	-0.531746096151141	-0.508352111479682	-1.07735988631666	0.609516374310181	-1.14341477142827	-0.602166674411912	0.754144841702685	0.207550200747521	0.204163727312463	-0.293521104802679	0.0251480242266585	-0.315049810516904	0.266315023331924	0.54606801351329	1.08021821295665	1.59712904340464	1.50160563745149	0.502362905540816	0.0649586320346495	-0.111174999685572	-0.593621800973188	-0.967430775454116	-0.68964378960636	0.00704911734122483	0.133258697058548	-1.18713062640565	0.00827824992567342	-0.388852833956799	0.461275355935119	-0.413449520283831	-0.449727331483161	-0.436609300481995	-0.930808672483761	0.598271446729499	1.49678488031202	0.849547046049148	0.937827030315824	-0.537381835396373	0.444207520966591	-0.162851979497082	-0.487681561735864	2.64153365653652	-1.11500221657685	-0.882180222104674	-0.525280415003652	3.06722559350277	-0.89843325208164	0.156778219173318	-0.0826158000971158	0.533909865719422	3.39743590759092	0.892275663133467	0.670355495407279	1.51196055903499	0.440859254669746	0.111647433082193	-0.00917597530071652	0.502230600127209	-0.46799781511961	-0.204868193156664	-0.431790087007327	1.26356408597234	-0.503148132930527	3.32410672748856	-0.850567785769668	-1.16402306426707	-0.134172777307842	0.475146946423647	-0.589734960753311	-0.877992880570481	-0.314011517025466	-2.34563605236317	-1.20684382242907	0.589691355686777	-0.82540267207374	-0.285395096196721	-0.196722404863926	-1.30104880479998	0.214888418551467	-1.99346458992865	0.0738779211275041	-0.304150199115445	-1.17690338726225	-0.986962803398202	0.922103516762748	0.332582626903749	-0.00886679063176602	0.522972602953905	0.475909109366392	0.822324839580712	-1.12853470327768	0.424125408028982	-1.38420758176697	-0.407903450446794	-0.605081039233863	-0.0570433718375923	-0.570048440741761
H31_[27]_(K)_Ac	H31_[27]_(K)_Ac	0.690588459228926	1.15896144199075	0.845904430701638	1.12694959360719	0.732726882346534	0.326770760697017	-0.27265927056934	-0.325230916459707	0.0272574081049004	0.492158581675022	-0.618917650639418	0.656551576537491	-0.104254806487582	-0.310387996878653	0.476597953242601	-2.11916605872294	0.206200801482825	0.154150968174636	1.22318721785768	0.512341607724056	1.31726799987273	0.544131552202324	0.850703072964722	-0.651930438758168	-0.135898694716203	-1.46370120639225	-0.469754987653566	-0.67489478920474	-0.46233603902363	-0.650886159978054	0.593628477718957	-1.56773020788738	-1.44808958432031	-0.466585594815073	-0.617060246679555	-2.44470688125516	-0.74941404938671	-0.0634115595016941	-0.203632289931057	-0.713967736520171	-0.529192630489962	0.273882441502788	-0.671347418916716	-0.285359231990061	-0.0692796760383055	0.319094766925558	-0.0263759579020394	-0.21376194935038	-0.293000964079668	-0.725536613683988	0.620581858139712	0.914947456919687	-0.0215689843269904	0.00696111634187401	-0.337713754980372	-1.16464321912444	-0.843500357171708	-0.611774078605311	-0.369660141463949	-0.647826273873966	-0.14687386006061	1.37383070922159	2.0508307496448	0.363686242666597	0.776283603099462	-0.706085676483143	-0.260462270836573	-0.574353077970064	0.427726554270352	-0.881806785864315	0.371868072734258	0.622705027894416	-0.489276819874967	-0.720747659728645	-1.06559982423923	0.905628597683969	0.0974437741960085	0.48332503268373	0.0736210494426417	0.567669143940115	2.13635367284067	0.667255284695539	2.50970163564392	2.61919639521182	2.57456677130921	3.10649658558509	-0.456414622527039	0.264230587225169	0.840691623969987	-1.16310026292478	-0.878275214971927	-0.311664231261975	-1.26267799946275	-1.69508591048006	-1.53533805477612	-1.16940045931556	-0.242336391362
H31_[27]_(K)_Bu	H31_[27]_(K)_Bu	1.66345302845134	1.87600539654334	1.99290615762885	2.66543124767426	1.7929754420572	2.222260805149	-0.253651000055204	0.0546183894694042	-0.355468938520897	-0.457557321211639	-0.145998490926899	0.23428596201423	0.912417891983253	0.71389372433836	1.08936167764781	0.35789032927994	1.15956306698082	1.12458689070903	1.82575413557597	0.754399109852134	1.90509847513647	1.96287172593167	1.47005405555469	-0.736709133937034	-0.636862996271442	-0.246945876446722	-0.391873301113242	-0.393323871533413	-0.393904304817261	-0.871855104302212	0.448356014161268	-0.120956192826386	-0.194309776255347	-0.850457060591587	-1.18932701322834	-0.76189836849974	-0.888779029268063	-0.190999329133241	-0.0597798757635778	-0.0306823249839784	0.174114301005707	-0.50271527030996	0.244824668537191	-0.10492781172607	0.13767487807319	-0.757972705565706	0.380973106533128	0.455559386885387	-0.258552060334879	-0.119146767921028	-0.703160899328482	0.658093083651168	0.22698716268237	0.636159803730374	-0.0713276363164778	-1.98671806664831	-0.204366298410725	-1.38301603793192	-0.517612056013738	0.213492057427823	-2.10980733950282	0.315855913149495	0.439473079463911	-0.48773602002096	0.681948386584402	0.695457320356488	-0.429503377154521	0.136584854584467	-0.176872477683186	0.593954403345261	0.394975264190591	0.199741672754978	0.116940057884062	-1.17761651828114	-0.295539072783418	0.543372739996188	-1.07092010522769	0.692522312484533	0.429092214858273	-0.227114759726224	-1.73378333723938	-2.70156108603811	-1.50628757289553	-1.39784690670539	-1.25921001288805	-1.67750054516136	0.319752749611992	0.286562846526474	-0.634926394437974	0.993885798136143	0.565752423425908	-1.41677997161984	0.132939163613975	-1.07303783104182	-0.98535903993979	-0.905351326354205	0.154735439262413
H31_[27]_(K)_Me2	H31_[27]_(K)_Me2	-0.45182421055269	-0.258113132844721	-0.414672897976731	0.365064323555245	-0.562655548646341	-0.255648223546643	0.544428410461112	0.437411745747158	0.664178979947096	0.524404041139669	0.331936924107406	0.647379404013526	0.360390933602953	0.822280258267046	0.570082828047647	0.558915278577021	0.862854411107147	0.578175631028549	-0.213834514050642	0.340269456635725	-0.312847025797482	-0.280212996201784	0.0384706606018128	-0.194231131707906	0.214597856269324	0.254266624545989	0.315726662270269	-0.0987153394970841	0.46166001969342	0.826670728612013	0.841973586573372	0.908865291909898	0.696545732251889	0.462724827831626	0.235797464905282	1.09373261109979	0.581683701531175	0.343289128049498	0.762789712001521	0.601641245338004	0.400202289634583	0.0119135741735675	0.821623266137063	-0.207458985674526	0.126003975259417	-1.00883328283263	0.735922692605029	-0.0397555873954355	-0.166885245939565	0.505649623415526	0.119693297280436	1.03043808399221	0.754073822192952	0.71146583822523	1.13598297857454	0.192819195825323	0.545936275758804	0.328601954267645	0.697973105196501	0.927459241092121	0.769320192173346	-2.355156383698	-3.04148144752294	-2.50711241416896	-2.27188681254271	0.791010402574899	0.530968545709638	0.357024618438517	0.201339005330204	0.567688574768718	0.684530714815183	0.784962052418741	0.843105305467304	-0.649056965856663	0.248445705540976	0.049601030416963	-0.40577879037484	0.511622401203734	0.563917898839983	0.830782990422464	-2.71646231682106	-2.59548796957539	-2.90718752975195	-2.94478806907828	-1.99293793714119	-2.64522639417305	-0.0659547306617005	0.0635342883588763	-1.29103638143731	0.135905992434857	-0.124432325799866	-0.299003334834863	0.134790838062661	0.0708931101944876	-0.379407722789213	-0.26656669064868	0.491240979016169
H31_[27]_(K)_Me3	H31_[27]_(K)_Me3	-1.51615218221063	-1.51630834715856	-1.40538316833984	-1.07621159472444	-1.57582587126242	-1.34816000657345	0.407979306095102	0.431376251725673	0.570247450097969	0.397758489654534	0.335303796425918	0.439456256957974	0.0602134540104229	0.195070591778116	-0.0668921961344075	-0.0465058110412872	0.0732084690028404	-0.0830153274088829	-0.677769394085662	0.163413479024449	-0.91457160830718	-1.19539587170554	-0.645992864202644	0.63512760044693	0.808980884019263	0.662664528854673	0.832518383256696	0.682929924151051	0.470586710743488	0.799785412358752	0.615458653856951	1.03756822381458	0.902914217394991	0.877947530476156	0.831273227720993	1.4527048987049	1.03491809344937	0.59274430273333	0.647107126691826	0.669055496733727	0.495535280313272	0.165750533749832	0.63639428039896	-0.411454982398648	-0.122331953162554	-0.913714939650393	0.281815227722514	-0.469556758095089	-0.37196506986748	0.603613100691825	0.454429455059422	0.829105109508784	0.509186947973751	0.398422335001125	0.779490790501004	0.554993796462186	0.43956836616908	0.676820812925603	0.721482129540192	0.562504324457578	0.927495099269399	-4.00672210646485	-3.58757182808376	-3.06976464885749	-3.41371231165788	0.267271165609944	0.353392395385714	0.191711302799683	0.233318554552253	0.0236171562931124	0.119041183902783	0.562200613157497	0.673610337451167	-0.113415832255018	0.670089311302526	0.25211108045324	-0.0847590236060809	0.41477840827498	0.371591020301666	0.7432410657186	-0.76883008000818	-1.34835442694191	-1.09782273773416	-1.02221830700298	-0.786847603085253	-1.09071776174825	0.309563604743104	0.588912531130486	0.412652955147239	0.307149550814212	0.0672895035879595	0.407565660287542	0.102554998320554	0.509507003236973	0.442247973016889	0.406193371630859	0.653413516730744
H31_[27]_(K)_Unmod	H31_[27]_(K)_Unmod	1.01513027712108	1.0854267442166	1.16011039231055	1.39740806954522	0.928387216554816	0.942927066287536	-0.374116307779918	-0.367883217306942	-0.406992125972261	-0.461041298205821	-0.313627369734837	-0.174632938223214	-0.320050114698191	-0.427906207635404	-0.0521918042171865	-0.541037136207929	-0.291032618806736	-0.0578438290628377	1.26713353366065	0.584405256083954	1.41444746098119	1.34163749640724	0.81786969807283	-0.619603106478463	-0.939441426857015	-0.401061384592688	-0.846085131386828	-0.476926825386418	-0.500460246701209	-1.03979529364759	0.00497218303321451	-0.432257171960875	-0.656904363625953	-0.814630229842717	-1.02970285685291	-0.930290779376758	-1.20686748139358	-0.47300006023673	-0.431149480981022	-0.526928933823508	-0.322386761338554	-0.379547961663619	-0.46979551930542	0.049916373803335	0.192677190230369	-0.131129005781468	0.153313642340576	0.576469312223899	-0.0632701696422707	-0.416330595577979	-0.531538633866834	-0.0827623181714417	-0.270145928752291	0.142183232021476	-0.667215592853969	-1.62973868532716	-0.864738998588073	-1.49684359384597	-1.0244113447886	-0.541649721129942	-1.63867345269104	2.03624170289785	2.59408623912177	1.81692379123389	2.22143356148273	-0.323248655589288	-1.07939965981315	-0.446587516709771	0.160867549546945	-0.336721164539896	-0.271678312219193	0.0021400870093686	-0.251990185559716	-0.860779248069852	-0.598158284017082	0.0185005233387261	-0.505905123578649	0.119863797993445	-0.113206388372817	-0.276028133317421	1.5691020323045	2.33686064799826	2.43320167435592	2.66674189095057	2.67779574133954	2.3257321506038	-0.348119983535849	-0.710303868034347	-1.36721497158044	0.160138342151737	-0.311099309856988	-0.400434066020841	-0.237835472789527	-0.746149344217008	-0.817279561059008	-0.592645214524523	0.024377610501951
H31_[36]_(K)_Ac	H31_[36]_(K)_Ac	0.730672507070452	1.10108966124395	0.862706166124539	1.13556261263735	0.657585627776119	0.454931763254461	-0.36161114360094	-0.442370393784152	-0.182814089612521	0.148833226721752	-0.616952850835662	0.29727359869878	-0.162082251335973	-0.304860125228886	0.314281836264591	-1.66784760003235	0.130018125968335	0.0386860974663396	1.48755243624223	0.677234378092133	1.68039302766634	1.10428463546954	1.22241907320636	-0.561031139122127	-0.220382687032499	-1.13182814566173	-0.349592678414336	-0.487735410839298	-0.522135748098482	-0.822651218146222	0.446374270329277	-1.25649002278663	-1.20546078381749	-0.656394421046445	-0.791650598827641	-2.14559647392216	-0.918497134637989	-0.299908549809618	-0.339305836699932	-0.821750143183853	-0.542139324825015	0.0403260307520203	-0.678257332817149	-0.225306067578155	0.0226332221819684	0.183531746101661	0.0841880123429179	0.111371396665918	-0.223879879803163	-0.591368943176314	0.235601955125183	0.267800820774681	-0.122799836323353	-0.376722120784303	-0.412460905251339	-1.46490806125774	-1.00301170659676	-1.00021179662433	-0.654216201633672	-0.735669306644428	-0.631248608258354	1.7226571284254	2.26999563104082	0.958447530971663	1.43159647487064	-0.524297839606231	-0.370767929941752	-0.522102760774844	0.366021746219267	-0.697531309120826	0.220760736884567	0.461041039283589	-0.412127500851219	-0.783062992253826	-0.865104898792901	0.388071340513897	-0.25641502957843	0.46677454829545	0.0820837287558689	0.541683249300962	1.43119522639744	1.68886963400161	2.95155585525338	3.15831605577129	3.13462379449897	1.8993394047999	-0.258650297184924	-0.437039486922241	-0.196057000050676	-0.652749449432167	-0.641496280101345	-0.375890639519732	-0.981823629375003	-1.41143929074486	-1.21587837708699	-1.02167093976598	-0.0531301643066921
H31_[36]_(K)_Bu	H31_[36]_(K)_Bu	0.568826440363255	0.766000310097026	1.08300801609521	2.28925172014315	0.618450841767793	1.17724767906681	0.0767155259371317	0.305699911303788	0.236309102739423	-0.101458385550518	0.0701318960434583	0.560813726175668	0.68427688150442	0.674709937031095	0.796529641384521	0.125746630813215	0.744471827664157	0.817868366760598	1.26236447788596	0.81380650264198	1.28654680360265	1.20647906432567	0.985970545037227	-0.817375057284945	-0.540684647116132	-0.113127961847779	-0.273547133873556	-0.302924077089832	-0.0947150369411678	-0.254976142655378	0.926712800354715	0.459947596214139	0.27818983935411	-0.594813406707372	-1.05566103426727	0.020735417108867	-0.418840192613664	0.306668820273838	0.36330886111368	0.526355772905329	0.570263827898132	-0.558039466594216	0.690996707638353	-0.427272447751327	0.00191815262676243	-1.4613970881566	0.244119534770513	0.241637153830847	-0.772657974726676	0.624491648592936	0.108491753063185	1.94382456245201	0.840059616547054	1.34915229275441	0.894228262470264	-2.47855739455001	0.00904308927618253	-0.606159816127787	0.311991148914227	0.980414283352148	-0.304425415218655	-1.87457449259373	-2.45157075470017	-2.47822966347394	-1.87202894551889	0.802600557002683	-0.144692763425386	0.230367102648467	0.260714670521758	0.480967560067471	0.159556739009717	0.765777847952113	0.995826610173498	-1.22020084781543	0.773229244838204	0.469326893146815	-1.08284120566442	0.621812688786321	0.41805142455987	0.451191148347415	-1.12961118220787	-2.85670376207849	-1.88481633716435	-1.7851936887082	-1.38176944436533	-0.871976748321911	0.130125803982879	0.952019012910613	0.128778870670227	0.909959781672371	0.0083801853803058	-1.0705866736994	-0.258844912984077	-1.59368277915043	-1.33027495683669	-1.12135903361748	0.183127739832434
H31_[36]_(K)_Me2	H31_[36]_(K)_Me2	0.587011669563327	0.79431325324502	0.951791094607041	1.654401566438	0.540493712252609	1.11480370712365	-0.150581930664229	-0.449937141513734	-0.478095986072808	-0.435525410712104	-0.494818505450623	-0.127662353371109	1.24035351822639	1.46667078258918	1.28536621504576	1.20269607128555	1.55581734331551	1.27359170637909	1.67342266811203	0.399880590038811	1.78417749938337	2.08148869954125	1.87981282060921	-0.374332861564212	0.258158166459045	0.0964066688414479	0.447139162479264	0.00835684140881749	-0.694635729262249	-0.7009053099784	-0.303740286298168	-0.0257526200044533	-0.294676444583385	-0.877193319308777	-1.08931885826775	-0.317959555154241	-0.655336019920753	-0.281481338441941	-0.0635307995030984	-0.156918370875341	0.0847411525145817	-0.690148755126795	0.552814859191195	-0.57296865301774	-0.131451155456319	-1.56872680527203	0.34730886177508	-0.0146737577247783	-0.384900291803152	0.087112205084242	-0.820026354208829	0.567151119940519	0.141909864551069	-0.23831363867101	0.300296922465969	-0.922829665281543	-0.0964138174925801	-0.757360739532163	-0.0963585672680394	0.282740811712687	-0.294676444583385	-1.52523256295905	-1.76346392693416	-2.16068750312006	-0.76994408017543	1.27908891389831	0.536135394697326	0.307412404507755	-0.222824113599599	0.827662939604968	0.518686800684235	0.0113680806373858	-0.0906481422662086	-1.7295329951584	-0.421390394832284	0.0353881785458047	-1.22603600185002	0.762289115743162	0.664829119613631	0.970114628106792	-1.49358628734948	-2.45561396346096	-1.39497503081057	-1.29487097152286	-1.16688904832571	-1.76354833658034	1.48550194413825	1.91423769462029	1.2750024195466	1.44708481461248	1.54932099060482	-1.39753562276107	-0.13358459193375	-0.995002791136566	-0.914071155377797	-0.878748873546849	0.115084886345371
H31_[36]_(K)_Unmod	H31_[36]_(K)_Unmod	0.221635540333559	0.611930034071195	-0.0150881267022519	0.935448106986719	-0.130926801407104	0.224739265052469	0.488963955574931	0.54751631805188	0.644378564159283	0.697268794830251	0.462411431039528	0.790527065145152	-0.161986329425019	0.13228167645802	0.347681065465778	-0.127530404967369	0.291085769839416	0.447630029807811	0.221260570562525	0.757980008870403	0.0674616156134129	0.172294162581469	0.421301625894552	0.0392600359354085	0.144421683692393	0.485241694608468	0.283172999953176	0.0977826870464806	0.59265965346936	0.628796747077577	1.22603075205373	0.961990927497285	0.721109486036964	0.49233336382012	0.198648501892472	0.0558960009113407	0.453488519134602	0.333275225533524	0.797029571445149	0.634639939158004	0.44392492214337	0.16623440201528	0.616963574662248	0.564682127161075	0.985235844311066	0.14207658304125	1.01877489029669	1.01928636329315	0.537533282785769	0.276028875891848	-0.079463053030023	0.611463527614045	0.597774479409915	0.66498462537764	0.657679744118507	-0.471580784856709	-0.1238229695136	-0.388445246479806	-0.0285694754883975	0.27392408748912	-0.0431365253411558	-2.72675402992317	-2.88430989601704	-1.9544163910984	-2.39398179384397	-0.0309113559486158	-0.0852961257154536	-0.0835355529226693	0.447293675461699	-0.011041391788151	0.486927682303087	0.913913272475539	0.716324753769256	-0.799060954141358	0.0492802823851042	0.522755253887624	-0.40271489643113	0.809864251806658	0.616342294268514	0.676735627492775	-2.62031509268831	-3.00330883758503	-2.55287411287997	-2.62067160001725	-2.01086506304124	-2.49528703112165	-0.933318595634678	-0.518182829873676	-2.07170510488052	-0.403171364268752	-1.35605218710647	0.520802422603047	0.369963810187217	0.444535346622382	0.123747351183685	0.396223660472527	1.22747352000442
H31_[37]_(K)_Me2	H31_[37]_(K)_Me2	0.16674449409978	0.303170566920668	-0.00474940259968088	0.328477101181201	0.00680937031085336	0.0899700518973856	0.538285537257625	0.275595865530926	0.431338180054664	0.741324665954755	0.242781476337621	0.581793471856519	0.939189226716293	1.01535676441026	1.11425208072062	0.831848983061836	0.929571524041404	0.901547296488125	-0.102682698215992	0.31131789363558	-0.112364622829392	-0.079768705167893	0.133755128137794	-0.0189333954703161	0.309319597284197	0.45965316082434	0.280014496010676	-0.0829832807482895	0.145000479591559	0.492512791605864	0.012470791311542	0.495815042768675	0.419764295474634	0.368220704223608	0.24724455809724	-0.719024200474365	0.335480871247197	-1.15243471593941	0.874716193620874	0.680519543580945	0.366767024801265	0.151940250533863	0.984962284017176	-0.133092046942049	-0.156169133208476	-0.500638664352895	-0.311047673747659	-0.556033648060868	-0.291791713641258	0.220167256102698	-0.138439081939994	-0.581218227845304	0.537304307399845	-0.230538804544843	0.86385662057321	1.07005158372309	0.98112757164044	0.832976720683523	1.03650018031474	1.1843857099485	1.28220104704634	-2.10948499763397	-2.45874734065945	-2.18243442181251	-2.18755963980764	0.960167563338112	0.69558431218024	0.694885293080419	0.421557951107991	0.859932191427486	0.655892267439557	0.549954365402899	0.685822422736377	-0.350241773491231	0.280398128818143	-0.670058853508487	-1.70957696060038	0.242555214290334	0.593590616398962	0.163795581698136	-2.02529268477391	-2.92898974644914	-2.77814779927777	-2.43948194530518	-2.68264620751836	-2.70805010803519	0.996254183759399	0.176632997793892	-1.14236464270594	1.13578528924777	0.824357776329021	-0.579661388774221	0.255167846633811	0.0793093934310728	-0.282946936749241	-0.250501015259597	-0.129649678062688
H31_[37]_(K)_Me3	H31_[37]_(K)_Me3	0.586028519356033	0.674116437049844	0.637984376111623	0.815905783983881	0.3308851840282	0.547240546307562	-0.412155238707497	-0.518907995112879	-0.500110933460412	-0.501733203796811	-0.431542153474158	-0.425256963664929	-0.216468614775681	-0.205189223844929	-0.0652215526413791	-0.378494980630935	-0.0429432426526826	-0.176755499699221	1.5160229270689	0.768893464554153	1.82650922555671	1.76845462867011	1.51877219716301	-0.234959270977082	-0.30468010236718	-0.211613943584062	-0.0341646643945469	-0.0131812478077325	-0.473827834789318	-0.883570792243298	0.0545321689579887	-0.33597318870871	-0.421231802117964	-0.798227447011428	-0.866704902916574	-0.984315745169858	-0.946412553590673	-0.62936967879045	-0.478987831932559	-0.769874564044838	-0.4051405037093	-0.384273648931157	-0.490449944413853	-0.0527460893578049	0.17837401309207	-0.110139388769379	0.254733922912316	0.653057205254845	-0.0357170288944016	-0.179892745625972	-0.514158424896322	-0.954718692601376	-0.265467119103856	-0.943617351474453	-0.422908902143012	-1.56349280183533	-0.989089987564977	-1.39164189377932	-0.964115111338824	-0.673944511330991	-1.301011884126	1.83104316998611	1.98785261878209	1.72677936029457	2.16739521285145	-0.048453090981853	-0.456345242362076	-0.275805738237437	0.149046176979952	-0.166204926943197	-0.111356863317624	0.0394108117260588	-0.154264333542005	-0.662253428936891	-0.255700157811682	-0.640923966604802	-0.80608717595751	0.299877450439236	0.0728311776836017	0.336022699572514	-0.236918570796063	2.99607453050659	2.86192613282415	3.17958653897452	3.19987862622118	-0.793890318801156	0.167086499222044	-1.54734137590832	-1.97023437360402	0.441565488092622	-0.0339173229866479	-0.378532766230967	-0.195998283076078	-0.493986238086944	-0.292813131148515	-0.459334561329178	0.296875975243134
H31_[37]_(K)_Unmod	H31_[37]_(K)_Unmod	0.71284098569187	0.954499222465665	1.1655186553154	2.14398704302096	0.767085245378394	1.36876907750663	0.143288422213303	0.366297454908284	0.340118090429081	0.0236703262398077	0.208638335319802	0.572998276850318	0.303327846591957	0.313193307930642	0.528100486035703	-0.132637665245051	0.463155704495403	0.586866703900616	1.35135775675326	0.895633346020662	1.40836062301245	1.43798032092943	1.03994622344681	-0.408643854564916	-0.264829984929369	0.0558479372215877	-0.000499776420381293	-0.0460442995761337	0.265817054721004	-0.0765883606197431	1.27974640682365	0.685220662981795	0.487378644476388	-0.225859251328044	-0.669775228525091	0.272058124462015	-0.227631684327038	0.439604010769776	0.422802973685618	0.379577708579902	0.423290173225005	-0.278158204675262	0.527114070693486	0.00657875462068789	0.492178053523877	-0.948548333421651	0.927199133231336	0.739976831884099	-0.0642844401157131	0.376680667417635	-0.0891156074655146	1.49358267932861	0.588391864959103	1.08441792930449	0.515975533038855	-1.88999931450932	-0.372878955720646	-1.07765527352426	-0.251013225383158	0.371393094309746	-1.00847306274496	-1.70942708314013	-2.19201597906673	-2.13128747910101	-0.911322031107832	0.29128783738163	-0.314700758559836	-0.158880461549967	0.229054508687787	0.066529272128381	0.218658169248159	0.793741964762929	0.646346554121202	-1.25771878369082	0.137207148280587	0.669460430284376	-0.758509148698611	0.902210906693889	0.479460134633577	0.783230705391576	-2.17418236010071	-3.44741628720307	-2.76789959746161	-2.35592765553775	-1.96001229112653	-1.86026137175848	-0.453065060609974	0.249929833879441	-1.09062125790516	0.289729984865274	-0.716326037007581	-0.109510729139861	0.0437797951958743	-0.457606719643526	-0.613546852896092	-0.247154643850358	0.988936102982108
H31_[4]_(K)_Bu	H31_[4]_(K)_Bu	0.223645698066831	0.719409606225375	0.776917074382954	1.75035265639375	0.7537126170699	1.15854006973922	-1.02029362202867	-1.24409779252411	-1.42016283355982	-1.86731396979548	-1.36130826256215	-0.849759771662301	-0.836638142129396	-0.361921510359516	-0.970266436090848	-0.63894963793555	0.544113449836231	0.0984769020453649	-1.29571099401923	-0.565392332744783	-1.4794525582527	-0.128988936767093	-1.07191273407743	-1.19323994893281	-0.255503577999785	0.526825808271701	0.552350340931136	-0.455441029572734	-1.19018438656974	-0.234998077635063	0.0026368356057161	0.982339605685269	1.1148632290465	-0.152869461144557	-0.490062932029629	0.259208100361233	0.268571342903299	-2.10528185149186	-0.625250627109601	-1.71192033256122	-0.841814856331422	0.333252508129981	-1.16225014231029	-0.22357403376468	-0.351139328609552	2.06605884881961	0.826831414042719	0.100163105582746	0.673915019171792	-0.0529446384247747	3.11531444889106	0.147053339410787	-0.746406440047079	0.0218096884180897	0.413350868862194	-1.47817797705693	-0.23251107172539	-0.920882008553169	-0.758840288266952	-1.17829128593853	-0.489891582564283	0.264728588530176	-1.01933881736081	0.810898773973239	0.856797003589612	1.73934322860389	0.512908409884902	1.27133970192215	-0.255845771879908	1.55878633928025	0.601212161688834	0.894751166584921	1.13606525072693	2.35189458983746	1.50319526623448	-0.844412318895443	1.34903810729349	-0.260312364108386	0.372838497792618	0.740379018693815	0.771733727714161	-0.975936369388404	-0.763281873484938	-0.789207752085495	-0.520776585151704	-0.558226695735337	-0.664045632649318	-0.615553517184018	0.539969870347177	0.492561196347316	0.427728761458203	0.619435243240799	1.25225964021968	0.268743891779416	-0.533453154472662	0.25290972918369	1.74480552272485
H31_[4]_(K)_Fo	H31_[4]_(K)_Fo	-1.4939340148358	-1.67878982194488	0.424513986202267	-0.0326854828798278	-1.76965382589248	-0.839761228048341	1.18384156267579	-0.923521720511042	2.01219045456067	-0.00909022357919695	0.301350619211918	-1.39131518084249	0.715506968238079	0.933675301014837	-2.34211256916619	-0.397647867908491	-0.0652162391636799	-1.06562210118281	-0.53477497506378	0.582885105130235	0.111218001178752	0.461833319211831	-0.95560146447627	1.53539895908301	-0.0802579814685944	-0.330665021562181	0.112624377958243	-0.41307054461899	-0.330005706289835	0.0117320547575385	0.123880879841807	-0.175196664472006	-1.13191340004659	-0.693063548710276	0.40952100036413	1.02600583206209	-0.00136585606841948	2.00090828857457	-0.0946408118868159	-0.854053002866196	0.159386277146118	0.588990439979465	0.203283646790467	-0.886495540990596	0.681601951843841	1.81162194816158	0.6603904472576	0.138151764844767	-0.601591268822119	0.843851724453392	1.74257918513281	1.67029151526666	-0.925974569812965	2.16743856643415	-0.389138451788165	0.323817141370041	-0.694999051863017	-0.149046159327312	-0.441762823939836	-1.42580451420334	0.322199277055733	0.880275658532238	-0.518687949353263	-0.0869110074757013	0.174245937947861	0.424481851252472	-0.835342085046299	-0.827912758638902	0.618268716283985	-1.56036155962153	-0.0168516146186992	-0.647449667386883	-0.521919637013555	0.47428563773108	-1.06031299121316	1.46227804269761	2.05828682179943	-0.702944290425746	-1.21887751780245	0.782850195981334	1.78217362756121	0.630950319547587	-0.354255036948622	-1.13671337454902	-1.01813420215667	0.867385610101313	-0.890582916375744	1.97149945439344	1.40853935273535	1.08244450458778	-1.20042657926701	0.818888609231617	-1.19046879553748	-0.5978831402585	0.0716734201321773	-1.47069119240751	0.206279594010411
H31_[4]_(K)_Unmod	H31_[4]_(K)_Unmod	-1.77708943613791	-0.587973434577863	-0.957210555527076	-0.0386457217628659	-0.998799837596979	-0.53389558156661	0.169739624163679	0.131186790433089	-0.182676981835042	-0.737955773639145	0.255512807205219	0.209196654638772	-0.747115994978839	-0.407580324167701	-0.581899192146431	-0.196826948449028	0.986788046233172	0.570721148227162	-0.41009094432928	-0.0825757844319344	-0.599950385952939	0.011887581436634	-0.267540997881189	-1.04470801929849	-0.177483933776062	-0.0361642898564539	0.914519742708778	-0.376464399758946	-1.12034502530559	-0.388567648006073	0.971799984635808	0.164914939584166	-0.350874371159306	0.196944799845944	-0.382307889597153	1.08500069064492	0.686162615551854	0.00257457395655565	1.53223605202563	0.156722444321307	-0.171084975817477	3.04351987163231	-0.271720948396333	-1.1232137864121	-1.0531590723569	2.18457640502382	0.311672808199316	-0.292778707788269	0.300058671902598	-0.305100885112028	3.84001939843353	0.123854485060175	-0.834638138714831	0.78257658840694	0.184300538611337	-0.554257071111278	0.182127466798866	0.103635534174442	0.422262989866644	0.0968292068720024	0.567418179890267	0.349654224377753	-0.494053753111902	2.19714376639408	0.382196857323078	-0.53521402708555	-1.3976578084849	-0.186721631163644	-0.724020913658919	-0.389905500868237	-0.306425144446653	-0.412620104609066	-0.583827408994935	0.928457832587949	-1.75181141052132	-0.784779444359259	1.77833410478611	-0.510102842520242	0.159818976705487	1.52970024767497	2.3516308965877	-0.832252132034416	-0.783029209820936	0.131043669927219	0.619537962835655	0.272684377128987	-0.697683154634684	-0.653549788025966	0.846903462759654	1.05732736924087	-0.217734997851711	0.300775576213776	-1.27634956552529	-0.616576416011823	-3.21977521713382	-0.492511860922071	1.3633294242052
H31_[56]_(K)_Lac	H31_[56]_(K)_Lac	-0.728698957256578	-0.447259136540336	-0.00346724942572414	-1.34588719826048	0.166894515596894	0.638199854290061	0.363865243273029	0.7959500561759	0.209494716614692	1.4573559338103	-0.0953256113046488	0.122902898098992	0.688288534819588	0.599059876377867	1.27886661206749	1.62776593989086	0.156516093182013	-0.107566788284067	1.34974740255982	0.521600327470727	-0.209082807399531	-0.186782145984178	-0.0834574000471786	0.266804665783772	0.667601117710768	-0.521176911222315	-0.979901100431464	0.31235947833057	1.53497626823313	1.06171602015392	0.990322215713343	-0.15038136481033	-1.50427491845426	0.320750360288732	0.258182982302409	-0.185935992933902	0.500722361005403	-1.54676482242304	0.0754850934860614	0.783648330289352	-0.0198109467013927	0.000286278553490886	0.70662649087849	0.299625778163416	0.395251753255777	-2.31062317633807	-0.762269815669464	0.576745307408621	-0.468411382873749	0.739735850293438	-2.34406548709886	-0.0518577808885064	2.08476483462359	-0.208637550834097	0.730246195826032	0.128865989291665	0.526661748344783	0.406135173415505	-0.147754722581016	0.310948839642054	0.171282961366571	-1.28429901991897	0.566370299961146	-0.37080651872754	-1.15129316833368	-0.911504038477894	0.230201071930552	0.281855642527842	-0.411782023431119	-0.403339918062208	0.459809644956218	-0.940704338887495	-0.198322089874504	-1.90577359004482	1.44010973298056	-0.445625790300785	-3.16458810029531	0.313709724639934	0.209098573133888	-1.33091597895695	-2.38689761400419	-1.63247226591114	0.668443310967128	0.621849366881884	1.9258308355374	0.325298895481974	0.362825585584474	-1.0116244266931	-1.66954158062073	-0.739908449645501	-0.856667380987173	0.176028111119962	0.180229737733003	0.370682753644883	3.05377612851844	0.551448788497442	-0.338362741749576
H31_[56]_(K)_Unmod	H31_[56]_(K)_Unmod	0.894659020811172	0.111125257831187	0.402303818472093	-2.87140318485252	0.792166445876085	0.670616138190945	0.704318056400492	1.27711016522741	-0.293346635510026	0.95863378245219	0.305830304325436	0.475164986788365	0.519890436256977	0.838965272859099	1.09242895515606	0.471130281627487	0.640149627389584	0.843813252083188	1.4466569111024	0.412365310973278	0.649997876065141	-0.947891838860192	0.223417997149376	0.457708302435735	0.616384271389062	-0.452063374627622	-0.890252876000794	0.657863030129418	0.410967701078675	1.32020182126217	0.712499231770222	-0.688359496687808	-0.125392330886628	0.72718567825461	0.162903108553433	-0.0893546243945593	0.776549293782788	-1.01317732033583	-0.285014150075937	0.57579837727086	0.123043148074497	-0.833350314773171	-0.0577840239371364	0.126256795884164	0.861288964672355	-1.41807036743415	-0.764670226849213	0.58681096995179	-0.246103214471044	0.940034398193726	-2.76796892767965	-0.0477283153670487	1.09968443831994	0.1935128712815	0.65608513142006	0.239345152221354	1.1471501870345	0.612820472957459	-0.344100126726936	0.575597687371267	0.51263183457029	-2.12929688990805	0.458532080950197	-1.0368813226933	-1.74376136160758	-1.3526400673803	0.489053966277176	0.334974719727183	-0.802063064229903	-0.410426721894721	0.61394914132516	-1.44283260642637	-0.709338624579295	-2.2905199547087	1.80878421310635	-0.211471923149769	-3.23894712569285	0.383631921050823	0.974205761107211	-1.57625073364839	-1.4293639012808	-1.45239716601752	0.430541008994181	0.893511739305328	1.04863532104808	0.76630155412319	0.508826639873919	-0.749495712768693	-0.591835112951894	0.822834636304022	-1.05453240383003	0.141044402746416	-1.01544020111735	0.923090866312435	-1.08455541040999	0.245673266707189	-0.208576350110906
H31_[64]_(K)_Fo	H31_[64]_(K)_Fo	-0.0150863078361505	0.837201342030381	-0.426779210860544	0.520394660910195	0.103542756152435	-1.33935342527009	-0.0240402011143083	-0.288403499222186	0.898343074816448	-0.477672890553487	-0.668466944169742	-1.60965536053529	0.575754518150469	0.282804426559474	0.101849329084888	-0.56662892539096	-2.22990119460734	-1.95062977940165	0.223706516847247	0.311675625084555	-0.615286426197011	1.24549485745763	0.422017347109897	0.435862025654719	0.708727722993008	0.0826903043716534	-2.15063683125362	0.0986217666372978	0.848814074096376	-0.28591631673482	-3.27979230840583	0.980630890420776	0.422811325715215	0.502186254592444	0.623488068126202	0.182523555301739	-2.02899198537174	0.64295672887333	0.0957390467438166	-0.318853234522298	0.98314836919665	0.223922714540816	0.969167346253122	-0.345160056087057	-0.769501557871083	1.07456232607382	-0.393100539745821	-2.33235010529144	-2.57398268544452	0.512253962714266	0.964329161426838	0.171795062386373	0.296695517283697	1.37318393390221	0.841134563921392	0.536684642847095	0.853663470636488	0.746367081672454	0.155099848537602	0.846703796732303	0.212743236770942	-0.532034209736486	-0.799427193908756	0.574872967234811	1.61176896184124	1.50530386450685	0.926542816313423	0.984609436548914	0.0318029088798961	1.30056894857818	-0.785357018550818	-1.97871343377021	0.413756604574491	0.179429242998625	-0.402412696446886	-0.30736773460942	0.664922543355854	-0.207999828451101	-0.364693039593578	-0.212338877863403	0.0107398965646323	0.0310354380082773	1.31515354347769	-0.333583438580558	-1.09950045547179	-1.12984196717414	-1.17752567930218	0.389084669038228	0.409095119033444	-1.39202753384666	0.754862141746212	-0.16019537121833	2.07458998910241	-0.568489791936444	1.43076947551456	0.464456286833332	-0.840958050429543
H31_[64]_(K)_Unmod	H31_[64]_(K)_Unmod	0.379629929062389	0.0194101773115884	0.0242457409023008	1.81333032974323	0.410644700504964	0.38080007467807	0.56627342812544	0.909779647472765	-0.310050323467048	0.353901594693785	-0.190410824437725	0.367019626179316	0.365582374464745	0.573239003452326	1.3173102680143	-0.375640951322228	0.147394046312869	0.762114074781647	1.53999493219588	0.311542405685126	0.345417955171963	-0.382220825856808	-0.490634934575088	0.668641061776658	0.448634830592932	-0.125744211721711	-0.376998627344421	0.106843780061263	0.328771032468371	1.25687223902808	0.534447249687504	-0.196073828338155	0.739256478719283	0.116661827421428	-0.598598599967943	0.6517347020733	0.330356574371518	-0.136117442372724	-0.751552968517354	0.440772783047477	0.512168915343313	-1.3938121237643	0.122760328886752	-0.00810424292800229	0.481314492832539	-1.6683233806383	-1.16475229176203	-0.182690196303008	-1.42266963581997	0.426297556686801	-3.13229073523988	0.890297910781349	1.1214337682458	0.37421246153801	0.330532716337322	0.578449282462231	1.65092639079883	0.461209467063927	-0.291713413966457	0.950163114830326	0.380883707838274	-3.60936242594787	0.0811639249673783	-1.93616501246502	-1.08951642555276	-0.515131323797072	0.519419117263893	0.349476060661696	-0.850836288341742	0.0292561035752291	0.219419053234645	-1.51119211819311	-0.72096395944568	-2.13806665457503	1.74965336723999	0.726920811475323	-2.77363432784502	0.238807696996626	0.995968379130813	-1.53013701199581	-0.657128219451573	-0.728519476694145	1.05307722515197	0.869194950072703	0.741827115949996	0.961697607471586	-0.49302481202005	-0.354526712271945	0.202948632083	0.793403776305789	-1.20296060447798	0.481738926538101	0.270924415902767	0.221503075384097	-2.34135645936495	0.553338983713074	0.0999091860182856
H31_[79]_(K)_Bu	H31_[79]_(K)_Bu	1.02523661498653	0.784220657310013	0.256110854328966	0.55081912765744	0.864604653389037	0.530658183532189	0.132767954409536	0.866467237347706	-0.584864344811589	-0.166777525374667	0.17322130351215	0.0386621732468777	0.861651587873455	1.22822962065625	1.53345813838409	0.93564078347785	1.17825467813859	1.2368498427095	1.03904865727765	0.306453927840405	0.31341235186	-1.2565461974849	-0.455306221773575	1.04675595333406	0.465707290717563	-0.281835108963017	-0.142164379660008	0.63855267130025	0.212978725977445	1.19651913082289	0.211167745794128	-0.836033616970586	0.574142640008478	0.757650081028887	-0.138963694339649	-0.193515374808754	0.592288760475002	-1.99174088006062	-1.07376505944262	-0.891466943530187	-0.836214612037231	-1.34477048050832	-1.17944069809194	0.272023155887016	0.991456841662382	-0.479306613083197	-0.98063777542785	0.488375082980112	0.05768888113375	0.463287909186965	-2.44097818671994	-0.580846860076605	0.704258482425605	0.0560591877864677	0.512789608592993	0.883448817932664	1.69950675814637	0.997737597516764	0.047134764883879	0.992721914291861	0.597451178884949	-1.15615033053456	0.621442208263669	-0.210404683412786	-0.688186730016793	-0.519318037356301	1.70967585800868	1.23488830878014	-1.04399644150095	0.181183810714206	0.613769026921557	-2.08159975428394	-1.03795550782203	-1.3081122148126	1.33437354275915	-1.08637558996834	-3.53436646447977	-0.962275408148976	0.158926048170871	-3.15870006025777	-1.83666604926032	-0.315671250015866	-0.00870866077493123	0.24373897397489	0.462794796731126	-0.380580241094765	0.747438104633506	-0.638368671460673	-0.0950867042373943	1.04412402124277	-0.363432387036974	0.180218491173442	-0.0804714732370927	0.63931588576159	-0.710811991809838	0.171073617563429	-0.586020998719812
H31_[79]_(K)_Lac	H31_[79]_(K)_Lac	0.315288691918392	-0.45966426512346	-0.366357260592333	1.46283909168087	-0.257065235497255	0.0545607381824546	0.113403134910729	0.765266391595756	-0.57875371445039	0.835835147731359	0.144429315625873	0.140613984176751	0.386602290528393	0.51661508513034	0.744117136448946	1.15529579812213	0.437607583594038	0.196441479214555	1.32333259785031	0.134360540694833	0.324036626386067	-0.556810176316796	-0.517479686713727	0.368742577253224	0.0538663751321898	-1.32297112604511	-0.283917066863766	0.186068958859646	0.876801029993386	0.527664779006438	-0.178779356167546	-0.918422919127103	-0.781766360391371	0.669522766104111	0.181525002540062	-0.443025950131055	0.603333305133373	-1.14773496421968	0.132350537426418	0.566031852265185	0.0777486652105246	0.10153993281186	0.2460456837886	0.138066018442645	0.507571525524026	-0.964771776376199	-1.68160639950401	0.776721357520988	-0.203579982262513	0.478761205619871	-2.23763576991996	-0.780573237184747	2.14996850852784	0.0334653518707956	0.381773330336688	0.538956754475652	0.856963154142435	0.321400127014438	-0.564173414292284	0.809609723882889	-0.317144585175188	-1.16958475289941	0.395165975539366	-0.180793610705183	-1.17865674183655	-1.26793490511541	0.915002271217246	1.15814919821749	-0.656741276210092	-0.115847228293115	0.499049092893688	-2.28008366253929	-0.96156302657619	-1.5886453938205	0.907497295396846	0.174127054803543	-2.63413789136614	0.140613984176751	0.59544741514062	-1.51486562030738	-2.10902888028073	0.192198906641164	0.413450946948902	0.682047644092384	1.98619827262212	0.00462416969814278	0.683563516935477	-1.07035791517365	-1.57655841580259	-0.039851663729296	-0.950914861145279	-0.116617708930315	-0.249707008501529	0.670351539576993	4.42798265343238	0.615714263685371	-0.872204548106437
H31_[79]_(K)_Unmod	H31_[79]_(K)_Unmod	0.481795976905092	0.177043547676105	-0.0582733969542051	1.62301331736495	-0.23281056272753	-0.119447520430296	0.579353581744593	1.28601079248565	-0.508782160615767	0.507194292006232	0.332167067728259	0.931930715384074	0.146020817266768	0.513925740556371	1.00273829431374	-0.293781820398549	0.438177102387995	0.566236116570346	1.60136773799272	0.463106238723154	0.43219548940549	-1.24686094441185	-0.460970556409004	-0.106003842419182	-0.362072972424977	-0.485908285808322	-0.415797550131574	0.328108177854023	-0.190376942249463	0.674124074840624	0.471832195947285	-1.07250412388537	0.372855424180862	0.902296761856769	-0.337821985480149	-0.856167722074909	0.461858192806337	-0.922968404044347	0.321163538617557	1.06550734355089	0.425286639007194	-0.364805653183622	0.40813046906623	0.6612500196123	0.895262942788744	-1.40439172662787	-1.84958173105332	0.432498667604748	-0.716351562728122	0.720034572081479	-2.736692308734	0.124564670442817	0.779689569859341	0.213629007353863	0.0205878622905265	0.75692645648862	1.68378267257232	1.20613416984986	-0.0141076236253405	0.842741566647995	0.570300990331621	-2.50050200597192	0.738175665486907	-1.11386654901484	-1.33174152668511	-1.21962632211622	1.00645546811266	1.24065294103016	-0.961778567293915	-0.0848602814040641	0.123600248923699	-1.36633169691263	-0.3784225193945	-2.77701644576259	0.903377526289514	0.753915369584012	-2.73985819473781	1.09447098305514	1.28440880805478	-2.49541147423177	-1.80628767588233	0.506027979106822	0.640497850453465	0.968881725987973	0.964643264833129	0.191296251551148	0.608362507216594	-1.12096688005305	-1.08203136742126	-0.202039215987517	-0.815621730438135	-0.0486420972238202	-0.758158753785022	0.739679655649862	-0.42493541999061	0.878687804920346	-0.0793987436948827
H31_[9]_(K)_Bu	H31_[9]_(K)_Bu	-1.32378346525746	-0.946068137472876	-1.13055550793311	-0.392355506386026	-1.56795900511155	-1.23545849967736	0.473173395983339	0.330633927000053	0.373354184955877	-1.17525784692426	0.130358991604862	0.279350894560776	-1.62107152616089	-0.975108415735137	-1.07009128377312	-0.507239297556202	-1.89524843897408	-0.503601592962574	-0.733456530192234	-0.327037708944552	-0.607635976038631	-0.28522071259418	-0.658259043457512	-0.594756553340966	-0.39575962085614	0.00537497142187445	0.803581906578619	-0.195880803275866	-0.800747294958623	-0.394932754187582	0.399336326747792	0.470241960436979	0.0522755163156101	0.278305565755868	0.451121989499126	1.63502907811215	0.604086180933469	0.57981270101693	1.48891878333174	0.506769890694985	0.225690343907517	2.58564762853718	0.365556843860755	-0.667088761241772	-0.384752870932944	1.78804109014543	0.550176070108309	-0.0441172352260095	0.164592953926944	0.179765767950955	3.62444378112387	1.43650931332804	-0.111654288748014	1.52250288899833	0.420582114762484	-0.376368853666991	0.135839295175416	0.552283351427929	0.306714708343445	0.127727180287188	0.531086448437168	0.263518961099399	-1.3911451274311	0.990367966810049	-0.30835801986382	-1.39859325738756	-2.11677941044226	-1.53741752140741	-0.605777084779424	-1.36189497020091	-1.57360025866028	-0.7267065007044	-0.704336924078677	1.30065330463837	-1.76808242363001	0.489483430543551	1.84658805396888	-0.19208648987754	0.245647794277993	0.966680673745143	1.94981728437683	-0.103752971830376	-0.383124404987298	-0.316743181824808	0.643728224442861	0.873622639625765	-0.468881421692253	0.648565730290936	1.34461175908507	0.274532445348328	-0.224260483597318	0.218909728064874	-0.681708966291522	-0.360489399120687	1.07509539759292	-0.241501809659945	0.87599871987228
H31_[9]_(K)_Fo	H31_[9]_(K)_Fo	-0.349110814842979	-1.41377725969467	-1.23732557482615	1.12735142687354	-1.6253913111813	-1.04602204445669	0.169655082568851	-1.27011446818756	2.20813335234631	0.704345014340433	-0.691920385775665	-1.40132234048573	-0.113792234647561	-0.464257655750359	0.290500098545288	-0.105712833818344	-0.22549475227236	-1.50960665611067	0.114623258099488	-0.258721047319589	0.0506038907436615	0.675952586275846	0.337404828482431	1.65904140774132	-0.0411644801680134	-0.100297066701516	-0.419718104074792	0.0332506248554825	1.02150498134754	-0.147275456805879	-1.0649712882939	0.194582987457328	0.435517938728384	0.00313225041913125	0.678459234883095	-0.369422225508217	-1.45573569185981	2.1743753204156	-0.813312128620521	-1.48489906565119	0.763750415214875	1.99529753531493	-0.585160561465264	-0.849242206354691	-0.87686110683392	1.72190333101725	-1.34328521875497	-0.825939450643254	-0.702875712883808	-0.202642705638635	1.77738476672929	1.13088384592746	0.125134686195464	2.43237259596326	-0.0438596408147447	-0.754663553407341	-0.692328042091885	-0.624940044681246	-0.71351763340543	-0.341206740583982	-0.815314520027422	0.804697629434602	0.127579036062097	1.82177417221197	0.236118561863859	-0.490140325657883	-0.700589934955416	-0.722402909543971	0.0305232912522325	-0.259343855107334	-0.673871507629622	-1.14960941814932	-0.557368107584966	1.20809041789523	0.149504217877862	0.787925605742977	1.88480967716647	-1.06719319475127	-0.356950260876949	-1.83619613592216	2.19397971710553	1.74739712821439	0.684608685787443	-0.38365962627139	0.0414105046736039	-0.338881430982567	-0.163424527871054	1.4425479886452	1.09090840176551	0.464883229600406	-0.116235101623222	0.479585450344259	0.212433082327137	-1.02020211039652	1.06427403371377	-0.702209694047304	-0.778732126159794
H31_[9]_(K)_Me2	H31_[9]_(K)_Me2	-0.992796968096111	-0.170518816645184	-0.469495769683556	0.978334705563637	-0.766681595500221	-0.0132716661529017	0.292957365606672	-0.0701153834434484	0.730912432715675	-1.4224600450738	-0.0232209768078446	-0.482483870538956	-0.916838101301241	-0.138827963879394	-4.42380249474073	0.389236410075447	-1.70156717790682	-0.403729929733799	-0.294115608765882	-0.298298495775008	-0.104806112003258	0.112833619618887	0.09491644982521	-1.4435252805691	-1.36783308446219	-0.758326004225229	-0.340612529847114	-1.07001342277555	-1.05133763752398	-0.467151607833303	0.262491072287755	0.0688597867478072	-0.452077583144087	-0.174504420282531	0.0566767932599547	1.48012285880534	0.254747703009451	0.528557638755321	1.45030673748439	0.206042436530456	-0.274625954216179	1.96165737640906	0.167054709230011	-1.49693883621857	-0.845883959758344	1.30632727061418	0.631890193932474	-0.514555768037442	-0.229074610818318	-0.0817661366700514	3.10436415023899	0.802679899863005	-0.558301818480526	1.3506092497351	0.137830622350477	-0.0508823441515697	-0.0362759165371573	0.433846789951692	0.545699317001331	-0.000689261335388954	0.922011324359981	0.52416886550403	-2.44047010040817	0.71680011919744	-0.50605385832484	0.480047693107206	-0.139683309729643	0.035458477404725	-0.399216038674651	0.346163206117204	0.212943213138205	0.25860759076683	0.330940706766628	0.951075087046403	-0.256146877726081	-0.057749132649775	1.91658678716286	0.240732894799663	0.140366357840791	2.29475639918414	2.0921989837105	-0.240647542838047	-1.78093162311689	-0.851467734406041	0.214787408572602	0.340965722306762	-0.49144147442804	0.368880276853032	0.975485054474928	0.603488971429683	-0.688433750502567	0.309748373480412	-0.708968254862976	-0.228582941449301	0.923734452794173	-0.747365913824305	0.895662150245604
H31_[9]_(K)_Me3	H31_[9]_(K)_Me3	-0.453735229934506	0.575441224870167	0.337216032815085	1.62978584104895	0.138011829281949	0.689423004993432	0.167297562461638	-0.740647211927218	-0.189058523920831	-0.835822601582703	-0.576146558659732	-0.690819003578227	0.810525022698587	1.44113724962819	-2.92329030264987	1.6738844823797	-0.139784146404114	1.02524551847077	-0.878517636361616	-0.530947274930276	-0.545068102391383	-0.619487715340394	-0.6065942504163	-0.686660044662863	-0.457683300514429	0.129500021646732	0.3301315959277	-0.333942149725791	-0.85534297949165	-0.420829361349731	0.073746544889186	-0.611775829748969	-0.842026921411762	-0.691940794735029	-0.568269119294353	0.754819607951662	-0.241519290800904	-0.60993254079337	0.0736243157267338	-1.1060042170649	-1.39836496871039	0.43027242639349	-1.08939048080124	-0.410559080517651	0.376826003878147	1.91824377938139	1.54776819276532	0.395708653014429	0.743292580096093	-0.189915822366369	2.6469584912579	0.605345555051653	-0.462806100282479	0.92320511409035	0.324945605427269	-0.2755391330952	-0.375459634517391	0.139538763001847	0.189282882425241	-0.435806168020493	0.784244582907779	1.13393640637377	-1.07314461720349	1.17235231038262	0.366044856738372	1.72914067125949	1.36907288118065	1.39997501755139	-0.216447638095918	1.42299916753271	1.42318054788762	-0.120122710699274	-0.00337817533963445	0.440072317353881	0.28143323647037	-1.0244839473968	0.847394040972717	-0.697602574435384	-0.580475559542262	1.02774807257489	-0.106750980230644	-2.30426414021538	-3.05905524761291	-2.26320901011144	-1.4326994774156	-1.49581602965602	-0.61500410131074	0.544579489216019	0.897120481767113	0.259754909949077	-0.254912206715232	0.564679416518133	-0.209287851201926	0.163732834884168	0.920151421064863	-0.491199983451507	0.902750182477054
H31_[9]_(K)_Unmod	H31_[9]_(K)_Unmod	-1.01827099003213	-0.738514426337005	-0.776195962395045	-0.597882370320369	-1.49092949893459	-1.40394257380671	0.263980244528956	0.155794447270941	0.120188047072033	0.84341726344097	0.220933477191525	0.376910924618213	-1.41115028177639	-1.10305323548732	-0.825890085483504	-0.847785103414224	-1.92946085454378	-0.438200357099216	-0.619811618490118	0.092210802432145	-0.334253839813997	-0.124298173881877	-0.517989932583116	0.0817237839169174	-0.223462957968557	0.354798742870508	0.650562434078862	0.140176517327736	-0.0173393661396716	-0.516581373449482	0.957543126452512	0.208180004797092	0.0819907164318821	-0.406285074860971	-0.552720300055791	0.030484233026301	-0.5107615539222	0.441346273317835	0.636842357000533	0.0626346722559813	0.110230307028426	1.8970043905455	-0.0476305752661348	-0.150165088877278	-0.187763979432324	1.53801145829892	0.116434146603728	0.262308498653436	0.294981149038674	-0.0111083002509596	2.62374461587442	0.965698024425888	0.228721132315721	1.33812254953798	0.147913818308717	-0.705592629834514	-0.120036114811857	-0.212272400082086	0.175499997442896	0.25895780584793	-0.181457088235371	1.12570440605164	1.67807085940722	1.98774867610938	1.2187024556346	-1.84679398239072	-2.6693611347011	-1.94126912942005	-0.383694795513195	-1.68312525584981	-1.71822034631132	-0.84858697889835	-1.39163396755348	0.964230651587093	-2.46516982101914	0.485235726600213	1.59271477885046	0.00363427769581385	-0.0309606397972808	0.578485527713661	1.93912159146797	0.461884316384031	1.20652288046552	1.37573322936932	1.85480002829722	1.91124228383025	-0.564002435411343	0.613600896625397	0.0226654578696356	0.350953556126604	-0.0118650132729714	-0.0905581208713841	-0.651628749904266	-0.728555828079251	0.0740653688744115	-0.505280185637262	0.429049561303904
H33_[27]_(K)_Me2	H33_[27]_(K)_Me2	-0.813681948018484	-0.649135531432196	-0.661175257261987	1.20554182058438	-0.87064360003304	-0.646452941578713	0.444992065367874	0.280555984444461	0.451716124100964	-0.0604934442902784	0.10973341081407	0.67342674333205	0.770526758858647	1.09458080884469	0.503116642151055	0.235791945396368	0.751459852750839	0.482990454743519	-0.00877531990478747	0.389027238871178	-0.45101040514734	-1.02266758986642	0.517939664113817	0.115660253427235	0.318333562960723	0.129904600805265	-0.0674339401521005	0.0454869278177174	0.343104503252354	-0.0194788511057918	0.679377519319801	0.375679549077572	0.514457266248059	0.631510010211045	-0.226529203972506	-0.515166784278502	0.28783751637503	-0.418775687256586	0.477185753010766	0.0691441438432313	0.592664648991504	0.213511542574383	0.57261041207987	-0.215026795470738	0.610676785982265	0.50110947825056	0.314830511218924	-0.0986837039282576	-0.00743922864050145	0.863341017952047	0.727627494034504	0.0825717194194899	0.820639453861487	1.53879549317242	0.370560602566286	-0.00669996133846142	1.07148218059399	0.678504479770928	0.155172190539705	1.05148382879603	0.848433891798195	-0.627989407504801	-0.557039925648307	-0.555988695738986	-1.6120663130798	0.174309818283638	0.499142553084825	0.808277430576636	0.0871494657937078	0.407491147641647	0.802984982067616	-0.051630753628212	0.689483527719918	0.111382613705901	1.20439114461621	-0.443788144196791	-0.884600873959573	0.331691479730281	0.0467223298204359	0.741077625041541	-3.21528858793239	-0.840172206391613	-0.904613315124273	-5.15016480907012	-2.36968037867667	-2.38027389185093	0.303817340084132	-3.10231599336118	-2.09587139293759	0.368283252821874	-0.430655523666948	0.00204004278611217	0.768789304664617	0.515215959398124	0.190187243158593	0.254731266882885	0.761145026240868
H33_[27]_(K)_Me3	H33_[27]_(K)_Me3	-1.33851560025002	-1.64416610637793	-1.35600843633132	-1.32402820770036	-1.39571801436711	-1.20842257642671	0.794583202961519	0.602563721087731	0.635634383735489	0.519385986209878	0.356076206919249	0.872727544185481	0.0465451400186357	0.115869075129749	-0.0330505043863713	0.103770106134643	-0.125889241314851	-0.143623226937386	-0.900136587771266	0.171928360318261	-1.04749409546471	-1.07642654653547	-0.112702270763698	0.911915886377039	1.20327057814509	0.700549107537089	1.12045571015626	0.758387102999836	0.194757278847037	0.697061781595428	0.408091759522168	0.512717999175039	0.396225105868137	0.780352722416414	0.564005615481537	1.11096888963598	0.791854916075218	0.339871528875356	0.758735223406096	0.721299574257646	0.563231440116176	0.289645909209516	0.63724105578667	-0.367191584921545	-0.0333473590033067	-0.406732192403754	0.190496484059254	-0.4705677828862	-0.273921465945974	0.318446863046226	0.341032556500164	-0.357887101890987	0.434174662768138	-1.9977781974955	0.42753608939714	0.639749725779478	0.804174672286792	0.764993011076653	0.455884888841035	0.624285622585875	1.01945966425458	-2.5107027934097	-1.40485860684266	-0.129514426287835	-1.47784893207816	-0.392579984776073	0.0810636568906759	0.032374997223679	0.261981998999194	-0.286645059188785	0.143544272332163	0.320041184123808	0.498838380936906	0.0728003613493937	0.689535972789204	0.0796727436172894	-0.681043428868503	0.505407115536086	0.436867554754292	0.731026867883735	-2.71499641007556	-0.439860277978805	-0.0931498352958021	0.221838328251847	0.415916117847491	-5.9151877324765	0.315041524690944	0.184552101804588	-1.05016649995068	0.38800411498079	0.0704089637282278	0.521332733623278	0.196019964087648	0.802835723236473	0.555830542293774	0.740134648869621	0.745134063772721
H33_[27]_(K)_Unmod	H33_[27]_(K)_Unmod	0.604846926082861	0.379761087298959	0.334122082319732	0.248173779830413	0.538621977621336	0.528495665875556	-0.389124025407881	-0.192225687573883	-0.466733489752393	0.063579187807778	-0.275385145156174	-0.550027977422278	-0.291523701361804	-0.70998604699918	0.0604548895435976	-0.187612462170304	-0.142849059483313	0.00582466796828734	0.846857852340027	0.0746815441908344	0.834065409755746	0.496629677542585	-0.120946046854556	-0.687986138343297	-0.683100347116811	-0.901683548625479	-0.408593634551955	-0.437034984959382	-0.353393583361086	-0.406687587942162	-0.288297547344924	-1.33754131819454	-0.892258877619765	-1.32929634049612	-0.331181048030306	-0.198650015652161	-0.894953776036324	-0.139376892457251	-0.308579943621211	-0.441623053542262	-0.419545517691389	0.15340226417778	-0.507293247853276	0.0150704122901314	-0.0951005198439474	0.118447309688006	-0.335273135073786	0.50822482272343	-0.0228487501216255	-0.311451714666821	-0.152777560729383	0.601838708504335	-0.207421482594519	0.0864067003639444	-0.21370079617335	-0.674500641705345	-0.779421737628464	-1.42483506186695	-0.748682519303188	-1.188167293126	-1.52253308206089	2.23749594982073	3.3671934300068	2.60670909337861	1.48807152023262	-0.241393285753208	-0.221639572028424	-0.132820096175192	-0.393607197090475	-0.0561456907495148	-0.751186252883443	-0.530041038461881	-0.729271555424211	-0.541784993625733	-0.723840998937652	0.465743666057425	0.47397506564531	-0.197717032008852	0.0413949706644422	-1.07077753272773	1.08562870555581	2.96336010659157	2.81939242230811	2.85261949031854	2.88620160001004	2.19291555874916	-1.06453669824147	0.292165723544482	1.03063698271171	-0.142422034457079	-0.327990817531377	-0.366475299790775	-0.896796657524232	-0.682716480166256	-1.35945035727031	-0.510481709614073	-0.391708610543098
H33_[36]_(K)_Bu	H33_[36]_(K)_Bu	-0.516014036916365	-0.606464867933765	-0.803450975160403	1.18459148369617	-0.553064959474743	-0.391414202441635	0.189688887523591	0.446614885676783	0.427960206059967	-0.549452088456272	-0.388972015772023	0.128692362857276	0.68478289455126	1.13512340029077	0.430399688247805	0.221006526257144	0.932694924136196	0.0634506428042509	-0.460239368748772	0.0416211292866392	-0.89042531772821	0.0559066425351229	-0.300075146066787	-0.223060204761063	-0.156565320886112	0.0968045379518606	-0.120694262086781	-0.49539985081044	0.140539837185798	-0.556190344552532	-0.0317443240685136	1.11961558920353	1.16494683302066	0.198603983584074	-0.63488085200527	-1.31675672326456	0.256350041022462	-0.574799976020182	0.13569899636314	-0.286263584854583	0.650509633252628	-0.0606149651411682	0.654380841205252	-0.894374540386481	-0.343458017540313	-0.14532529246861	-0.498931663274407	-1.06722165883863	-0.661707887796741	0.952278744491981	1.0240806085526	1.27787918358861	0.68558530922376	1.54939553184519	0.429180176055794	0.390200049592526	1.85746234507183	1.08534393874568	0.482432451087229	1.32441517124597	0.818659056814317	-0.914654021824367	-1.12058905479753	-1.40719720687985	-0.0794683739858476	0.946548923307387	0.877161492375763	1.18714467709837	-0.108763884764277	1.15676648013016	0.479931180030429	-0.539985867813972	0.417804556857574	-0.310965743284039	1.07436997195341	0.18705547697249	-0.0293932079778818	-0.517473444544883	-0.168394738636525	0.167712676133202	-0.0488364739064115	-0.0806262732807589	-0.2851330473626	-6.19097771687734	-3.27808879462342	0.178244921547708	0.801635704349215	-0.850946246720333	-0.0262836358479888	0.782159251963825	0.694871111929509	-0.786831062816882	0.712314892121251	-0.289096044313932	-0.561620432197329	-0.546707717677035	-0.231022412209583
H33_[36]_(K)_Unmod	H33_[36]_(K)_Unmod	0.036755469276334	-0.119650202575341	-0.132480774853856	0.208065428420547	-0.101942642690301	0.0647518976041057	-0.00453311478715958	-0.0260714433224276	-0.280616172167094	0.439182314135867	-0.142257795470145	-0.0345863818698727	-0.34583009001106	-0.512178803442865	0.0133630954430868	-0.233498238539788	-0.342235611134288	-0.0354568542299284	1.09878981162294	0.223800037865782	0.938998866912915	-0.633057877493283	0.0505959245161664	-0.179023738348583	-0.190115500269841	-0.628556319584772	-0.119026505012453	-0.0959247071237365	-0.250145679673257	0.169854095190474	0.293333674484874	-0.760143738530989	-0.794083686683067	-0.250611498903321	0.00998152632534353	0.412260550867087	-0.309303174346177	-0.185910422932151	0.112622066794261	-0.0679999164305483	-0.25818048882428	0.34764985851334	-0.338873691691106	-0.246217593159215	0.0866522812781781	0.0160029020153161	-0.194727828075092	0.66777158095069	-0.197845770527909	-0.224387727293467	0.0847689626757475	-0.227553487201801	0.0486717706831348	0.00215435946106986	-0.0144529511485797	-0.48365285678398	-0.506630629417204	-0.492283747251575	-0.637666924311812	-0.596670293645815	-0.46400666817713	1.46848311723684	3.50690130166529	3.41068765529022	0.0691003986548823	-1.09814604890437	-0.414479741774201	-0.2700688159128	-0.457567937363678	-0.761891760409005	-0.341098280830829	-0.547079610947818	-0.599541997285018	-0.709977635278788	-0.395846854022069	0.206473941432917	-1.38948411199094	0.212397979417404	0.24031305265903	-0.587972900532968	-2.13048561472694	3.11901683737298	3.16248948375546	2.91782098168032	3.70286014018621	-2.39501441821229	-0.779922624005135	-0.0601817721474771	-0.553544136583907	-0.132642731095538	-1.08287304883244	0.202476040748576	-0.903535554280067	-0.217415402317948	-0.218492879846709	-0.084548456472313	0.245156476571132
H33_[37]_(K)_Bu	H33_[37]_(K)_Bu	0.450016248393044	0.389884969754754	0.237197305529935	0.0933412538142263	0.365674424888599	0.43621165843723	-0.80517491536163	-0.461386923413813	-0.906917619628927	-0.890646726436093	-0.458207297770479	-0.805404728790727	-0.387838740591475	-0.100841019056152	-0.272912308321552	-1.00455447164996	-0.00886257914824947	-0.241641480468495	0.751587695506577	0.222623543614611	1.00649199631042	0.510722357850722	0.705308961811572	-1.29923172669154	-0.520243091884664	-0.570871722582238	-0.22768708067458	-0.367859744832255	-0.458728058833065	-0.51796871521338	-0.386368474509164	-0.239846944404596	-0.250283467844383	-0.564628061726072	-0.434037002228388	-0.0263910663758033	-0.33103538424405	-0.785347363319014	-0.721882125575551	-1.08943037617472	-0.516435305814739	-0.384527771047226	-0.828427133330647	-0.247907092014218	-0.161822921872618	-0.145423397705711	-0.450905901875582	0.178717876801664	-0.252379214694646	0.000210947014004037	0.836157154259403	1.00012931430859	-0.113399561837121	0.29371088389024	-0.3034480689387	-0.815664893106003	-0.439544071726159	-0.455914175805003	-0.898124131463592	-0.631168190590262	-0.720904031772083	2.45333223198631	3.27590576808145	2.50284678744087	1.38287983826352	-0.334230543481104	-0.312272668867282	0.155575060594463	-0.360953413379973	-0.128312646908935	0.009085665367925	-0.685334466915257	-0.739290828494297	-0.575410102238329	-0.959977204391475	0.171905276896655	0.186342106947956	-0.316128577810206	-0.269176074476492	-1.0364193397078	1.08217671772322	3.03194194870541	3.00842800168471	3.01453207778668	2.97471023355474	2.1462112810473	-0.142660529389345	0.143314172143975	0.750616576647945	-0.973763861379281	-0.430490801057905	-1.28876995057049	-0.602828583580574	-0.731240894976262	-0.276312371905849	-0.717935833838909	-0.384056562343618
H33_[37]_(K)_Unmod	H33_[37]_(K)_Unmod	-1.27664620326237	-1.03333424168081	-1.05113487118256	1.14025947164486	-1.36086675210371	-1.02937779104853	0.969505870635456	0.747148147076591	0.761221432040604	1.04780388447129	0.221763832614302	0.900427836756216	0.322617996435699	0.253771977309611	0.632470802354756	1.0448290213085	0.101950762228416	0.37882190755557	-0.0865377801122778	0.337980890225299	-0.740403271812427	-1.58562188337922	-0.800563266622897	0.683722806237953	0.397139631550452	0.0453947539893953	-0.0215233636849537	0.164467711522013	0.32328214500696	0.603777646730312	0.925670174120264	0.049110778881438	0.0379731251888358	0.641164896589153	0.230713705734367	-0.137455650436149	0.317018342858102	0.365700764245971	1.04284958613992	0.768253661508325	0.546915110102937	1.00382577131011	0.704743993221583	-0.326709835316185	0.312436923105756	0.388067949569244	0.0929574082438461	-0.219381909475031	-0.154165989761151	0.283132605774529	0.178014869351821	-0.052060275218387	0.652433614323698	0.816279035855696	0.645960650415626	0.543591063992221	1.10510866610279	0.667980311836203	0.469652279018675	0.856941676683647	1.15863749239696	-1.00211525066296	-0.897212201484401	-0.227106693515663	-2.34002070939728	-0.588982200298272	0.332705808029883	0.170485888941379	-0.19920387175182	-0.22460312372693	0.00148818265503013	-0.228094080626202	0.340829837740226	-0.461937761686757	1.09055260664644	0.111576970420581	-1.28899960050247	0.554814538653714	0.702351154959019	0.686534797788553	-3.90010426132892	-0.93892351968224	-0.562142293618735	-1.92359345282426	-0.280327604540811	-4.88737184710417	-0.272757883149106	-0.730599089536415	-2.2514857021643	1.15213056216545	-0.597332389162918	0.893050181698077	0.0344268681405623	0.555113315736583	-0.0789796725567822	0.46499855238094	0.783124044195643
H4_[1]_(S)_Ph	H4_[1]_(S)_Ph	1.31309098147929	-0.540068369085075	-1.25052552849846	-0.104401929810923	-0.855875189550691	-0.866808518492575	-0.726865015966442	-0.812865761124773	0.542396478156282	-1.0203999190956	-1.04486951435702	1.31309098147929	-0.728357272138526	-1.07246034159545	-1.21154764814299	1.31309098147929	1.31309098147929	1.31309098147929	-0.723109684200053	1.31309098147929	-1.07087622278438	-0.495371162695595	-1.27900978202464	0.137572243472826	-1.0634565382355	1.31309098147929	-1.0640009789457	-0.413211732709603	-1.16899824872335	-1.09491863290102	1.31309098147929	1.31309098147929	1.31309098147929	-1.23911013761547	-0.680915079873268	1.31309098147929	-0.81706591575813	0.34352077081076	0.131976666696785	-0.646738261937103	-0.920111168951584	-0.39473377234701	-0.688091865662201	1.31309098147929	-0.648335910676989	-0.0913644438116646	-0.197661552986878	1.31309098147929	-1.11814653184188	-1.11334819308874	-0.472209781461775	-0.636349243340571	1.31309098147929	-0.543528022826585	1.31309098147929	-0.78058346886489	-0.891920478912634	-0.988665963787085	-1.15526416189545	1.31309098147929	1.31309098147929	0.0918865917418611	1.31309098147929	-0.604746127844354	-0.665047326051297	1.31309098147929	1.31309098147929	-0.677650345743115	1.31309098147929	1.31309098147929	-0.690486374256095	-1.11454490270441	1.31309098147929	0.17387908276696	1.31309098147929	-0.108826064987362	0.536825197074854	-0.931083616278258	1.31309098147929	-0.942895995222118	-0.0213835338645234	1.31309098147929	-1.04747230155431	1.31309098147929	-1.01055515664942	1.31309098147929	1.31309098147929	1.31309098147929	-0.341388779087277	1.31309098147929	1.31309098147929	0.0615365166154873	-0.520485300339978	-0.94033097795316	-0.173912041966341	-0.67218473485982	-0.943369428593028
H4_[12]_(K)_Ac	H4_[12]_(K)_Ac	-0.481782753560166	0.35375911268534	0.66608746634774	1.20278128875217	-0.00426489235439255	0.223266154035128	0.420896627374241	0.324646550199058	0.263061785631432	0.0501505028156456	0.0444794604396594	0.988178137056969	-0.85218152316086	-0.866913280506534	-0.539916277841537	-1.05106019894948	-1.00170086365406	-0.247449534460675	1.34569629934339	0.641209859429298	1.60689125033702	1.52569073682333	0.604332027395575	-0.642030434291857	-1.30987057989455	-0.328352681486425	0.386413467427549	-0.382867429762579	-0.767348104793872	-1.308986709914	0.498789505017671	-0.346295069423187	-1.260851347285	-1.29330620276804	-2.038864949636	-2.26058737037284	-1.81794022400883	-0.441243487295405	-0.0102564430231621	-0.55515769194696	-0.550562842746182	0.387713097700656	-0.238770165424814	-0.72781818682278	-1.27897649184137	-1.58470845718523	-1.1812009913921	-0.697285844212202	-0.670086066352979	-0.544712647791173	1.04187658083927	-0.116833605209921	-0.572319354097117	0.673168905250661	-0.349701801080032	-0.737000520321251	-0.34941842305696	-0.917990884264408	-0.813359867992018	-0.109218180437487	-0.124625329607059	0.898270795726418	0.0576444431894528	0.389989235915015	0.277264609354561	-0.884398272279039	-0.913625517431133	-0.137044180422932	0.338603147274377	0.268538316905318	-0.112830717371038	1.72229368119593	0.991151654889558	1.48017117875964	0.294364262032645	1.63983466763785	1.75247325893871	2.11646620936271	0.12292910032215	1.64781222922285	2.15771081431982	1.45311693870675	1.8170689124723	1.56969571799957	2.08952753588431	1.61961075156838	-0.0897741980231191	-0.347498080655613	-0.79473274445073	-0.0112108256151123	0.667769810336068	-0.569408388623558	-0.697208952464543	-1.18533679695876	-1.15780189467056	-0.868002248590221	0.521294440865677
H4_[12]_(K)_Unmod	H4_[12]_(K)_Unmod	-0.647108417472857	-0.399949707804223	-0.581451238793915	0.128527462320398	-1.27522975546114	-0.369902490833565	0.306026778665105	-0.355083345826819	2.07766416318864	-0.626588163949481	-0.997877808465508	-0.915112894296651	0.453834212620435	0.298782626634439	1.05381100986269	0.624514111464092	0.922943301749144	-0.309258685234865	-0.254315815036423	-0.413658412839472	-0.430928756028508	-0.122555147202778	-0.280472208024435	0.46530224705537	-0.479050029929814	-0.717443842759227	-1.52692198063292	-0.487929392017338	0.459755350541295	-0.137950153623412	0.140664556683528	-0.498830533575119	-0.623358294928407	-0.96695007613496	0.562482737116172	0.533144049508248	-0.579268059122856	1.85957533649015	0.0547607185876713	-0.364222216307529	-0.146147166065041	2.25500234922281	-0.349886879096574	-0.978200102122444	0.228475984662998	1.76082686429507	0.459871321183735	0.356012465165534	-0.825977717893922	-0.248461565607975	2.89745291155567	2.32752376590558	0.607732327048096	2.19584201601404	-0.324409142590626	-0.416616648830473	-0.630143259278807	-0.418749419581491	-0.679712482669397	-0.430942078817102	-0.113865593212903	0.921302262271371	-0.633191113496555	1.91149659519234	-0.909372357531958	-0.809612596134684	-0.85864223840298	-0.698990263910411	-0.296646669706125	-0.607000882549536	-0.192468559264349	-1.15003456701177	-0.548074606607736	1.10685896095027	-1.79285074274235	0.849870948861179	1.1479098194479	-0.196985306717911	-0.355260501978996	-0.517109150038263	2.23453294936136	-0.36167082934513	-1.61266419566911	-0.98127751688738	-0.433836033628504	-0.400909130973788	-1.38943409922434	1.58766906072855	2.23299946813842	0.407533858893395	-1.21863105568841	1.6868009990048	-0.806186235741012	-0.924580537711933	1.08093575761522	-0.369835182619758	-0.208645492353786
H4_[16]_(K)_Ac	H4_[16]_(K)_Ac	-0.655105224133784	0.224199919554392	0.202039581342719	1.17444734572697	-0.408786268196145	0.194642751819314	0.926780651778016	0.51971411564134	0.427730292551155	0.320593034979062	0.0992165811583142	0.89009040472851	-0.790614403680385	-0.810713465892399	-0.0984047185153708	-0.485975664924726	-0.666368977387507	-0.560891969558642	1.26577955592424	0.349552809256847	1.29822411082377	1.13452176152987	1.04432538954189	-0.998067970690295	-1.40855160042632	-0.743822564052945	0.148937622737752	-0.973776557349291	-0.40154800989187	-1.36877637123711	0.616265122951997	-0.720397373551163	-0.97054778048854	-1.52565759873275	-1.59375453627418	-1.02266761477494	-1.95187587255958	-0.243401202259877	-0.267142094204716	-0.690536022893273	-0.288916367777568	1.21369058092462	-0.362425141956566	-0.945546408141147	-1.51197271266638	-0.786535094271559	-1.306344457176	-0.639981483373459	-0.818338545596014	-0.496212886283312	1.73924157094969	0.622947831981205	-0.273133522470607	0.954715165809079	-0.489360385694262	-0.686911649184029	-0.447940720395092	-0.876252275769291	-0.965073284387477	-0.214212918383101	-0.0372013500006979	1.06182554307332	-0.17434490326219	1.22941212930402	0.057914043881665	-1.04796772267968	-0.922751550357681	-0.569203228124698	0.183637514621684	-0.0616717846138489	-0.206245532396056	0.704944751791882	0.474557351189044	2.20780244812168	-0.914900234300617	1.83933323830492	1.34292523370578	1.17415607439203	-0.0387179208287536	1.79591288935091	3.5890905997717	1.38248439864562	0.973924185013131	1.31177527639465	1.88762347049375	1.39118931680835	-0.365050963930106	-0.121280025613699	-0.423580711699126	0.0939510679534164	0.4067630558305	-0.4506874628599	-1.02279293927835	-1.45460876601234	0.133778051493306	-0.929770105511552	0.596660074818878
H4_[16]_(K)_Unmod	H4_[16]_(K)_Unmod	-0.540588185544662	-0.695501543437818	-0.646497176286636	-0.197934510929361	-1.30670914325385	-0.423284475964413	-0.10975534666342	-0.701846965031546	1.4589523602629	-1.21245522070862	-1.25820802731753	-1.39465946952851	0.796442020929049	0.685670022885727	1.17747543950161	0.828796970128852	1.09405627334875	-0.0403808300660334	-0.408490353732172	-0.487561510765291	-1.00555027601457	-0.751878738853331	-0.809926542786458	0.787823224455815	0.0711091936911019	-0.0635741868576195	-1.47789331907947	0.135800270620759	0.546762218462929	0.3391346763389	0.221092500203688	0.0575422183764749	-0.0764308102661447	-0.531807725096592	1.05837831730706	1.35135535192079	-0.0517012608461559	1.59596203790998	0.20653311191613	0.0359220434202137	-0.178638747538911	1.84917077197033	-0.181349753017539	-0.661535692382411	0.977592826903462	2.23083754370718	1.03341816529088	0.786194657322828	-0.589557994905856	0.0605311567415418	2.29703356277813	2.15226245281929	0.76069564525887	1.6602932653638	-0.193983147629683	-0.315986049682774	-0.512340017493066	-0.252671586669275	-0.459487463501413	-0.385450457335505	-0.233171099690163	0.579754004066032	-0.629825725108312	1.40635788097063	-0.835401186917178	-0.373611051351202	-0.186709325168823	-0.211702202443858	-0.36878045421309	-0.391680192668703	-0.11150921274874	-1.40851439042588	-0.440161155910906	0.247984732319396	-0.522955737631888	0.302080411529039	1.02830774505936	-0.383657406643224	-0.362687814811315	-0.951015986151383	1.19598966978182	-1.12632975716389	-2.63049854563535	-1.79622497127214	-1.38654433646554	-1.61569523232659	-1.52133340758621	1.54716496378046	1.80883043295287	0.115317494198231	-1.53293943217848	2.2048777815022	-0.0591653866043161	-0.559939046396835	1.17103626553239	-0.102326438837358	-0.198523655991425
H4_[20]_(K)_Me2	H4_[20]_(K)_Me2	0.39550242613366	1.53427053493908	-0.593122476128744	2.27223554474727	0.721541102081027	0.131393087546795	-0.510863622485781	0.45882057390872	0.426052946476513	-0.424774078726844	1.1031342860672	-0.568815244190613	-1.74996738477049	-0.16785972416332	-0.0462078773817558	-0.0446983052704137	1.24498768106539	-0.0651055680771662	-0.073407358819721	0.647462534684415	-0.0506647347901761	0.858686557487417	1.43146994738497	-1.5117568159351	0.0602491044477273	0.88775757586883	0.879244705119136	0.552466899126576	-1.50833055218367	0.825503212391301	0.835372683171356	-0.409097279602457	-0.559631352194307	1.01400242370574	-0.156468695668416	1.06375522498917	0.426793096996383	0.965720097498933	2.16617502284065	0.222713758173222	0.639681305941779	-0.280531729430656	-0.521857006562001	-0.384868806373237	0.550262857350475	0.223256669761867	1.66724952006196	0.984960869265894	1.84554003504422	1.22758902061061	-0.119435803868584	-0.00367160557076608	-0.199839562564659	-0.20404538114545	0.999000205676993	-0.518502947861421	-0.723099758282818	-0.090330852188738	0.774213300476844	-2.46646281319312	-0.224314291472768	1.50572561439428	-1.13290461670878	-0.850521901498126	-0.3150704329285	0.0393881516882378	-0.804728961245956	0.505984137172689	-0.643656014748178	-0.248929590227456	0.333727101745978	0.0972646141726104	-1.18522067270271	-1.74247218858197	0.451093915553148	-0.784876997564692	-1.03936671302033	-1.73524164244878	-0.277516819802161	-0.244339279850969	-1.33751867021237	-1.0312386608561	-2.58655398888195	-1.18520147664152	-0.151080668060492	-0.701515064425735	0.960899446764211	-0.451778138340951	-0.679921204550291	-1.0306249242694	0.663284775329355	-0.292453126008804	-1.11128313658155	1.58476861918583	-2.50783206892201	0.774764319631046	1.29561308130348
H4_[20]_(K)_Unmod	H4_[20]_(K)_Unmod	-0.617923514050451	-0.969177774447854	-1.27791419276946	-0.450092067485399	0.0303503223228868	-1.89287165828287	0.984367930943176	0.250609325063555	0.039313452102264	0.519749506657354	1.13465874930943	1.00674863106829	-0.915281964983341	-0.777581500920965	-0.0739444477290936	0.0725685103910442	0.68280841743663	0.434101164722132	-0.141504866583408	1.75468450236356	0.169902282613207	-0.379091338894561	0.127193467656732	-0.695702360489093	-1.29150534301775	-0.599470103171324	-1.3663175399336	-0.668564776342967	-0.200492389457399	-0.856755013900456	-0.377304940962663	-0.902116962764	-0.635528531459999	0.305452171268589	0.0859871077416693	-0.453108577869117	-0.0519460892139724	1.0137727748581	1.98829382673991	0.185518836836515	0.477841142751269	2.44593680486124	-0.451963771166633	-1.59827800764298	-0.963290522570008	1.62965463599741	-1.32694200504568	-0.0933625194510108	0.568498104985695	0.248458532134599	1.79975910388573	-0.689927878289174	-0.116999535002461	0.500195845123309	0.618801105286274	-0.541993098033081	0.436253201763171	0.336693596417048	0.347984963226295	0.324439004423178	-0.0907964051775966	2.72822234075499	1.06189101264854	2.08114499337428	1.28344627952806	-0.619957928241963	-1.88214738775263	0.455817948002991	0.108955469866005	-0.605106115876783	-0.814476788311245	-0.277208924687854	-0.416783562695247	1.18913849160609	-0.542372776870586	0.685557909667753	1.7690699831598	-0.358937969804097	0.535866370627776	-0.576655748175715	1.19833624169501	0.250978020869304	0.379268958201657	0.652538235438811	1.30594595100004	1.06088066169413	0.0296530430306317	-0.355720443509037	-1.24051740856113	0.57854541925254	0.153857765366776	-0.286543850464193	-1.4914288987019	-2.03571294470424	-1.55118095801427	-1.98873972052372	-1.51847099273244
H4_[31]_(K)_Unmod	H4_[31]_(K)_Unmod	-0.506705459400916	0.184961154417025	-0.564758799557209	1.95134467559051	0.106302402480068	-0.291353201149739	0.213807757075552	0.280820342785351	-0.733888767015463	-0.22052400784772	1.00457828944358	0.367845063686525	-1.19094604179634	-0.292891982845665	-0.296103378578086	-1.1908975589498	0.704406845211991	0.275961099227093	0.35032832062951	1.13743325739203	0.170341343460408	-0.559576664088797	0.346533664013508	-1.83423221705391	-0.24746013921178	0.638806490322824	0.892177859257878	0.00414723960029706	-1.11734719223036	0.0558838910189478	0.34199485998151	0.364792609517339	1.56180888094678	1.42040272498155	0.0888653309699226	-1.12211448102673	0.820060602857131	-0.30745434277677	1.7775176990667	0.429659917235218	1.06736666438367	-1.13276295132378	0.200292758426257	-0.16804433067999	-0.112973738041417	-1.05290195387023	-1.48546732535559	0.152980230220434	1.44429925709618	0.863494192173094	-0.589601214808901	-0.600013246173841	-0.60494481741427	-0.132648767551164	1.22890800221149	-0.211616731016853	1.59930280501524	1.31370958931946	0.951522973894811	0.328481479973145	0.64838033264901	0.52550005380945	-0.176991337437223	-1.73446618851245	1.11214845084762	0.403477064177216	0.192542500643319	1.61835875654239	-0.451164491685405	0.742934832770186	0.441186562062927	-0.420496990248169	-0.0224023534575443	-2.22804099518683	0.719313192815472	-0.471429938577296	-2.669152946604	0.120976922484458	0.452565462017027	-1.69511316857014	-1.5867019105105	-0.401024301051892	0.607529704671764	0.0334212025794182	-0.185944066330683	-0.914284805100116	0.264236925544799	-1.80612459985907	-1.7262459386229	-1.14977063208614	0.767385797040333	-0.565329229844261	0.581489042389246	0.919115169863271	-2.94433633735142	1.18390694660741	1.740640347403
H4_[44]_(K)_Unmod	H4_[44]_(K)_Unmod	-0.697208815587694	-0.510270258541377	0.321884783833316	0.953756591094892	-0.156526573629861	0.37135732201673	-0.615247530268202	-0.429759912611266	-0.921144178292228	0.696588652472458	0.191943808759236	-0.249158065172007	-0.118916427825884	0.120641498113074	-0.875185032058971	-0.927275391984288	-0.350928649891014	-0.385282896601785	0.23639346120855	-0.42851748631049	0.247251916891294	0.855084585923943	0.34884782823352	-1.31033691252695	0.174842535763965	1.07068119134005	0.680087409058425	0.176933042497629	0.183438124047229	0.673527364031163	0.694011822115109	2.02100097541489	1.81106661216276	0.396471693445039	-0.708201109117232	0.617181727178458	0.444813505292059	-0.569888344938852	-0.327460372880553	0.0201283051421538	0.628871364624293	-1.46076843749366	0.784531216291658	-0.235246124494383	0.0506385395246823	-2.73567159103267	0.978500557167792	0.200214388625806	-0.0705289272588761	0.369802717317177	-2.24242553232297	-0.243394655136004	-0.0309289463122761	-1.21273897767851	0.293677592469343	0.0284446284980938	0.404225684543937	0.168145695582424	1.13883189804833	0.0817220072092511	0.246998674774999	-2.40160755187503	-0.736859537629693	-2.11825870002317	0.874528400970606	1.56052196233815	0.769550667753383	-0.0095365648869023	0.0425558393081801	0.621619133024497	0.116353322123579	1.26991176947515	0.972159215552263	-3.74440583950033	0.796406680502562	-1.18918869254262	-1.97227398017072	1.42351553012525	-0.0434260859711822	1.99153436334144	-0.707563543375776	-0.870100103551291	0.503291467675205	-0.0673523322789425	-0.246389861597293	-0.881973081514763	-0.133315774705536	-0.153653671443077	-1.09865240824054	-0.404781316397487	0.318575967346115	-0.751484226863081	1.11065785480269	0.358655754245737	1.28890695377991	0.568890094810548	2.07365972464644
H4_[5]_(K)_Ac	H4_[5]_(K)_Ac	0.248630857955414	-0.237123419321226	-0.427240530260326	0.352950068806195	-0.653431895421015	-0.0504925483644765	0.320767365495826	-0.0991092451366807	2.30354704007131	-1.05412680925117	-0.745414788612002	-0.859277347119751	0.464569149726786	0.453931532408202	0.34592473172783	1.37345223564931	1.70106207243342	0.329179120020093	-0.0787066979052929	-0.0593571286365159	-0.552122369444992	0.0406957167520406	-0.840737080495074	1.8660310413235	0.634606278726137	-0.556983713705539	-1.25757182435299	0.347529917349664	-0.0836368571453788	-0.0668190733405711	0.424842041555574	-0.534763478828683	-1.17416130672283	-0.839331404255976	0.637721944714133	1.11162712874394	-0.446797642130483	1.37047385407369	0.749219322228951	0.377013144237073	-0.575978417007058	1.03173666458763	-0.361954311258795	-0.40824763723712	0.604041823027823	1.9465586310764	0.973713721775727	0.527325557969431	-0.593514819900511	-0.000509003379787808	1.42420446726669	1.099126402149	0.531732252785193	0.943854322515946	-0.609805818618105	-0.0762905138003004	-0.479915117702015	-0.172834472809182	-1.05035136328767	-0.892155272232179	-0.213578684302045	1.6309008991275	-0.725987003333143	0.398443226346622	-1.34541142776184	-1.58327182912298	-0.292736141013259	-0.254727742090658	-0.592290289585887	-2.43495531505172	-0.386586166027044	-0.91747499555753	-0.193763669334553	0.788767117789948	-1.48042559067985	1.44518843790496	2.19280340205302	-0.26885799340097	-0.405680568816135	-0.344749902402395	1.27229170038612	-0.403794584166399	-1.86466544264573	-1.55907857391708	-0.709151286950583	-0.241673978438613	-1.3927597440727	1.58980133339582	1.21116244529522	0.311570709242871	-3.03453189253278	1.94860948918285	-0.230273988765538	-0.474657211571211	0.595173127090172	-0.0558274357200553	-0.675106930023659
H4_[5]_(K)_Fo	H4_[5]_(K)_Fo	-0.720286197026531	-0.186550544519327	-0.59174248307163	0.140814320826564	-0.709787714173298	-0.559911185075388	0.209499895634549	-0.0358901755473221	2.08277873943056	0.115719327738333	-0.425581451148282	-0.421282649267753	-0.0302840720066572	-0.0848041859905277	0.938193630481939	0.660044864866201	1.04356203713098	-0.534175568292108	-0.704501460627798	-0.477083177647249	-0.448225441360457	-0.0890176324116558	0.387053264837994	0.587598422822771	-0.74573727655238	-0.743477199874687	-1.01517553786076	-1.02576960351099	0.395018034709299	-0.339675191443989	-0.368816407526134	-1.16941861073938	-0.79408458295337	-0.88214506365329	-0.240235264343195	0.375984549207285	-0.622065896698077	1.80084851358862	-0.3433220084309	-1.30451687251158	0.171629113979113	1.98862972120829	-0.40003140423649	-0.617341556165729	-0.579082793198589	1.34955498308689	-0.217654239377906	-0.0440713119025906	-0.671677543791574	-0.696484063771424	2.62480633712737	1.87018557635204	0.358874678639942	2.47363151041502	-0.395770195335443	-0.57339785965446	-0.631042885891284	-0.743576977758876	-0.2814672374232	-0.207189722678218	-0.00834152572162978	0.907369597612847	-0.486171685887361	2.13690672195907	-0.730884135786091	-0.840451219965682	-2.24208726340784	-1.63553650932987	0.178195692609631	-0.716845898696598	-0.262651384931685	-0.583623828463734	-0.592586382682692	1.95665934524923	-2.36456080476438	1.00863792111451	1.31797956611774	-0.316265634917749	0.101647620671648	0.361902686323253	2.29620119148694	0.269896954008288	-0.604432655685548	0.0539329886798419	0.24580488934622	0.451089004355469	-0.970634931550846	1.49814679691048	2.17454400507947	0.736908371601326	-0.881703199727429	0.792573859708107	-1.16066384272376	-0.718904061129584	1.18023903450702	-0.20768822072815	-0.246679337873743
H4_[5]_(K)_Unmod	H4_[5]_(K)_Unmod	-1.13311506786026	0.283442136244216	0.347978595619632	2.27217230071373	-0.780875940427343	0.530481796921545	0.311243378504889	-0.114760206483396	-0.286861624491111	-0.444915597631182	-0.147187307989183	1.2015222783641	-0.960827069311377	-0.776025385050759	-0.661972293568418	-1.27891764090022	-1.28958102030515	-0.135452301190718	1.28949441741278	0.635776980146747	1.22806391523969	0.403980613388039	0.490579510084235	-1.47365833610277	-0.631169891767936	-0.563498317066043	1.32038275123079	-0.640967270800906	-0.655978333212657	-1.73022700931258	1.56868005778865	0.290856319210446	-0.474742288479522	-0.899629041382033	-1.32227908436791	-0.585661742110903	-0.426931531187263	-1.02712039860893	0.569856635688374	-0.312612018533786	-0.953287899074175	1.03369548359756	-0.256459259284268	-0.82276872185546	-1.28810357078191	-1.19549484062943	-0.906373990814367	-0.45713970493444	-0.349512467545839	-0.463768838791013	1.99760607527016	0.418179832343081	-0.494264493095977	0.72147516935432	-0.127082553538164	-0.832509844408824	-0.327334679130235	-0.819868280037273	-0.832015905357255	0.243265104619146	0.0780426333282992	1.10444280781759	-0.0693227080143357	0.904453628036706	0.276188079878705	-1.39672155311422	-1.08307748391532	-0.315603084473868	0.403832258673251	-0.0875844964345643	-0.271103304489619	1.43637382347743	0.751615434507528	1.07910495727416	-0.562790704449549	1.54312830017851	0.959713968525432	1.65366739949177	-0.448542371492927	2.24855187205433	2.62375776336658	-1.12650687123729	-0.113999272090578	0.367457413951657	2.78292549895132	1.75257300085111	-0.119214241135095	-0.432818833515596	-1.10027087801742	-0.29726857173509	-0.0309098132315054	-0.793743060248615	-0.952742699083466	-1.08145046745091	0.569151412992016	-0.12310287014459	1.59401144659706
H4_[59]_(K)_Unmod	H4_[59]_(K)_Unmod	1.41361503340475	-0.56853860471314	0.1928709119937	-1.03643643974894	0.315728308632749	0.0966734025217986	-0.171414676720614	1.06634240627263	-0.741141704629587	0.583123719171305	0.0677479148792537	0.13590381968587	0.823209644630844	0.786161078066007	-0.0356249942979813	0.942482730524677	-0.25192825583182	0.798158256304846	1.14692369145744	0.47747384961973	0.190952909834615	0.259807478005095	-0.418795694472125	1.57088983584759	0.44060419698343	-0.579225221768698	0.184735518432057	1.04391348836023	0.484165487520936	0.321172115568145	-0.542961319769388	-0.695624972238449	-0.717655547018789	1.1970377988652	0.851299015079287	-1.1821268900069	1.01585610625562	-1.87867336001457	0.218369437713274	1.13452334454745	-0.0277052952471139	-0.232751356179693	0.344197472210574	1.10166543334043	1.23620683867394	1.34968366590506	-1.49585288575862	0.750099911523678	0.200704332744361	0.463333724899823	-1.7448556681528	-1.70014733293887	1.51502332427059	0.149518767268398	0.324927444632202	0.198268173747117	0.754207771631092	0.708729147929651	-1.66689440828934	0.744279418292017	0.147473435571046	-1.79323740797889	1.17303175581006	0.277920207330188	-0.592559660026419	-0.698222933131197	0.949510262733854	1.43758105067923	-1.69570921568931	-0.739989635394714	-0.0748226038823907	-1.50686298298312	-0.755624135306339	-0.126698150426427	0.613361789960286	-1.41674503153	1.49198538917899	-1.13174956717431	1.02767637095349	1.49198538917899	-2.73910017868918	-0.622994197331403	0.430909842668105	-0.34248225638577	0.596834186957889	0.326875725858105	0.62920148863952	-1.43112385590635	-1.80625797837807	1.05222248030502	-1.27149249813336	-1.54763490777872	-1.26707495792573	0.828211966753105	-0.067236096608186	-0.972358098340419	-1.78703729302761
H4_[77]_(K)_Unmod	H4_[77]_(K)_Unmod	-0.205402244527421	-0.0695791363869801	0.183858581606815	2.80533540010297	-0.420385291321076	0.373238167939464	-0.124679928165522	-0.0644355154285198	-0.0648496007481745	0.969714274470127	-0.86412832702246	-0.792301663897272	0.786913675925457	0.538198951081	0.281787664094569	-0.870972237423009	-0.477190922732864	-0.5438277095607	1.03333627662901	-0.720703982107828	-0.131943176599478	-0.101435503869837	0.00208757256657711	-0.154305352805213	0.23671441963478	0.683076777962562	-0.322813652758029	-0.357654009168569	0.148195846435225	1.28720824718185	0.94551530450691	0.915144110843405	0.917186721026086	-0.722888544483332	-1.86224826742918	1.89363389969854	-0.674066020268555	0.453392846787676	-1.97937992955832	-0.556026045661286	0.196033457852047	-1.4348298494928	-0.0772367721898009	-0.312633501336743	0.538949737553557	-1.35469623613433	1.34750050295098	0.0573234202625506	-1.17920096506038	0.0353593836601933	-2.10388770881727	1.322979278941	0.377330219060782	0.542507958555588	-0.240142185051596	0.00691901312557919	0.318059916887227	-0.755221879819599	0.402551640558859	-0.19148444920006	-0.18220773138696	-4.31299300469997	-0.292122788578623	-2.1006365513536	-1.09624156304062	0.565641840483652	0.0192034055330791	-0.876454252666705	-0.28347290667608	-0.075061636045486	0.914268388832121	0.715581454541757	-0.0844063929984866	-1.86279125395787	2.10307288602183	0.246404844724312	-1.00117640564924	1.37711898464206	0.289078898331109	0.964999873205593	-0.018725875826098	-0.159575899860216	0.629486717097036	0.398977992674004	0.672474831934767	0.897964122029038	-0.630767364877818	0.788166492083955	1.03830761107218	0.87335399592914	-1.15428616598589	0.564962279304176	0.311222856935836	0.246830609316341	-1.19488401217352	0.38231181493959	1.45687124727041
H4_[79]_(K)_Lac	H4_[79]_(K)_Lac	0.435816779359162	1.57755465207827	-0.874925799276967	2.51225839307853	1.48595001314339	0.458333749646142	1.08330603806379	1.21527970795311	0.444415740604202	0.468733126539696	0.136665273536809	0.563873837761391	0.0250729304597968	0.509359880134542	1.23668016808833	1.02248435123446	1.37943926641336	0.54930624259406	1.3541620232318	0.280809227602764	-0.400997577589328	-0.86947746731772	-0.237378023902396	0.517055585041595	0.121953689374015	-1.72458788786954	-0.141966565620236	0.0623823264921641	-1.04981267301898	-0.0392285433342143	1.35643315558018	-2.44824376473372	-0.550362420343191	-0.13179239331182	-0.462517786807945	-0.434348492882787	-0.686490397462976	-1.10685796644944	-1.27448674796555	-0.402431637852479	-0.584607178384089	-0.643626156637655	-1.05667272030626	-0.0307189914370559	0.908738550508706	0.315855744104067	0.599731284320614	0.648467669253172	0.0248667766541987	-0.127153087050234	-0.591351386049294	0.094639140649513	0.555368383122575	1.32458115988475	-0.0783029720827355	-0.523814101399096	0.620587608758802	-0.0972437998679122	-1.88242966834472	0.170891930327739	0.644464457227633	-0.238654405500463	0.698745224731646	1.16499123429587	-1.33094406955926	-0.986644363389714	-0.0536471232550567	-0.505610806921998	-0.437634931672431	-1.34705197658561	0.369979471785758	-1.9177673683869	-1.51304849077368	-0.702140639882834	1.61436572362851	0.488493733560883	-1.91476643071048	-0.586419651149008	0.804867722331767	0.716156639294166	-1.27553063213436	1.03793856447373	-0.264838723762235	-0.110210999510482	2.26956026000046	1.45755208048602	0.624147700526778	0.274901218969288	0.304540765654473	1.57764858646823	-1.15100148207533	0.0468671097180576	-0.493542169985153	-0.297343752922606	-1.06474579922675	-0.808792098414008	-2.70411277563225
H4_[79]_(K)_Unmod	H4_[79]_(K)_Unmod	1.15607429976854	-2.86290106639506	0.594221861800434	-2.11557619772684	-0.0327863427231511	-0.0364255444651431	0.113608876757307	1.05659129018802	-0.521786641639459	0.880307204150192	0.654180224408291	0.483957284097989	0.457892547167884	0.573997887714725	0.0821228340229187	0.155039815986617	-1.47015034063535	0.889686464265821	1.13566867330586	0.79678564765085	0.704728720697119	0.303650679466405	0.0814138785137851	0.955386458096805	0.49233311282613	-0.18577270880205	0.204034581366047	0.533291270290354	0.571213811342692	0.653242176946092	-1.60111468149834	0.345519925010493	-0.00542272564122003	1.14765909054327	0.530310825479219	0.361596323340052	0.707965568504471	-0.210346825818367	0.816595545768138	0.688952798521871	0.273142061425904	0.446313469548306	0.475303062920608	0.772080856395794	0.385800536429382	0.49402941485327	-1.42654157587748	0.476568011057813	0.134046490075323	0.630656931206737	-1.75913745264657	-0.613436030814001	1.20934889769054	-0.445576894379339	0.694090962139887	0.663638389350974	1.28567292259187	0.782670476195908	-0.497206786796774	0.991309225292205	-0.27759282937281	-0.929238478367111	0.925206390549389	-2.4232906821807	0.180461425733701	-0.0676873495405818	0.581630578695417	1.2926025290604	-0.1750475334862	0.264344504148959	0.279467513495909	-0.193385357167064	0.0855136173807915	-0.0182151253227139	-1.8147612010635	-0.56094492400592	-1.39401933498545	-0.808956268858428	0.729868696762411	-3.56839039902621	-0.485178810817932	0.462491600144649	0.484950780927669	0.504663755183656	-2.74434293423491	-1.76277448751163	0.859221842786782	-1.62263612285865	-1.436992778587	0.789522542018516	-0.430142254647311	-0.248476608440484	-1.07381109150055	1.1013871754352	0.209734834587725	0.190399230588739	-0.964102014838526
H4_[8]_(K)_Ac	H4_[8]_(K)_Ac	-0.0993555792402677	0.414138910846834	0.762781765840918	0.874052480691346	0.271309787951756	0.355160242904513	0.393953634580103	0.406698905559968	-0.0578049793857604	0.113267307093687	0.1672822153603	0.889554521683826	-0.807891898620541	-0.852214237789633	-0.547396498359289	-0.941240946855852	-0.924070577715186	-0.11625483760048	1.29536232245814	0.706992979267028	1.63208681369889	1.49058229244535	0.65381183540014	-0.522673425058562	-1.12945609774952	-0.213690374982267	0.490052279651984	0.0301364706004409	-0.90610678454881	-1.45338990266898	0.327505035446271	-0.846321686271363	-0.810321617236526	-1.68779697760946	-2.29222674942503	-2.1572509044484	-2.08428143746176	-0.502983079557521	-0.248477522487851	-0.551947152835998	-0.526384168623807	0.140458068080406	-0.378263125207643	-0.648144940172526	-1.19892642272453	-1.48844519566906	-1.20596120278984	-0.63433811446618	-0.630695015006033	-0.415389928274827	0.459010087322892	-0.402406147261419	-0.706338204312729	0.269565890874691	-0.516991173142034	-0.656323301433386	-0.108913030986283	-0.912506917164493	-0.875236851892813	-0.212104306234676	-0.308577752430775	0.372334329483665	0.142811524869438	0.0707196194243854	0.297216431837061	-0.639365900648727	-0.691348048537996	0.02625649745036	0.158309356581781	0.205831879665799	-0.0928350450588707	1.84937892845839	1.08920215768383	1.44792496129863	0.433070165051928	1.95246586069447	1.90718778177508	2.08519947635905	0.476465506231021	1.91284628139156	2.00242859113463	1.49216884429713	1.86831418239694	1.65383351313201	1.95557061578948	1.56676981098998	0.171047561699736	-0.51617357381349	-0.741058047270693	-0.0967001362174937	0.78060740197711	-0.492759705706541	-0.604549675859366	-1.04322862946085	-1.18804476056254	-0.787564765244076	0.411002226649799
H4_[8]_(K)_Bu	H4_[8]_(K)_Bu	0.029835820358377	0.271610919961082	0.197801129848885	0.429115163295937	0.0842419595822474	0.589539882669671	-0.159520582133967	-0.835854007403619	-0.360922207112448	-0.692927161099062	-0.682270005841188	-0.221075796082068	0.612416436860292	0.954924076506814	0.622998856068794	0.50326334182539	0.684877507511477	0.624387723160414	-0.541629452270486	-0.147974344962935	-0.75356608328445	-0.901475462513106	-0.294472039569413	0.134786178324644	1.14223653311477	0.686905938620037	1.28567459627393	0.596857516302006	-0.0237104061641846	0.465310664724872	0.553298351607836	0.522546638881026	0.23331350155017	0.622752407333965	0.612823813418339	1.09950965641672	1.11122503339347	0.495852396240371	1.21001062313994	1.22474875320489	0.464556839385832	0.905327341551252	0.568002551448641	-0.316322071724496	-0.0649766169718049	-0.272639280440142	0.463206950459366	-0.320202091383159	0.219798445263358	0.495720948373178	1.38182264884723	1.26052695137646	0.182430589694823	0.300394499392906	0.844102199364981	-0.021999155435148	-0.12496310154268	0.335787780827904	0.314042946600061	-0.245201372719475	0.324862502413884	-1.42038912551398	-2.57971837235896	-1.01608986946891	-1.96611802944708	0.786025074334583	1.09618540699211	0.94910255618923	0.0946479838002305	0.632900806045375	0.62043488541869	0.23327739703712	0.664655733185506	-0.576260631054425	0.5085304017112	-1.81221227305518	-1.39119963526358	-0.643585497817271	-0.795975574945543	-0.300467613987922	-1.84475433301896	-2.73251309172775	-3.28169845999046	-2.56849614812084	-2.19504267096281	-2.84559841539509	-0.576220646850365	0.200492430792731	0.362294176766292	-0.29192040685002	-0.715518808584883	0.727302795621757	0.18829150422643	0.984106767896285	0.998809358822945	0.870829543528322	0.954145405502832
H4_[8]_(K)_Fo	H4_[8]_(K)_Fo	0.286512672487172	-0.807033862119331	0.135009471979	-0.36774338204666	-0.757979268637873	0.0433418408334558	0.635902874842254	0.36726071708644	1.21852349984192	-0.813730141493861	-0.280763461479311	-0.799726839782121	0.595455131936384	0.802531736495209	1.17127417412223	1.31229785316677	1.59565946788219	0.16246799399335	0.128188672021215	0.0226145236276716	0.100391873597255	2.61350140578716	-0.131052545104623	1.01934363341734	0.928101028358395	-0.79908457728297	-1.58506021949868	-0.174616147086714	0.779485198613767	0.422903243280391	0.288934658644748	-0.717627130074623	-1.29364221482139	-0.522551290167142	0.781950567690065	0.824664549291926	-0.939901121024142	0.687542091332737	-0.222702839858367	0.0878515899062941	-0.648635087873235	0.770275637177988	-0.77865531916257	-0.287982704444268	0.906224415793784	1.53290536648836	0.465159429180065	0.705299257244788	-0.219914263366991	0.482491734498184	1.37147870875299	1.58959330112217	0.532908171504297	1.53904515178306	-0.910463613599935	0.0564741320327323	-0.340916692160431	0.166078637635256	-0.903097616876808	-0.826086017957092	-0.307461536128959	0.862348141086151	0.172473097347836	1.23071740237599	-1.32460668133567	-1.92209446150414	-0.663101076095686	-0.910432443415923	-0.627881808814613	-2.7711257048035	-1.56709598139432	-0.746603168114748	-0.406152724119764	0.415182900882077	-1.71530115093475	1.03400176655959	1.15981121419605	0.250677414784971	-0.11629277280457	0.031206367980734	0.687147624794431	0.567893819049766	-1.14017186038535	-0.714742016927262	0.32905308510502	0.779614386559542	-1.24022910219937	1.64833346858786	1.14714565353163	0.466588424860015	-2.93180077764475	1.24910443325858	-1.31494058020551	-0.632705835109441	-1.64943163254823	-0.428240451388634	-0.90156549261493
H4_[8]_(K)_Me2	H4_[8]_(K)_Me2	-1.16618872479589	-0.0334804125727566	-0.481895806077633	0.488458974163176	0.115338471127792	-0.410100228266354	0.0571943878233248	-0.0164011737625104	1.30645591693565	-0.199871100048726	-0.429891312306088	0.18368851097648	-0.101732779219327	-0.158595656794491	0.785979361580967	0.699692863125169	1.19535538357076	0.129662606418591	-1.56666140548961	-0.760668556757678	-1.17586518931077	-0.63014114158504	0.0431848666218672	-0.0493510854930623	-1.29209888385287	-0.869137717046821	-0.82453177621485	-0.936745270133467	-0.255068547367104	-0.29719671122737	0.535048680743834	-1.44216533112882	-0.725370983709075	-1.24740859547034	-0.646572959929295	0.881201031926284	-0.0617265525069768	1.21456672043482	-0.121115321637253	-1.29415123088305	-0.00121258425015748	1.90700063639943	0.167467148686688	-1.15413478389078	-0.195035197344118	0.890127083309496	0.418635621028115	0.418604722396585	-0.575801470734322	-1.13315502655463	2.10610682867291	1.54097077023628	0.604186722168003	1.8499335531837	-0.487035069548052	-1.11094682002833	-0.529529502513295	-1.25243164006067	0.311944375003693	-0.262227631388182	0.571350821509096	0.817119610577232	-0.534623278137736	2.06955668647683	-0.374759565805022	-0.61964706318323	-2.2697719079145	-1.99660415443849	0.213362813421094	-0.351511470073432	0.370411062627963	-0.453800193025776	-0.950923657877489	2.00656605727464	-2.15561547835443	0.938629551514277	0.648787045371826	0.00525853368627025	0.676644337324158	1.10900134454883	1.91670568054318	0.522832207787533	-1.50360949711321	0.750592608590704	0.61971421651114	0.80630065103831	-1.11278354515285	1.01999879133262	2.42517138567098	1.10716334334168	-0.0642265102898542	0.834441784330226	-1.5644266439516	-0.546159296565905	0.888726551484085	-0.0105500395585281	0.235516159845529
H4_[8]_(K)_Unmod	H4_[8]_(K)_Unmod	-0.932948021801367	0.0627667736260069	-0.743616282836758	1.44039274240169	-1.80752536342	-0.402941391432559	0.172690562729789	-0.515323489270321	1.7177459974013	-0.544335961504606	-0.742610690689587	-0.272770542802035	-0.263339773177427	-0.547834221078825	-0.0183036034108121	-0.0493066465812551	-0.447821140825956	-0.798134290822673	0.892148970549682	0.106782659537587	0.0207733293551042	0.31415839306902	0.0981333237772732	0.0960519626860553	-0.259438780507527	-0.721262914422121	-0.159360940624943	-0.820183411233084	0.158841009495423	-1.39798729803232	0.56544838118937	0.465664703615335	-0.476109804577206	-0.646636581801421	0.100918692063094	0.445771164588677	-0.868673389577804	0.736418721878057	0.468452883302751	0.126667873931979	-0.579289706903593	2.04033969902985	-0.51772803034694	-0.439194780187671	-0.683645599664577	0.893052288542905	-0.266030676432215	-0.589230581294821	-0.728120210069078	-0.449384125860367	3.02341203968633	1.67016196047597	-0.133743432110234	2.07756203349266	0.00940132907622789	-0.21059505077835	-0.857405925325195	-0.515308242308657	-1.367365348527	0.207713305190479	-0.365345789665688	1.49902235679616	-0.349583521383752	1.78065828432302	-0.335966839198302	-1.42186796874022	-0.908275053597475	-0.579681587944005	0.255152129158414	-0.948269299861668	-0.703898478693271	-0.208717693371039	0.262033722741981	1.26238100227925	-1.42871961196673	1.52159842868018	2.44490881252379	-0.178082445160589	-0.990608153636272	-0.0830799165314279	2.84103773035907	-0.906344171916486	-0.673651994748956	-0.883528308180272	0.627229909578361	-0.294005632432741	-0.582320005334231	0.534450101320004	0.953435045356521	-0.246971882921668	-1.27583687286902	0.338958585885061	-0.404517549384474	-1.22541327765279	3.28988883046862	0.00481822981515953	0.241148335452173
H4_[91]_(K)_Unmod	H4_[91]_(K)_Unmod	1.34841347909275	-2.00759088172576	0.142287276739758	-0.808653163857808	0.712725954662105	0.19411790862888	0.654007593693909	1.64185031458018	-0.287262865275377	1.09536931803256	0.707911201847052	0.755651714392336	0.460123230657723	0.816336900571246	0.70010485698109	0.664018898706332	-0.745576311253657	1.14492086593498	1.78875179719336	0.919543875555865	0.487836948556028	-0.138994024468821	-0.0394000053990017	1.19297346518339	0.542343914629371	-1.04595898534821	0.128273879633927	0.552519784262588	0.0321436363206752	0.618834684228636	-0.88511524585762	-0.889362505522066	-0.281147168172164	1.05569714102967	0.286521715377428	0.13573435861539	0.347909028378923	-0.760366304997074	0.159377544440887	0.471698375080841	-0.0260342809922161	0.113647221951158	-0.0650404183198868	0.739255860567712	0.832560136630104	0.64118747001514	-1.09374895139428	0.790828469558618	0.143484094103952	0.552690647020312	-2.01581897243185	-0.552154774530464	1.46040589286219	0.228373816989341	0.63917690773613	0.386117354643637	1.56769553198033	0.71626357519433	-1.42947478924669	1.05458484139016	0.0516850161517542	-1.02787842364974	1.25453922493743	-1.78468459780498	-0.49069392712968	-0.560674916461405	0.541612861382843	1.01000741499909	-0.390442915419119	-0.416777794896907	0.458596244849666	-1.15022317460338	-0.674770916551953	-0.369723481987509	-0.964660832839904	-0.303444913557036	-2.32225088412261	-1.08461460172412	1.11680053052563	-3.12889589121521	-1.11353478387179	0.972276305995614	0.341264209027109	0.438033076391531	-1.54486921934086	-0.992444109562552	1.15265517574179	-1.44822491847955	-1.25191651940638	1.56243287639352	-0.997325391864145	-0.219377453371595	-1.29693972640011	0.92749382426431	-0.328660221725521	-0.219272942643327	-2.29766603688894
