symbol	ensembl_gene_id	C3L-00365	C3L-00674	C3L-00677	C3L-01043	C3L-01045	C3L-01048	C3L-01049	C3L-01149	C3L-01157	C3L-01887	C3L-02041	C3L-02465	C3L-02504	C3L-02542	C3L-02642	C3L-02704	C3L-02705	C3L-02707	C3L-02708	C3L-02900	C3L-02970	C3L-02984	C3L-03266	C3L-03407	C3L-03681	C3L-03727	C3L-03728	C3L-03748	C3L-04084	C3N-00661	C3N-00662	C3N-00663	C3N-00665	C3N-01192	C3N-01196	C3N-01334	C3N-01364	C3N-01368	C3N-01369	C3N-01505	C3N-01515	C3N-01517	C3N-01518	C3N-01798	C3N-01814	C3N-01815	C3N-01816	C3N-01818	C3N-01852	C3N-01856	C3N-02181	C3N-02183	C3N-02185	C3N-02186	C3N-02188	C3N-02190	C3N-02255	C3N-02256	C3N-02769	C3N-02770	C3N-02782	C3N-02783	C3N-02784	C3N-02785	C3N-02786	C3N-02788	C3N-03070	C3N-03088	C3N-03180	C3N-03182	C3N-03183	C3N-03184	C3N-03186	C3N-03188
2_hydroxybutyric_acid	2_hydroxybutyric_acid	-0.411781380666647	-0.222680943214315	1.77619951978851	-0.128765289714502	-1.14026226051657	-0.444778772436852	-0.603420079024378	-0.984159214834441	1.15686385887081	-0.407973989308546	0.389039934987185	0.555296024290912	-0.575499209064975	-0.536156165031266	-0.466353990132755	-0.971467910307437	0.135213844447144	-0.669414862564788	-0.538694425936669	1.18097733747211	1.61375082184289	0.337005586426476	0.152981670784946	1.13401951072221	0.598446459682718	-0.432087467909852	0.548950372027412	0.184709932102449	-1.79132618275177	0.712668200425736	-1.22402487039478	0.509607327993703	-0.225219204119718	0.929689507837471	0.142828627163346	0.320506890541371	-0.901665735408926	0.236744280663158	0.133944713994442	-0.0792692020591917	0.882731681087565	-0.571691817706874	0.85988733293896	0.641596895074524	-1.81290140044768	-0.603420079024378	-0.862322691375221	-1.67202792019795	0.90303776833077	0.107292974487737	0.484224718939699	0.225322106588856	0.354773412764278	0.613676025115121	-1.30524921936759	0.419499065851991	-0.591997904950076	1.14290342389111	1.15305646751271	0.55402689383821	-0.0411952884781886	-0.00692876625528167	-0.603420079024378	1.07690864035069	1.13021211936411	-0.0615013757213897	0.0412981909473266	-0.334364423051934	0.00068601646091987	0.391578195892584	-0.60849660083518	-0.603420079024378	-0.704950515240397	-0.593267035402777
2_hydroxyglutaric_acid	2_hydroxyglutaric_acid	0.282710271932691	-0.673084760816706	-0.553816017487393	-0.650876098265733	-0.749581265158956	-0.149947376282613	-0.976603149013374	-1.19951231758057	0.800089855064682	-0.641828124633851	3.58357556145363	-0.404113181032669	-0.701051224769789	0.392931041630126	-0.624554720427539	-0.903396816900899	-1.3623758429544	-0.78495061662903	4.26381866995944	4.04090950139224	0.8741187302346	3.99155691794563	-0.347357710069065	-0.307875643311773	0.380592895768473	-0.921492764164656	-0.881188154349923	-0.487190029834466	-0.469916625628151	-0.799756391663012	-0.294714954392678	3.48898310984763	0.124782004903531	-0.562041448061829	-0.0923693622615645	-0.498705632638675	-0.833480657018198	-0.477319513145143	0.278597556645474	-0.279909179358694	0.183182561982023	-1.0053921560239	-0.639360495461521	-0.455110850594167	-0.347357710069065	0.397866299974788	0.0400600699868443	0.448041426478844	-0.184494184695243	-0.338309736437184	0.151103382741724	-0.435369817215524	-0.333374478092522	-0.613861660680772	-0.416451326894322	-0.711744284516553	-0.0504196663319451	-0.276619007128919	-0.326794133632975	-0.427144386641087	-0.131851429018856	-0.228088966739749	-0.424676757468756	-0.613039117623327	0.198810880073449	-0.258523059865162	3.37547216792042	-0.648408469093402	0.339465742896295	-0.277441550186363	-0.425499300526201	0.00469071851677253	-0.196009787499452	-0.247007457060953
3_hydroxybutyric_acid	3_hydroxybutyric_acid	0.186714357835085	-0.333217335542408	2.04299941187703	-0.0431727958483536	1.30070023806743	-0.62003915812875	-0.0517667081355839	-0.128037679684763	0.0492117612393845	0.233980875414853	-0.129111918720664	-0.513689493574263	-0.821996096878683	2.12893853474935	-1.68890699885314	-0.215051041592979	-0.281653861819018	-0.0796969230690853	0.159858381937485	1.28458665252888	0.203902182409545	-2.48384388542203	-0.707052520036966	0.454199877775156	-0.982057713228366	1.53381010885858	1.540255543074	0.736724744217881	-0.218273758700691	-0.434195804917376	-1.0454378163467	-0.643672416918638	1.38019392672432	0.0513602393111912	-0.994948581659214	0.455274116811061	-0.470719932138108	0.206050660481352	0.641117470022435	-0.306361359644812	-0.492204712856186	-0.505095581287033	0.463868029098292	0.481055853672752	0.139447840255312	-0.75754175472445	0.138373601219407	-1.7340250383611	-0.341811247829638	-0.00879714669942859	-0.122666484505241	-1.10881791946503	-0.591034704159344	0.0470632831675741	-1.49446973335453	-0.417007980342912	2.08704321234909	-0.564178728261748	1.31788806264189	0.359666842615611	1.31681382360599	-0.732834256898661	0.187788596870986	-0.746799364365413	-0.32032646711156	0.105072191106387	-0.81555066266326	0.600296386658086	1.372674253473	1.20509296387198	-0.157042133654166	-0.963795649618001	1.76584574061383	-1.11096639753684
3_phosphoglycerate	3_phosphoglycerate	0.966878655972719	0.948509517093971	-0.0152579694109971	1.58163250378148	0.780738048668074	1.15301926327736	-0.435298945105029	-2.85635144932398	0.164759591600733	0.13659357865332	0.677870870947087	0.177005684186563	-0.576129009842093	-0.73287899494074	-1.68440038885987	-0.413255978450531	0.548062289537268	0.550511508054433	1.5069313390079	0.58357595803618	-0.354474734038536	0.285995908200468	0.154962717532069	-0.954533270744297	-0.364271608107204	-0.142617332303647	-0.832072344885977	0.413355271093118	0.404783006283034	0.424376754420368	-0.305490363695209	1.10893332996837	0.467238078470779	1.01708763557463	-0.376517700693034	-0.0605685119785737	-0.0287286712554112	-0.195275530422723	0.125572095326071	1.84369888511827	0.172107247152233	-0.00668570460091306	-0.67409775052875	0.164759591600733	-0.337330204418372	-2.43631047362994	-0.314062628505293	-2.36895696440787	0.588474395070514	-0.893302807815137	-0.334880985901207	-0.599396585755171	-0.435298945105029	0.443970502557696	-0.115675928614815	0.414579880351703	0.154962717532069	0.999943105954462	-0.224666152628721	-0.0617931212371584	0.529693150658519	0.33742949706096	-0.42182824326061	0.312937311889297	0.213743961944059	-0.364271608107204	0.20149786935823	-0.468363395086771	0.248033021184387	-0.724306730130656	0.468462687729364	-0.0789376508573221	-0.42060363400203	0.336204887802379
adenine	adenine	4.84771466717184	4.24040171619081	-1.73249505443186	4.60548554746823	-1.73249505443186	-1.73249505443186	-1.73249505443186	-1.73249505443186	-1.73249505443186	-1.73249505443186	4.49759614070369	-1.73249505443186	-1.73249505443186	-1.73249505443186	-1.73249505443186	5.10073272755191	-1.73249505443186	-1.73249505443186	-1.73249505443186	-1.73249505443186	-1.73249505443186	-1.73249505443186	-1.73249505443186	-1.73249505443186	4.8386658782174	-1.73249505443186	4.28425353958543	4.30687551197154	4.48819932140484	-1.73249505443186	4.10675806394054	-1.73249505443186	-1.73249505443186	-1.73249505443186	5.26430698942073	4.93715846568309	4.0187063868069	5.45085125402006	-1.73249505443186	-1.73249505443186	-1.73249505443186	-1.73249505443186	4.60165721367981	-1.73249505443186	-1.73249505443186	-1.73249505443186	-1.73249505443186	-1.73249505443186	-1.73249505443186	-1.73249505443186	4.63611221777558	-1.73249505443186	4.42694598079014	-1.73249505443186	4.92080103949621	-1.73249505443186	-1.73249505443186	-1.73249505443186	-1.73249505443186	-1.73249505443186	-1.73249505443186	-1.73249505443186	-1.73249505443186	-1.73249505443186	-1.73249505443186	-1.73249505443186	-1.73249505443186	4.7795007196691	-1.73249505443186	-1.73249505443186	-1.73249505443186	5.20200955777282	-1.73249505443186	-1.73249505443186
aminomalonic_acid_(spectralmatch)	aminomalonic_acid_(spectralmatch)	0.417994602674356	-0.138044471041049	-1.33542990704557	1.10045291126406	0.117877394680088	1.03467379718312	0.528996857685935	0.690361246915729	1.5465175286254	-0.91814365209464	-0.0558205784398821	-0.153461450903769	-0.121599692520817	0.322409327525497	-0.753695866892302	1.42832068301122	-0.756779262864846	0.240185434924326	-0.937671826587416	0.321381528867981	-1.44026537011206	-4.41060349032929	-0.598498269607596	-1.83288445728265	-1.71263201435343	-0.516274377006425	-0.0743209542751421	0.793141112667188	1.25462270989125	-0.325103826708707	0.388188441606432	-1.00858993395593	1.04597958241578	-0.0979603233979779	1.4200982937511	0.354271085908449	0.0428480926815207	0.572164401301546	-0.997284148723263	0.27821398525237	0.309047944977806	1.20631617298806	1.10970309918169	0.195990092651199	-0.152433652246253	1.24845591794616	-0.058903974412426	-1.17714891378832	-0.149350256273709	-0.932532833299844	0.158989340980675	0.303908951690234	0.513579877823215	-0.330242819996283	1.39645892462826	0.681111058998097	0.581414589219178	0.257658012102078	-0.994200752750719	-0.0301256120020146	0.0695708577769004	-2.04049978610059	0.288491971827514	0.819863877762567	-0.135988873726021	0.932921730089178	1.02953480389555	-0.787613222590285	0.57935899190415	0.0274311128188046	-0.459745450843122	0.370715864428685	0.271019394649766	-0.816391585000693
campesterol	campesterol	-0.936062821510023	1.05365963223988	0.972124707148478	0.463995450225251	0.546431313715455	-0.949126428292624	0.0779433463394304	0.899599166045075	-7.86923426947579	-0.336488317108591	0.104070559904632	-7.86923426947579	-1.32301586379464	0.0662311471550299	1.04780353264768	0.383811932732048	0.565801489289657	0.0608255167622294	-0.595958575963005	0.135152934663233	0.612650286027259	-7.86923426947579	0.735628377463466	-1.12661129285623	-0.0765675890547778	0.328854690405245	1.01762209628788	0.482464687400652	0.509492839364654	1.01311740429388	1.22483792801189	0.218940205751637	1.21808089002089	1.3644833798259	0.895094474051074	0.830226909337471	0.652742044773861	0.572558527280656	1.95144474664413	0.792387496587869	1.03699227186208	0.418047591886448	0.491023602189253	0.719861955484465	0.369847387550646	1.3261934978769	0.340566889589645	-7.86923426947579	1.08113825340328	0.799595003778269	0.764908875424468	1.68476698059932	-0.261259960808788	0.63562421519666	0.598685740845857	0.466698265421651	1.3725918254151	-7.86923426947579	0.547332252114256	0.573909934878856	0.303177946039442	0.587424010860857	1.03473992586508	1.53611214479731	0.816262364156069	1.16943021648569	0.672562689547462	1.58476281833251	1.52349900721411	0.573008996480057	0.236508504528239	0.159478271430835	0.236058035328838	0.492375009787453
capricacid	capricacid	-0.855246435440054	-11.1223554605381	-0.254581553258686	2.07727032701783	0.547705107556985	0.730124812035641	0.575308089155729	0.619712885640666	1.80184057584775	-0.286384988578979	-0.372794322279394	-1.3028947891936	-0.340390822141739	-0.619420962216	-1.20688441841536	1.00075404466681	-0.57741642500052	-0.0853632747620374	-0.199975654878561	-0.428000285476884	1.45200278732454	-0.246180645815591	-0.966258426652394	-1.75894405039024	2.19788335530799	-0.251581229171867	-0.959057648844025	-0.32418907207291	0.9425477573825	-0.104565348917686	-0.468204628240272	0.107857596429171	-0.302586738647808	0.607711589293384	-0.193374941887558	-0.0517596449896527	1.44180168542935	-0.243780386546134	-3.07368606523477	0.224870235815152	0.42109143109318	-0.497007739473743	-1.29389381693314	-0.575016165731063	-0.342791081411196	0.0262487812676671	-0.979459852634403	-0.776637944365369	0.0214482627287556	0.0862552630040661	0.79133142340677	-0.710630814455329	0.194866994946951	1.26058211058542	1.96745846544022	1.37519449070195	-0.515609748812029	0.0934560408124344	1.14056914711262	0.307679180611383	1.63742281589001	1.60921976947391	0.0640528647615986	-1.0094630935026	1.65662489004566	-0.76343651838336	-0.897250972655534	-0.351191988854292	2.29929430944251	1.76223629790173	1.46580427812391	0.688120274820161	0.742726173200286	1.36919384252831
cholesterol_(spectral_match)	cholesterol_(spectral_match)	-0.672565317054853	0.773141912583877	-0.183482941383904	-0.121397354835002	0.926455299776063	0.0965357244795133	0.00150676547608764	-0.364671489883763	0.856767396506887	0.750334962423055	-1.11730084519087	-0.718179217376493	-0.846151548834433	0.0243137156369098	-0.562331724610879	-0.778997751138685	0.242246794951425	0.0255807684236236	-0.135334935488836	-0.705508689509372	1.24701965481427	1.20647396563948	0.276457220192658	-0.469836871180886	-2.80881631545178	-0.224028630558697	-0.117596196474865	-0.68396879213526	-0.500246138061977	0.218172792003894	-0.20755694433144	0.106672146773211	-0.194886416464315	0.579282836216898	-0.653559525254168	-0.83094691539389	-0.240500316785959	-0.814475229166628	2.25052546189041	0.64770368669936	0.381622601489777	-0.6054115193591	-0.196153469251029	-0.338063381362804	-0.493910874128417	1.6613459160692	-0.569934041331153	0.730062117835661	0.265053745112247	0.589419258510595	0.518464302454705	0.529867777535116	0.0686605631718403	0.380355548703068	-0.709309847869509	0.284059536912933	0.0800640382522514	0.281525431339505	0.125677938573896	0.137081413654307	-0.141670199422401	-0.383677281684448	-0.756190800977863	0.00150676547608764	0.258718481178687	0.386690812636628	-0.40648423184527	-1.40238772220113	2.33668505138685	0.156087205454987	-0.885430185222518	-0.621883205586358	1.25842312989468	0.80228412667826
citricacid	citricacid	0.206471707138416	-0.476638858952921	-1.78794325935178	-0.326622420909335	-2.97200157391011	-2.35318376698031	0.148876110389539	-1.03518220416878	-0.199376335068788	-0.480657156400517	0.66053931871678	-0.314567528566546	0.0832439187454703	1.04227757623841	-0.278402851538179	0.0470792417171039	-0.0989188988788859	0.549366422666618	-0.437795316959492	-0.0614147893679906	0.62303520920588	0.752960160011489	-0.992320364727757	1.35168647970331	-0.468602264057728	-0.165890523005489	0.458285013854442	0.556063585079282	0.434175229168865	-0.0949006014312896	0.760996754906682	1.01816779155283	0.0912805136406628	1.14809274235844	0.400689417105561	-0.623976432031444	-0.314567528566546	-0.79006605986542	0.383276794832647	-0.110973791221675	0.778409377179596	0.324341765601237	0.21316886955108	-0.360108232972634	-0.0654330868155868	1.14943217484097	-0.0064980575841765	-0.830249034341378	0.0939593786057254	0.677951940989694	0.837344406411006	0.62839293913601	-0.128386413494593	0.45024841895925	0.422120336826076	0.494449690882804	-0.0399838696474755	0.41810203937848	0.135481785564222	-0.491372616260772	0.310947440775914	0.194416814795627	-0.0855245740535681	0.0524369716472338	0.369882470007325	-0.278402851538179	0.262727871404764	-0.109634358739141	0.814574054207962	-1.74909971735836	0.163609867697391	-0.294476041328564	-0.397612342483534	-0.287778878915906
creatinine	creatinine	-0.724521741531295	-0.25925237023981	0.78914094877163	-0.649709706059319	-0.253103435817455	0.823984910498304	-0.0655609359356443	1.37431454129903	1.21136777910664	1.12938198680857	-0.0594120015132896	0.493992096498615	-1.35478751982263	1.39788545658472	0.884449432318124	-0.592319651450677	-0.308443845618644	0.980782738268342	-0.845450785170935	0.840382068957915	-0.382231058686897	1.57927902204418	0.0205241459773215	-1.55872717816405	-0.946908203139784	0.183470908169714	-0.394528927531606	-0.112702766507028	0.423279350641536	-1.81800724630667	0.951062888560296	0.0512688180890914	-1.62943992402113	-1.99427669974749	-2.32324469134346	0.581102000815301	0.414055949008004	-0.318692069655903	-2.16747168597715	-2.34681560662915	-0.107578654488397	-0.634337370003432	-0.746043012009537	0.800413995212613	0.285953148542286	0.115832629523816	0.479644582846452	0.245985074796984	0.306449596616804	-0.773713216910133	-1.53105697326346	0.28800279334974	1.22366564795135	0.563680019951964	-0.00919570373072862	-0.116802056121929	0.810662219249868	2.30895257349691	-0.884394036512514	0.858828872224979	-0.373007657053365	-0.435521823680635	0.773768612715743	0.825009732902028	-0.758340880854246	1.04739619451052	0.285953148542286	0.903921057988912	0.598523981678638	-0.0655609359356443	-0.51648279357497	-0.161894241885862	-0.0952807856436908	1.46244926801944
D_(_)_galactose	D_(_)_galactose	1.5464827902746	2.00499936688039	-0.754487591106917	-1.1158489784624	-1.96368527026549	-1.53522389608965	0.166040353084898	-2.50607683039673	-0.841158407416547	-0.455333483199478	0.58052256333983	0.514121534715516	0.679774627178279	-1.86303529003495	-1.34720414135343	1.7666546220289	2.14898475526575	0.736390241057957	1.48846926000283	-0.063916893414045	-0.715345932128373	0.836341263092452	0.788113147565319	2.31813263870874	1.42975677153501	4.17176977462118	-0.00310753035809389	0.767843359880002	-0.64545011252383	-0.930625056510361	-2.23208521754693	0.519713200283879	1.0879662136688	-1.15009793006862	-0.857234445925592	0.990811024418489	0.0821653695594469	1.51992237882487	-0.212794989171717	1.47798488706214	0.709130871412187	-0.604910537153196	-0.172954371997129	-1.29268540206189	-0.620986575662243	-0.231666860464944	-2.67452575564368	-1.24375832833871	0.364544480761795	-0.334413715283622	-0.930625056510361	-2.27122687652547	-2.33553103056165	-0.0667127261982251	-0.190428326898264	-1.2759104053568	1.31442866918752	-0.181341870349675	-0.133113754822541	3.70556465785889	0.936991243322994	0.956562072812264	-0.939711513058953	0.637138177219508	-1.16617396857767	0.776230858232547	1.48846926000283	-1.27660936355284	-1.33462289382461	3.55598760390517	0.0458195433650855	-1.14870001367653	-1.2898895692777	-1.20461666936016
dehydroascorbic_acid	dehydroascorbic_acid	-1.21695497243995	6.28222133822298	-1.21695497243995	-1.21695497243995	6.34605632379508	6.33027688915928	-1.21695497243995	-1.21695497243995	6.5199887283033	-1.21695497243995	-1.21695497243995	-1.21695497243995	-1.21695497243995	-1.21695497243995	-1.21695497243995	-1.21695497243995	-1.21695497243995	-1.21695497243995	-1.21695497243995	-1.21695497243995	-1.21695497243995	-1.21695497243995	-1.21695497243995	6.43463633186421	-1.21695497243995	-1.21695497243995	-1.21695497243995	-1.21695497243995	-1.21695497243995	-1.21695497243995	-1.21695497243995	-1.21695497243995	-1.21695497243995	5.8113486637502	-1.21695497243995	-1.21695497243995	6.31019397235008	-1.21695497243995	5.62558168326512	-1.21695497243995	-1.21695497243995	-1.21695497243995	-1.21695497243995	-1.21695497243995	-1.21695497243995	-1.21695497243995	-1.21695497243995	-1.21695497243995	-1.21695497243995	-1.21695497243995	6.75237676566687	-1.21695497243995	-1.21695497243995	-1.21695497243995	-1.21695497243995	-1.21695497243995	-1.21695497243995	-1.21695497243995	-1.21695497243995	-1.21695497243995	-1.21695497243995	-1.21695497243995	-1.21695497243995	-1.21695497243995	5.92610818837418	-1.21695497243995	6.29298004365648	-1.21695497243995	-1.21695497243995	-1.21695497243995	-1.21695497243995	6.81943936286901	-1.21695497243995	-1.21695497243995
D_fructose_6_phosphate	D_fructose_6_phosphate	0.869882220800724	-0.761776307125271	-0.879975192612822	-0.147656010787769	0.847612865563939	-0.856849323713086	0.0484856180285307	-5.16168699371626	1.23304401389291	-0.635012285008187	0.935833772848125	0.971807346692164	0.964098723725584	-1.21744157581642	1.04889357635796	1.61590562123303	-0.535656700105607	1.09514531415743	-0.745502547529158	2.46642368854563	2.17092647482675	1.11655815573127	0.41164741112072	0.337130722443785	1.61247956658122	-0.0680002401331144	0.290022470981355	0.015938098836306	0.319143935521766	-0.660707694896783	-0.705246405370353	-0.022605015996593	-0.617882011749121	-0.209324994520408	0.781661313516535	-0.235876918071958	-2.51163372053882	1.73753056137239	-1.58488593722337	-0.879975192612822	-0.922800875760487	-0.826014831846767	0.0467725907026251	0.0639028639616903	0.290022470981355	1.53967590523019	-0.718950623977607	-0.205042426205639	-0.915948766456861	-0.357501858211323	0.26775311574457	-1.04785187055167	-0.909096657153236	0.690014351580535	1.00349835222143	-0.322384798030238	0.934120745522219	0.187240831426961	-0.609316875119587	-1.0692647121255	1.12341026503489	0.839904242597359	1.01720257082869	-1.45212631946561	0.367965214310104	1.49856324940843	-1.15919864673559	0.0107990168585861	-1.06498214381073	-1.54377328140161	0.0621898366357817	1.69813093287654	-0.916805280119813	-0.0525829941999578
D_gluconic_acid	D_gluconic_acid	-3.31926916080274	-2.77879958043821	0.688099518107438	-2.99205907327934	-2.32172401070707	1.24321079499539	0.849794775366087	1.19291975041495	-2.68076387328139	1.05732490869805	1.11907467229683	0.453195778231687	0.907088370457733	1.55577918599538	0.492664699294822	0.947193887021885	0.816055213812116	-0.69585910110634	1.15599721135589	-0.151569947735695	1.4138183892683	1.09806702076322	0.622530181502555	0.483115766779547	-0.397932406629777	0.634625496021902	1.55832556799945	-2.89147698411845	0.835789674343683	1.4488311418243	-1.01861302012262	1.1044329757734	-0.798350976770284	-2.35355378575799	0.301686048989332	-2.91184804015103	0.859980303382378	-0.964502402536062	-0.961319425030968	-0.47496046225299	-3.54971673217137	-0.957499852024859	0.919820280478099	0.81860159581619	0.837699460846738	1.2330252669791	1.24512058149845	1.98484455368171	1.29986779458602	-0.774160347731591	1.46474602934976	0.779132674753055	0.935735168003555	-1.06890406470306	0.73966375368992	0.961835583545306	1.02676832464917	0.215109060850844	1.28331631155955	-3.33391085732616	0.984116426080947	-3.48032782256037	0.383170273119674	-3.64393286632207	1.20310527843124	-2.69222259229972	0.0476844440830311	1.00385088661252	-0.630289764501454	1.1980125144231	1.15918018886098	0.705287596634933	1.50803452341901	1.06623724571231
D_glucose	D_glucose	1.80697193693526	2.14934150865647	-1.54935939695209	0.340013424768675	-0.270228635938115	-0.789330648617265	0.93678260881051	-3.22078862556328	-0.660942059221811	-0.141047524385898	0.729934325895612	0.762427734322857	0.968483495080995	-1.06671340348399	-1.24503088875545	1.75070286380515	2.09465747983989	1.09132442937911	1.90999981731433	0.393904931428497	-0.309854743776218	1.12698792643341	0.910629377637364	1.98608194436349	1.42418373521918	-1.69439095163955	-0.00869632420663175	0.899534067442695	-0.521458159631689	-0.838467022336514	-1.50656320048693	0.838509861372015	1.38772771600813	-0.703738255686965	-0.536516080610167	1.17216168936884	0.381224576920302	1.57872555578778	0.26472381987628	1.81251959203259	0.981163849589186	-0.314609876716788	-0.0506999985150218	-1.10079185622476	-1.08573393524628	0.110181999307677	-2.47740284252047	-0.879678174488141	0.369336744568873	-0.0102813685201578	-0.683132679611151	-1.81009918652681	-1.96543352925217	0.140297841264636	0.0721409357830991	-1.17528893896039	1.62706940735027	0.0967091226427222	-0.0316794667527316	-2.00347459277675	1.05169832154101	1.12698792643341	-0.67124484725972	0.725179192955039	-0.677585024513816	0.905081722540028	1.86958118731946	-2.42588890233093	-0.645884138243334	-2.54635227015876	0.397867542212306	-0.309854743776218	-1.59849577067133	-0.664112147848861
D_glucose_6_phosphate	D_glucose_6_phosphate	1.20211165672662	-1.34499926315348	-1.75289958840119	0.102291520503184	1.27009504426791	-0.949940244441356	0.634828056243241	-3.44568593817916	1.56695583653151	-1.11158963259507	1.28746857663957	1.41210478713192	0.790434476615515	-0.874403147173262	1.26707356037718	1.77317211207341	-0.71879672680099	1.08502915596108	-1.47643381239997	2.29060122835985	2.15538982424996	1.23836946341531	0.493573684351908	0.550226507302978	1.9000744354838	0.0441279556067513	0.459581990581265	0.0622568589510943	0.541162055630806	-0.878180002036668	-1.05418143867132	0.25185497309401	-0.591894403390594	-0.659877790931877	1.24970002800552	-0.190792416897019	-2.94940720912778	1.88496701603019	-1.42884544112107	-1.65998895876143	-3.06195748405724	-0.761097501271123	0.668819750013884	-0.107701609902114	0.415770474165771	1.78374730569094	-1.2966555209019	0.0426172136613902	-1.19543581056266	-0.690092629839114	0.698279217948442	-0.996773244747575	-0.715019871937586	0.817627831632027	1.43401054533967	-0.39474257952087	1.07596470428891	-0.0578471257051732	-1.06022440645277	-0.989219535020764	1.2345926085519	1.13110678529461	1.46800223911031	-1.38352318276021	0.354585425378616	1.86003977393171	-0.871381663282539	0.204266601815112	-2.03087610634777	-2.55963578722442	-0.282947675564093	1.90385129034721	-0.908394840943905	-0.155289981181015
DL_2_Aminoadipic_acid_(spectral_match)	DL_2_Aminoadipic_acid_(spectral_match)	-0.101129250146833	-0.0382421534168683	1.82359704370959	1.36909484461577	0.0370317956992959	1.02988565619355	1.19758458080678	-1.36935236753441	0.219023242296614	-0.343149289077292	-0.0944594065542599	0.111352910016527	0.433411072057847	-3.09017201441792	-0.650914929134532	0.470571629216462	-0.560395623235345	-0.265969670363248	0.672572606591493	-1.30837094040232	-0.911038829244831	-1.8943643417497	-0.843387558520176	-0.462253638944645	-1.54562680533809	-0.465112143341462	0.695440641766025	-1.05301121428672	0.595392987877448	0.875526418765463	-0.450819621357379	-0.00203443105719281	0.606827005464715	0.477241472809035	1.84741791368306	1.23760364236221	0.225693085889183	-0.594697675997141	-2.68331155527104	0.705921824554352	0.76404474728962	-0.264064000765371	2.43531698462832	-1.69903320796724	0.34289176615866	1.38052886220304	1.89220114923319	-0.0115627790465825	0.151371971571956	0.0694281788632183	1.99034313352388	-0.845293228118053	0.0961075532335041	0.180909850339061	1.2690471907272	0.970809898659343	-0.473687656531911	1.41864225416059	-0.62995256355788	-0.691886825488901	0.405778862888621	-0.497508526505384	-0.329809601892149	-0.131619963712875	-0.555631449240652	0.290485852217025	-0.0706385365807907	-1.50370207418478	-1.77240148748553	-0.147818155294835	0.787865617263089	-0.130667128913935	0.21997607709555	-0.813849679753071
DL_3_aminoisobutyric_acid__(spectral_match)	DL_3_aminoisobutyric_acid__(spectral_match)	1.79319657426029	-1.28252555787867	0.546805274803025	-0.439469579550117	-1.34987713741455	2.43264950180793	-0.951960908892173	2.29097893795658	0.478679539180516	0.487969412219949	-0.259865367454412	-0.160773388367126	-1.15711227184632	-1.28329971396529	-1.03402145407383	-0.120517271862917	-0.982152996270332	0.891304733348668	-0.117420647516438	0.107084617603193	-0.10116336969743	-2.43834059520146	-0.816483593733774	-1.39787481478496	-0.231995748336112	0.35326625314817	-1.49774094995887	-1.25155931441389	1.01749217546763	1.12819649585421	1.29464005447739	-2.24789819789308	1.36508825835975	-0.897769982828813	0.933109162026115	2.16246902757776	0.415198740077723	2.4233596287685	-1.22059307094911	-2.06597151753752	-1.35839285436737	1.47734089091957	1.74442474080327	1.44560049136817	2.29097893795658	-0.485144788660664	1.07710219413733	-0.465016730408559	1.18393573409081	-1.7423742733306	2.17485552496367	-2.19448142791634	1.43398815006888	-1.21439982225616	1.48740492004562	0.108632929776434	0.364104438360842	1.42160165268297	-1.47683873562014	-0.105034150130529	0.384232496612946	-1.70908556160597	0.320751697510153	0.269657395793272	-1.56741499775461	-0.733648892465496	0.0288948528546325	-0.762292667670414	-1.14085499402731	-0.458823481715602	-1.17104708140547	1.0322011411134	1.87680543161519	-0.352764097848741
DL_isoleucine	DL_isoleucine	0.0216598747372585	-0.170414882230331	1.19232240211731	0.713791326568744	1.1418199875698	-1.0686955344279	-2.34698615838461	0.36441396691218	1.24613645040564	-0.254033634186051	0.549865456398129	0.501846767156231	0.294041749919746	-7.21674357426118	-0.233335923305921	0.0291110506541049	-0.365801272938741	-0.484192179173075	-0.629076155333973	0.952228955907822	0.447204810432694	0.0183482409964369	-0.403057152522974	-0.817839278560741	-0.392294342865306	0.579670160065514	0.231948617279359	0.288246390873309	0.055604120580669	-0.0288425398102543	0.618581856520156	1.01018254637218	0.488600232192951	-0.0155960048469737	0.679019172290131	0.576358526324693	0.369381417523411	0.592088786593592	-3.43816947598497	0.622721398696181	-3.15088524896879	0.626860940872206	0.337920896985616	0.559800357620591	-0.161307889443075	-0.93209064261905	0.721242502485591	-0.200219585897716	0.561456174491	0.978722025834386	0.0158645156908214	0.0133807903852059	0.361102333171361	0.615270222779334	0.465418796007205	0.797410078524462	-0.263968535408513	0.237743976325796	-0.754090329049948	0.539102646740464	0.436442000775026	-0.83356953882964	0.509297943073078	0.511781668378693	0.23691606789059	0.529167745518002	-0.592648184184947	0.671567996373284	-0.0528518844312029	1.16996887436677	-1.53066844127236	0.930703336592488	0.792442627913231	0.132599605054746
D_malic_acid	D_malic_acid	-0.413503454430676	-0.227269868043058	0.368369784287596	-0.139539996769547	0.557681611772534	0.0328415046801479	0.702358943346383	0.719289269381626	1.24105113537669	-0.145696478964182	-0.141079117318207	0.228309814359714	-0.559719906553191	0.808558261203791	0.616168192621539	0.000519973158328313	-1.40315796721778	1.31185068061496	-1.20153317534358	0.633098518656776	1.12561709422734	-0.239582832432321	-0.33346918590046	-0.607432643561588	-0.0502710049473827	-0.274982605051454	-0.365790717422279	-0.0179494734255686	0.292952877403354	-0.321156221511197	0.299109359597982	-0.431972901014573	-0.0672013309826252	1.85054287264527	-0.33346918590046	-0.722866684710938	-0.71517108196765	0.215996849970452	-1.37083643569596	0.112875773210364	0.13904082253755	0.414543400747338	0.237544537651663	0.562298973418508	-0.416581695527996	0.799323537911842	0.0590065540073334	-0.641293295632062	0.757767283098074	-0.0610448487879911	-0.672075706605222	-0.396573128395439	-1.14150747394592	-0.351938632484356	0.352978578801013	-0.527398375031372	-0.314999739316563	0.619246433718853	-1.32620193978488	0.280639913014091	0.48842118708292	-0.616667366853536	0.396073954163441	0.200605644483869	0.497655910374869	0.0497718307153849	-0.395034007846779	-0.261130520113532	-0.753649095684098	-1.15843779998116	0.760845524195389	0.560759852869848	0.562298973418508	0.262170466430194
D_mannitol	D_mannitol	1.08170454402157	1.01561128392104	1.12358542170904	-2.89108933786286	-3.05926723732658	-3.7378683336063	-2.31195532609087	-1.08563087630477	-2.42385579616207	0.845470218315712	0.471159873983989	0.108628526501864	1.1595768009717	1.36309169098423	0.40637539131119	0.625595610456518	0.817985892333311	0.613162224893051	1.04178683247571	-2.65943573315406	0.316069748797592	-2.46900861741887	0.833036832752244	-0.847433384457309	0.191081504449063	1.06010971646397	0.729643415961315	0.897821315425042	0.673365986568782	0.988126957938641	1.42787617365703	1.1340556411309	1.02280955977357	-2.4016065798906	-1.54239419858369	0.261101096832794	0.848087773171179	0.262409874260526	1.53977664372823	-3.11554466671912	0.842198274746379	0.75385579837438	0.992707678935709	0.73029780467518	0.800971785772779	1.64971394765782	0.905673979991443	0.0143965517050676	1.1733189639629	1.2341771143525	1.77470219200635	0.768906738793313	1.04309560990344	0.568009403636253	0.811442005194646	1.02608150334291	-2.61035657961406	-2.81845219062366	1.15303291383304	0.970458462664241	-0.669439654285582	0.943628525395708	-3.19538008981085	-0.789192788923178	-1.1693926316797	0.833036832752244	-1.71449843033062	0.588949842479985	-1.96774686259701	1.28849137760343	0.803589340628246	-3.38973353782924	1.57249607942156	0.766943572651713
D_mannose	D_mannose	0.813885554508507	1.13952538989783	-0.277071248099288	-0.240959437560004	0.672606015030263	0.342531395890506	0.768270635932572	-0.538089948839363	0.58137617787839	0.0206928037158493	-0.0692699523644701	0.110655559796167	-0.0806736820084522	0.844929040761574	-1.08927021496525	0.603550096630581	2.00430822123327	1.09327693078611	1.70844479102547	0.704283041819105	-0.299245166851479	0.222158694092897	0.360270530892258	1.53105344100794	1.48417144136045	-0.0667357902213617	0.473040746260544	0.720755095749306	-0.975232918525414	-0.774400568684142	0.786643311470102	0.41285439536174	-0.0876426279019997	-0.22385384309403	-0.704711109748683	0.816419716651616	0.601649475023251	1.2744695240183	0.159438181050985	0.459102854473453	0.206320180698476	-0.126922141120165	-0.11995319522662	0.643463150384524	-0.813680081902307	-0.0147854662876568	-0.462698625081914	-11.8201798099541	0.334928909461183	0.639661907169865	0.824655743616714	-0.455096138652591	-0.437990544186615	-0.255530869882872	-0.14022649237148	-0.871332270658004	0.832258230046037	-0.148462519336581	0.00738845246453427	-0.76426392011171	0.497115286620065	0.682742663602692	-0.323319707211	0.52245690805114	0.0650406412202314	0.208854342841582	0.248767396595527	-0.0375929255756254	-0.960661486202546	-0.237158194345342	0.511053178407156	0.272208396419271	-2.67185447333591	-1.11841307961099
docosahexaenoic_acid	docosahexaenoic_acid	-1.4991909960962	-1.4991909960962	-1.4991909960962	5.26385381513268	-1.4991909960962	-1.4991909960962	-1.4991909960962	5.34272820745435	-1.4991909960962	-1.4991909960962	5.04008681665183	-1.4991909960962	-1.4991909960962	-1.4991909960962	-1.4991909960962	-1.4991909960962	-1.4991909960962	-1.4991909960962	-1.4991909960962	-1.4991909960962	5.67594645519215	-1.4991909960962	-1.4991909960962	-1.4991909960962	4.91743192462738	-1.4991909960962	5.23640413674761	-1.4991909960962	5.25447227948209	5.16621635150983	-1.4991909960962	-1.4991909960962	-1.4991909960962	-1.4991909960962	-1.4991909960962	-1.4991909960962	-1.4991909960962	-1.4991909960962	5.81145752570074	-1.4991909960962	-1.4991909960962	-1.4991909960962	5.24231102956465	-1.4991909960962	-1.4991909960962	5.27497267220005	-1.4991909960962	6.14988773768887	-1.4991909960962	5.82952566843522	-1.4991909960962	-1.4991909960962	5.33960102890415	-1.4991909960962	-1.4991909960962	-1.4991909960962	-1.4991909960962	-1.4991909960962	-1.4991909960962	-1.4991909960962	-1.4991909960962	-1.4991909960962	-1.4991909960962	-1.4991909960962	-1.4991909960962	-1.4991909960962	-1.4991909960962	-1.4991909960962	5.55051184890086	-1.4991909960962	-1.4991909960962	-1.4991909960962	5.85767027538701	-1.4991909960962
D_ribose_5_phosphate	D_ribose_5_phosphate	1.12755916153123	-0.50129125947937	-0.450057759470598	0.611475368759936	-1.05923657055051	0.453401277269456	0.920750765154354	-1.25604818643787	1.0594560944464	0.0710244235454503	0.390296600429384	-0.211384625283392	-0.228878991140045	-1.39662791207169	-0.0520609362317212	0.0154173320725156	-0.213259021625177	-0.0501865398899368	0.578985832169007	1.06133049078818	-0.167648710641757	0.355307868716075	-0.661239747311635	1.15380071031621	0.707694380971532	0.720815155364023	0.370927838230946	0.853272496850117	0.548370691919863	0.0322868991485731	-0.398824259461825	0.276583222361134	0.94886671028112	0.935121137108033	0.477768429712653	0.54524669801689	0.207855356495708	0.0404092832963063	0.261588051626859	0.628344935835996	0.146625075997418	0.192860185761433	0.882013240757476	0.291578393095409	-0.853052972954232	0.87826444807391	-1.33539763157341	-12.0944326334156	0.118509130870654	-3.44721750998377	0.615224161443505	0.492138801666333	0.459649265075405	-0.856801765637801	0.574612240704845	0.164744240634667	-0.0133234118348462	0.0235397162202466	0.207855356495708	-0.784325107088806	0.212228947959871	-0.203887039916255	0.482766819957411	0.400293380918901	0.850773301727739	0.0635268381783127	0.398418984577117	0.622721746810642	0.538373911430348	1.1431791310461	0.12850591136017	0.893884417588779	0.156621856486936	-0.0576841252570745
D_ribulose_5_phosphate	D_ribulose_5_phosphate	1.91280113391597	0.871765987346894	-0.377688861701796	1.15408961494045	-1.7403921715366	0.581467116036007	1.54540824000421	-0.216588938611688	0.956835253665102	0.0582911281790229	1.41408256012547	-0.00391577281616572	-0.0554890155215804	-0.507951175751552	1.00787681345603	0.905793693874177	-0.515394736554397	-0.343661155174513	-0.154382037616498	1.44545185208031	0.828167988358811	1.38111821942717	0.18855344222878	1.30242914808282	0.821256110470458	-0.662670903867794	0.983419399389543	1.22374007673848	1.55338348372154	-0.0469820888897605	-0.295809692870521	0.670258162755636	1.49170826564084	0.869639255688938	1.33911526918255	0.459711728618071	0.881336279807692	-0.555802638055544	0.6957789426511	0.647927480347108	-0.0634642592389128	-0.51858483404133	0.760112575304244	-0.0304999185406063	-0.515394736554397	0.761175941133221	-0.737106511896227	-9.83154276422722	0.554882970311566	-9.83154276422722	0.324664268337914	1.04881639787166	0.470877069822335	0.0269218362241848	0.905793693874177	-0.536662053133949	-0.653100611406995	0.258203904026814	-0.298468107442964	-0.00604250447412164	-0.796123315404485	-0.0570840642650469	0.37942760853026	0.692057162249677	-1.01464499325938	-0.163420647162807	0.957898619494079	0.836674914990633	0.773936331080953	-1.78399017052468	-0.974237091758235	1.08709756771486	-0.232539426046353	-3.50876954512636
D_sorbitol	D_sorbitol	-1.06752505313104	1.53886622359277	1.18926799201027	-1.90188217088556	-2.91103840443132	-2.31971054060219	-1.42946969066162	-0.723775119102893	-1.8674421963988	1.6356880386593	-1.80441054497965	-1.0161899968206	1.69417101420284	1.91705613210767	1.27439321196809	-0.934313831059639	1.3764135137496	-0.697782685527987	-0.554824300865996	-2.33205694655027	-1.10066540593904	-2.08187977339179	1.36731616199838	1.4193010291482	-0.244864530485229	1.63503822781992	-2.12931596466599	1.25294945426879	-2.23588494232311	-0.871931990479862	2.0112787038167	1.73900796211955	0.638878211061611	-2.1481604790078	-0.631501979911973	-0.553524679187251	-0.535329975684817	0.675267618066479	2.21856836157659	-2.46591797946104	1.47063608545864	1.42709875922067	0.068994104931772	1.42190027250569	0.464728906109733	-0.489193406089356	1.75980190897948	0.0202582919788217	-1.67509818794449	2.00478059542298	0.0878386192735796	1.5499130078621	1.64218614705302	1.18991780284964	-0.756265661071527	1.71431515022339	-2.87854786246269	-2.3502516500527	1.9495466740763	1.58825184738509	1.80593847857494	1.23865361580259	1.33612524170849	1.91185764539268	-1.31640260461077	-0.157140067169919	-1.88953576493748	-0.764063391144	-1.7628226512598	2.14773898008497	-0.530781299809208	-0.795904122273261	-0.0408239269222084	-0.417714213758362
fructose	fructose	0.0558945977793767	0.649033914565561	-0.551757702289876	-0.152966161642144	1.35007410706498	0.0527396014134911	0.19282144005874	-0.387697891263911	0.484343104266419	0.291888325947497	-0.152966161642144	0.29315032449385	-0.352992931239185	0.218061410985811	-0.523993734270097	1.164560320751	0.387169216197193	0.797949743035285	-0.412937862190982	0.282423336849845	0.603601966896833	1.10398439052603	0.115208529457994	1.03709846756929	1.44914099295374	-0.431867840386285	0.392848209655784	-0.0980692248757608	0.51967906356432	-0.263391034448081	0.22437140371758	0.0388576174036027	0.449007144968518	0.690679866595231	-0.197767110037695	0.770816774288683	-0.419247854922749	1.1267003643604	-0.358671924697777	0.384645219104485	0.47803311153465	0.374549230733657	-0.237520064247832	-0.308822982116812	-0.532827724094572	0.62379394363849	-0.258343040262667	-12.6069988163325	0.325962286699043	0.403575197299789	-0.473513792415955	-0.852744355595207	-0.321442967580348	0.462258129705231	-0.315763974121756	-0.419247854922749	1.21377826405879	0.586564986521059	-0.327121961038939	0.330379281611281	0.73611181426396	0.934245586041473	-0.290524003194685	-0.441963828757114	0.042012613769486	0.939924579500065	-0.335324951590236	-0.385173894171203	-0.195874112218165	-0.887449315619931	-0.0879732365049332	0.902064623109456	-0.284214010462916	0.387169216197193
fumaric_acid	fumaric_acid	1.22975799397085	0.53002842787739	1.04972617912044	0.491893609953412	-0.628205809534599	-1.21353092185612	0.832446402576846	-0.87652555415585	-1.93631874995013	0.652414587726438	0.100790012174939	-2.85066752389482	0.747308204420987	-1.25787373339563	0.443116517259952	-0.898696959925607	-0.561691592225336	0.836880683730796	0.835993827500005	0.326938351026437	0.776574460037062	0.101676868405728	-0.0943183585989045	-0.719552001305987	-2.77528474427765	-1.4955512032474	-2.96241140897438	0.396999993258863	-2.36023602826784	1.04706561042807	0.47947762272235	0.0706369003280708	0.828898977653684	0.982325105580388	0.264858414871124	-0.290313585603537	-2.1828647821098	-2.37531258419127	0.842201821115537	0.794311584652865	0.797859009576027	0.637338031803002	0.48125133518393	0.130943124021805	0.420945111490196	0.687888836958045	0.0874871687130861	-0.243310205371656	1.3512572975891	0.401434274412813	0.847522958500278	-2.41256054588446	0.0333889386348846	0.117640280559952	0.0653157629433295	-2.37797315288364	0.536236421492923	0.452871935798644	0.539783846416081	0.6648305749575	1.17211233896949	0.43956909233679	0.0910345936362449	1.0444050417357	1.02223363596595	-1.24368403370299	0.614279769802457	-0.421568307760484	1.59691647351799	1.19517060097003	0.741987067036246	0.544218127570035	0.724249942420443	0.0759580377128122
galactitol	galactitol	1.88289924989723	0.495400171552868	1.97840919896974	-2.9383272096481	-1.98959504886112	-3.16349915018876	-2.78609013930827	-2.33053662464118	-1.40032760549251	-0.941301001768238	0.00974655172353388	-0.057399836715325	1.97435726173636	2.02876899029888	1.34804353509114	0.304380273407838	0.350109279327407	-1.29845032648183	1.71387558244768	-2.49724489938594	-1.36096592951111	-1.0478090661885	1.65251767577079	0.196135664458987	-0.980083829573442	1.76539307012922	0.0282696933618399	0.137671998663084	0.0438985941191611	-2.15225138637249	2.09070574515197	2.00445736689861	0.632008341135374	-1.7372172440392	-1.78931357989693	-2.07352803440969	0.525500276715115	-1.04549367348371	-0.00646119720998309	-1.94270834658915	-1.56529933570867	1.61605024067038	0.244180063083344	0.237812733145175	1.72024291238585	1.13329086172203	1.78507390811992	0.933588240934044	1.86090301920174	1.80475474611062	2.4391723472226	-2.82834605617066	1.7885469971771	1.50838447989773	1.63978301589446	1.77697003365316	-2.48161599862862	-2.91227904171923	1.96856877997439	0.311905299698399	1.91242050688327	1.69708898533797	-0.613094085864504	2.0455555874086	-2.64658772884478	-1.07154184141258	-1.98727965615633	1.27337212036172	-2.47814290957144	2.14048668830492	0.385419018075427	-1.88945431437902	2.33440082733093	-1.70827483522934
glyceric_acid	glyceric_acid	-0.757506470098103	0.466461067254642	0.413083172623641	0.673765913844815	2.22669024369094	0.833899597737818	-0.563856433762372	-0.0275947946788185	0.318740847229311	-0.252278490683735	-1.41666140147164	0.255432181504171	0.163572548883375	0.177227359137816	-1.72079126622967	-0.836952638851223	0.0195763680183464	0.0530927204610699	0.270328338145377	0.94810346532043	0.657628410816835	2.08393540921268	-0.078489996536286	-1.12866903974158	-0.0313188338391211	0.481357223895852	-1.08273922343119	-0.265933300938177	-0.99087959081039	0.261638913438007	0.159848509723072	0.391980284048594	-1.01570651854574	1.31305930303007	-1.49983160938506	-0.372689090200179	0.187158130231955	0.177227359137816	0.130056196440651	0.144952353081862	1.07099675761041	0.24922544957033	-0.151729433355569	-0.851848795492433	-0.547718930734397	-0.640819909741958	0.148676392242164	-1.49114218467769	0.507425498017971	1.60229301114689	-0.0437322977067979	-0.689232418825892	-1.00329305467807	0.508666844404735	-1.07156710595028	0.647697639722696	-0.0673178790553782	0.785487088653888	-0.079731342923055	0.21074371158054	0.678731299391882	-0.0375255657729573	-1.74065280841795	-0.164142897223242	0.0828850337434864	0.378325473794148	-0.16662558999678	-0.177797707477683	-0.666888183864076	0.567010124582808	0.718454383768441	-0.694197804372959	0.00964559692420761	1.35278238740663
glycerol_3_phosphate	glycerol_3_phosphate	-0.719095984666837	-0.381763026439645	-0.367707486513511	-0.404017631322687	-1.57765521515479	-1.07634095778938	-0.175615107523025	-0.806943109205168	0.916031826739971	0.157032670728789	0.506078578894427	0.0129633864859238	0.239023320297898	0.265963105156319	-0.176786402516871	0.00242173154132785	0.0539587112704786	0.773133837490952	2.13886380031354	1.9795676811507	0.351467639706962	2.20562761496267	-0.798744044248255	-0.0655133781016523	-0.529346195664039	-0.579711880399352	-0.200212302393759	-1.35393787133051	-0.240036332184467	-1.21572506205687	0.958198446518371	0.794217147380152	-1.06579930284478	-0.535202670633264	-0.0432587732186062	0.186315045574901	-0.864336563903544	-0.204897482369138	-0.432128711174954	-0.507091590780997	-0.221295612282959	-1.34691010136744	0.125407705894988	0.162889145698009	-0.688642314826883	0.285875120051674	0.237852025304052	0.256592745205565	-0.825683829106676	-2.05671486763716	0.670059878032642	0.185143750581056	-0.469610150977975	0.640777503186533	-0.0280319382986309	-0.730808934605279	1.15731859547192	1.2147120501703	-0.714410804691458	-0.175615107523025	-0.558628570510151	0.157032670728789	0.181629865599522	-0.0139763983724974	2.18454430507348	1.20299910023185	-0.274003887005956	0.243708500273277	1.01324931122906	0.351467639706962	-0.084254098003161	-0.101823522910828	-0.811628289180543	1.61178105308356
glycine	glycine	0.172901699025622	-0.239364015698639	-0.749098301955145	0.686587413857765	0.303298842021474	0.890744556932075	-0.289415444323309	0.437647413592957	0.494284556510347	-0.865006873507014	-0.616066873242207	-1.2180011595968	0.383644556392655	0.87230455691246	-1.74617544587292	0.747175985350786	-1.40503544551004	0.460038842188204	-0.839981159194681	0.24666169910408	0.288810270577487	-2.05702116048929	-1.08760401660094	-0.859738302072841	-1.23380687389932	-0.327612587221084	-0.359224015826135	0.824887414004876	0.790641699682733	-0.56338115890045	0.427110270724602	-1.10209258804493	1.25954455732438	0.932893128405481	1.05802169996716	0.162364556157267	0.586484556608424	0.126801698976583	-1.03491830225919	0.637853128091635	0.535115985125208	0.876255985488092	0.928941699829849	-0.180092587064159	-0.26043830143534	1.63229598629232	0.361253127797408	-0.407958301592265	-0.770172587691851	-0.135309729873666	0.732687413906803	0.0807016989275448	0.57858169945716	-0.336832587230889	1.00270169990831	0.591753128042597	0.354667413504685	0.474527413632186	-0.742512587662427	-0.293366872898941	-0.222241158537565	-1.22590401674806	0.0372359845955927	0.618095985213475	-0.239364015698639	0.524578842256857	0.636535985233094	-0.855786873497209	0.300664556304383	-0.367126872977399	-0.357906872967595	-0.197215444225232	0.44291598502713	-0.314441158635642
glycolic_acid	glycolic_acid	-0.543297066482835	0.0193835809653441	0.647731763928068	-0.553597856367469	-0.222684981323577	0.065737135446198	-0.388785218213311	-0.61540259567528	2.14778429087801	0.56661304358657	-0.964341853017281	0.503520705543178	-1.42658979909027	0.278190926816795	-0.239423764886107	-0.00250559753950426	0.231837372335936	-0.193070210405248	0.374760831985245	1.10354171632316	-0.870347145319988	1.25161557091479	0.378623628191984	-0.576774633607898	-1.5553496726482	-0.105513496385855	-0.970779846695181	-1.0068326112914	-2.06781396940879	-0.072035929260792	0.166169836821391	0.445578762442109	-0.504669104415453	2.16967346938286	-1.11370330634449	-0.562611047516526	-0.335993670054557	-0.294790510516018	0.394074813018936	0.44042836749979	-0.186632216727353	0.746876866567676	-0.299940905458337	-0.943740273248014	-0.0900623115589021	0.534423075197084	0.546011463817298	1.92245451215163	0.871773943918875	0.387636819341036	1.34303508114092	-0.912837903594108	-0.485355123381762	0.453304354855586	-0.62699098429549	0.356734449687135	0.0773255240664126	0.387636819341036	-0.180194223049457	0.30780569773512	0.00521999487397216	-0.287064918102541	-0.251012153506321	-0.240711363621688	-0.0128063874241425	0.526697482783607	-0.562611047516526	0.721124891856089	0.142993059580962	0.565325444850989	-0.173756229371562	0.758465255187891	-0.826568788310291	-0.57291183740116
heptadecanoic_acid	heptadecanoic_acid	-0.133843895948004	0.873992252978577	0.207837139907593	0.749241802837055	1.85847610089344	1.37299405354467	0.658905269975952	0.759688884868611	0.484992080862403	0.354710822586528	-2.22326030225921	0.0449855670627489	-0.236471113552115	0.214597016516247	0.0628070599401091	-0.0133951854665341	0.400800890372804	0.0326948823197421	0.20230633177324	-4.70536408610949	0.0966064429833784	0.481304875439501	0.335660261234866	-0.210046141354648	-0.197755456611641	0.247781865322365	-0.396864549448357	-0.140603772556658	0.18571390737018	-0.012166116992234	-0.206358935931745	0.0585053202800557	-0.275186770492586	0.332587590049115	-0.0269149386838431	-0.0908264993474795	0.28957019344859	-0.0717759379958192	1.21628782307132	0.0173315263909819	0.276664974468432	-0.026300404446692	0.178339496524375	-0.0877538281617283	-0.0932846362960817	0.834047527563803	0.0210187318138842	-0.115407868833493	0.176495893812924	1.20153900137972	0.663821543873157	0.455494437479185	0.41001890393006	0.824829514006547	-0.26473968846103	0.53292575136013	0.0111861840194796	0.316609699883206	-0.0779212803673215	0.349180014452175	0.0363820877426443	-0.14183284103096	-0.197755456611641	0.261916152776823	0.0240914029996375	0.3958846164756	0.304319015140199	0.549518175763188	1.30293715050952	-12.1547481088461	0.539685627968784	-0.0318312125810454	0.638625640149992	0.286497522262839
homocysteine	homocysteine	0.558472400218826	-0.117153834174645	1.15339242913867	1.28944003265135	-1.06410664506515	-0.433829611842572	-4.19397015638507	-0.71284249362281	0.839791173584024	1.1126550111377	-1.38385694484636	-0.0379848897576612	1.13110214381739	-1.06333801453683	1.88128553945792	-1.05488307872531	0.378612856591894	2.24100462671178	-3.05947149658443	1.6791357105097	0.413969860894626	1.29097729370799	0.89743846320804	-0.740513192642339	-0.645203007130631	-0.388480410671679	-2.14249527629841	-0.761266216906983	-0.669030553508559	1.32249114536912	0.845940217810585	-0.177875645911939	-1.45149643133854	1.30173812110447	-0.774332935888429	0.648402172032292	-0.536826102637482	1.92740337115713	-1.90114529040586	0.354785310213968	-0.441515917125773	1.65991994730169	-1.9595612105582	0.518503612746175	0.996591801361349	-0.948812065817115	-1.07486747246163	1.79673618134269	0.221812228814572	-0.718991537849371	0.703743570071346	0.300981173231553	0.260243755230581	1.52464097431734	0.322502828024521	1.65069638096185	1.13110214381739	1.79212439817277	-0.725140582075935	-0.487633748824988	-1.01030250808273	-0.907306017287825	-1.5375830505104	-0.691320838829845	-2.37231580426615	1.86130114572159	-0.384637258030079	1.34478143069041	-0.259350481913883	-1.99645547591757	-0.958035632156958	1.36245993284177	0.420118905121187	0.64763354150397
hypotaurine	hypotaurine	1.55555939690382	0.0265315648531536	-1.62967972827381	1.77035813116602	-2.30045472298735	-0.39458700626616	-0.0629679077560955	0.822605821219644	-2.97217181741257	0.262056492772233	-0.179788272003958	-0.474665481758647	0.118857336597435	0.261114393060559	0.121683635732464	1.22770869724046	-0.274940342883268	-0.776137389495069	-1.56090644932144	0.709553855818485	0.653969972829582	-1.92267273860515	0.168788621316277	1.22111399925873	-1.34893401419427	1.27481368282428	0.804705926697793	0.512655016078135	0.190456914684832	-0.106304494493206	0.626649081190969	-0.74504809900975	-0.176961972868929	0.614401784939178	0.091536444958822	0.196109512954891	-0.298492835675175	1.63940627124301	0.243214498538707	0.261114393060559	0.770790337077447	0.0321841631232118	1.04399925346358	0.471202628764377	-1.21609795484791	0.226256703728533	-0.379513410879337	-1.41676519343497	-0.655548626400501	-0.948541636731835	-3.59772602596564	1.03552035605849	0.149946627082751	-0.0262260190007177	1.36996575370358	-1.07760929723149	-1.3357446182308	-0.157177878923729	0.497581420691313	0.182920116991423	0.0755207498603218	0.604980787822413	0.640780576866114	1.07791484308392	-0.881652557202815	0.367571660479982	-1.14920887531889	1.29836617561618	1.14103552376624	0.0896522455354671	0.351555965381486	2.02660925274198	-1.21609795484791	0.453302734242525
L_2_aminoadipic_acid	L_2_aminoadipic_acid	-0.284097098996799	-1.56424453604724	0.849336811560218	1.67927509378281	-0.0539582339090796	-0.530777195012698	-1.10828190959219	-1.63616293138715	0.210701460941799	0.101385500025132	1.66057631099443	-0.721360942663466	-0.879581412411272	1.85259842655199	-1.63328619557355	-1.11043946145239	-0.909787138454034	1.22403165128116	-0.419303682235833	0.820569453424254	-2.88970056216182	-0.786087498469387	-1.21615950260206	-1.27225585096719	-1.20824847911467	0.196317781873814	0.612725290891907	-0.0338210832139026	1.62965140099827	-1.05362392913386	2.0935250509407	-1.73037602928243	1.1089622187373	-0.320056296666756	3.2370275368453	2.69044773226197	-0.74221727731204	1.1118389545509	-1.68506744021829	-1.31181096840414	-1.16941254563112	1.23769614639574	1.74184409772853	1.46783501148346	-0.0359786350741	-2.46394366174954	0.598341611823924	1.95040744421427	-1.5973269979036	-1.30821504863715	0.583238748802542	-1.6728413130105	0.680328582511425	0.0553577270075877	2.40277415090232	1.67927509378281	0.430052566728531	2.07698382001252	-2.16188640132191	-1.03420596239208	0.366764378829408	-1.98856306855272	0.574608541361752	0.224365956056381	-0.837868743114123	-1.0234182030911	-1.23485828539044	-0.0144031164721281	-0.763073611960615	-1.13417253191456	1.40670437544454	1.94033886886669	0.903275608065152	2.14171037581844
lactic_acid	lactic_acid	-0.285162374526762	0.143297371507864	0.246306857488314	0.076117271955394	0.824055713639538	0.577728681947157	0.203013015554501	-0.367271385090895	0.71656755435559	-0.276205027919772	-0.907697963712967	-1.07490176704355	-0.100043877982186	0.688202623433435	-1.21224774835082	-0.571797465950626	-0.665849605324084	-0.137366155511333	-0.288148156729098	-0.185138670748643	1.63170979937032	-0.318005978752416	-0.373242949495555	-1.77506769349038	-0.2836694834256	-0.253811661402282	-0.706157665055561	-0.125423026702007	-0.631513109997268	0.486662324776034	-0.129901700005505	0.719553336557921	-0.465802197767846	-0.0761576203635336	-0.318005978752416	-0.779309329012697	0.135832916002036	-0.577769030355291	0.461283176056214	0.250785530791812	0.267207332904636	-0.441915940149188	0.0791030541577295	-0.510588930802821	-0.600162396872782	1.48242068925372	0.0104300635040913	1.91834489079418	0.644908781499622	1.02559601229694	1.27192304398932	-0.368764276192057	0.0746243808542315	-0.271726354616274	-0.220968057176628	-0.340399345269907	0.317965630344282	0.223913490970824	0.220927708768493	0.035809212223917	-0.756915962495207	-1.24658424367764	-0.470280871071344	0.0477523410332433	0.540406404418005	0.422468007425899	-0.249332988098784	0.035809212223917	0.779268980604558	0.385145729896747	0.235856619780155	-0.462816415565516	1.46450599603973	0.180619649037011
L_alanine	L_alanine	-0.141850721249458	-0.189547885272904	0.487751843860039	0.271922176653941	0.0179347782290895	-0.159737157758251	0.258805456547494	1.16982128939533	0.804937984615962	-0.419686701686036	0.0298590692349488	0.0799410914595699	0.417398526925454	0.220647725328736	-0.733295555140201	0.139562546488879	-0.827497454086505	-0.0476488223031496	-0.258708773106901	-0.780992719163647	-0.238437478396937	-5.80231166173201	-0.814380733980058	-0.83584445779061	0.180105135908808	0.587915888309277	-0.455459574703623	0.366124075600249	-0.26228606040866	0.645152485137415	0.734584667681377	0.324389057079733	-0.015453236587326	0.550950586191107	0.683310216356173	-0.420879130786624	0.355392213694973	-0.0369169603978737	-0.749989562548407	0.59984017931514	0.0310514983355364	0.0143574909273308	0.0942502406666045	-0.205049463580526	-0.780992719163647	1.03746165923027	0.0787486623589822	0.606994753918658	0.412628810523111	0.144332262891221	0.734584667681377	-0.159737157758251	0.305310191470356	-0.355295530254385	0.853827577739996	-0.00233651648087481	-0.181200881568803	0.0966350988677755	-1.32951010543329	-0.178816023367632	0.258805456547494	0.271922176653941	-0.166891732361768	0.535449007883485	0.0644395131519477	-0.030954814894944	-0.0953459863265997	-0.207434321781697	-0.160929586858839	0.556912731694037	0.332736060783838	0.435284963434247	0.694042078261449	0.559297589895212
L_aspartic_acid	L_aspartic_acid	-0.692810407518068	0.620970794688641	0.571202301081626	0.223893136017613	-3.53924715478385	0.0446195300138454	1.29364817602218	1.10634739363018	-1.39706134931197	0.970955685215398	0.175194932595693	-0.000332657760233294	0.237271763331326	0.305770335177541	0.443302623962522	0.13184818009926	0.634349422002356	1.39050943777347	0.375339197208853	0.258677567033268	-2.4807301617228	0.16930833657766	0.0868959923251818	0.0499709809393299	-1.39170989838648	0.216401104721931	0.455075815998589	0.20569820287096	0.22870944185055	0.419221094797836	1.04855172363494	0.16181630528198	0.267775033606593	1.12775319733213	-0.0816747118276147	0.62204108487374	0.0970637490836035	0.172519207132951	-12.2048516384226	0.604381296819637	0.39888558128099	0.794892949766924	0.748335326715198	1.01055642206399	0.245298939719555	-3.47449459858547	0.564780559971042	0.220682265462321	0.40637761257667	-5.57065792609817	-3.64948704384885	0.36891745609827	0.236736618238777	0.584580928395341	0.710875170236801	0.558358818860461	0.867672682353528	1.13524522862781	0.279548225642662	0.741913585604617	0.757967938381072	0.489325101921697	0.487719666644051	0.734956699401485	0.753686777640684	0.704453429126218	0.434205157389195	0.504844309605605	0.524109532937354	0.962928508827171	1.25832859991398	0.389252969615116	0.562639979600849	1.32789746194529
L_cysteine	L_cysteine	0.715398383974459	-0.161233872345211	-0.135934240128194	1.60974038284605	2.12332291685151	2.07398863402833	-0.65331171896621	0.439632392808963	-1.62987752254311	-0.954377342348728	0.00574370028710481	-0.587532675201964	-0.034735711260124	-0.705175965011097	-0.509103815329211	-0.270022290878391	-0.424350047402201	0.117062082041985	-1.08467044826637	-0.601447472921327	-0.927812728520858	-0.436999863510707	-0.101779736635218	-1.6943915846965	-0.232072842552863	-0.0309407664275711	-0.63433699480345	-0.836734052539594	0.0854375417707145	0.545890848120438	0.57372044355916	1.04176363957399	0.67238900920553	-0.0258808399841659	0.22332053735346	-1.03154122061063	1.23151088120163	0.458607116971727	1.38204369289288	0.46240206180428	0.463667043415133	0.671124027594677	0.671124027594677	-0.410435249682837	-0.812699401933425	0.908940570434649	-0.831674126096189	-0.78866475132726	0.673653990816382	1.17458670871333	0.0183935163956158	-0.0752151228073528	-0.0929248653592645	-0.609037362586428	0.232175408629418	0.109472192376879	-0.932872654964259	0.790032299014663	0.624319707993195	-0.736800505282372	-0.0828050124724585	-1.16815923458253	-0.76463010072109	-0.412965212904542	0.844426508281251	-0.0461205457577825	-0.677346369572379	-0.209303173557546	1.15814194777228	0.6293796344366	0.37764829387727	0.0196584980064682	-0.287732033430303	-0.485069164723042
L_glutamic_acid	L_glutamic_acid	-0.685914805094307	-0.180929925964733	-0.624134740094413	-0.0976611427040034	0.510738193055832	0.156174341752087	0.369718479469115	0.213925272078075	1.82289305185795	1.03318265577234	-0.292402651942803	-0.730235286507277	-0.419991916616497	1.93839491250993	-0.559668585311916	-0.875284134767901	-0.422678006399105	0.697421432946819	-1.14657920281092	-1.14389311302831	-0.939750289550398	-0.554296405746706	-1.62067404944055	-1.02973429726764	-1.22313276161514	-0.0237936736823901	-0.0143923594432737	-0.268227843899364	0.718910151207654	-0.683228715311705	1.04258397001145	-1.20433013313691	0.620867874142603	1.10839316968525	0.61818178436	-0.0788585142257753	-0.162127297486505	-0.13526639966046	-1.02033298302853	0.46910380142547	0.603408290555674	0.19780873338245	-0.288373517268896	0.741741914359789	-0.386415794333948	0.64638572707734	-0.66039695215957	1.01975220685932	-0.210476913573377	-0.77186967813764	0.101109501208702	0.00709635881755703	-0.108405501834419	-0.105719412051816	0.580576527403539	-0.25076826031244	0.650414861751246	1.03183961088104	-1.35743725074534	0.28107751664318	0.771288901968432	-0.632193009442226	-0.06811415509536	0.506709058381926	-0.113777681399629	0.168261745773806	-0.43879454509473	0.831725922077027	-0.086916783573588	-0.281658292812387	-0.168842521943014	0.816952428272706	0.457016397403751	1.334024711424
L_glutamine	L_glutamine	-1.0721712913536	-1.0721712913536	-1.0721712913536	-1.0721712913536	-1.0721712913536	-1.0721712913536	-1.0721712913536	-1.0721712913536	-1.0721712913536	-1.0721712913536	-1.0721712913536	-1.0721712913536	-1.0721712913536	-1.0721712913536	-1.0721712913536	-1.0721712913536	-1.0721712913536	-1.0721712913536	-1.0721712913536	6.96801278474779	-1.0721712913536	-1.0721712913536	-1.0721712913536	-1.0721712913536	-1.0721712913536	-1.0721712913536	-1.0721712913536	-1.0721712913536	-1.0721712913536	-1.0721712913536	6.90724927203972	-1.0721712913536	-1.0721712913536	-1.0721712913536	-1.0721712913536	6.67810494098397	-1.0721712913536	6.77364275313341	-1.0721712913536	-1.0721712913536	-1.0721712913536	6.6579724518337	-1.0721712913536	6.88126005877301	-1.0721712913536	-1.0721712913536	-1.0721712913536	-1.0721712913536	-1.0721712913536	-1.0721712913536	-1.0721712913536	-1.0721712913536	-1.0721712913536	-1.0721712913536	-1.0721712913536	-1.0721712913536	-1.0721712913536	7.05439946546529	-1.0721712913536	-1.0721712913536	-1.0721712913536	-1.0721712913536	-1.0721712913536	-1.0721712913536	-1.0721712913536	-1.0721712913536	-1.0721712913536	6.72569082443005	-1.0721712913536	-1.0721712913536	-1.0721712913536	6.66273104017831	-1.0721712913536	7.30989905504502
linoleic_acid	linoleic_acid	0.0444472067269613	0.0290827402040585	0.246380195313639	0.874128398963537	1.44919843167778	0.640369015436567	-0.142121315336822	-0.215651262267841	0.519648207042356	-0.559156835244096	-1.4623679744117	-0.777551752248171	0.567936530400037	-0.623907087019174	-0.519648207042356	-0.642563939225551	0.111392382291024	-0.766577133303241	0.470262421790177	-2.85943696610107	0.0499345161994243	0.52623297840931	-0.886200479802961	-1.15068879637573	-1.30323599971024	-0.479042116946119	-0.837912156445276	-0.581106073133952	-0.294668518671324	0.886200479802961	0.359418770446402	-0.567936530400041	0.0279852783095682	0.312227908983211	-0.026887816415074	-0.930098955582673	-0.398927398648146	-0.368198465602344	2.16803597257059	-0.0993203014515996	-0.466970036106699	0.824742613711361	-0.213456338478857	-0.419779174643508	-0.614029929968738	0.0740786778782649	0.312227908983211	2.01768369302507	0.155290858070736	3.31598111421008	0.621712163230189	0.178337557855086	-0.425266484115971	-1.06947661618326	-0.662318253326423	0.330884761189589	0.801695913927011	-0.697437033950194	-0.679877643638306	-0.0663964446168174	0.359418770446402	-0.871933475174552	-0.708411652895124	-0.0795659873507319	0.649148710592509	0.135536543969864	1.22421874330675	0.938878650738615	1.13422686795834	1.08264615891718	-1.31640554244415	-0.0477395924104399	1.35920655632937	0.0334725877820313
L_leucine	L_leucine	-0.54378240788827	-0.0301111183253637	0.948640933409359	0.793151245757887	1.74413728184056	0.271150151499365	-0.231414731802718	0.0642933348915997	0.54603370645465	-1.04357068962515	0.008761303587503	0.11427216306529	-0.128680473890139	-0.584043130583741	-1.26847541640675	-0.622915552496608	-0.499356782844992	-1.23099129527648	-0.500745083627596	0.733454312105983	0.476618667324527	-1.85850324901279	-1.06439520136419	-0.767298833887266	-2.16254112040272	-0.00373340345591949	-0.235579634150525	-0.353585200671734	-1.10465592405966	0.419698335237826	0.41414513210742	1.02222087488729	-0.016228110499342	0.304469370281825	0.378049311759756	-0.325819185019686	0.614060444802169	-0.41883533745405	-0.181435903629033	0.827858765322946	-0.907517212930112	0.0559635301959847	0.539092202541639	-0.371633110845569	-0.298053169367638	1.21797128523423	0.490501675150554	-0.264733950585178	0.518267690802602	0.958359038887578	0.998619761583049	0.050410327065578	0.323905581238259	-0.625692154061816	0.772326734018849	0.47939526888973	-0.488250376584174	-0.0356643214557753	-0.924176822321342	0.193405307673627	0.129543471673915	-0.459096060149521	0.125378569326108	0.261432046021146	0.429416440716045	0.41414513210742	0.27947995619498	-0.00373340345591949	0.155921186543365	1.35541306271187	-0.906128912147508	0.0767880419350222	0.931981324018129	0.0226443114135296
L_lysine	L_lysine	0.515583898988545	0.454874999254521	-0.614535619137143	1.31880934162333	0.816793439976589	0.63933665613867	0.313610059488807	1.23825330159165	0.852985284048795	-0.704431489897143	0.24589628670855	-0.989296327110643	-0.329670781923643	-0.51880235417195	-0.754633080061817	0.0217403492290739	-0.342513049175071	-1.40958870988466	-0.873715921847788	-0.621540492183377	-0.259622051461309	-2.78020886926437	-1.15858075906129	-0.212922897819752	0.597307417861271	-0.8141745009548	0.34513198819686	0.20153209074907	0.528426166239973	-0.313326078149099	0.0275777434342716	0.537765996968283	0.674361021369839	-0.105514844444168	1.17520944417554	-0.32266590887741	0.506244068260235	0.30193527107842	0.994250223814509	0.64050413497971	-0.0763278734181961	-0.015618973684172	1.20439641520152	-0.870213485324671	-0.336675654969877	1.19388910563217	0.180517471610372	-3.12578260621189	-0.418399173842603	0.857655199412952	0.258738553959977	0.517918856670622	0.743242272991138	-0.438246314140264	0.798113778519968	0.242393850185433	-1.35004728899167	-0.314493556990139	-0.522304790695067	0.537765996968283	-0.76047047426701	0.177015035087255	0.733902442262823	0.648676486866985	0.478224576075299	-0.221095249707023	0.20386704843115	0.820295876499706	1.19855902099632	0.551775743060751	-1.26598881243687	0.590302544815037	-1.0208182558187	-1.02315321350077
L_methionine	L_methionine	0.472629872844731	-0.440567832058109	-1.21937040303185	1.10669922266406	1.43321047753027	0.727636024402505	0.390786682310987	0.0703059783262162	0.74486616977803	-1.83965563655077	0.882707332782233	0.664745993781837	-1.18318709774325	0.702652313607993	-4.3466417886897	-3.14483914874681	-3.33867828422147	-0.190730724112993	-0.676620823702807	1.17820432597249	0.0143080058557578	-0.548256240655142	-0.253620754733661	0.211593170405522	-0.794647319525155	0.805171678592369	0.864615680137933	0.840493476612196	0.208147141330419	0.773295909647648	1.36601291056572	1.35136728699652	0.497613583639243	-0.0546125756463419	1.23334079117417	0.999872321335807	1.16528171694085	0.111658327227475	-0.568070907836996	1.29881534360117	1.02313301759276	-1.83534810020688	-0.721419201679172	0.380448595085671	-1.78968821496174	0.215039199480628	-0.693850969078332	0.754342749734571	1.09291510636364	1.69424717996947	-0.562901864224338	-0.275158436453066	0.942151334327797	0.42180094398693	-1.04448442747027	-1.3158592171348	-0.817908015782115	1.55123697335261	-0.990209469537368	1.06793139556913	-0.541364182504933	-1.36668814599259	0.838770462074644	1.19198844227291	-0.1795311296189	-0.797231841331484	0.0444607602629272	0.67163805193205	-0.510349920828986	-0.387154381393983	-0.313926263547999	-0.488812239109581	0.89993747815776	0.32531212988399
L_mimosine	L_mimosine	-0.831471245028833	0.647012430942943	-0.0267553002720539	0.651489292944373	0.746622610474731	1.15625548360544	0.317963073837944	0.339228168344732	1.7841353793058	1.10477157058901	-0.280817218853124	-1.16835511063633	-1.00271121658348	0.789152799488298	0.387354434860088	0.298936410331874	-0.337897209371337	0.33139365984223	-1.72124756781276	-0.65799284247348	0.739907317472588	1.84681144732579	0.0258478282447322	-0.359162303878124	0.519421863902229	0.422050115371158	0.540686958409016	-0.704999893488477	0.286625039827946	-0.42743444939991	-0.247240753842409	-1.90367969437097	-1.00047278558276	0.622389689935088	-0.993757492580622	-0.702761462487764	-0.974730829074547	-0.154345867312768	-0.222618012834554	0.502633631396875	-0.30543995986098	-0.00772863676598317	-0.393857984389194	0.185895644795804	-0.316632114864553	0.623508905435442	-0.65799284247348	-1.26348842816669	0.805941031993656	-1.6417832672874	0.128815654277587	0.756695549977942	-0.22709487483598	1.63751814875901	-0.593078343452766	0.597766948927229	0.248571712815804	0.586574793923659	-2.05141614041811	0.324678366840087	-0.221498797334195	-1.11799041312026	0.0112980267400915	-0.47667993141562	-0.793417918016692	0.71416536096437	-1.12806335262348	2.03148200488472	2.27211333746151	-0.321108976865979	-0.943392795064548	0.317963073837944	0.0683780172583037	0.807060247494015
L_proline	L_proline	2.26967381082322	-0.584049259786231	0.192290164713335	0.639640613404563	0.127983537713972	-0.119923169269085	-0.455436005787505	0.75147822557737	0.362842523276865	0.168058682075894	0.30226381668326	1.10749462432747	0.600497449144079	-2.35947135302954	-0.467551747106224	-0.24294454265917	-0.53651827461279	-0.813316364740487	-0.293271468136935	0.5753339864052	1.347945490499	-2.62228974163564	-0.295135428339815	-2.3212601688705	-0.477803528222067	0.882887419880417	-0.311911070165736	0.343270941146623	-0.248536423267811	0.983541270835943	0.742158424562968	0.422489249769029	-0.537450254714231	-2.47969678611531	1.5501851725115	0.0496972091930074	0.45697251352231	-0.125515049877725	-4.65307438267352	0.223045508060858	-3.33245857893296	0.922030584140901	0.784097529127772	0.826968613794014	-0.0919637662258822	0.13171145811973	0.536190822144716	0.347930841653826	0.618205071071442	-0.170250094746847	-0.35851007523774	0.103752055076531	0.359114602871104	-0.335210572701736	0.799941190852253	0.235161249379577	-0.163726234036768	0.60142942924552	-0.287679587528295	-0.100351587138843	0.767321887301851	-0.395789279295341	0.00123424391812152	0.583721807318157	0.184834323901815	0.00309820412100391	-0.795608742813124	0.212793726945015	0.924826524445221	0.503571518594313	0.366570443682627	1.06555551976267	0.455108553319431	0.541782702753356
L_pyroglutamic_acid	L_pyroglutamic_acid	0.603443953481125	-0.0596765180526726	0.365218368533326	0.215882927222767	-0.0703433352891415	0.73677916893698	-0.310346723109687	-0.333458160455365	-0.941466742934071	0.315439888096469	-0.651684874676675	-0.38679224663771	-0.532572082202782	1.49590099559899	-1.26147126002813	-0.322791343218896	-0.80102031598724	-0.130788632962461	-0.066787729543654	0.102103543367102	0.41144124322469	-0.315680131727915	-1.01080105497112	-0.516571856348078	-0.9823562090072	-0.00100902325209329	-0.457904361547499	-0.484571404638671	-0.47746019314769	0.0825477117669051	0.468330935152522	-0.38679224663771	0.173215658276891	0.889670215993027	-0.0881213640165919	-0.498793827620628	-0.0632321237981601	-0.118344012853252	0.445219497806837	0.395441017369986	0.985671571121248	-0.349458386310069	-0.0845657582710981	-0.349458386310069	-0.0916769697620795	1.43367789505293	0.231883153077471	2.01146382869497	0.726112351700511	-0.0845657582710981	0.18388247551336	0.192771489877082	-0.118344012853252	-0.0721211381618885	0.0932145290033741	0.121659374967293	0.253216787550402	0.0825477117669051	-0.328124751837131	-0.193011733508528	0.35277374842411	0.270994816277853	-0.603684197112571	-0.0685655324163946	-0.109454998489524	-0.287235285764002	-0.0881213640165919	0.297661859369025	0.687000688500123	-0.543238899439244	-0.582350562639633	0.103881346239843	0.0558806686757391	0.439886089188603
L_serine	L_serine	1.02218152357872	-0.812300478713575	-0.220814461614561	0.973412063395081	1.09220946640651	0.758326238995438	-0.68600008182774	-0.588461161460462	1.45735516829428	0.175593714749895	-1.16494119081066	0.834606676718567	-1.171193685706	-0.0695040851473685	-0.53969170127682	-0.212060968761086	-0.520934216590804	0.0430408229687231	-1.83145714665374	0.0868082872360923	0.0255338372617719	-0.842312454211201	-0.592212658397665	-0.662240601225452	0.0680508025500763	0.478214467684277	-0.420894298265391	-1.24497312547099	0.356916066714709	0.509476942160967	0.11306876579651	-0.598465153293002	-0.189551987137866	0.268130639200906	0.290639620824125	0.235617665745147	-0.00697913619398773	0.643280332921213	-3.31204793786988	-0.794793493006629	-1.51132940801241	0.130575751503461	0.787087715513995	0.338158582028693	0.475713469726143	0.974662562374146	0.56699989519808	0.655785322711887	0.86086715527899	-0.132029034100754	0.510727441140036	0.0417903239896539	0.729564762476882	0.333156586112425	0.707055780853663	0.0843072892779538	-0.215812465698289	0.404435027919282	0.0517943158221943	0.295641616740393	-0.447154776825814	-0.513431222716398	0.138078745377863	0.174343215770831	0.168090720875489	0.261878144305565	-0.827306466462388	0.674542807397903	0.123072757629055	-1.80644716707239	0.140579743336002	1.23851784695743	0.759576737974508	0.875873143027802
L_threonine	L_threonine	0.904785555742377	-0.980550672866585	0.106029737117623	0.501149886202787	0.126466986208236	0.68338202392741	-1.00439413013896	1.29820260073666	1.50427819573366	0.0685614471181701	-0.348699055148493	0.535211968020473	-0.709757122415972	-0.151138980605911	-0.759147141051617	0.414291577567689	-0.605867772872027	-0.253325226058969	-0.438963571965364	0.140091818935309	0.492634365748367	-0.6092739810538	-1.12531452059175	-0.810240263778149	-0.416823218783865	-0.00807823697162784	-0.6092739810538	-0.345292846966727	0.407479161204149	0.21502839893422	0.380229495750003	0.24738737666102	-0.319746285603461	-0.163060709242104	0.758318603926321	0.266121521660752	0.410885369385916	-0.186904166514484	-1.58344952103964	0.0907018002996632	0.0106559080280985	0.155419755753268	0.456869179839795	-0.362323887875567	-0.0285154860622406	0.930332117105637	0.351276726204964	0.228653231661293	1.04614319528577	0.0634521348455169	0.0634521348455169	-0.0114844451533946	0.186075629389188	-0.17327933378741	0.637398213473537	0.257606001206326	-1.08444002241053	0.397260536658843	-0.47983807014659	0.344464309841431	-0.63482054241706	-0.898801676504134	-0.115373794697339	0.228653231661293	-0.203935207423324	-0.478134966055704	0.175857004843881	0.490931261657481	-0.297605932421961	-0.217560040150403	-0.708054018325091	0.540321280293126	0.145201131207962	0.862207953470265
L_tyrosine	L_tyrosine	-1.40663745000646	-1.40663745000646	-1.40663745000646	5.63143679151467	-1.40663745000646	-1.40663745000646	-1.40663745000646	-1.40663745000646	-1.40663745000646	-1.40663745000646	5.23143317774762	-1.40663745000646	-1.40663745000646	-1.40663745000646	-1.40663745000646	-1.40663745000646	-1.40663745000646	-1.40663745000646	-1.40663745000646	5.64990942731919	-1.40663745000646	-1.40663745000646	-1.40663745000646	-1.40663745000646	-1.40663745000646	-1.40663745000646	-1.40663745000646	-1.40663745000646	5.18276488726264	-1.40663745000646	-1.40663745000646	-1.40663745000646	5.00123571618364	-1.40663745000646	6.11208056542837	-1.40663745000646	-1.40663745000646	-1.40663745000646	-1.40663745000646	-1.40663745000646	-1.40663745000646	5.56003294927029	-1.40663745000646	5.66767157713123	-1.40663745000646	-1.40663745000646	-1.40663745000646	-1.40663745000646	-1.40663745000646	-1.40663745000646	-1.40663745000646	-1.40663745000646	4.78737943244672	-1.40663745000646	5.35292628246195	5.46305161129657	-1.40663745000646	5.52948205159359	-1.40663745000646	-1.40663745000646	-1.40663745000646	-1.40663745000646	-1.40663745000646	-1.40663745000646	-1.40663745000646	-1.40663745000646	-1.40663745000646	-1.40663745000646	5.46731452725146	-1.40663745000646	-1.40663745000646	5.82895189742451	6.5259386560488	-1.40663745000646
L_valine	L_valine	-0.640438884158435	0.112532920651245	0.814586550135685	0.688062599327499	0.905622075717179	-0.0263348302357859	-0.00627615510765657	0.407241147533721	0.859332825421506	-0.353445532325237	-0.125085230866564	-0.331843882187256	0.35632297220848	-0.606493433941608	-0.692900034493535	-0.408992632680052	-0.526258733429096	-0.839482660429849	-0.0510224303934777	1.01825925143666	-0.0988546556990143	-0.800908285183448	-1.05241321178996	-2.49200889598552	-1.46901646445105	-0.230007531536762	-0.620380209030306	-0.0263348302357859	-0.518543858379818	0.408784122543579	0.373295697316894	1.08460717686046	0.518335348243351	-0.780849610055324	0.746695649702024	-0.32567198214783	0.274545296686116	-0.563290133665639	-0.282468681871867	0.774469199879431	-0.620380209030306	0.061614745326004	0.419584947612573	-0.112741430787718	-0.779306635045467	0.933395625894586	0.401069247494301	0.339350247100066	0.0785874704344177	1.18335757749124	0.961169176071994	-0.196062081319935	0.161908120966634	-0.512371958340398	0.660289049150092	0.0307552451288811	-0.341101732246391	0.112532920651245	-0.41979345774904	0.422670897632283	-0.0155340051667924	-0.686728134454114	-0.288640581911287	0.354779997198622	0.16808002100606	0.293060996804387	0.723551024554185	-0.429051307808176	0.0755015204147022	0.968884051121272	-0.496942208241836	0.482846923016665	0.198939521203177	0.393354372445023
maltose	maltose	-0.609533917459044	1.49698412599094	-0.560299772870896	0.406799495824837	1.11835010927733	1.31997565378117	-0.277789562257961	-1.9751953090112	-0.454798034467725	-1.00106259108859	-0.26137818072858	0.519334683454886	-0.0198964239391	-0.208627311526992	-2.46050330566578	-1.08194725719769	-0.450109068316472	-0.700968757408459	-1.26481693709651	0.0422323775649905	-0.0433412546953597	-0.914316717290425	1.11717786773952	-0.144154026947277	-1.03388535414735	-1.34687384474343	-0.0855419500566255	-0.418458546795523	0.30246999895948	-0.731447037391597	-0.118364713115392	1.60483034746974	-0.561472014408711	1.11835010927733	-0.00582952548534334	-0.756064109685671	-0.233244383821066	-0.420803029871148	0.770194372546873	0.403282771211398	-0.137120577720399	1.98463660572115	-1.28943400939059	0.354048626623253	0.39156035583327	1.6646146658982	-0.161737650014473	-0.431353203711466	0.655314701841195	-0.00582952548534334	0.328259312791365	0.125461526749716	-0.377430092972068	0.229791023615072	0.47830622963143	-0.144154026947277	-1.25661124633183	-0.396185957577074	0.93665267091632	0.446655708110478	0.859284729420658	0.657659184916824	-0.242622316123569	0.701032121815904	0.0656772083212502	0.712754537194032	1.53215137212533	-0.731447037391597	0.908518874008806	-0.277789562257961	-0.15235971771197	-0.649390129744686	1.13124476619328	0.010581856044038
myo_inositol	myo_inositol	0.410599212666215	-0.692911068508768	1.11038622024059	-0.303286067954532	1.39107001998197	0.961713522660689	0.932235315381915	0.256799870342174	0.565680216176286	0.582341811594726	-0.0584887814221046	-0.203316495443908	0.613101680059535	0.739986137476867	-0.369932449628287	-0.748022499508214	-0.651897910555691	0.29396804473715	1.05271146686908	0.537483670083547	0.284996416434917	1.41670324370264	-0.432733847743936	-0.473747005697013	-0.375059094372419	0.419570840968452	0.165801926133787	-1.04024124992389	-0.134106791398092	-1.34783993457197	0.655396499198643	1.18728589140262	-2.25012940953967	0.0389174687164543	-0.184091577653402	-0.544238370928864	0.789970923732178	-0.58268820650987	-1.85025111949716	-0.0738687156545091	-0.0930936334450147	-0.512196841278019	-0.150768386816527	-0.376340755558454	-0.655742894113792	0.487498883828233	0.875842223196433	-0.0546437978640035	-0.604476446672447	-2.35138064323633	-0.54680169330093	0.666931449872946	-0.454522087906507	-0.0277289129572956	-0.632672992765185	-0.917201776064659	0.601566729385231	0.478527255526	-0.741614193578047	-0.116163534793622	0.599003407013161	0.547736959571816	-0.430170525371865	-0.571153255835572	-0.34429922590761	0.024819195670085	0.796379229662345	0.742549459848933	-0.0264472517712649	1.26803054612273	0.657959821570713	0.0325091627862827	-0.963341578761868	0.701536301895856
myristic_acid	myristic_acid	-0.214481790822951	0.660640617047228	0.969951123277203	-0.459666948200372	2.01355974185802	0.505985363932238	-0.06359861705223	0.0960860751884476	-0.650785634976615	0.367675787975745	-1.52968012219106	-0.426975593883379	0.226851492456409	0.631721342074507	-1.47938573093416	-0.200650833227299	-0.433262392790495	0.308579878248879	0.419227539014075	0.723508606118362	0.377734666227126	0.176557101199498	0.250741328303437	-1.49070196896696	-1.6705044177104	0.0344754458987375	-1.52213596350253	-0.815499766342985	-1.05942756393898	0.323668195625952	0.187873339232303	0.578912231254753	-0.708624184922057	1.1862170056819	-0.733771380550514	-0.892198713009767	-0.131496045249052	-0.729999301206246	1.58857213573716	0.737339563714011	0.884450658140464	0.098600794751296	-0.655815074102307	0.191645418576571	-0.0472529398937332	0.487124967210898	0.56382391387768	0.0105856100517088	0.783861875626648	0.933487689615946	0.192902778357995	-1.2103107377097	-0.401828398254926	0.0797403980299553	-0.928662146671025	-0.140297563719013	0.288462121746119	0.301035719560343	0.927200890708833	0.211763175079336	0.322410835844528	0.0747109589042629	-1.86288046426807	-0.682219629512184	1.21639364043605	0.365161068412902	0.155181984915314	-0.723712502299129	0.827869467976442	0.512272162839355	0.798950193003721	-1.32724519738201	0.541191437812076	0.0583652817457706
N_acetyl_L_aspartic_acid	N_acetyl_L_aspartic_acid	-0.778028075798265	-0.778028075798265	-0.778028075798265	-0.778028075798265	-0.778028075798265	-0.778028075798265	-0.778028075798265	-0.778028075798265	-0.778028075798265	7.62070040267472	-0.778028075798265	-0.778028075798265	-0.778028075798265	-0.778028075798265	-0.778028075798265	-0.778028075798265	-0.778028075798265	-0.778028075798265	-0.778028075798265	-0.778028075798265	-0.778028075798265	7.32706452363359	-0.778028075798265	-0.778028075798265	-0.778028075798265	-0.778028075798265	-0.778028075798265	-0.778028075798265	-0.778028075798265	-0.778028075798265	-0.778028075798265	-0.778028075798265	-0.778028075798265	-0.778028075798265	-0.778028075798265	-0.778028075798265	-0.778028075798265	-0.778028075798265	-0.778028075798265	-0.778028075798265	-0.778028075798265	-0.778028075798265	-0.778028075798265	-0.778028075798265	-0.778028075798265	-0.778028075798265	-0.778028075798265	7.37779094655783	-0.778028075798265	-0.778028075798265	-0.778028075798265	-0.778028075798265	-0.778028075798265	-0.778028075798265	-0.778028075798265	-0.778028075798265	7.20870287014369	-0.778028075798265	-0.778028075798265	-0.778028075798265	-0.778028075798265	-0.778028075798265	-0.778028075798265	-0.778028075798265	-0.778028075798265	-0.778028075798265	-0.778028075798265	7.41490784138044	7.19426852215712	-0.778028075798265	-0.778028075798265	-0.778028075798265	-0.778028075798265	7.98444597193636
N_formylglycine	N_formylglycine	-0.509967764967223	0.248213904763977	-0.463485237531388	-0.445925171611184	2.21907306804345	0.405221552991692	0.0922392015903918	0.498186607863365	0.222390278410736	1.78523614530897	-0.00485763349780141	0.709940343959953	-2.66985587315243	1.35553100279102	-1.07705459968443	-0.812620665827228	-0.599833984676507	-1.20617273145065	-2.07281363186546	-0.616361105542584	1.4071782554975	0.322585948661314	-0.599833984676507	0.447572300211011	-0.759940468066612	-0.640118841787567	-0.970661259109072	0.567393926490056	1.97633098032297	-0.321971765115619	-0.170128842158554	-0.327136490386266	0.626271794575447	2.11474561757635	-0.480012358397462	-1.09977939087528	0.560163311111146	0.453769970535789	1.78213731014658	0.373200256313669	0.989868453629103	-0.577109193485655	-0.543022006699373	-0.0492742708253778	-0.716556775793166	1.15927144250638	0.187270146570323	-0.575043303377397	-0.1091850839649	0.870046827350058	1.27289539846064	-0.378783743092752	-2.55313308203578	-1.43238769830505	-0.503770094642444	-0.218677259702647	0.0271636631802218	-0.219710204756778	-1.17208554466436	-0.618426995650842	-0.440760446340533	-0.726886226334461	0.675853157173675	-0.41700271009555	0.20792904765292	0.0912062565362609	0.783279442803163	-0.422167435366201	1.16753500293941	-0.024483589526264	0.641765970387393	0.753324036233402	0.725434519771899	-0.173227677320943
N_methylalanine	N_methylalanine	0.644150134363739	-0.34664586140356	1.28368332559716	0.576887044133848	-0.543096791598798	0.982600921710974	0.648420806759289	1.76947231059082	-1.6417272653537	0.508556285805069	-0.0327514403307303	0.495744268618422	-0.331698508019137	0.928149848667729	-0.271909094481458	0.489338260025099	-0.900765604726002	0.741307931362473	0.355879747664202	0.474390906640679	-1.05984815146019	-0.490781054753327	-0.876209238451598	-2.28553112898267	-0.32315716322804	1.11178876167632	-0.517472757225508	-0.249488064404826	0.177579175150046	0.725292909879165	-0.0113980783529873	-0.490781054753327	-0.0637138151984583	-0.301803801250297	1.19506687338952	0.780811651021297	-0.555908808785444	0.477593910937341	-0.571923830268753	-0.490781054753327	-0.334901512315798	-0.490781054753327	1.48440492818794	0.900390478096663	-1.42071996888406	-0.897562600429341	0.384706786334157	-0.137382914021672	0.229894911995517	-1.15166760796449	-1.02461510419691	-0.500390067643312	0.645217802462627	-2.9154553073261	0.535247988277247	0.434887186981855	-0.0530371342095849	1.05733768863308	0.791488332010171	0.584360720826056	-1.41004328789518	0.44022552747629	-0.318886490832494	0.899322809997775	-0.268706090184796	0.54592466926612	0.895052137602224	-2.82150051462403	2.07055471447701	-0.544164459697686	0.208541550017774	0.102842408227944	-0.150194931208319	0.220285899105532
oleic_acid	oleic_acid	0.230822344029513	0.389593787761013	0.20989897547575	0.260361217281886	0.886831487509275	0.363747273665187	-1.10704245702583	0.192667966078534	0.598827473298646	0.0646661819849227	-0.835038665826909	-0.278723219573901	0.0609738228283761	-0.118720989456888	-1.03565684666594	0.0782048322255923	-0.385801635113754	-0.20610682282849	0.192667966078534	-0.0965668345176078	0.956986311483656	0.115128423791054	-0.0657971748797221	-0.859654393537218	-1.25473682328769	-0.373493771258597	-0.671344076553348	-0.540880719688704	-0.107643911987248	0.993909903049123	-0.138413571625138	-0.00302706921842934	-0.0190272922301329	0.652982074261328	-0.467033536557775	-0.576573524868653	-0.204876036442973	-0.625804980289272	2.02530889411111	0.40682479715823	-0.725498677516031	-0.709498454504327	-0.138413571625138	-0.7390373277567	-0.585189029567263	0.222206839330907	-0.276261646802872	2.47823828398081	0.492979844144315	3.56748423516203	0.531134222095294	-0.223337832225706	-0.118720989456888	-0.257799851020138	-0.364878266559986	-0.316877597524885	0.340362332340395	-0.135951998854104	0.0425120270456429	-0.230722550538799	0.0154347265642995	-0.532265214990098	-1.45289343135569	-0.654113067156132	-0.185183454274727	-0.36118590740344	0.0818971913821389	0.129897860417241	1.85422958652445	0.0351273087325496	-1.42950849003089	-0.54703465161628	1.23637482099567	0.248053353426729
O_phosphocolamine	O_phosphocolamine	0.33253572864952	0.179175032134185	-0.278453286267571	0.747223052026986	-1.85009370415672	-0.109143077314644	-0.160672271343794	1.9814699375824	0.883407350532604	-0.00240403253997087	0.168133061985081	-0.599897306163713	0.0331756490515867	0.333762614221644	-0.868585246458581	-0.223243435522053	-0.559410082283667	-1.5077926295345	-0.89066918675679	-0.855089505165232	0.388972464967162	-0.417091355917437	-0.489477604672672	0.467493141583014	-0.517695972831493	0.0319487634794669	0.514114793323676	0.209847171437255	-0.0919666793049268	-1.57404445042912	0.476081340587874	-0.619527475317678	-0.257596231541486	0.788937161479156	-0.138588331045589	-0.0367568285594043	-1.00967708725269	-0.650199614620743	0.920213917696282	0.596316126655895	-0.451444151936871	-0.289495256416675	0.782802733618544	-0.138588331045589	-0.202386380795968	1.20853202714511	-1.39491915689921	-1.66238021162195	-1.60103593301582	-1.12132367431585	0.0736628729316366	1.37048092266531	0.368115410241077	0.466266256010894	-0.0821515947279421	0.104335012234702	0.0417638480564472	-0.929929525064716	-0.0527063409970011	0.663794833122642	0.472400683871506	0.217208484869991	0.346031469942868	0.112923211239562	-0.145949644478325	-0.563090739000036	1.27723761918398	1.66616034554687	1.63548820624381	1.23552350973181	-0.558183196711543	1.27355696246761	-0.171714241492898	0.704282057002692
palatinitol__(spectral_match)	palatinitol__(spectral_match)	-4.5005614438139	0.282061236081248	0.243002026430312	-4.5005614438139	1.95308524169314	2.47647865101569	2.47825406963619	-4.5005614438139	1.04549124289501	-4.5005614438139	-4.5005614438139	-4.5005614438139	-4.5005614438139	0.54659861053532	1.77802896571212	1.43927909292127	2.41646950164289	2.15157704346472	2.17927357394447	0.888899320567165	-4.5005614438139	1.20847467225665	-4.5005614438139	1.94598356721115	-4.5005614438139	2.36143152440748	-4.5005614438139	2.34332225447841	2.1015102383667	2.11464833615838	2.49565317211706	2.27408092827902	2.3493586777881	-4.5005614438139	-4.5005614438139	1.65339457855323	1.74749176543957	2.08517638705813	2.02410198651303	-4.5005614438139	-4.5005614438139	1.08774620606284	2.11145258264148	0.911979762633628	0.657029648730241	2.36569252909667	2.28366818882971	-4.5005614438139	2.32769857061803	2.03652991685651	-4.5005614438139	1.74891210033597	1.91189552969761	1.30967353362498	1.23439578411591	1.71482406282243	-4.5005614438139	-4.5005614438139	1.44176467898997	2.29325544938039	2.36107644068338	1.88348883176965	1.39986479954624	1.95095473934854	-0.369162313917097	1.71304864420193	1.03980990330942	0.860847706363311	1.26351264949206	1.7290274117864	1.39169787389195	-4.5005614438139	2.09582889878111	0.671588081418317
palmitic_acid	palmitic_acid	0.0444039358230414	0.523329628667355	0.424727280140583	0.250572482742653	1.67326351148605	0.477229829356137	-0.374335907920512	0.338930431422485	0.0853815352107899	0.0034263364352928	-1.4154230423655	-0.835333901032682	-0.265489159546804	-0.192497810637378	-1.11961599678519	-0.0170624632585792	-0.585626654763589	-0.0721261124358654	0.244169732838318	0.250572482742653	0.843467123884141	0.141725734368945	-0.297502909068485	-1.22334054523543	-1.43847294202111	-0.0964565620723435	-1.56396684014608	-0.670142953500824	-0.366652608035309	0.942069472410908	-0.207864410407785	0.162214534062821	-0.439643956944738	0.912616822850964	-0.818686751281411	-0.878872600382168	-0.337199958475365	-0.987719348755872	1.58362501282535	0.568148877997706	0.164775634024554	-0.275733559393744	-0.209144960388649	-0.382019207805715	-0.323113908685827	0.33764988144162	0.00854853635876308	1.93577625756381	0.615529227289789	2.99991329166441	0.632176377041064	-0.560015655146247	-0.161764611096566	-0.160484061115701	-0.633007004055676	-0.136153611479223	0.0175123862248349	-0.166886811020036	0.525890728629088	-0.0810899623019372	-0.0413929128950528	-0.35384710822664	-1.46664504160019	-0.425557907155196	0.504121378954347	0.244169732838318	0.0123901863013646	-0.0670039125123996	1.29165961718764	0.351735931231158	0.240328082895717	-0.772586951970193	1.02274412120554	0.0456844858039101
pantothenic_acid	pantothenic_acid	1.76379275016731	-0.88490541815479	-0.209289569781554	0.607333189888798	-0.29653125590783	-0.438552605415718	0.0585221178618904	-0.766216147494626	-0.178856423458437	1.33164207237902	0.384156783519262	0.567770099668743	-0.142336647870694	0.13866273651277	-0.0855281080675377	-0.482173448478854	0.793989820670594	1.18657740823882	0.386185659940802	0.999920777457031	2.31158938398345	1.55887623159164	-0.146394400713777	-1.41545660238783	-0.73984075401459	1.11962448632796	-0.31377670549093	0.182283579575906	-1.29169514067381	-0.12306232186605	-0.102773557650638	-0.699263225583766	0.532264762291771	0.788917629616739	0.438936446900874	0.0199734658526064	-1.22879997160603	0.62559307768267	-2.40351941967841	-0.369570807083314	0.397344480259278	0.460239649327058	-0.18798636735537	0.835581787312187	-3.16942026881023	0.640809650844227	0.154893747885099	0.771672180033639	-0.50854884195889	-1.29372401709535	-1.09590856599508	-0.633324741883674	-0.21436176083541	0.0412766682787903	0.629650830525751	0.676314988221199	0.646896280108851	0.982675327873931	-0.524779853331218	0.893404765326115	0.136633860091227	-0.54303974112509	0.321261614451482	0.62559307768267	-1.48038064787715	0.631679706947294	-0.878818788890166	-0.736797439382278	-0.226535019364654	0.516033750919442	-0.73578300117151	1.62684359171327	-3.04160105425314	0.804134202778299
phenylalanine	phenylalanine	-0.0237321708862336	0.398733662736146	-2.52782471378166	1.19331329748521	0.708214447831608	0.747513595145317	-1.61780383379858	-0.0482941379573015	0.322591564815832	-1.6435938992232	0.2575023520775	0.000829796184834409	0.129780123307945	0.0904809759942349	-0.828136592463728	-2.65063454913701	0.0831123858729141	-0.733573019240112	-0.468303774872571	0.633300448264849	0.363118810483097	-0.435145119326632	-0.268123743243363	-0.275492333364683	-0.561639249742632	-0.336897251042356	-1.0713000664673	0.113814844711752	-0.636553249309391	0.715583037952928	0.882604414036193	0.619791366375762	0.219431303117345	-0.210403120626355	0.646809530153935	-0.465847578165466	0.645581431800385	0.149429696964801	0.560842645405195	0.835936676601163	-0.335669152688801	0.293117204330549	-0.540761577732225	0.0278479599630122	-0.289001415253775	1.36279087027558	-1.14498596768051	-0.094961875392332	0.375399794018629	1.11103070779713	0.154342090379012	0.492069137606207	0.716811136306483	-0.526024397489583	0.278380024087912	0.105218156236877	-0.584973118460149	-0.325844365860374	-0.0409255478359807	0.676283890639219	-0.724976330765236	-0.320931972446163	-0.148998202948683	0.240308975127753	0.603826087779565	0.26118664713816	0.424523728160769	1.01892333128062	-0.140401514473807	1.21173477278851	-2.12378035546259	1.61086673769337	0.704530152770947	0.158026385439673
phosphoenolpyruvic_acid	phosphoenolpyruvic_acid	0.690488117375057	1.92915946621905	-0.136352834356492	1.43093479017568	-1.06972906256114	1.71502886077062	1.60266329553531	0.365051999193537	0.216644648882746	0.979352424229988	0.936420297890081	1.64665547437744	-0.889520137183755	-0.575744596526654	0.128130264947382	-0.517441708904557	1.66838655067295	0.00251404343431915	2.45706561232458	0.0910284273696845	-9.26022472096346	0.899318460312383	-0.561963913997794	0.203393992604997	-1.07714943007668	-0.775034466944002	-1.41424612578262	1.0652166769098	1.58411237674646	-1.2430476466741	-0.579454780284424	0.984652686741089	1.05196602063205	0.48218780068884	-0.4824599763313	-1.10100061137663	0.78695289507707	0.568052053368654	1.26662665233159	1.74524035708389	1.04030544310764	0.79490328884372	-0.260378977116224	-1.36389363192718	0.256396617715993	-0.1686844356742	-0.0637392379544267	-9.26022472096346	1.84329521353924	-0.464969110044671	-0.884749900923765	-1.57007384360895	0.946490796661172	-0.628747221637651	-0.15861393690311	-0.876269480906006	1.3254595662048	-1.19693536282754	-0.782454834459542	0.921579562859003	1.40284339886685	-0.383875093624846	-0.314971680980551	1.93922996499014	1.28888775487821	-1.77572402903962	2.28639715946717	0.682537723608407	0.47105724941553	0.957621347934479	-1.74127232271747	0.840485546439177	-0.696590581779727	-1.21919646537415
phosphoric_acid_(spectral_match)	phosphoric_acid_(spectral_match)	0.417006342722733	0.559158335035177	0.477313248552257	0.39690404077956	-0.480417851168957	-0.091294720697519	1.41494204633029	0.356699436893209	0.576388879557898	0.218855080711446	-0.92841200875969	-0.50913542537349	0.0666519374274176	-0.937027281021051	-0.374162826612179	-1.13661442174256	1.2541236307849	-0.00370611937369013	0.159984053592155	0.754437839626008	0.422749857563642	1.0229471584384	-0.559391180231425	0.221726838131902	-1.3218427753618	-0.971488370066488	-0.385649856293996	0.978434918421372	-0.306676527231528	-0.723081353197271	-0.160216898788403	-0.63262099445299	-1.633428455481	0.46582621887044	-0.372726947901955	-0.510571304083719	0.484492642103389	-0.985847157168757	1.44653137795528	-0.0711924187543461	0.748694324785104	-0.655595053816615	0.167163447143287	-0.836515771305181	-0.869540981640395	0.958332616478199	-0.985847157168757	-0.292317740129258	-0.10852526522024	0.965512010029336	0.0896259967910424	0.718540871870342	-0.053961874231625	-0.0137572703452791	-0.49621251698145	-0.259292529794045	-0.388521613714448	0.494543793074973	-0.163088656208855	-0.20472913880543	0.207368051029633	-0.484725487299637	-0.401444522106489	-0.0611412677827571	0.195881021347821	-0.513443061504171	-0.239190227850872	0.534748396961324	1.69924603095518	-0.00227024066346677	1.19668848237583	0.860692864182786	0.141317630359206	-0.547904150549613
porphine	porphine	-0.373017048149379	0.408768353694249	0.400065733265567	0.265175116620934	1.79828674880779	1.03970833477399	0.315940402454931	0.0331052385226386	0.392813549574992	-0.0640740229310226	-1.20846860930324	-0.438286701364527	-0.1220914924556	0.0229521813558361	-0.77768889808328	-0.515159848484583	-0.16995590481337	-0.0829297005265115	0.643739105268776	-0.00315567993022303	0.550911154029458	0.491443247766769	-0.283089970386288	-1.18816249496964	-1.45794372825891	-0.312098705148579	-0.928534318847171	-0.138046296574857	-0.819751563488596	0.0925731447853221	-0.314999578624806	0.289832541168877	-0.677608763153392	0.95703344070147	-0.428133644197724	-0.699365314225108	0.401516170003678	-0.538366836294415	2.2537238845757	0.627784301149519	0.487091937552426	-0.64714959165299	-0.0379661616449686	-0.435385827888295	-0.544168583246874	1.60102735242424	-0.297594337767434	-1.23167559711307	0.240517692072985	1.0919240573461	1.09917624103668	-0.214919443694918	-0.328053509267836	-0.50355635457967	-0.293243027553091	-0.290342154076863	-0.0887314474789708	0.28112992074019	0.540758096862655	-0.110487998550682	-0.245378615195315	-0.312098705148579	-0.995254408800435	-0.15545153743223	0.514650235576596	0.289832541168877	0.349300447431565	-0.154001100694114	1.0513118286789	0.648090415483119	0.183950659286529	-0.799445449154996	-0.138046296574857	-0.000254806453995948
propylene_glycol	propylene_glycol	-0.67385185633224	0.457998071653766	0.578736660923949	1.00161910905745	1.44412901258955	1.37394599025516	0.962958969635962	1.14971718161053	0.50439023895955	0.575168032669658	-0.447838733560467	0.241501290893437	0.0357103948959812	-0.110008592154241	-0.767825733695239	0.482383698058089	0.0719914488146077	0.318821569736411	0.9135929454516	0.823782467718606	-1.58147297567362	3.90469819392329	0.173102582686191	0.956416484503093	-2.01089790893998	-0.0909759081313547	-0.262864835713043	-0.78269501808812	0.338449025135013	-0.742845335915202	-2.24047965996605	0.352128766776462	0.636429484368323	-0.0511262259584369	-0.129636047552841	-0.101681792894228	0.547808549386759	0.139200614270424	1.10986749943761	-0.021387657172677	0.625128828229733	-0.407989051387549	-0.739871479036625	-0.694074083106556	-0.193276584754368	0.785717099672834	-0.0981131646399372	-12.2124165452069	0.391383677573664	0.397331391330817	0.0975666179703604	0.160612383796171	-0.584041378599247	0.333690854129292	1.30316819654505	0.706612506702715	0.422311789110853	-0.278328891481638	0.419337932232278	-0.157590302211455	-0.18911318512436	0.275998030684918	-0.702400882366568	0.413984989850841	0.377109164556501	-0.084433422998488	0.860063521637233	0.333690854129292	-0.122498791044258	0.721481791095594	0.427069960116576	0.148122184906152	-2.42426401506204	0.609070001085423
putrescine	putrescine	1.02966186563804	0.313300932941193	0.715482903192354	1.03624152977303	-2.34570583561096	0.453118795809693	0.588001910576955	2.04868734854436	1.74520034031802	-0.818401298276796	-0.30518749574771	0.537831971547669	0.00652409264736238	-0.610319420007791	1.14316107196659	1.37262685867431	-0.486950717476762	-1.79548142232256	-3.29728976113364	-0.535475740472298	0.961397850237541	-1.56519317759797	-1.24607946705104	0.297674230620594	1.15303056816908	0.690809162686147	0.158678825768966	1.19168609496213	0.60774090298192	-0.173594213047943	0.558393421969506	-0.313412075916443	0.378275116274203	-1.46403084152252	0.435024719438476	-0.467211725071796	0.597048948762563	0.875862216482691	0.585534536526334	0.564150628087622	0.492596780619624	0.181707650241427	0.652976093909964	0.138117375347129	0.606918444965046	2.11612890592799	0.219540719017609	-0.345487938574513	-0.289560793427111	-3.78582982315652	0.553458673868265	0.629947269437504	1.31834462956065	0.144697039482116	0.944126231883196	0.115088550874671	0.321525513109927	-0.813466550175555	-3.49221231113267	0.555103589902014	-1.8407166132506	-0.122601816001783	0.895601208887657	1.2360988278733	-2.65495004995541	-0.505867251864853	0.217073344966988	0.714660445175479	1.50997734749219	-1.20824639827485	-0.355357434776995	0.221185635051355	-1.09885948203067	-1.89253146831364
pyrophosphate	pyrophosphate	-0.0146742421227508	0.52827271641898	-0.134028961457356	0.640606569910372	1.69900209577459	1.4737493166382	0.936653079632479	0.136274373506307	-0.437681409176275	-0.192536176817455	0.191271155944802	0.124572930434287	-0.70330416691113	-0.8021813608697	-0.383854771044983	0.0520239833877639	0.277276762524151	0.197121877480813	0.510720551810949	0.0426628289301468	-2.4947951012374	0.209993464860034	-0.127008095614143	0.202387526863222	-0.978873151257202	0.413013502159583	-0.445872419326688	-0.0281309016555736	-0.275031350475197	0.232811278850474	0.437001460457224	0.0561194884629718	0.307700514511403	0.670445249744022	0.555771107638227	0.113456559515869	0.128668435509495	-0.0211100358123613	1.38306313283004	0.349825709570674	1.04430635589506	0.573908344399857	0.876390647811575	0.35392121464588	0.187175650869594	0.951279883472504	-0.29492380369763	-13.4982470940114	0.111701343055066	0.226375485160862	0.344560060188265	0.202972599016822	0.2486082269977	-1.27374951667211	0.215844186396045	0.0923939619862325	0.0567045606165714	0.585024715318278	0.486732593513308	0.202387526863222	0.39487626539795	0.0397374681621424	0.156751898882342	0.368548018485906	1.04489142804866	0.520666778422166	0.63358570406716	0.0268658807829213	-0.131688672842951	0.58736500393268	1.11100458140558	0.321742246197825	-1.3293313712642	-0.269765701092788
pyruvic_acid	pyruvic_acid	1.20220452390937	1.26053526827503	1.20512106112765	1.05346112577692	-0.600944611294234	0.267454345449594	1.10741706431516	0.0501723226874955	-0.598028074075949	-0.6891698621473	1.42896529263089	1.03085796233523	0.951382323137011	1.20949586695507	-0.496678405740608	-0.918118033782533	-2.74314119812326	0.960131934791858	-1.40736715214954	0.990026441279261	-1.80474534814063	-0.86124555802601	-2.76647349586952	-1.93817692587709	-0.630839117781637	1.00606739597982	1.36188493661037	1.10960446722887	1.20803759834593	-0.676045444665028	-1.31476709546905	1.34948965343267	1.66228827009354	-1.6282948464345	1.6134362716873	0.780035761562869	-0.616256431690221	0.882114564202782	1.50042045447882	-0.985927524107617	-3.15291467729205	0.916383876517611	1.96852467801328	-1.43653252433238	0.785868835999438	1.92988055987103	-2.72345457189985	1.64916385261127	1.31959514694527	-1.08217325231096	1.65937173287526	0.0939203809617428	0.832533431491969	-1.4234081068501	-0.993948001457898	-0.843017200411741	-0.988844061325902	-1.00269761311275	-3.25572261423653	-1.47298923956092	-1.83901466045546	-0.888223527295132	-0.818226634056335	-0.727084845984984	1.32542822138183	1.34074004177782	1.55656379593078	0.367345745175795	1.7483261180329	-0.762083292604381	1.12345801901572	0.496402517084827	-0.40772402058297	0.19016610916509
sarcosine	sarcosine	-1.37077505503175	-1.37077505503175	5.41514629926266	-1.37077505503175	-1.37077505503175	-1.37077505503175	-1.37077505503175	-1.37077505503175	-1.37077505503175	-1.37077505503175	-1.37077505503175	-1.37077505503175	-1.37077505503175	-1.37077505503175	-1.37077505503175	-1.37077505503175	-1.37077505503175	-1.37077505503175	-1.37077505503175	-1.37077505503175	6.18522457292563	-1.37077505503175	-1.37077505503175	-1.37077505503175	-1.37077505503175	5.93587588576773	-1.37077505503175	-1.37077505503175	-1.37077505503175	6.38666194151322	5.66309611580537	-1.37077505503175	-1.37077505503175	-1.37077505503175	6.17997880811866	-1.37077505503175	-1.37077505503175	-1.37077505503175	-1.37077505503175	5.72569557583519	-1.37077505503175	-1.37077505503175	-1.37077505503175	-1.37077505503175	-1.37077505503175	-1.37077505503175	-1.37077505503175	-1.37077505503175	5.91943915603923	-1.37077505503175	5.96804990991713	-1.37077505503175	-1.37077505503175	-1.37077505503175	-1.37077505503175	-1.37077505503175	5.83061087197456	-1.37077505503175	-1.37077505503175	-1.37077505503175	-1.37077505503175	5.53090284266976	-1.37077505503175	5.63686729177052	-1.37077505503175	5.80473176559352	-1.37077505503175	-1.37077505503175	-1.37077505503175	-1.37077505503175	-1.37077505503175	-1.37077505503175	6.06422226471156	-1.37077505503175
scyllo_inositol	scyllo_inositol	1.00449742649507	-1.16694645121057	1.56189731764078	-0.738383774069653	0.843450908989093	0.693140825983512	0.625143407480986	2.40470742592208	0.521357873977132	-0.0414102344187689	1.76410016739828	-0.224824323800579	0.411309420348044	0.440834615224142	0.39878358009758	-0.907482617450933	0.112478660086947	0.392520659972346	0.447097535349373	0.604565241355222	-0.903009103075768	1.10649355424886	-0.87616801682477	-0.229297838175747	1.05728489612204	0.57951356085429	2.06293092765938	-1.06942383783195	-0.562127307688108	-1.30204658534058	1.10112533699866	1.0778630622478	-1.59103561397632	-0.226613729550648	-0.648913486566329	-0.3545562406804	1.21922611650305	0.914132436116719	-1.39062216996887	-0.204246157674815	2.4404955409234	-1.04347745445598	0.0865322767109831	-0.774171889070981	-1.4290943935953	0.142898557838075	1.46526940713719	-1.62324491747752	0.0337448070840218	-3.03955956865511	-0.93969192095213	0.568777126353891	-0.282085307802706	0.24399998271683	-1.46756661722173	-1.57850977372585	-0.0440943430438687	1.09754652549853	-1.72971455960647	-1.60445615710182	-0.0431996401688344	2.11482369441131	0.016745452458392	-0.852905742073906	-0.85648455357404	-0.843958713323572	0.295892749468757	0.704771963358942	-1.4317785022204	2.07366736215978	0.293208640843657	0.429203477848708	-0.977269441703524	-0.353661537805365
stearic_acid	stearic_acid	-0.263008036704059	0.503791285287415	0.593926128928665	-0.0814320473398099	1.63766149225266	0.489421962388087	-0.167647984735783	-0.050080797377636	0.0230721192007683	0.158927535703516	-1.19178881683342	-0.824717931859654	0.0949187336974138	0.29217034804275	-1.28192366047467	-0.222512672169583	-0.575214234244031	0.119738473250798	0.247756077263007	0.424106858300226	0.673610555915854	0.158927535703516	0.0034775879744096	-1.22575267095911	-1.72998527451739	-0.0422429848870925	-0.96187965044416	-0.585664650898087	-0.667961682048789	0.826447899481442	-0.0644501202769641	0.452845504098887	-0.519043244728467	0.94401508683959	-0.609178088369717	-0.956654442117129	-0.487691994766298	-0.884807827620484	1.8440572211703	0.514241701941471	0.364016962539396	-0.259089130458788	-0.605259182124446	-0.213368557597286	-0.21990006800607	0.371854775029939	0.0047838900561684	1.60761654437225	0.523385816513774	2.51941539743877	0.604376545582721	-0.892645640111027	-0.397557151125048	-0.157197568081727	-0.731970484054891	-0.287827776257444	0.158927535703516	0.058342275408214	0.885231493160519	0.000864983810896657	-0.0775131410945381	-0.261701734622301	-1.48048157690177	-0.469403765621694	0.821222691154416	0.187666181502172	0.0217658171190095	-0.389719338634505	1.23532045107145	0.220323733546105	0.361404358375883	-1.09904136902867	0.941402482676077	0.0452792545906399
sucrose	sucrose	0.0655492175230426	0.25633975745331	0.221084983770542	0.560498589226194	0.694604983235147	0.436069976228195	-0.231696913527732	0.282608020197329	0.741611348145503	0.00609999131288874	-0.487466840245838	-0.794390752307569	0.274312779330798	-0.614660533532682	0.415331874061861	-0.459816037357395	0.450586647744629	-0.0865301983633994	1.1646686323387	-0.487466840245838	0.270856428969741	0.422935844856185	-0.128697672768277	-0.325018373276229	-0.407279511869351	-0.23100564345552	-0.517191453350918	0.714651815329269	0.582619231536949	0.317171523807885	1.1833329242884	0.225232604203809	-0.0326111327309337	0.366251698934874	1.21098372717684	-0.735632796169626	0.424318385000607	0.00817380152952213	1.28771470519227	0.130528604310887	0.0593277868731449	-0.476406519090462	0.183065129798931	0.0932000204114887	0.0738444583895762	0.642068457747106	0.133293684599733	-11.6106935721947	-0.234461993816575	0.512800954243628	0.878482822443302	0.416023144134073	0.402889012762063	0.243205626081297	0.0496500058621875	0.698752603668414	-0.358890606814573	-0.459816037357395	0.572941450525994	-0.329165993709496	-0.475023978946038	0.141588925466266	-0.0657920961970655	-0.0312285925865098	-0.00979922034796644	-0.0118730305645998	0.0531063562232448	0.918576486631546	0.868113771360135	-0.0319198626587218	-0.18192546832853	-0.094825439229933	0.0572539766565115	0.198964341459787
timonacic	timonacic	-1.11191499228408	0.0374378387000546	0.383163170260084	0.0310014628465454	1.0341566137295	0.737163842203195	-2.79732598363921	-1.95140230003489	-0.637462143653828	-0.184157387113686	-0.311965421919122	0.844743267183311	-0.0673831394856992	0.00801440622686071	0.0300819805817569	0.668202672344148	0.378565758936148	0.338108539285506	-0.519768413761052	0.214897915804006	0.601999949279462	0.345464397403804	0.00801440622686071	-0.0526714232491007	-2.01208812951085	0.794171742620009	0.997377323138005	-0.617233533828509	-1.39051811851464	0.1790381074773	0.80796397659182	0.370290418553062	-2.71181413301399	0.24064341921805	-0.550111328499035	0.898992720805763	0.997377323138005	0.801527600738307	-1.11467343907844	0.222253773922304	0.910026507983211	1.03599557825907	-2.71641154433793	0.82175621056363	0.274664263015183	-2.23552231985417	1.25667132180803	-0.220017195440389	1.31459870448962	0.400633333291041	-2.97754450753753	1.20426083271515	-1.05398760960248	1.01576696843375	1.04978781223088	0.402472297820618	-0.0894507138405922	0.710498856524363	-0.0517519409843122	1.17115947118281	0.715096267848302	0.812561387915755	0.693028693493406	0.385921617054446	0.818078281504479	0.440171070676898	-2.5812476514142	1.03323713146471	-1.84750080411393	0.740841771262346	0.214897915804006	0.339947503815079	0.119271760266127	-0.048074011925165
uracil	uracil	-1.62438913897669	-1.62438913897669	-1.62438913897669	5.47389219524466	5.37375185194504	5.46087395061571	-1.62438913897669	5.51995675316248	-1.62438913897669	-1.62438913897669	5.42448962588351	-1.62438913897669	-1.62438913897669	5.31333384482093	-1.62438913897669	-1.62438913897669	-1.62438913897669	-1.62438913897669	-1.62438913897669	5.48824564445094	-1.62438913897669	-1.62438913897669	-1.62438913897669	-1.62438913897669	-1.62438913897669	5.37241664736771	-1.62438913897669	-1.62438913897669	-1.62438913897669	-1.62438913897669	-1.62438913897669	-1.62438913897669	-1.62438913897669	-1.62438913897669	-1.62438913897669	-1.62438913897669	-1.62438913897669	-1.62438913897669	-1.62438913897669	5.88179719361844	-1.62438913897669	-1.62438913897669	-1.62438913897669	-1.62438913897669	-1.62438913897669	5.56635511222464	5.47756400783231	5.14977128409822	-1.62438913897669	5.60006902780218	-1.62438913897669	-1.62438913897669	-1.62438913897669	5.29864659447032	5.5867169820289	-1.62438913897669	-1.62438913897669	-1.62438913897669	-1.62438913897669	-1.62438913897669	-1.62438913897669	-1.62438913897669	-1.62438913897669	-1.62438913897669	-1.62438913897669	5.18014718823244	-1.62438913897669	5.42215301787319	-1.62438913897669	-1.62438913897669	-1.62438913897669	-1.62438913897669	-1.62438913897669	-1.62438913897669
urea	urea	-0.740200044135395	-0.740200044135395	-0.740200044135395	-0.740200044135395	6.19277831337221	-0.740200044135395	-0.740200044135395	-0.740200044135395	-0.740200044135395	-0.740200044135395	-0.740200044135395	-0.740200044135395	8.78858862544507	-0.740200044135395	-0.740200044135395	-0.740200044135395	-0.740200044135395	-0.740200044135395	-0.740200044135395	-0.740200044135395	8.08492179591839	-0.740200044135395	-0.740200044135395	-0.740200044135395	-0.740200044135395	-0.740200044135395	-0.740200044135395	-0.740200044135395	-0.740200044135395	-0.740200044135395	-0.740200044135395	-0.740200044135395	8.97736763426635	-0.740200044135395	-0.740200044135395	-0.740200044135395	-0.740200044135395	-0.740200044135395	-0.740200044135395	-0.740200044135395	-0.740200044135395	-0.740200044135395	-0.740200044135395	-0.740200044135395	-0.740200044135395	-0.740200044135395	-0.740200044135395	9.1910797197244	-0.740200044135395	-0.740200044135395	-0.740200044135395	-0.740200044135395	-0.740200044135395	-0.740200044135395	-0.740200044135395	-0.740200044135395	-0.740200044135395	-0.740200044135395	-0.740200044135395	-0.740200044135395	-0.740200044135395	-0.740200044135395	-0.740200044135395	-0.740200044135395	-0.740200044135395	-0.740200044135395	-0.740200044135395	-0.740200044135395	-0.740200044135395	-0.740200044135395	-0.740200044135395	-0.740200044135395	-0.740200044135395	9.09886691248046
uridine_5'_monophosphate	uridine_5'_monophosphate	-1.3571484333872	-1.3571484333872	-1.3571484333872	-1.3571484333872	-1.3571484333872	-1.3571484333872	6.2405295912292	-1.3571484333872	-1.3571484333872	-1.3571484333872	-1.3571484333872	-1.3571484333872	5.21567564149338	6.80464025065349	-1.3571484333872	-1.3571484333872	-1.3571484333872	-1.3571484333872	-1.3571484333872	-1.3571484333872	-1.3571484333872	-1.3571484333872	-1.3571484333872	-1.3571484333872	-1.3571484333872	5.8203571113203	-1.3571484333872	-1.3571484333872	-1.3571484333872	5.99181288397834	-1.3571484333872	-1.3571484333872	-1.3571484333872	5.68171077664003	-1.3571484333872	-1.3571484333872	-1.3571484333872	-1.3571484333872	-1.3571484333872	5.84681633549592	-1.3571484333872	-1.3571484333872	-1.3571484333872	-1.3571484333872	-1.3571484333872	-1.3571484333872	-1.3571484333872	-1.3571484333872	5.63196743518986	-1.3571484333872	5.83552706651432	-1.3571484333872	-1.3571484333872	-1.3571484333872	-1.3571484333872	-1.3571484333872	-1.3571484333872	-1.3571484333872	-1.3571484333872	-1.3571484333872	5.01634948603701	-1.3571484333872	5.50319921086849	-1.3571484333872	-1.3571484333872	6.02709184954584	-1.3571484333872	-1.3571484333872	-1.3571484333872	-1.3571484333872	5.92478284940009	-1.3571484333872	5.88844551486557	-1.3571484333872
xylitol	xylitol	-1.07963627658415	-1.07963627658415	-1.07963627658415	-1.07963627658415	6.97640430157736	5.20159729866994	-1.07963627658415	5.90830777946566	-1.07963627658415	-1.07963627658415	-1.07963627658415	-1.07963627658415	-1.07963627658415	-1.07963627658415	5.96681790044062	-1.07963627658415	-1.07963627658415	-1.07963627658415	5.83947234302451	-1.07963627658415	-1.07963627658415	7.8337879043609	-1.07963627658415	-1.07963627658415	6.40889437002929	-1.07963627658415	-1.07963627658415	-1.07963627658415	-1.07963627658415	-1.07963627658415	-1.07963627658415	-1.07963627658415	-1.07963627658415	6.23680577892643	-1.07963627658415	-1.07963627658415	-1.07963627658415	-1.07963627658415	-1.07963627658415	-1.07963627658415	-1.07963627658415	-1.07963627658415	-1.07963627658415	-1.07963627658415	-1.07963627658415	-1.07963627658415	-1.07963627658415	-1.07963627658415	6.21730240526811	-1.07963627658415	-1.07963627658415	-1.07963627658415	-1.07963627658415	-1.07963627658415	-1.07963627658415	-1.07963627658415	-1.07963627658415	-1.07963627658415	-1.07963627658415	-1.07963627658415	-1.07963627658415	-1.07963627658415	-1.07963627658415	-1.07963627658415	5.94043098313819	-1.07963627658415	-1.07963627658415	-1.07963627658415	-1.07963627658415	-1.07963627658415	5.48726435990068	-1.07963627658415	-1.07963627658415	-1.07963627658415
Unknown_001	Unknown_001	-1.1860775804398	5.00032454701457	-1.1860775804398	-1.1860775804398	6.99459863942294	-1.1860775804398	-1.1860775804398	-1.1860775804398	6.5958908100028	-1.1860775804398	-1.1860775804398	-1.1860775804398	-1.1860775804398	-1.1860775804398	-1.1860775804398	-1.1860775804398	-1.1860775804398	-1.1860775804398	-1.1860775804398	-1.1860775804398	-1.1860775804398	-1.1860775804398	-1.1860775804398	-1.1860775804398	-1.1860775804398	-1.1860775804398	-1.1860775804398	-1.1860775804398	-1.1860775804398	-1.1860775804398	-1.1860775804398	-1.1860775804398	-1.1860775804398	-1.1860775804398	5.66140785127893	-1.1860775804398	-1.1860775804398	-1.1860775804398	-1.1860775804398	-1.1860775804398	6.36952765523524	-1.1860775804398	5.92488574408467	5.93297014246923	-1.1860775804398	-1.1860775804398	-1.1860775804398	-1.1860775804398	-1.1860775804398	-1.1860775804398	-1.1860775804398	6.27986432769744	-1.1860775804398	-1.1860775804398	-1.1860775804398	-1.1860775804398	-1.1860775804398	-1.1860775804398	6.21665903123637	-1.1860775804398	-1.1860775804398	-1.1860775804398	6.36034083888915	-1.1860775804398	-1.1860775804398	6.26406300358217	-1.1860775804398	-1.1860775804398	-1.1860775804398	-1.1860775804398	-1.1860775804398	5.93627739635382	-1.1860775804398	-1.1860775804398
Unknown_002	Unknown_002	-0.084239155523774	1.22884429516952	0.115168932976925	0.103881682684435	1.07082279107462	0.577946194969119	0.512103901596246	0.29952735442097	0.421805899256305	0.313949952016932	-0.222821506337154	0.678277308680161	-0.0898827806700205	0.64504262726338	-0.701275504846698	-0.461107901400884	0.345303425051634	0.167842767675226	0.113287724594843	0.234312130508791	0.525899429731514	-1.1000916818481	0.647550905106154	-1.11451427944406	0.983033066577459	0.163453281450366	-0.453583067872557	0.171605184439388	-0.197738727909393	-0.232227548247565	-0.227210992562013	0.681412655983633	0.540322027327476	0.46319248366211	-0.227838062022706	0.270682159229045	0.478242150718767	-0.13189643453652	0.455040580673089	-0.124998670468887	-0.323779689508893	0.436855566312962	-0.154470935121506	-0.0158885843081262	0.115168932976925	0.301408562803052	-0.401536302634952	-12.970516572786	0.406756232199648	0.324610132848732	0.0254980000976812	-0.20024700575217	-0.159487490807058	0.212991768845195	-0.167639393796079	0.703987156568617	-0.0252946262185369	0.762304616413161	0.594250000947164	1.11659886170529	0.286985965207089	-0.496850860660445	-0.234108756629647	0.739730115828178	0.431211941166716	0.182892434731881	0.348438772355103	0.132726877876359	0.281969409521538	0.849467271449633	0.00355056897339015	0.0969839186167985	-0.180807852470654	0.137116364101216
Unknown_003	Unknown_003	-0.294863063667115	1.38914706366179	-0.35942764470083	-0.620055311258946	0.841828963889752	0.216322564150278	0.613187420045588	0.424232361790956	1.41876384395249	-1.79939550243441	-0.966571640660074	-0.96420229823682	-0.0300890478683032	0.986951187314157	0.918240257039745	0.388099889836308	0.502420661758391	-1.04120592699263	-0.633679030192665	-2.29873441813553	-0.634271365798478	1.71493164685944	0.959703749446718	0.880923113873471	0.812804519204871	-1.53402915102979	0.890992819172307	0.493535627671182	0.806288827540919	-0.917407785377522	-0.582145832486856	-0.213120750064798	0.267855761856087	1.06454715167578	0.657020254875817	0.36559113681538	-0.264061612164792	0.689598713195582	-0.00935730166481669	-1.00033477019147	0.898693182047886	0.234684967930508	0.855452682823474	0.957334407023462	-0.418661205282219	-0.220228777334565	0.77311803361534	-12.4039798533206	-0.713052001371728	-0.102946327383413	-0.866466923277525	1.56270139616527	0.402315944375842	1.07580152818624	-0.948209236879844	0.744685924536274	-0.390229096203153	0.476950230708392	0.641619529124656	1.09890261681298	0.0605382998212223	-0.416291862858965	0.988728194131599	-0.398521794684547	0.501235990546762	1.0100522759409	0.507159346604901	1.50998352724783	-0.504549868125236	-0.614724290806621	0.39580025271189	0.85189866918859	-1.14427232240424	0.454441477687463
Unknown_004	Unknown_004	0.582005486407783	0.582005486407783	0.176413774931968	0.390529973494161	-0.321034432603762	0.411230028944282	-0.254406129123683	0.0910260462002167	0.646693159689411	0.572949212148355	-0.395425256877635	0.14083555462707	-0.346909501916413	-0.126324536026059	-0.680697896049621	-0.458172299960816	0.0612697164906677	1.20753528704114	0.0916729229330338	0.819409247351363	-0.500219287593876	0.0949073065971146	0.366595534379956	-1.16262106199776	-0.828832667864552	0.968190895899108	-0.263462403383113	0.261801503663718	0.162182486810009	1.87899333570445	-0.421947202923103	-0.000183573126881673	0.0399227843077292	-0.335912597458536	1.50703921433508	-0.013767984516022	-0.0907463157211607	-0.187130948910789	0.376298685372201	0.665452584941083	-0.286749965764498	0.681624503261492	0.0289258798498526	-0.0241180122410839	-0.020236751844186	0.365948657647142	0.045097798170259	-12.2656133040566	0.954606484509968	-0.221415415750053	-0.388309612816656	-0.367609557366535	0.323254793281265	0.443573865585095	0.318079779418735	0.805177959229403	0.782537273580833	0.740490285947775	-0.293218733092662	0.115607362047236	0.396998740822323	0.329723560609429	-0.163843386529404	0.486267729950972	0.0748541278798104	0.851753083992176	-0.285456212298866	0.133719910566091	0.57359608888117	0.678390119597411	-0.0538743419506329	1.03481919937919	-0.950445493634014	-0.551322549486361
Unknown_005	Unknown_005	0.0628736758507716	0.111632853041167	0.101367763106348	0.568429355140657	2.11460852657291	1.35755814387994	1.0316415384494	0.37467578262093	0.144994395329331	-0.0461929047066916	-0.75191783772556	-0.562013673931391	-0.0872532644459714	0.269458610789025	-0.967484726356783	-0.340031104090912	-0.288705654416813	-0.192470436277872	0.762182927660383	-0.333615422881651	-0.469627864518013	0.109066580557463	-0.680062208181824	-2.65224261190911	-1.29981701299658	-0.366976965169815	-0.754484110209268	-0.71085747798628	-0.789128788739282	0.0384940872555763	0.0320784060463105	0.481176090694686	0.141144986603774	-0.301537016835336	-0.233530796017152	-1.08553326060721	0.505555679289881	-0.936689456552322	2.34813932259006	0.169373983924531	0.519670177950262	-0.379808327588338	0.419585551085763	-0.508121951773589	-0.454230229615782	1.93753572519727	-0.254060975886794	-0.340031104090912	0.0320784060463105	0.288705654416813	0.877665189427108	-0.0397772234974258	0.0230964523533458	-0.866116963250435	-0.320784060463124	-0.641568120926247	-0.223265706082333	-0.133446169152658	0.409320461150945	-0.186054755068611	-0.178355937617496	-0.390073417523156	-0.907177322989715	-0.0346446785300187	0.663381437037739	0.214283752389369	1.62188420970155	0.0218133161114917	1.32547973783363	0.588959535010295	0.382374600072041	-0.562013673931391	0.211717479905661	0.00769881745111526
Unknown_006	Unknown_006	-1.3402669229257	1.1462098733469	-1.85095744337226	1.0564014062639	0.277046573272424	0.834924593372764	0.133961896902897	0.553321772858267	1.64700624064024	2.04657781028919	0.311295564956621	-2.68663284046663	0.590615119358835	0.125589921157872	0.583765321021999	-1.96892619250671	0.684990118666398	1.01454152753877	0.0129487929520737	-2.36621449604338	-0.136224593050201	0.946804632874469	1.34333184770704	-1.44758043020284	-0.654526000537694	0.606597982144794	1.07923406738669	0.0517643168608273	-0.624843541078057	0.583765321021999	0.74207177147339	-0.461970558402106	0.563977014715572	-1.30982337476197	-0.135463504346107	0.0312149218503093	0.471885281520292	-3.08772658752376	1.57774716856776	1.26113426766497	-0.567000799566971	-2.3296822382469	-2.14245441703996	-0.196350600673567	0.644652417349456	1.92860906115474	-0.196350600673567	-0.669747774619558	1.19796390522524	0.213115122128593	0.691839917003238	1.00769172920193	0.779365117973958	1.8768550292764	0.325756250334391	-2.56866409133218	1.1568651152042	1.04726834181478	-1.23371450435264	0.236708871955482	0.555605038970547	0.583004232317905	-0.878286079541105	0.633997175492151	0.0700304457590656	-1.81823062909625	0.346305645344909	-1.8235582500249	2.877686675159	-1.99936974067044	-2.99715703173667	0.041870163707614	-0.924712490490792	1.92252035152199
Unknown_007	Unknown_007	0.551477437000495	0.565587850058842	0.12110983872088	0.576674603176115	-0.643876126370989	0.0445104535469904	0.601871769351739	-0.362675751851053	-0.445322456907092	0.945561115987217	-0.122798729859137	0.725841826935798	-0.525953388669079	1.12294916586359	-3.38431991963158	-1.20224532882276	-0.894839901480177	0.976805602044986	0.229961596599566	0.968742508868788	0.037455247017815	1.00099488157358	0.530311817412972	-0.349573225439728	-0.215524301385422	0.976805602044986	-0.632789373253716	-2.08616191826356	-0.840414022540837	-0.505795655728582	0.955639982457464	-1.10548821070837	0.108007312309555	1.71457862766718	0.795386005580512	-1.6537785466899	-1.21433996858706	-2.05995686544092	0.66637651476133	-0.786996030248518	0.43657835923966	1.36685773444361	0.06063663989939	0.83872513140258	-0.564253081256024	0.52930393076595	0.518217177648673	2.62369238328361	-0.365699411792128	0.54442223047132	-0.301194666382536	-1.51469018940047	-0.830335156070586	-1.89163979538776	0.481933258355781	-0.103648883565662	-0.525953388669079	0.76212574622869	-0.369730958380228	0.48798057823793	-0.222579507914598	-0.320344512676007	-0.424156837319569	0.847796111225804	0.679479041172651	0.919356063164567	1.44244923297047	-0.0512387779203701	1.05340498721888	-0.644884013018015	1.21567473738988	-0.326391832558156	-0.760790977425872	-0.774901390484219
Unknown_008	Unknown_008	-1.65538052904584	5.55236556211983	-1.65538052904584	5.75418922527861	5.1446546721145	5.20696264866016	5.25640267352792	-1.65538052904584	-1.65538052904584	-1.65538052904584	-1.65538052904584	-1.65538052904584	-1.65538052904584	-1.65538052904584	3.3956291348408	-1.65538052904584	-1.65538052904584	-1.65538052904584	-1.65538052904584	-1.65538052904584	4.73050980627021	-1.65538052904584	-1.65538052904584	-1.65538052904584	-1.65538052904584	-1.65538052904584	-1.65538052904584	-1.65538052904584	-1.65538052904584	-1.65538052904584	-1.65538052904584	-1.65538052904584	-1.65538052904584	-1.65538052904584	-1.65538052904584	-1.65538052904584	5.41183398458477	4.81923094678632	5.72709880069354	-1.65538052904584	5.59638750207057	-1.65538052904584	-1.65538052904584	-1.65538052904584	-1.65538052904584	-1.65538052904584	5.51477759800804	-1.65538052904584	-1.65538052904584	-1.65538052904584	5.55338145304177	-1.65538052904584	-1.65538052904584	4.80466984357184	-1.65538052904584	5.12670726582689	-1.65538052904584	5.07252641665674	-1.65538052904584	-1.65538052904584	-1.65538052904584	-1.65538052904584	-1.65538052904584	-1.65538052904584	-1.65538052904584	-1.65538052904584	-1.65538052904584	4.3966203232592	-1.65538052904584	-1.65538052904584	5.63736176925549	-1.65538052904584	-1.65538052904584	-1.65538052904584
Unknown_009	Unknown_009	6.09693505738062	-1.23448470342871	-1.23448470342871	-1.23448470342871	-1.23448470342871	-1.23448470342871	-1.23448470342871	-1.23448470342871	6.15020700694427	-1.23448470342871	-1.23448470342871	-1.23448470342871	-1.23448470342871	-1.23448470342871	-1.23448470342871	-1.23448470342871	6.72914256478499	-1.23448470342871	-1.23448470342871	-1.23448470342871	-1.23448470342871	-1.23448470342871	-1.23448470342871	6.55944847379085	6.2955582865484	-1.23448470342871	-1.23448470342871	-1.23448470342871	-1.23448470342871	-1.23448470342871	-1.23448470342871	-1.23448470342871	-1.23448470342871	6.3213122754103	6.61836513324204	-1.23448470342871	-1.23448470342871	-1.23448470342871	-1.23448470342871	-1.23448470342871	-1.23448470342871	-1.23448470342871	7.14614550772694	4.73550159137979	-1.23448470342871	6.66528678418221	-1.23448470342871	-1.23448470342871	-1.23448470342871	-1.23448470342871	-1.23448470342871	-1.23448470342871	-1.23448470342871	-1.23448470342871	-1.23448470342871	-1.23448470342871	-1.23448470342871	-1.23448470342871	6.49876784249981	-1.23448470342871	-1.23448470342871	-1.23448470342871	-1.23448470342871	-1.23448470342871	-1.23448470342871	-1.23448470342871	-1.23448470342871	-1.23448470342871	-1.23448470342871	-1.23448470342871	-1.23448470342871	-1.23448470342871	6.72138108868963	-1.23448470342871
Unknown_010	Unknown_010	0.788172108195241	0.877380025431945	0.429841146521756	0.741694033668554	-5.28546272753397	0.330887826561716	0.182457846621654	0.321892070201712	0.872882147251943	0.179459261168318	-0.0461842941951087	-0.442747220398608	0.242429555688344	-0.543199833085317	0.168214565718313	-0.211856140491845	0.697464898231868	0.154720931178307	0.788921754558573	0.260421068408353	0.653985409158517	0.307648789298371	-0.00345445148509177	0.396856706535075	-0.07092262418512	-0.365533644975244	0.327139594745046	0.549034918291806	0.573023601918482	0.867634622708606	0.968087235395315	0.520548356485127	0.200449359341659	0.968087235395315	1.08952994625537	0.504805782855122	0.351877924735058	0.145725174818303	0.582769004641821	1.04005328627535	0.806163620915247	-0.280073959555208	0.577521480098484	0.11199108846829	-0.588178614885338	-5.22998889664729	-0.349791071345237	-5.25172864118396	0.597761931908494	1.20722442529875	-5.23823500664396	-0.00345445148509177	-0.236594470481856	0.258172129318351	0.0167860003249175	-0.288320069551877	0.182457846621654	0.785173522741906	0.548285271928474	0.290406922941698	-0.0019551587584253	0.0287803421382545	0.111241442104955	0.67497550733186	0.655484701885186	0.342882168375053	0.669727982788524	-0.157881602331823	0.0962485148382827	0.471071696505107	-0.0664247460051179	-0.0626765141884504	-0.873793879315458	0.0820052339349447
Unknown_011	Unknown_011	-0.099978014526036	-0.258559000861671	-0.217099919466734	1.25987985522792	0.641103065408473	0.710547026744994	1.07745989709019	2.82496017788681	1.89627675464021	-0.823438984867697	0.00470616599618049	-0.794417627891238	0.110426823553272	-1.56244711073246	0.0358004770423849	-1.13852800346922	-1.09292301393479	-1.63085459503411	-1.6039061921274	-0.963363384575609	0.283518488377138	-0.905320670622699	-1.21419082701498	0.198527371517515	-0.367389089523382	0.215111004075488	0.152922381983083	0.567513195932461	1.23396792935608	-0.0854673360378085	-0.464817930801487	-1.61323448544126	-1.60079676102278	1.09715296075279	1.57600535086432	1.15934158284519	0.91162357151044	-0.215026965396988	0.635920680234107	-0.0222422369105287	0.176761353785172	-0.713572419171111	0.484595033142584	-0.439942481964524	-1.22973798253808	1.76671712528103	-0.972691677889471	-0.2222823046411	-1.43081452730353	0.999724119474683	0.00366968896130947	1.01734422906753	1.24329622266994	0.412041640701443	0.256570085470428	-0.96958224678485	-0.865934543297509	-0.838986140390799	-0.117598124118884	-0.0512635938869837	-0.892882946204218	-0.0947956293516698	0.196454417447769	0.437953566573281	-0.211917534292368	-0.226428212780595	-0.104123922665531	2.07040489649895	1.48479537179545	-0.542553708416994	0.65250431279208	-0.824475461902568	-0.313492283709964	-0.0585189331310993
Unknown_012	Unknown_012	0.183102131525815	1.35782548720754	0.392086065520022	0.86716755522114	-0.372457643315932	0.246705937524051	-0.351689053602222	-0.14205610117946	1.38962739020666	0.589387667800267	-0.812492137875165	-0.158930580321849	0.139617896812734	-1.50629283799879	0.331078333235998	0.356390051949583	0.0623847038148746	-1.15712092343704	-0.246548068176565	0.208413850239397	1.12872198192818	0.875604794792336	0.539413248801653	-0.00121910218336423	-0.125181622037071	0.227884403096001	0.582897483514734	-0.216693220463105	-0.207606962463357	-0.224481441605746	-0.458128075884985	-0.432816357171402	0.634818957799008	1.13391412935661	-0.134267880036818	-0.789776492875795	-1.29276577500471	0.119498325527576	0.969712466932584	1.16311995864151	0.157790412812229	-0.196573649177949	-0.0778032767526693	-0.432816357171402	0.0682258696718558	-0.06092879761028	-1.4881203219993	-11.7997251148564	0.862624426221267	0.660779694941147	0.64455423422731	0.530976009230457	-0.346496906173795	1.09562204207195	-0.240706902319584	0.0747160539573889	0.708807058654101	-0.713841336735041	-0.137512972179585	0.399874286662663	0.36158219937801	0.119498325527576	-0.536659305739952	0.277209803666063	-0.0771542583241151	0.581599446657628	-0.0447033368964449	1.40974696149182	1.34938824763635	0.902863568791579	-0.804703916732524	0.288243116951471	0.734767795796238	0.860028352507053
Unknown_013	Unknown_013	0.649885459489842	-0.44163026793638	-0.190804842743986	0.548917597653922	-1.49063321143168	0.396934395100904	1.05056844803871	0.536163762474648	2.01985992166355	0.043015468876041	0.812496858025587	0.497902256936823	-0.371484174450369	1.22274522295891	0.148234609105054	1.28757721845356	-0.15573179600098	0.603121397165836	-0.0760203261305168	0.526598386090191	-1.54271137174705	0.857135281153049	-1.18347834753083	-0.484143051867293	0.0366385512864074	0.965542880176881	-0.0207537070203288	-0.462886659901836	0.28002423929089	-0.826370962511151	-0.299212441767817	-0.406557221193374	-1.19198090431701	0.679644408241481	0.320411384025259	-0.0143767894306915	-0.44269308753465	0.80611994043595	-0.590425011694576	-0.45757256191047	-1.82223292609282	0.912401900263237	0.255579388530615	0.359735709161353	-1.11970917163446	0.798680203248042	-0.372546994048643	-2.89355508115185	-0.0186280678237843	-2.609782248413	-0.996422098234808	0.501090715731642	-0.615932682053126	0.865637837939231	-0.0111883306358728	1.1525991294729	0.890082688699506	0.847569904768593	-2.54069897452526	-0.26732785381963	0.510656092116098	-0.374672633245188	0.294903713666709	-0.259888116631719	-0.625498058437582	1.52671162806495	-0.383175190031373	0.514907370509191	0.611623953952018	0.647759820293298	-0.662696744377132	1.02824923647498	-0.704146708709775	0.919841637451149
Unknown_014	Unknown_014	0.17541072613736	-0.297572571335409	-0.451902802200937	-0.908231758213401	-0.133249735593695	-0.148793787623316	0.467416846408111	0.243138381409283	1.44558183484358	0.678371838238687	-0.81163657774361	-0.0533088965842139	0.328630667572204	0.441880189502304	0.328630667572204	1.53329469986788	-1.16470861670216	-0.379733989206268	-0.78387934197643	0.798283096752911	3.3519487873336	-0.369741384330082	-0.428586724156507	-0.494093800567053	0.00775702210358491	1.34565578608173	-1.50667776135383	0.203167961904544	-0.0954998949503299	0.676151259377313	1.39228794217059	-0.210969995741804	-0.209859706311115	1.55661077791231	0.931517828435383	-0.321998938810531	-1.47336907843321	0.165418121261175	-0.521851036334237	0.0177496269797706	-1.62769930929874	0.112124228588188	-1.06367227850962	-0.0966101843810145	0.177631304998738	-0.343094437993587	-0.932658125688518	1.40339083647747	1.0525393763803	-1.40564142316129	0.648394023610134	-0.769445579377493	-1.18247324759315	0.623967656135012	-1.17470122157834	-0.519630457472859	-0.12769828844026	-0.159896681930191	-1.18469382645453	-0.168778997375688	0.0155290481183973	-0.600681585913029	-0.812746867174298	-1.13028964435085	-0.492983511136368	1.18577410806276	-0.504086405443238	1.64099277464454	-0.581806665591347	0.514049002496973	0.19206506759767	0.450762504947801	0.878223935762396	0.660607207347693
Unknown_015	Unknown_015	-0.362213063143576	0.90109118130386	0.425892634640176	-0.48247215480539	-1.19818888479271	0.204055475264012	-0.586385350513176	0.179536631332961	0.69092966189486	0.420054814656594	-0.463791130857926	0.321979438932394	-0.426429082962992	0.566000314246177	0.15852047939206	1.16029038857496	0.207558167254158	0.117655739506976	-0.58054753052959	0.739967349756962	1.50121907561623	0.81002118955996	-0.289824095347141	-0.948330189495342	-0.559531378588694	0.759815937701145	-0.499985614756141	-0.531509842667492	0.0160776717926265	-0.173067695675473	0.834540033491011	-1.14681606893717	-2.16376431007739	1.32958716809888	-0.558363814591975	0.564832750249459	-1.21570234474346	0.710778249839043	-0.851422377767861	0.483103270479292	-0.506990998736441	0.753978117717558	-0.217435127550706	0.420054814656594	-0.132202955790389	-0.199921667599956	0.00790472381560809	-0.606233938457359	0.688594533901428	-2.32372057762758	-1.14681606893717	0.126996251480709	-0.961173393459225	1.78376956282166	-0.128700263800239	0.456249298554809	0.818194137536979	1.08790142077853	-2.66698439266228	0.569503006236327	1.03769616891971	0.326649694919258	-0.023619504095739	-0.867768273721893	0.185374451316543	1.33425742408575	-1.03823261724252	0.707275557848893	-0.195251411613092	0.404876482699275	0.150347531415041	0.171363683355942	-0.842081865794124	0.760983501697859
Unknown_016	Unknown_016	1.53974287741287	-0.0108376382941218	-0.126705193313981	0.206130038262683	0.400378586384217	1.70672847141208	-0.628797931733386	0.956997233048261	-0.232349140537973	0.156147955705094	-2.13053232130455	-0.726490184005038	-0.447044904251248	-0.394790908850135	-1.45463825035535	-0.143744539640432	-0.556096720740531	-0.324361610700809	-0.100578195613424	-0.501570812495892	2.20541334056619	-0.743529530331488	-0.849173477555481	1.36026176277425	0.675280040450951	-0.0653635465387612	-1.12634684446574	-1.08999623896931	0.118661393786902	0.156147955705094	-0.114209672674585	-0.573136067066982	0.746845295022041	1.59994856776633	0.926326409660653	0.885431978477171	-0.583359674862853	1.55905413658284	1.14102217337393	-0.209630012102707	-0.26756378961264	-0.26756378961264	1.41251575817537	0.192498561201522	1.26256951050261	0.453768538207095	-0.310730133639648	-1.88970955989072	0.106165873147506	0.0482320956375765	2.14407169379097	-0.98094442248003	0.385611152901291	-0.904835342221885	0.137972652956879	-0.949137642670654	-0.159647929545122	0.00392979518880374	0.0130174465629096	-0.180095145136859	-0.00402189976354142	-0.646973234481602	-1.18996040408449	-0.00515785618530214	-0.575407979910512	-0.590175413393433	1.00811527202761	-0.261884007503825	0.336765026765467	-0.153968147436303	-0.877572388099563	0.277695292833773	0.399242629962452	-1.1740570141798
Unknown_017	Unknown_017	-0.476459684858367	0.755813623117601	1.00610551228186	0.0398218426163476	-2.09943252713952	-3.04042537873618	1.09157103541112	-2.25030533837791	1.28343241386457	0.489823984807148	0.964244847892022	0.00406585845002718	0.570056924887677	1.06802441169184	-2.27297986492241	-0.0369227087650267	0.0581358832869041	-2.96193663300522	0.436626057145058	0.921512086327392	0.818604619702363	1.22674609750332	0.386044421007332	0.707848278504241	0.133136240318706	0.968605333765963	0.0424381341407128	0.217729666273176	-1.27442859978972	0.452323806291249	-2.63664438680916	0.590115159907809	-0.344773011465323	0.714825055902547	-1.34158008224843	-0.315121707522519	0.979070499863424	-0.374424315408126	1.03662891339946	1.18837382181263	1.26773466471837	-0.995357503857446	-0.0125039878709535	0.242148387167252	0.561335953139795	-1.22035857495284	0.497672859380244	0.823837202751093	0.861337381266993	-0.00639930764743366	0.961628556367657	0.301450995052859	-0.5488437503658	-0.46425032441133	0.135752531843071	-2.40728282983982	-0.0857601505531763	0.131392045969127	-0.151167438662303	0.137496726192647	-4.22560543927357	0.70261569545551	-0.65611170286477	0.584882576859079	0.478486721534898	0.272671788284845	-0.282854112055347	0.821220911226728	0.784592829885618	0.699999403931145	0.608429200578366	0.593603548606964	0.464533166738286	0.39738168427958
Unknown_018	Unknown_018	-0.342039532619803	-0.406184257778774	-0.103926537711494	0.761055362159497	-1.85818758183188	0.329536301999137	-0.565574180901071	1.15369883131442	1.24408458040206	0.862131898773638	0.838806544170374	-0.123364333214216	0.138074016297356	-0.564602291125934	-4.04299579633749	0.693023077899984	-0.909623161299196	0.584171423084755	-2.78439853753644	-0.245822444881343	1.12551402783548	-1.18952741653835	-2.50449428229729	0.266363466615302	-0.118504884338534	0.592918431060979	0.685247959698893	-0.0077094499730352	1.05359418447542	-1.16523017215995	1.17993985524309	-0.838675207714271	0.136130236747085	-0.139886459391527	1.14981127221388	0.358692995253216	-0.00965322952330947	1.0098591445943	-0.433397171482583	1.39667127509841	-0.974739776233305	1.13717670513711	0.280941813242339	0.150708583374121	-0.257485122182975	0.195415513030378	0.380074570306206	0.359664885028353	-1.32559198505738	-1.64728750062738	0.174033937977385	0.139045906072493	0.315929845147234	0.383962129406751	0.85144111124714	0.843665993046053	1.03124071964729	0.714404652952973	-1.36738324538823	0.301351498520194	-0.205974964100769	-1.01069969791333	1.09927300390681	0.49670134332252	-0.670538276615754	-0.970852217132763	-0.401324808903095	1.0827508777295	-0.107814096812039	0.205134410781735	-1.3314233237082	1.5667519857472	0.49670134332252	0.85921622944823
Unknown_019	Unknown_019	-1.77666904826597	0.78265166186789	1.54706780353333	-2.13981004980545	2.11127971761973	-0.362239180694531	-1.52533040758232	-1.62673254882365	-0.52604263962284	1.20992735103009	-2.20394473742817	0.133504620929771	0.668249246108434	0.764451277542521	-0.682912618808154	0.816452375615	0.145638210480016	0.546046665638106	0.424710770135657	1.04525720713391	0.431644249878654	0.890120597884346	1.04612389210178	-0.74011382668788	-2.45788343301545	1.0625909064914	-0.851916187543712	-0.260837039453195	-2.41628255455746	0.961188765250068	0.545179980670234	0.774851497157018	-2.34174764732024	1.13539244379287	-1.85293732543894	0.0104353554915708	-0.400373319281016	0.153438375190888	-0.52604263962284	0.718516974245164	0.422110715232033	0.838119499811868	-2.48561735198743	1.19432702160835	0.563380364995602	-1.57646482068692	0.828585965165244	0.844186294586989	1.01058980841892	1.3737308099584	-0.350972276112162	-1.28612535644891	-1.72033452535411	0.933454846278079	-0.452374417353494	-0.433307348060253	0.92652136653508	0.642248697072193	1.45433251197075	0.681249520626554	0.474111813304511	0.559046940156227	-1.42392826634098	-0.916050875166435	1.32519645175742	0.546046665638106	-1.51319681803207	-0.0406990576130348	-0.428973923220881	0.00523524568432263	1.45433251197075	-0.323238357140173	0.560780310091978	1.08079129081677
Unknown_020	Unknown_020	1.75096907919512	-0.0937869468315892	0.41507165810604	-0.522239000198934	1.70617114332024	0.347300421782517	0.0406068607930222	1.74752308412782	1.28690841013236	-0.596902226657052	-0.228180754456196	-0.355682571946212	-2.08901809079696	0.284123845548726	-0.215545439209439	0.292164500705756	-0.505009024862445	-0.567036936073806	0.300205155862781	-1.6709040226315	1.48103279892346	-0.351087911856484	0.232433919539263	-0.709471398855443	1.25129979443695	-1.43427902801039	0.792982450486355	0.186487318641957	1.40981556753264	-1.21258667868091	-0.0696649813605043	0.794131115508785	-1.90523168720775	-0.00993440019401129	-0.360277232035944	-0.256897380017013	-0.339601261632157	-0.205207454007546	0.699940583669318	-0.26953269526377	0.287569840616024	-0.561293610961644	0.183041323574659	-1.56982150065744	-0.308587306026476	0.948052228514749	0.933119583223128	-1.74901324415692	0.239325909673858	-1.19191070827712	-0.899001127556815	1.28920574017722	-0.207504784052414	-0.0386510257548238	-0.16615284324484	0.353043746894683	-0.409669828000544	-0.241964734725388	-1.26772259975767	-0.0202723853959048	-0.583118246387861	-0.516495675086772	1.27542175990803	0.137094722677357	0.733251869319862	0.758522499813377	-0.449873103785684	0.65629131281688	0.304799815952513	0.784941795329326	-0.822040571053837	0.380611707433061	0.0877021267127579	0.600006726717685
Unknown_021	Unknown_021	0.96123054392488	1.08125460617252	1.22144271087776	1.47781410783872	-0.684539397614756	0.20555904801374	0.388955815128133	-0.352312793313289	-4.50226476958768	0.452328519994889	-0.228447961073727	1.09949826363416	0.294856950325984	-0.614445345262134	-1.55639418578161	-1.09454159425269	1.16095058350495	0.392796585120059	2.00688017422632	-0.412804920686098	-0.0469715789552954	-0.648052082691473	-0.187159683660536	-1.17519776408311	-0.7383101775017	-0.273577008478837	-1.18960065155282	0.0768932532842702	-0.647091890193494	1.1177419210958	-0.116105438809935	1.73802627479161	-0.0738569688987654	1.5757537426328	-0.526107635447872	-1.24241123894179	-0.325427403369819	-1.01484561692026	0.785515316794335	1.60263913257627	-0.44737185061342	1.06397114120886	-0.269736238486914	-0.962035029531301	-0.991800996968714	0.604999127173886	-0.644211312699551	-0.74695190998353	1.03228478877548	0.885375336584371	0.277573485362324	-1.94719253245993	-0.365755488285024	-0.408964150694176	-0.881378859700887	0.544506999801077	0.0346447833731005	-0.328307980863762	0.858489946640901	0.0125603559195351	1.04284690625328	-0.520346480459985	-1.56023495577354	1.23968636833941	0.729824151911431	-0.479058203046798	1.50085872779027	-0.444491273119476	0.569472004748586	1.09277691614829	-0.0690560064088608	-0.357113755803194	0.715421264441713	-0.770956722433057
Unknown_022	Unknown_022	-1.65593657436779	-0.394413622728443	1.16941729011982	0.475743076426941	-2.30712426378267	0.0296345715078436	0.240433095810274	1.87044494070698	-2.19682271036861	0.266578649212125	1.46028657171543	-0.0553384770481743	-0.300453040190536	-0.181981001338395	0.264944552124511	-1.45004034132821	-0.0267417780148987	0.781319231811083	1.06646917360003	-1.29561816654852	-1.20492577818585	-1.54400092386612	-0.228552768335443	-2.26627183659227	-2.37493929291872	0.842597872596676	-0.0692283022929105	0.352368746311952	1.26337787265773	-0.235089156685908	1.58447795037422	-2.2687229822237	-0.710611409182086	-0.918141739309287	0.043524396752577	1.31485193091762	0.898157173575609	-0.454875214970224	-3.26143696295026	-0.668941933447886	-0.592956418873754	1.65801231931693	-0.0626919139424454	1.1563445134189	0.461036202638398	-1.29561816654852	0.608921989067624	0.0296345715078436	-0.369902166414206	-2.66008923470767	-0.937750904360676	1.08199309593238	1.42270233870026	0.148923658903793	0.914498144451766	1.70785228048921	0.3262231929101	1.90966327080975	-0.67139307907931	0.572971853140077	0.704516668693145	-2.42069401137196	1.05503049398672	0.662847192958942	0.304979930771096	0.281285523000668	-0.802120846088569	1.12611371729801	1.42842167850692	0.761710066759696	0.79766020268724	1.291974571691	0.130948590940019	1.41453185326218
Unknown_023	Unknown_023	0.695625985910429	0.403661206783788	-0.129270136774887	-0.113970672366503	-2.65240680879072	1.19285857918288	-0.742523668477575	0.228992321454748	0.447009689274209	0.584704868949653	-1.59419385387756	-0.564029917046439	-0.196842771245246	-1.57761943410181	0.200943303372714	0.412585894355346	-1.46287345103894	0.491633127131989	-1.09441134987038	-1.13011010015661	0.764473575748155	0.803997192136477	-0.504107014780271	-0.648176971292544	0.71220040568618	-0.579329381454822	0.359037768926004	-0.307763888206023	0.0594232575951702	-0.538530809699134	0.514582323744564	-0.391910942452128	-0.664751391068295	0.792522593830189	-0.142019690448541	-0.482432773535063	0.0364740609825948	0.869019915872107	-1.64901693467427	0.356487858191275	0.509482502275106	1.37900206281821	1.01436482775174	0.0785475881056497	0.0912971417792997	1.14568523059037	0.26596602710834	-0.269515227185064	0.839695942422707	-1.08548666229883	0.00842504290056124	-0.0412982164266855	-0.177718440734767	0.147395177943371	0.826946388749052	-1.0829367515641	0.68032652150205	0.714750316420909	-0.117795538468599	0.871569826606836	0.292740089823011	0.00587513216583215	0.568130449173907	0.287640268353553	-1.20278255609643	0.0887472310445706	-0.138194824346445	0.533706654255044	0.18564383896433	-0.766747820457512	-0.659651569598832	0.88686929101522	0.264691071740977	1.09468701589576
Unknown_024	Unknown_024	-1.24173416510411	6.12749054839873	6.41934799518058	-1.24173416510411	6.16335736715987	-1.24173416510411	-1.24173416510411	-1.24173416510411	-1.24173416510411	6.5540243832739	-1.24173416510411	-1.24173416510411	-1.24173416510411	-1.24173416510411	-1.24173416510411	-1.24173416510411	6.227003388687	-1.24173416510411	-1.24173416510411	-1.24173416510411	6.79665286312869	6.60923115332781	-1.24173416510411	-1.24173416510411	-1.24173416510411	6.69995310666483	-1.24173416510411	-1.24173416510411	-1.24173416510411	6.58391339890818	-1.24173416510411	-1.24173416510411	-1.24173416510411	-1.24173416510411	-1.24173416510411	-1.24173416510411	-1.24173416510411	-1.24173416510411	-1.24173416510411	-1.24173416510411	5.90701510366111	-1.24173416510411	-1.24173416510411	-1.24173416510411	-1.24173416510411	-1.24173416510411	-1.24173416510411	-1.24173416510411	-1.24173416510411	-1.24173416510411	-1.24173416510411	-1.24173416510411	-1.24173416510411	6.68694259397696	-1.24173416510411	-1.24173416510411	-1.24173416510411	-1.24173416510411	-1.24173416510411	6.21258633408693	-1.24173416510411	-1.24173416510411	-1.24173416510411	-1.24173416510411	-1.24173416510411	-1.24173416510411	-1.24173416510411	-1.24173416510411	-1.24173416510411	-1.24173416510411	-1.24173416510411	-1.24173416510411	-1.24173416510411	-1.24173416510411
Unknown_025	Unknown_025	-0.237395595304321	-1.10848643324918	-1.44816227233394	0.777499612472042	1.98248105623257	-0.708478875786835	-0.479548930710244	-0.672114552381167	2.50397851234567	-0.602691753152165	0.937006758319628	-1.59527248974778	1.42792512429614	2.87175405588027	-0.984517148911676	-0.461366769007412	-0.80104260809217	-1.19609139418102	-1.95313049053537	0.800640545548375	1.05436434749246	1.26759151655297	-1.99775943289687	0.907254130078629	-0.571286201119998	-0.91178850210034	-0.688643790292834	-0.689470252188418	1.91884349027266	-0.0737561399788165	0.81386393587771	-1.09443658102426	2.00727491310008	2.07752417422466	1.45933067632831	0.825434402415876	-0.0993764587418996	0.564272443411534	0.994032629114882	-0.748975508670419	-0.231610362035237	1.1122166801833	-0.0398712022598986	-0.888647569024007	-1.2762581980526	-0.252271909424822	-1.20848832261477	-0.00268041695864906	-1.05889871951418	1.08907574710697	1.69404585467398	-0.863027250260924	0.151041495619855	1.43205743377406	0.746094060439874	0.179967661965273	-1.71758885029411	0.16426488594919	-1.33658991643018	-1.36716900656677	-0.928317740012007	-1.78535872573195	-0.615915143481498	-0.76385182279092	-2.2200776828088	1.5543737943204	-0.474590159336744	1.27502967361322	0.0907097772422728	-1.76056486886445	1.48081868561348	1.12791945619938	0.123768253065606	0.503114263138367
Unknown_026	Unknown_026	-0.120746602224044	0.266969536343199	0.0985077206775189	3.22732616640792	3.71662731944693	4.46327717581442	3.86392559043099	3.68107256438181	1.01446593449795	-0.751420233736258	-0.356931760870901	-0.384021098063372	-0.621052798497491	0.117978181784607	-0.615973547773903	0.46421377277588	-0.348466342998252	-0.379788389127046	-0.0665679278391017	1.22948754846319	0.263583369194139	0.24919215881064	0.0443290462925768	-0.537245161558284	-0.0293200891994536	0.0968146371029904	-0.0479440085192762	0.123057432508196	0.0748045506341078	-0.261272538909985	-0.621052798497491	-0.163920233374543	0.393104262645643	0.404109305880083	-1.27204343290406	-0.87924804361323	1.04409489705221	-1.04093752498079	0.282207288513965	0.62251708699438	0.0942750117411961	-1.50992167512545	-0.602428879177669	-1.37278190558856	-1.04009098319353	0.276281496003111	-0.529626285472901	-0.88263421076229	0.349930631495141	0.621670545207117	-0.316297755082192	-0.161380608012749	-0.747187524799935	-0.467828735002579	-0.229103950993928	-0.990145017744909	-1.45489645895324	-0.184237236268897	-0.351005968360046	-0.497457697556844	-1.39563853384471	-0.638830176030051	0.11120584748649	-0.146989397629249	-0.22402470027034	-0.433120521724725	-0.77343032020514	-0.422962020277548	-0.436506688873782	-0.38232801448884	0.223795905192697	-1.07310611289685	-0.534705536196489	-1.12220553655821
Unknown_027	Unknown_027	-1.79342971522972	0.590055822995262	0.879715523821214	-0.117265579783542	1.15944403490456	0.289913199663226	-1.60363364459329	-1.82708541380188	0.267292156360628	0.510054572290951	-0.533272083445959	-0.258509167233911	-0.0510576481661805	0.765506841781268	0.0366678612268218	0.329086225870166	-0.124438105708757	1.24496261324366	0.918336817264675	0.883025920402082	-0.0317470014444503	0.950889050309877	0.721368220703027	-0.0146432857766327	-1.65659998988718	0.443294907910113	-0.768861973451067	-0.14264528690353	-0.785965689118885	-0.207749752993936	0.244671113058029	0.950889050309877	-0.849966689682333	1.33765371750796	-0.142093554140053	0.247429776875421	-0.00691902708794101	0.366604053786669	-9.73727804378605	0.446605304490979	1.20523785427324	0.165221595117197	-1.04859048453442	0.879163791057737	0.629228849202201	-9.73727804378605	0.859301411572528	0.963578903869871	0.834473437216019	0.603849142082211	0.58233156430657	-0.0626440361992191	-0.642515170614602	0.628125383675244	0.175704517623279	1.6427619357113	1.42537922690096	1.45517279612878	1.02923510272375	0.700402375690862	1.01764871469072	0.652401625268276	-0.825138715325824	-0.367752254402557	1.16165096595848	1.48993196022789	-0.80417287031366	-0.0449885877679229	-0.212715347865236	0.847163290776013	0.372673114184928	0.273912949522364	0.368810984840581	0.852128885647315
Unknown_028	Unknown_028	-0.160879108071377	-0.511102038760101	-0.76450853428247	0.127886433337835	0.652378947325997	-0.617179176420626	0.858640048332579	0.77360996179517	0.920939319657013	-1.02465008616424	0.221335340324491	0.107681264259639	-0.921940476683412	-1.12483404951029	-0.830175333786605	-0.494264397861605	-1.33025326847195	-0.387345378156151	-0.473217346738483	1.06237550320438	0.239014863267912	-0.819230867202584	-1.0844237113539	0.300472252547424	1.02364892913784	-1.28563352009093	-0.275375066181151	-0.398289844740175	0.419177620881822	-0.962350814839801	-0.382294085886602	-0.187819333508971	-0.841961682415555	0.164929243314528	4.51325000535121	3.86331706666925	1.04301221617111	0.448643492454191	0.000762244554188122	-0.615495412330778	0.290369668008326	-1.08189806521913	0.0984205617654666	-1.26627023305766	-1.26963776123736	-0.223178379395812	-0.398289844740175	3.01301620129518	-0.213917676901639	1.10952089772017	-0.532990971928146	0.418335738836896	-0.203815092362541	-0.939619999626834	0.0192836495425358	-0.432807008582093	1.05816609297976	0.332463770254568	-2.06942570391594	1.37976503414104	-1.26121894078811	-1.12146652133059	-0.570875663949762	-0.962350814839801	0.503365825374305	0.938618842600435	-1.81601920839357	0.883054627635398	-1.4203346472789	0.546301809665469	-0.80828640061856	1.19960227652713	0.415810092702122	3.13845662598898
Unknown_029	Unknown_029	1.27631746723426	0.783378691389151	0.0862828688957507	1.53442274900723	0.0968609542143169	-1.19366545465056	-0.221539413874477	1.51644000396567	0.966379567400318	-0.840357405010501	0.45651585504551	-1.07519089908263	-0.272314223403585	-0.617159804788788	0.0270455911117885	0.0968609542143169	-0.256447095425737	-1.02441608955352	-0.663703380190472	-0.39607782163079	-2.7348924855654	-1.82835057376442	-1.22857313620182	0.0185831228569378	0.229087020696373	-0.918635236367877	0.509406281638329	0.783378691389151	1.15043825194334	-0.162302136090515	-0.142203773985244	0.30101800086261	0.660672901693803	0.0270455911117885	1.15466948607077	-0.588598974428663	0.695580583245067	0.193121530613251	1.60846934623718	0.649037007843383	-0.895363448667036	-0.301932862295568	1.65501292163887	-1.01701142983053	-0.237406541852324	0.812997330281134	0.377180215156273	-2.29167071071755	-0.585425548833093	1.11341495332836	-0.196152009109921	0.901853246957075	0.809823904685564	-0.132683497198535	0.535851494934743	-0.66476118872233	-1.5205282909942	-0.322031224400838	0.00483161194280594	0.487192302469347	-0.555806909941114	0.119074933383299	0.0608954641311949	1.05523548407626	0.138115486956716	-0.459546333542176	1.22448484917329	0.823575415599696	1.90254011809328	-0.707073529996587	-1.03816760046766	0.749528818369744	-0.7747732760354	-1.72785876323806
Unknown_030	Unknown_030	-2.05057704053239	-0.269962132699619	0.865105925241953	-1.67862965737629	0.920565276607176	-1.89972760481898	-1.51299106129883	-2.55636632498323	0.547138977414673	0.797815245585481	-1.67567182530348	1.21560902587017	1.04627313970168	-1.25418075492778	-0.300279911445941	1.21043281974274	0.87176104740578	1.15867075846854	0.711298657455735	1.56759104253478	2.53702050439889	1.0995141170123	0.992292704372866	-2.33157108744952	-2.15705899515362	1.03000506330122	-1.52186455751726	-1.08114757866828	-2.28054848419352	1.71770102022999	0.649184183926685	0.760102886657131	-3.0458875330336	1.01669481897356	-1.76070949739682	0.519779030741163	0.207727747059506	1.12243731557659	-1.33478167891191	1.25701867488953	0.608513992925519	0.794117955494467	-2.64510128716758	0.658057680145118	1.00486349068232	-0.93103760097308	1.12095839954018	0.704643535291908	1.94915137992752	0.731264023947213	-0.600499866836349	-0.667790546492821	-2.0535348726052	1.02926560528302	-2.0025122693492	1.18455178910564	0.68541762681863	1.2252219801068	0.726087817819794	0.496116374158668	0.695770039073472	-0.420072110394823	-1.19428465545334	-1.01163852495721	0.792639039458062	1.57720399677142	-2.41808767557927	0.799294161621889	-0.433382354722477	0.542702229305455	0.214382869223333	-0.496975744287932	0.607035076889114	1.61787418777259
Unknown_031	Unknown_031	0.611745855470468	-1.27519948462422	-0.304234895714573	0.293089523202822	-0.725361107378091	0.44679434229663	1.5127310145488	1.07286031275189	1.65019060886033	-0.995281765298919	0.588002834634842	-0.665378738951237	-0.554161430826453	-0.259248119394433	-0.507925021830756	-0.481682735644007	-0.951544621654339	-0.591650411093236	0.0294170286597907	-0.377963223572575	-0.465437510861733	-0.874067395769659	-1.24770756576192	0.80293965483106	0.586753201959281	-0.532917675341943	0.852924961853435	0.389311239220894	0.416803158083203	-1.10774870609926	0.972889698707137	-0.776596047076027	0.123139479326745	0.326829605442928	0.789193695399903	0.601748794065994	0.730460959648615	0.298088053905062	-0.101794402273947	0.764201041888715	0.194368541833629	-0.422949999892715	1.32403648053933	-0.64038608544005	-0.979036540516649	1.35277803207719	-0.166775301403035	1.06661214937409	-0.542914736746417	-1.39391458880237	-0.521670981261908	1.65643877223813	0.671728223897322	-0.340474243305796	0.376814912465303	0.966641535329341	-0.226757669829889	-0.110541831002865	-0.745355230187039	-0.875317028445216	0.314333278687332	-1.12024503285486	1.64894097618477	-0.422949999892715	0.550513854368058	-0.129286321136256	-1.21771638154849	0.0394140900642648	-0.806587231289449	0.345574095576315	-0.249251057989959	0.94164888181815	-0.796590169884975	-0.805337598613893
Unknown_032	Unknown_032	-0.117726561149491	0.664759723313098	-0.315099016953726	-0.197312228812489	1.16455771623672	0.108296735013421	0.00133359767435117	-0.411238503490627	0.645659163073978	0.0904695454569086	0.222900096448137	0.610641469302259	0.070732299876486	0.937897734732504	-0.688196626957857	0.965911889749879	0.60745804259574	0.631015400223987	-0.347569969360228	-0.0820721820364702	0.166235101072082	0.792733476915198	-0.111359707736453	0.831571282734741	0.972915428504223	-0.408055076784108	0.888872963452099	-0.159111108334251	0.258554475561159	-0.18139509527989	0.693410563671776	0.080282579996046	0.405628789402379	0.410085586791505	-0.154654310945122	0.619555064080515	-0.332926206510237	0.805467183741277	-0.174391556525547	0.559706641997942	0.445739965904529	0.338140143224156	-0.433522490436266	-0.234239978608119	-0.711117299244801	0.413905698839329	-0.0578781390669188	-12.6948087932683	0.227356893837264	-0.0114001091517281	0.285931945237231	-0.907853069707729	-0.57805006291227	0.161141618341651	-0.0833455527190774	-0.262254133625495	0.951904812241193	0.318402897643733	-0.428429007705835	-0.148287457532083	0.514501982765359	0.264921328974199	-0.683103144227425	0.0592719637330139	0.00833713642869671	0.594087650428356	-0.532845403679686	0.215259872352489	0.729701628126104	-0.156564366969034	0.222900096448137	0.813744093178228	0.199342738819889	0.633562141589203
Unknown_033	Unknown_033	-0.250443562675809	0.521241444793988	-0.00277438798111052	-0.0366659592551217	0.978125896007104	0.360256481242434	-0.382751042841663	-0.0418800471434306	0.901218099654541	-0.114225516593725	0.508206225073215	0.417611448013839	-0.000819105022994402	0.831479674148402	-0.360591169316346	0.909039231487005	0.516027356905679	0.14973768275194	0.488001634506017	0.18493277599803	0.453458302245966	0.753920116809799	0.528410815640416	0.653548924959843	0.814533888511397	0.0754369303435319	0.982688222909376	0.314633212219726	0.140613028947399	-0.192436834918367	0.62943376847641	-0.195043878862523	0.189495102900299	-0.0255860224924645	-0.459658839194227	0.398058618432677	0.295732143624604	0.536883708458917	-0.312360856349485	0.292473338694412	0.222083152202234	0.235770132909047	-0.910677441532994	-0.528093742728288	-0.427070789892292	0.484742829575824	0.00895730976758619	-12.4716138118871	0.029813661320824	-0.19113331294629	0.693306345108202	-0.0171131296739605	-0.804440400808689	-0.301280919586828	0.00113617793512172	-0.455748273277994	0.807364517664969	-0.114225516593725	-0.255005889578081	-0.0555670278502434	0.336793085745043	0.119756677394161	-0.550905377239642	0.393496291530408	-0.148768848853775	0.647683076085494	-0.160500546602472	0.407183272237221	0.871888855282799	0.390889247586252	0.0161266806140112	0.705038042856897	-0.0562187888362829	-0.37362638903712
Unknown_034	Unknown_034	-0.923825690037892	0.719890358648318	0.0135520183090124	0.149531591850268	1.05858022237608	0.57698589941746	-0.504555338285684	-0.592060711999735	0.535436585279853	0.370498398854812	0.509625647709521	0.0223655091866861	0.422120273995472	1.02647393417884	0.132534145157612	0.894271571013725	1.02017858355193	0.650641501752306	1.16245350772009	0.485073780264573	-0.285477136469215	0.41960213374471	0.594612881172808	1.56472641277964	1.34061193046165	-0.284847601406523	1.05165533668648	0.0651738934496729	-0.82750682544617	-0.942082206855932	0.774659909102436	0.246479991504682	-0.322619705167985	-0.301845048099181	-1.01133106375194	0.22570533443588	0.643716616062706	1.09761139626292	0.881680869759905	0.210596492931296	0.887346685324124	-0.349689712863698	-0.619130719695448	0.707929192457188	-1.40479047793382	0.418343063619326	0.314469778275311	-12.1899851719561	0.303138147146872	0.611610327865465	1.05920975743877	-0.515886969414122	-0.510850688912595	-0.461117418960005	-0.177197105686362	-0.729299355666374	0.345946531409862	-0.342135292111405	-0.152015703178723	-1.03336479094613	0.237666500627009	0.684636395137622	-0.724263075164844	0.770253163663598	-0.0198133400136113	-0.240780147018153	0.570061013727858	0.435340510311984	0.51529146327374	-0.412643219132799	1.05543254706262	0.236407430501627	-1.06798921939413	-1.07302549989566
Unknown_035	Unknown_035	1.37750516499694	-0.0681353879437505	-0.427389998515493	-0.0796315354820467	1.09968159948812	0.768209345467264	1.30757026747231	-0.242493625607905	1.24913151748597	-0.593126125525925	0.464519447997284	0.210646189859922	-1.07788034672406	0.302615370166288	0.29686729639714	2.54053209095453	0.920533300349685	0.131131169386708	0.824732070863886	-0.0844215969563357	-1.74178286706064	2.422696578687	0.723182767608942	0.136879243155856	2.06439998041011	-0.662103010755699	0.438653116036121	1.49150862808504	-0.0978337690843502	-1.70442038756118	-0.742576043523769	-0.0738834617128986	1.62275631248058	-1.2024219450556	-1.87207253916133	0.49038577995845	0.98472012410517	1.74921393540184	0.823774058569026	0.431947029972114	-0.0422690559825875	-1.96499973176255	-0.588336064051636	0.324649652948021	-1.89889688341735	-1.88069464981505	-0.326798707555405	-0.725331822216325	-0.103581842853498	-0.962918871341105	1.00771241918176	-0.24440965019762	-0.399607641964612	-1.36911608436089	0.758629222518686	-0.983037129533123	0.619717439764279	-1.07883835901892	0.228848423462222	-1.89410682194306	-1.20050592046589	-0.384279445246886	0.00371553417059728	0.56702676354709	-1.42563880975751	0.392668525882936	-0.739702006639195	0.708812583186071	-0.940884588559372	0.198192030026767	0.0324559030163378	0.69540041105806	-0.217585305941598	-0.369909260824015
Unknown_036	Unknown_036	-0.222479492195048	0.095293650209924	0.605349904261218	0.274420548954127	1.64671475628261	0.891750538976528	0.294660876495849	0.168158829360111	0.0123083072888832	-0.000847905613235167	-0.806412941773609	-0.474471570089435	0.155002616457993	0.176254960376798	-0.690031058408732	-0.691043074785816	-0.257900065393055	-0.196167066390815	0.442415267550387	-0.10306155969891	0.0730292899140358	0.292636843741674	-0.260936114524312	-1.22639973826426	-6.78034561571166	0.225843762854006	-0.191106984505383	-0.510904159664529	-0.590853453454312	0.253168205035326	-0.00894403662992146	0.400922596089865	-0.259924098147225	0.546652954390236	0.140834387178791	-0.765932286690174	0.28150466359373	-0.984527824140729	2.03735307783776	0.194471255164344	0.765248491840791	-0.384402112528792	0.176254960376798	-0.230575623211734	0.174230927622627	1.58396974090328	0.183339075016397	-1.18996714868917	0.187387140524742	0.898834653616127	0.740960098790728	-0.0534727572217014	0.428247038271185	-0.37934203064336	-0.375293965135018	0.231915861116522	-0.00894403662992146	0.366514039268945	0.394850497827353	0.168158829360111	-0.111157690715596	-0.0180521840236949	-0.753788090165143	-0.0322204133028968	0.634698379196709	0.142858419932962	0.331093466070939	0.095293650209924	1.01825258611227	0.661010805000942	0.379670252171064	-0.580733289683455	0.205603435312289	0.163098747474679
Unknown_037	Unknown_037	-0.652565630678278	2.87925937617164	-2.7624345108015	-0.332888527629305	-0.246292451613508	-0.513364461755686	0.301609823738782	1.32943240822535	-0.0115928063370477	0.560588742664532	-0.274618270871012	-0.149175357016351	0.00135613960924123	-0.328032672899447	-0.111137828299131	2.46651172413372	2.82179842853499	0.563016670029461	0.985476031527092	-0.125705392488705	-1.08635531987891	0.202064801776698	1.62402092850339	2.49726547075616	-0.933395895888389	-0.987619607038468	0.191543783195338	-1.41898136887417	-0.730259306356003	-0.140272956678279	-1.82849178442551	-0.163742921205925	-1.231221652653	-1.16323968643499	-1.93451127936074	0.728115730844627	0.00297475785252627	2.30141266331856	-0.651756321556636	1.16352403828854	0.147841090626619	0.346121825429145	0.103329088936256	-1.66743926921856	-1.89485513240023	-0.196924595193287	-1.57194079286469	1.79073860756184	1.06640694369139	-1.21503547022014	0.21096720211477	0.623714854152683	0.131654908193757	-0.922065568185388	-1.3064874009658	-0.470471078308611	0.906973046727723	-0.718928978653002	0.686840965640837	-1.31700841954716	1.75351038796627	1.83120406364399	0.399536227457583	1.41440986599786	-1.06935982832441	1.60621612782725	0.936108175106871	0.174548291640835	-0.215538704991075	-1.56627562901319	-0.698696250611929	1.13196098254447	-2.04053077429597	-1.23284027089629
Unknown_038	Unknown_038	-0.333489270577103	-0.0398644463327463	0.507594922235008	0.327852623281685	1.87692938296337	1.14698355820636	0.318248072955933	0.19201684010322	0.00129791220618403	0.0904830223738599	-1.18555009233293	-0.655927745798716	-0.258024946589067	0.249644142057717	-0.937203862481394	-0.806856393774787	-0.483045839935213	-0.0343761318608873	0.584431324841005	-0.178444386747139	0.296294815068507	0.304527286776293	-0.579091343192714	-1.28022351697247	-1.51484896064436	-0.242932081791461	-0.904273975650249	-0.507743255058572	-0.768438192471784	-0.0508410752764595	-0.0933755124333558	0.369014981820615	-0.323884720251356	0.606384582728436	-0.410325673183105	-1.07852796013172	0.481525428493684	-1.05108638777243	2.45731863836227	0.23317919864215	0.407433183123614	-0.480301682699286	-0.0179111884453152	-0.31565224854357	-0.233327531465709	1.73834944254898	-0.0316319746249603	-0.436395166924429	0.116552516115184	1.01389193226383	1.27870310553094	-0.102980062759103	-0.0165391098273541	-0.699834261573573	-0.38288410082382	-0.122189163410602	-0.129049556500427	0.128901223676863	0.662639806064972	-0.0426086035686734	-0.155119050241746	-0.421302302126818	-1.11694616143472	0.0438323493630755	0.677732670862578	-0.0453527608046053	0.425270205157147	0.0397161135091824	1.42414343903515	0.898637328354831	0.196133075957113	-0.978366221020324	0.388224082472115	-0.0371202890968193
Unknown_039	Unknown_039	-0.423733232377162	1.46846071774787	1.71532808890621	-0.105062332211546	-2.64280420026865	-1.55480977502509	0.307295077230232	1.36656809087088	-0.531780447454776	-0.659659113401066	-0.183704292552845	-1.47685165781719	1.6592529519672	1.83773600978528	0.523389507385457	1.06636095530713	1.31254448333207	-1.21493973772399	-2.51834474998937	-2.60177361226449	-2.05196373300879	-1.67243079397034	1.34810432626901	1.15594440578288	0.560317036589199	1.53479350168792	1.32485365973332	1.36588424773748	0.0652146080057068	1.46367381581405	1.90680416625894	1.73379185350808	-0.329362879967603	-2.32618482950323	-1.0091029545698	0.810603623414556	-1.62524561776556	-1.7161967545081	2.04152126353926	-1.98016020400151	-1.16912224778601	1.14295138624823	0.223182371821709	1.1354291117808	1.41785632587608	-0.455190016513684	1.40828252200844	-1.64439322550083	1.64284071676554	-0.877121229823095	-0.243198645158872	0.217027783621086	-0.0291557444038551	1.07661860230817	-0.299273782097887	1.48624063921634	-2.13881181095092	-2.01230083127143	1.63805381483172	1.45478385507982	-0.280810017496016	1.41101789454205	0.193777117085397	-1.29426554119869	-3.22475470679427	-2.02597769393949	-2.05059604674198	-0.160453626017157	0.41123923350743	1.83500063725167	1.25441781699285	-0.427152448044177	2.12700165521459	-1.68747534290519
Unknown_040	Unknown_040	-2.47068832069646	0.509267933864926	1.25124272491663	-1.6610083299613	2.27238553110153	0.782871138065243	-0.892136952733973	-0.990448612548321	-0.180768621813155	0.733715308158067	-0.505382592898272	-0.155726972615159	-0.807737320251841	0.625201494966755	-1.25663206883812	0.642823396254234	-1.08041305596334	-0.188188369723671	1.17519030883383	1.83833027833629	0.397971715207174	1.1798276512779	0.60572465670165	-0.744669463012448	-2.1618413139212	0.521325024219518	-1.52374299361673	-1.59886794121072	-1.13235129133696	0.632621242877274	0.65024314416475	0.0928345823871611	-1.17872471577769	1.58976872333397	-0.821649347584061	-1.00250570290291	-0.144597350749383	-0.570305387115296	0.361800444143402	0.715165938381775	1.22712854420745	0.67806719882919	-2.64226999112717	0.719803280825847	0.460112103957754	-1.41893905438068	0.376639939964434	1.40891236801512	0.838519247394119	1.04905459435504	-0.948712530551665	-0.616678811556028	-1.54414730037065	0.836664310416491	-0.421910428904956	0.458257166980122	0.601087314257574	0.654880486608823	1.57400175902412	0.471241725823526	0.0779950865661254	0.0724302756332374	-1.39389740518269	-1.38555018878335	2.00249220085647	0.573263259593138	-0.968189368816773	-0.610186532134328	0.102109267275305	0.609434530656906	1.28555905900277	-0.336583327934012	0.35716310169933	0.342323605878294
Unknown_041	Unknown_041	-2.5862863163881	0.74038290671088	1.37923053140154	-1.56497767592077	2.00854311691772	0.462807321853576	-0.611473758472017	-1.5914638958499	-0.191932034794565	0.930024241403467	-1.66350641405714	-0.408059589416283	0.471282912230901	0.418310472372636	0.0718707156995881	0.246679767231862	-0.155910775690947	0.199004571359423	0.28481992392981	1.22666990460974	0.348386851759729	0.630200231805692	0.40135929161799	-0.749202102103502	-1.53743200719447	0.286938821524143	-0.440902502128405	-0.948378475970573	-1.75355956181619	0.294354963104298	0.0591573301336042	1.01160179878519	-1.2100623288704	1.50424548946705	-1.32978004295008	-0.623127695240834	-0.328600929628888	0.29859275829296	0.0718707156995881	0.745680150696709	1.36016045305257	0.162983312255804	-2.25573829167253	0.360040788528546	0.0835246524684091	-0.733310370146022	0.529552596074991	0.122724257963523	0.77004747303151	1.35804155545824	-0.614652104863513	-0.872098162574674	-1.44525996184109	0.703302198810095	-0.446199746114231	0.41725102357547	0.352624646948388	0.103654179614548	1.5116616310472	0.126962053152182	0.219134098505565	0.403478189212323	-0.20252652276622	-0.277747387364952	1.35274431147241	0.322960080627761	-1.63278239893934	0.00618489027534328	-0.129424555761813	1.03385022352566	0.98935337404472	-0.719537535782876	0.0824652036712425	0.559217162395618
Unknown_042	Unknown_042	0.150216536798871	0.454082287568993	1.07888489870306	-2.98403918462778	-2.79420844594442	-2.89800079227489	-1.03656700216399	-2.98199065147652	-1.54665175682754	1.17106889050973	-0.0833162424446823	-0.445223765833817	1.25915581601388	1.34655989713427	0.202795554347857	-0.235590540021621	0.393991981798721	1.13829236008958	0.303173678759562	-2.20764512030052	0.495052950594177	-2.22744760742936	0.272445681490672	0.426768512218871	-1.38754901541307	1.46742335305857	1.05566818965546	0.79687016821304	-0.370110883620978	1.23662195135003	1.5295621919801	0.807795678353091	0.578359965412053	-2.14960334768151	-1.86280870650522	0.951192998941236	0.878128649879657	0.566751610888251	1.21135670915116	-2.78942853525815	0.0375472134796131	1.29466372396904	0.0409614353983778	1.72622137450099	1.13487813817082	1.11166142912321	0.713563153395164	0.0764693433535379	0.365995362064845	0.36258114014608	2.26976550396844	0.868568828507114	0.39126060426371	0.317513410818377	1.13351244940331	1.48176308511738	-3.01067011559415	-2.25407853839573	0.564703077736992	0.787310346840497	0.984652373745139	0.698540576952597	-1.0495410454553	0.847400652610769	-1.34316413046912	0.315464877667118	-2.59686641903978	1.11370996227447	-2.94921412105637	1.55755881171397	0.767507859711658	-2.69246463276521	2.2048952875119	0.955290065243755
Unknown_043	Unknown_043	-0.527875698104502	-1.22229267243477	0.897895323658718	-0.223144845007439	-0.934183502233915	-1.23245036753801	-0.457695259209421	-1.41251859891354	0.0446489349869474	1.27465346930599	-1.44760881836109	-0.756885551341079	1.37992412764862	1.74837143184779	-1.88346628097264	0.793548092143664	-1.11609858726459	0.836025726211739	-0.122491320802654	-0.468776381140223	-0.398595942245142	-0.310870393626292	-0.731029600169208	0.504515495115241	0.413096239186122	1.74652457819266	1.36053216426971	-0.395825661762441	-1.74956939097545	1.25156779861682	1.73267317577915	-0.0319954917010999	-0.256388210799847	-0.0790902599070111	-0.919408672992847	-0.753191844030814	0.444492751323394	0.0815860080896207	-0.20282945480097	-0.0827839672172797	-0.605443551620117	0.84803027497011	-1.81605612256026	1.9598361753606	1.14168000613637	1.27095976199573	0.923751274830589	-1.04591814836951	-0.947111477819853	-0.416141051968911	2.73920841782702	0.968999189381368	-0.106793064734018	-1.69878091545927	-1.25553603822718	1.50828045668041	0.226564020017616	-0.610984112585518	0.160077288432804	0.847106848142542	0.700281982559413	0.679966592352941	-2.05891737821034	0.649493507043237	-1.11609858726459	-0.51033058838073	-1.11886886774729	0.528524592631979	-1.36819411119034	1.99584982163571	0.849877128625242	-0.726412466031375	0.88312049441765	-0.273009893696051
Unknown_044	Unknown_044	-0.106460643213467	0.182072547082849	0.317852871928176	0.501722061822893	1.90337104017413	1.19335309150377	0.537081521418028	0.288150925868265	0.186315682234266	-0.0413992375584151	-0.94377264642632	-0.662311348049025	-0.329932427854736	-0.138991346040998	-1.02580659268704	-0.63968129390814	-0.28467231957296	-0.0201835618013319	0.752067035756464	0.00951838425857945	0.0717510331460217	0.544153413337055	-0.522287888052281	-1.11774118763439	-1.30302475591291	-0.495414698759979	-0.864567456933211	-0.475613401386703	-0.687770158957525	-0.198395238160825	-0.31013113048146	0.388571791118452	-0.24648410321021	0.58941352161883	-0.277600427653934	-1.02863534945465	0.387157412734649	-0.963573943799595	2.40406098804127	0.324924763847207	0.416859358794561	-0.536431671890338	0.109939249508771	-0.549161077344588	-0.358219995530845	1.72091622866322	-0.209710265231268	-0.683527023806108	0.0561928709241624	0.935936225651177	0.995340117771009	-0.144648859576216	-0.0512998862450555	-0.728787132087884	-0.416209509266871	-0.359634373914652	0.152370601022938	0.230161412132239	0.545567791720862	-0.223854049069325	-0.119190048667717	-0.269114157351101	-1.12339870116962	0.0293196816318604	0.702563792323272	-0.0159404266499153	0.740752008686022	-0.0767586971535553	1.48895817371913	0.636088008284413	0.143884330720104	-0.669383239968056	-0.0456423727098317	-0.221025292301716
Unknown_045	Unknown_045	-0.59596640203421	-0.294489892123525	0.0474834624020275	-0.0114619447596132	1.49187092033232	1.68895556412468	1.2115427626094	1.34878206935979	1.27633771399319	-6.99401788624321	0.19642185759671	1.15709700484941	0.201371471938527	0.758878032803211	-0.296739716824351	0.340860603389738	0.253117440057526	0.880368566647815	-0.0497089646736557	1.70560426691079	1.49412074503315	1.90133901588266	1.28173729327517	-0.533871240291412	-6.99401788624321	0.869119443143686	-6.99401788624321	-0.696758548631215	-0.2818908737989	0.0492833221626889	1.14629784628545	1.03650640088514	1.66780721193692	0.649536552343066	0.471350436037648	0.588341320480599	0.6904833618981	0.739079575435942	0.272915897424793	0.390356746807912	0.0942798161792088	0.0591825508463234	-0.739955182887075	1.51841885180207	-0.101904897732819	-6.99401788624321	0.945613482971769	-6.99401788624321	1.62866026214255	-0.972137092012319	0.470900471097482	-0.321037823593272	-0.69720851357138	0.428153801781789	0.495198577866402	2.02147965490677	1.39197870361565	1.15754696978958	-6.99401788624321	-0.572118260205454	0.719731083008839	0.439402925285918	-0.834447820321767	-0.156350655492808	1.03110682160316	2.20056570109252	0.506447701370533	0.715681398547352	0.881718461468311	1.63810952588601	1.21739230683155	1.04640562956877	1.18634472596015	1.51886881674224
Unknown_046	Unknown_046	-1.34112688565027	0.0679196908738664	-0.281338504403431	1.30104997739347	0.600817330351019	-0.259885298305318	-0.182653756352108	3.16747890792939	-0.624589801973256	-0.410057740992115	-0.932657841542176	-0.945529765201045	-0.626306058461107	0.141718719851378	1.97124813589855	-0.173214345668935	-0.26417593952494	-0.744727756122695	-0.105422214398897	-0.470126718066834	-0.371441970015511	3.22840601324804	-0.804796733197415	-0.664921829437711	2.10082550073116	-0.709544498121788	-1.29993672994189	-0.769613475196507	-1.87745703810312	-0.069380828154064	-0.112287240350293	3.11684934153784	-0.914637148419759	0.310769983904519	-1.64061364277994	-0.482998641725703	-0.24358086167075	-0.99186869037297	-0.319096147136113	-0.0848271365447068	0.390575910589504	-0.362860687576264	-0.75502529504979	-0.569669594362087	-0.481282385237855	-0.50101933484812	2.88601284392213	2.03131711297327	-0.0599414174708945	0.266147315220439	1.82708259091922	2.79505125006613	-0.923218430859006	0.01986450921409	-0.318238018892187	0.00441820082344722	-0.566237081386387	-0.469268589822912	0.19063202975508	-0.268466580744562	0.0318783046290333	-0.232425194499732	-0.936948482761798	-0.606569108850842	1.19292581865897	-0.171498089181087	-1.26389534369706	-1.59255846112016	2.15402945185448	0.692637052450947	0.158881284729869	-1.0279100766178	-0.227276425036185	-0.595413441679821
Unknown_047	Unknown_047	1.19425600890995	0.919612860529171	0.205767652547736	0.231870100534338	-0.317416196227215	-1.16631320031325	-1.1515596427556	-0.0370986026319606	-1.05736385219525	-0.659017798138839	-0.942740058862781	-0.98586584249282	-0.480840218404204	-0.547798671935055	3.31082407391055	0.415722125483452	-0.853083824474015	-0.0938430547767498	0.150158089445844	-0.072280162961728	0.634755710762336	0.244353880006191	-0.0155357108169388	-0.0291543793316886	3.18598627919202	-0.0461777149751257	-0.31060686196984	-0.329899975699068	0.11611141815897	0.250028325220669	-0.659017798138839	-0.156261952136017	0.782291286338785	0.852654406998324	0.55871814488832	-0.81449759701556	-0.558012673321117	-0.542124226720577	2.10784168844104	0.637025488848126	0.176260537432446	-0.301527749626675	-0.55914756236401	-0.236839074181614	0.211442097762214	0.851519517955427	-0.113136168505977	-0.0734150520046252	0.484950357100093	1.88426854699057	-0.176689954908137	-0.866702492988764	0.208037430633526	-0.00532170943087655	-0.52510089107714	-0.314011529098528	-0.344653533256714	-0.512617111605288	0.424801237826617	0.138809199016885	-0.167610842564972	-0.668096910482004	-1.84384195892202	-0.400263096358606	0.82087751379724	-0.0677406067901434	0.111571861987385	-0.429770211473896	1.06941821419141	-0.447928436160226	-0.272020634511385	-1.70879016281742	0.293154108850708	-0.611352458337219
Unknown_048	Unknown_048	0.19607964610979	0.859599032468952	0.767743742826396	-0.0178891462340436	0.984954486569379	1.02601920429193	-0.101099232145532	-1.46812207212002	-0.624134057874905	-0.499859254240862	-1.89497900634131	-1.48000922725024	0.143127773257024	-0.104341183544682	-1.16553994153279	0.75153398583065	-1.16878189293194	-0.638182513937886	0.180950539580429	0.0966598032025559	1.51555386556343	-0.640343814870651	0.164740782584683	-1.30818580309534	-1.74044598964854	0.305225343214472	-1.7242362326528	0.356015915134474	-0.130276794737875	1.15245530885874	0.314951197411919	-0.469601041182136	0.490016572965964	1.12760034813193	0.108546958332768	-0.181067366657876	0.0664015901438296	-0.481488196312348	1.82029729708344	0.420854943117452	0.352773963735325	-0.670602027929373	-0.846748053949802	-0.490133400043415	0.0177723191565967	-0.16377695919575	-0.594956495282563	0.229579810567662	0.0934178518034068	2.97227069424771	0.384112827260431	-1.62049378788003	-0.157293056397452	0.344128760004262	0.424096894516601	0.528919989755753	-0.191873871321708	-0.594956495282563	1.16758441538811	0.472726165503838	0.295499489017025	-0.730037803580438	-1.06720074909193	-0.909425781000016	0.961180176308951	0.537565193486816	-0.991555216445124	-0.0697603686204256	2.35738057887579	-0.079486222817873	0.561339503747245	-0.0470667088263857	1.30266572368598	-0.788392928765122
Unknown_049	Unknown_049	0.155869998408543	-0.154998902329464	-2.32484303557436	-0.452351763904952	0.448024383383058	-0.313032590998954	0.569668735845758	0.146512740526797	0.0654165055516648	-2.36019267646095	0.65284436146128	1.11134999766684	-0.13524469124578	-0.361898271048073	-0.154998902329464	1.17477141219867	-0.816245125972852	0.58838325160925	-1.0865659092233	1.01465833288879	0.711067299392142	0.12363944348253	-0.267285996910418	0.17874329545281	2.25813393584082	0.285831913432794	0.398119008013747	-0.483542623510769	0.152750912447961	-0.110292003561123	0.129877615403694	-0.159157683610242	0.112202794960393	0.452183164663835	0.907569714908809	-0.0998950503591811	-0.881745931145077	2.03044066071834	-0.886944407746046	0.126758529443112	0.0342256459458435	-0.540725866121443	-0.22881727006324	-0.302635637797013	-0.719553461194809	0.986586559243554	-1.88609161045248	1.91191539421622	-0.597909108732113	-0.961802470800013	1.21012105308527	-0.449232677944369	-0.16955463681218	0.644526798899725	0.548874829441878	-0.123808042723647	0.481294633629266	0.182902076733587	-1.8486625789255	-0.624941187057157	1.13734238067168	0.576946603087117	0.964752957519479	-0.201785191738196	-0.149800425728495	1.54386325086754	-2.46208281783997	0.3367769841223	-0.204904277698779	-1.95679089222568	0.0893294979161267	1.61664192328112	-0.378533396171176	-1.20405148040522
Unknown_050	Unknown_050	-1.18445983933946	-1.83878219401583	-1.16404264848032	-0.352216250033412	-1.34585287184507	-1.2671008499598	0.225298577125225	-0.745004112275986	-0.872368493349692	0.164047004547792	1.3832449729938	-0.506803552252642	2.81633732186894	1.86450732895933	2.07548496783715	-1.20584927738237	-0.817922651058642	0.0259879044526302	-1.17959860342062	-0.747920853827292	0.959345200870629	1.83339541907873	-2.46393713317913	0.30793958774557	-1.29140702955402	-0.961815234256416	-0.194712206262876	-0.372633440892557	-0.908341639149135	1.302548456741	0.849481269104761	-0.839312089101556	-0.0819315329457015	1.27921452433055	-0.615695236834744	-0.011929735714349	0.741561831706429	-0.548610181154697	-0.843201077836629	0.361413182852851	2.06965148473454	0.682254753496536	0.466415878699872	0.741561831706429	1.15573913199192	-1.6841948917966	0.0989064432352856	0.816424864856624	-0.705141977741467	0.309884082113106	1.01768003189675	0.204881386266081	0.0891839713976	0.305022846194263	-0.381383665546476	0.285577902518885	-0.295825913374825	1.76436586903115	0.621003180919106	-0.330826811990498	-1.31474096196447	0.740589584522659	-0.615695236834744	0.160158015812719	-0.443607485307676	1.26851980530909	-0.00123501669289349	0.600585990059961	-1.31182422041316	-0.658474112920569	0.0580720615170001	-0.0420693984111825	0.00459846640971922	0.495583294212936
Unknown_051	Unknown_051	0.157517177290719	0.614321650326953	-0.207064505906122	0.631559554969829	0.499689584451824	1.29694267418487	0.590188583826927	-0.875895206049739	0.371267194862391	0.785838801523578	0.465213775166071	-2.46867759505155	-1.16980148021079	-0.895718796389047	0.171307501005022	0.597083745684077	-0.775053463888909	-1.15945873742506	-0.339796371656273	-0.405300409299205	-0.396681456977765	0.282491985951575	-0.198445553584685	0.372990985326678	-1.00948896703203	-1.24392447017516	-1.09395469978213	-0.828490968281828	0.20664520552292	0.585879107666205	0.288525252576583	-0.259640115066896	0.236811538647954	0.972870066898789	-0.987941586228437	0.323862957094481	-1.28788112701449	-0.601812522228001	1.38744167355997	0.280768195487288	3.91882797036642	-1.64470575312204	-3.27282584664175	-1.40509887858605	-0.270844753084767	1.23833379839909	-0.349277219209854	1.36330860705995	-0.372548390477739	2.33294074322176	1.35813723566708	0.75050109700568	0.200611938897911	0.514341803398268	0.0920131396477901	0.690168430755612	0.671206735648445	-0.177760068013233	0.359200661612378	0.391090785201699	-1.16118252788935	-2.21183281587269	-1.13704946138932	-1.58523498210412	0.533303498505431	3.3482533266872	-1.19824402287154	1.14438721809541	1.36847997845281	-0.292392133888362	-0.704378054853117	0.563469831630466	0.217849843540788	-0.187240915566814
