Module,Database,Term,p.adjust
10,BP,Nervous System Development (GO:0007399),1.12382468295671e-06
10,BP,Postsynaptic Membrane Assembly (GO:0097104),2.82693984335041e-05
10,BP,Postsynapse Assembly (GO:0099068),5.88988257336073e-05
10,BP,Regulation of Synapse Assembly (GO:0051963),5.88988257336073e-05
10,BP,Presynaptic Membrane Assembly (GO:0097105),6.29694688381678e-05
10,BP,Presynaptic Membrane Organization (GO:0097090),7.85647012481185e-05
10,BP,Membrane Assembly (GO:0071709),0.000136302854588807
10,BP,Synapse Assembly (GO:0007416),0.000136302854588807
10,BP,Neuron Cell-Cell Adhesion (GO:0007158),0.000224849921164481
10,BP,Postsynaptic Membrane Organization (GO:0001941),0.000281969732339264
10,BP,Presynapse Assembly (GO:0099054),0.000281969732339264
10,BP,Axonogenesis (GO:0007409),0.000387644016210557
10,BP,"Positive Regulation of Synaptic Transmission, Glutamatergic (GO:0051968)",0.00064879039192918
10,BP,Synapse Organization (GO:0050808),0.000904764198766225
10,BP,Imitative Learning (GO:0098596),0.00130244319775517
10,BP,Postsynaptic Density Protein 95 Clustering (GO:0097119),0.00130244319775517
10,BP,Vocal Learning (GO:0042297),0.00130244319775517
10,BP,Cell-Cell Adhesion via Plasma-Membrane Adhesion Molecules (GO:0098742),0.00159219712023948
10,BP,Postsynaptic Density Assembly (GO:0097107),0.00174505173809923
10,BP,Positive Regulation of Synapse Assembly (GO:0051965),0.00174919321472796
10,BP,Anterograde Trans-Synaptic Signaling (GO:0098916),0.00217803152895328
10,BP,Cell Junction Assembly (GO:0034329),0.00217803152895328
10,BP,Auditory Behavior (GO:0031223),0.0024672552556305
10,BP,Learned Vocalization Behavior or Vocal Learning (GO:0098598),0.0024672552556305
10,BP,Postsynaptic Density Organization (GO:0097106),0.0024672552556305
10,BP,Positive Regulation of Nervous System Development (GO:0051962),0.00415504175456458
10,BP,"Regulation of Synaptic Transmission, Glutamatergic (GO:0051966)",0.00423819216225557
10,BP,Neuron Projection Guidance (GO:0097485),0.00476690136081729
10,BP,Presynapse Organization (GO:0099172),0.00497957982968312
10,BP,Homophilic Cell Adhesion via Plasma Membrane Adhesion Molecules (GO:0007156),0.00553802896210406
10,BP,Chemical Synaptic Transmission (GO:0007268),0.00641968704014028
10,BP,Axon Guidance (GO:0007411),0.00688112426220571
10,BP,Positive Regulation of Cell Junction Assembly (GO:1901890),0.00688112426220571
10,BP,Ionotropic Glutamate Receptor Signaling Pathway (GO:0035235),0.00843009649161613
10,BP,Protein Localization to Synapse (GO:0035418),0.00843009649161613
10,BP,Positive Regulation of Synaptic Transmission (GO:0050806),0.0129102698076517
10,BP,Positive Regulation of Excitatory Postsynaptic Potential (GO:2000463),0.0146845889836997
10,BP,Receptor Clustering (GO:0043113),0.0168969642678238
10,BP,Axon Development (GO:0061564),0.0237840829604057
10,BP,Modulation of Excitatory Postsynaptic Potential (GO:0098815),0.0246292392327107
10,BP,Signal Release From Synapse (GO:0099643),0.0271918088680258
10,BP,Neurotransmitter Secretion (GO:0007269),0.0298116635469201
10,BP,Regulation of Sodium Ion Transport (GO:0002028),0.0324829393366829
10,BP,Regulation of Axonogenesis (GO:0050770),0.0334516769197754
10,BP,Regulation of Metal Ion Transport (GO:0010959),0.0344180899520886
10,BP,Learning (GO:0007612),0.0426231401031838
10,BP,Neurotransmitter Transport (GO:0006836),0.0445394227433891
10,BP,Positive Regulation of Chemotaxis (GO:0050921),0.0445394227433891
10,BP,Regulation of Trans-Synaptic Signaling (GO:0099177),0.0454927246669118
10,BP,Central Nervous System Development (GO:0007417),0.0457970947216655
10,CC,GABA-ergic Synapse (GO:0098982),0.00149864861479941
10,CC,Glutamatergic Synapse (GO:0098978),0.00306385837005619
10,CC,Perineuronal Net (GO:0072534),0.00306385837005619
10,CC,Perisynaptic Extracellular Matrix (GO:0098966),0.00306385837005619
10,CC,Postsynaptic Specialization Membrane (GO:0099634),0.004646939002139
10,CC,AMPA Glutamate Receptor Complex (GO:0032281),0.0128205711306344
10,CC,Excitatory Synapse (GO:0060076),0.0130853540340352
10,CC,Ionotropic Glutamate Receptor Complex (GO:0008328),0.0228819787208259
10,CC,Asymmetric Synapse (GO:0032279),0.0281475581949513
10,CC,Postsynaptic Density Membrane (GO:0098839),0.0345068654594223
10,CC,Postsynaptic Density (GO:0014069),0.0427055354966169
10,KEGG,Cell adhesion molecules,0.283931558751385
10,KEGG,Axon guidance,0.458941450914036
10,KEGG,Spinocerebellar ataxia,0.458941450914036
10,MF,Calcium Channel Regulator Activity (GO:0005246),0.0111420709150132
10,MF,Ion Channel Regulator Activity (GO:0099106),0.0111420709150132
10,Reactome,Protein-protein Interactions at Synapses,3.79938102185278e-07
10,Reactome,Neuronal System,4.91900367591025e-07
10,Reactome,Neurexins and Neuroligins,1.57065896934621e-05
10,Reactome,"Defective CHST14 Causes EDS, Musculocontractural Type",0.00369197122875565
10,Reactome,Defective CHST3 Causes SEDCJD,0.00369197122875565
10,Reactome,Defective CHSY1 Causes TPBS,0.00369197122875565
10,Reactome,Regulation of Commissural Axon Pathfinding by SLIT and ROBO,0.00506863805896824
10,Reactome,Dermatan Sulfate Biosynthesis,0.00541143183029567
10,Reactome,CS DS Degradation,0.0079182062425086
10,Reactome,Chondroitin Sulfate Biosynthesis,0.0105204148717856
10,Reactome,Defective B3GALT6 Causes EDSP2 and SEMDJL1,0.0105204148717856
10,Reactome,Defective B3GAT3 Causes JDSSDHD,0.0105204148717856
10,Reactome,"Defective B4GALT7 Causes EDS, Progeroid Type",0.0105204148717856
10,Reactome,Receptor-type Tyrosine-Protein Phosphatases,0.0105204148717856
10,Reactome,A Tetrasaccharide Linker Sequence Is Required for GAG Synthesis,0.0166258091611644
10,Reactome,Phase 0 - Rapid Depolarisation,0.0235472466112541
10,Reactome,Cardiac Conduction,0.0338428392622488
10,Reactome,Diseases Associated With Glycosaminoglycan Metabolism,0.0340808112113177
10,Reactome,Netrin-1 Signaling,0.0370599764690547
10,Reactome,Diseases of Glycosylation,0.039659039930281
10,Reactome,Chondroitin Sulfate Dermatan Sulfate Metabolism,0.0429819356255696
101,BP,Negative Regulation of DNA-templated Transcription (GO:0045892),0.00526372508810901
101,BP,Negative Regulation of Transcription by RNA Polymerase II (GO:0000122),0.0126871854173817
101,BP,Cellular Response to Iron Ion (GO:0071281),0.0404538053337741
101,BP,Regulation of Aldosterone Biosynthetic Process (GO:0032347),0.0404538053337741
101,BP,Regulation of Transcription by RNA Polymerase II (GO:0006357),0.0404538053337741
101,BP,Type B Pancreatic Cell Development (GO:0003323),0.0404538053337741
101,CC,Aggresome (GO:0016235),0.0506225023600542
101,CC,Intracellular Membrane-Bounded Organelle (GO:0043231),0.816759408731649
101,CC,Nucleus (GO:0005634),0.816759408731649
101,KEGG,Malaria,0.0756444185905282
101,KEGG,Ovarian steroidogenesis,0.0756444185905282
101,KEGG,TGF-beta signaling pathway,0.0920564338522423
101,MF,"DNA-binding Transcription Repressor Activity, RNA Polymerase II-specific (GO:0001227)",0.00207505060217188
101,MF,BMP Receptor Binding (GO:0070700),0.0318345724488528
101,MF,Chemorepellent Activity (GO:0045499),0.0318345724488528
101,MF,Neuropilin Binding (GO:0038191),0.0318345724488528
101,MF,Semaphorin Receptor Binding (GO:0030215),0.0318345724488528
101,MF,Transmembrane Receptor Protein Serine/Threonine Kinase Binding (GO:0070696),0.0318345724488528
101,MF,Receptor Ligand Activity (GO:0048018),0.0334810037159902
101,Reactome,RUNX1 Regulates Transcription of Genes Involved in BCR Signaling,0.0299657817287215
103,BP,External Encapsulating Structure Organization (GO:0045229),0.0153443765054083
103,BP,Extracellular Structure Organization (GO:0043062),0.0153443765054083
103,BP,Regulation of DNA-templated Transcription (GO:0006355),0.0159632515824707
103,BP,Regulation of Transcription by RNA Polymerase II (GO:0006357),0.0159632515824707
103,BP,Extracellular Matrix Organization (GO:0030198),0.0162486344045083
103,BP,Limb Development (GO:0060173),0.0495534445794525
103,CC,Basement Membrane (GO:0005604),0.0494518976345161
103,CC,Collagen-Containing Extracellular Matrix (GO:0062023),0.0494518976345161
103,KEGG,Neurotrophin signaling pathway,0.17383302275891
103,KEGG,Herpes simplex virus 1 infection,0.222918002488122
103,KEGG,Human papillomavirus infection,0.222918002488122
103,MF,RNA Polymerase II Transcription Regulatory Region Sequence-Specific DNA Binding (GO:0000977),0.00242741917923343
103,MF,Cis-Regulatory Region Sequence-Specific DNA Binding (GO:0000987),0.00581836055202419
103,MF,RNA Polymerase II Cis-Regulatory Region Sequence-Specific DNA Binding (GO:0000978),0.00581836055202419
103,Reactome,Defective B3GALTL Causes PpS,0.154518242452365
103,Reactome,Diseases Associated With O-glycosylation of Proteins,0.154518242452365
103,Reactome,O-glycosylation of TSR Domain-Containing Proteins,0.154518242452365
11,BP,Inflammatory Response (GO:0006954),1.37204821270508e-07
11,BP,Complement Receptor Mediated Signaling Pathway (GO:0002430),1.94330577004703e-06
11,BP,Regulation of Type II Interferon Production (GO:0032649),7.69575152056485e-06
11,BP,Cytokine-Mediated Signaling Pathway (GO:0019221),1.19552271167239e-05
11,BP,Immune Response-Activating Cell Surface Receptor Signaling Pathway (GO:0002429),1.7077598584446e-05
11,BP,Positive Regulation of Type II Interferon Production (GO:0032729),1.7077598584446e-05
11,BP,Negative Regulation of Production of Molecular Mediator of Immune Response (GO:0002701),4.50256978016808e-05
11,BP,Negative Regulation of Lymphocyte Proliferation (GO:0050672),0.000153250564573169
11,BP,Positive Regulation of T-helper 1 Type Immune Response (GO:0002827),0.000153250564573169
11,BP,Negative Regulation of Cytokine Production (GO:0001818),0.000223333926822736
11,BP,Positive Regulation of Cytokine Production (GO:0001819),0.00036295657911455
11,BP,Regulation of Lymphocyte Differentiation (GO:0045619),0.000446685380503304
11,BP,Intracellular Signaling Cassette (GO:0141124),0.000535054816726485
11,BP,Negative Regulation of Multicellular Organismal Process (GO:0051241),0.000630739664236354
11,BP,Negative Regulation of Immune Response (GO:0050777),0.000653596419225707
11,BP,Regulation of B Cell Activation (GO:0050864),0.000787712955779215
11,BP,Regulation of Monocyte Chemotaxis (GO:0090025),0.00105100731815781
11,BP,Regulation of Cytokine Production (GO:0001817),0.00121536500198934
11,BP,Positive Regulation of T-helper 1 Cell Cytokine Production (GO:2000556),0.00125096641783725
11,BP,Regulation of Immunoglobulin Production (GO:0002637),0.00125096641783725
11,BP,Regulation of T-helper 1 Cell Cytokine Production (GO:2000554),0.00125096641783725
11,BP,Positive Regulation of Immune Response (GO:0050778),0.00148521601450862
11,BP,Negative Regulation of T Cell Proliferation (GO:0042130),0.002129949640287
11,BP,Negative Regulation of Humoral Immune Response Mediated by Circulating Immunoglobulin (GO:0002924),0.00279075207420224
11,BP,Negative Regulation of Leukocyte Degranulation (GO:0043301),0.00279075207420224
11,BP,Regulation of B Cell Proliferation (GO:0030888),0.00279075207420224
11,BP,Regulation of Dendritic Cell Antigen Processing and Presentation (GO:0002604),0.00279075207420224
11,BP,Regulation of T Cell Differentiation (GO:0045580),0.00306546641214626
11,BP,Positive Regulation of Innate Immune Response (GO:0045089),0.00313444486393371
11,BP,Regulation of Complement-Dependent Cytotoxicity (GO:1903659),0.00313444486393371
11,BP,Regulation of Interleukin-2 Production (GO:0032663),0.00333107827934165
11,BP,Negative Regulation of T Cell Activation (GO:0050868),0.00342328597268008
11,BP,Regulation of Tumor Necrosis Factor Production (GO:0032680),0.00343564438624744
11,BP,Negative Regulation of B Cell Proliferation (GO:0030889),0.00345216368009163
11,BP,Positive Regulation of B Cell Differentiation (GO:0045579),0.00409289698477406
11,BP,Negative Regulation of Innate Immune Response (GO:0045824),0.00412085886313491
11,BP,Positive Regulation of Multicellular Organismal Process (GO:0051240),0.00412085886313491
11,BP,Negative Regulation of Complement Activation (GO:0045916),0.0042913952039226
11,BP,Positive Regulation of Cellular Extravasation (GO:0002693),0.0042913952039226
11,BP,T Cell Chemotaxis (GO:0010818),0.0042913952039226
11,BP,Mature B Cell Differentiation Involved in Immune Response (GO:0002313),0.0047110654640148
11,BP,Negative Regulation of Interleukin-12 Production (GO:0032695),0.0047110654640148
11,BP,Regulation of Phagocytosis (GO:0050764),0.0047110654640148
11,BP,Positive Regulation of Phagocytosis (GO:0050766),0.00488034119058113
11,BP,+ Reg of Adaptive Imm Resp Based on Som Recomb of Imm Rcptrs Built Frm IgSF Domains (GO:0002824),0.00524445462493096
11,BP,Response to Molecule of Bacterial Origin (GO:0002237),0.00534219685737176
11,BP,Dendritic Cell Chemotaxis (GO:0002407),0.00566497532135481
11,BP,Negative Regulation of Immune Effector Process (GO:0002698),0.00566497532135481
11,BP,Myeloid Leukocyte Differentiation (GO:0002573),0.00671222408925952
11,BP,Defense Response to Symbiont (GO:0140546),0.00702386310720456
11,BP,Dendritic Cell Migration (GO:0036336),0.00773583265179831
11,BP,Immunoglobulin Mediated Immune Response (GO:0016064),0.00806775486009424
11,BP,Positive Regulation of Signaling Receptor Activity (GO:2000273),0.00806775486009424
11,BP,Positive Regulation of Tumor Necrosis Factor Production (GO:0032760),0.00806775486009424
11,BP,Regulation of B Cell Differentiation (GO:0045577),0.00806775486009424
11,BP,B Cell Mediated Immunity (GO:0019724),0.00807477444183324
11,BP,Negative Regulation of B Cell Activation (GO:0050869),0.00807477444183324
11,BP,Positive Regulation of Endocytosis (GO:0045807),0.00807477444183324
11,BP,Positive Regulation of Monocyte Chemotaxis (GO:0090026),0.00807477444183324
11,BP,Positive Regulation of Tumor Necrosis Factor Superfamily Cytokine Production (GO:1903557),0.00807477444183324
11,BP,Regulation of T Cell Proliferation (GO:0042129),0.00807477444183324
11,BP,Regulation of Innate Immune Response (GO:0045088),0.0082187946844067
11,BP,Calcium-Mediated Signaling (GO:0019722),0.00952649945302342
11,BP,Negative Regulation of Interleukin-2 Production (GO:0032703),0.00981424291968911
11,BP,Positive Regulation of T Cell Cytokine Production (GO:0002726),0.00981424291968911
11,BP,T-helper Cell Differentiation (GO:0042093),0.00981424291968911
11,BP,Defense Response to Bacterium (GO:0042742),0.012019867955621
11,BP,Regulation of Cell Population Proliferation (GO:0042127),0.012019867955621
11,BP,Phospholipase C-activating G Protein-Coupled Receptor Signaling Pathway (GO:0007200),0.0120834118120381
11,BP,Regulation of Cytokine Production Involved in Immune Response (GO:0002718),0.0122399979075486
11,BP,Regulation of Defense Response (GO:0031347),0.0122399979075486
11,BP,Regulation of Interferon-Alpha Production (GO:0032647),0.0122399979075486
11,BP,Regulation of Myeloid Cell Differentiation (GO:0045637),0.0122399979075486
11,BP,Intracellular pH Reduction (GO:0051452),0.0159051023750662
11,BP,B Cell Activation Involved in Immune Response (GO:0002312),0.0164954080290717
11,BP,Regulation of Inflammatory Response (GO:0050727),0.0164954080290717
11,BP,Negative Regulation of Inflammatory Response (GO:0050728),0.0176290353747175
11,BP,Integrated Stress Response Signaling (GO:0140467),0.0181268763978158
11,BP,Positive Regulation of Mononuclear Cell Migration (GO:0071677),0.0189550346994867
11,BP,Cellular Response to Amyloid-Beta (GO:1904646),0.0195465592068496
11,BP,Positive Regulation of Immune Effector Process (GO:0002699),0.0195465592068496
11,BP,Positive Regulation of Defense Response (GO:0031349),0.0202779950645862
11,BP,Positive Regulation of Receptor Signaling Pathway via JAK-STAT (GO:0046427),0.0207258143061345
11,BP,Regulation of Erythrocyte Differentiation (GO:0045646),0.0207258143061345
11,BP,Regulation of Response to External Stimulus (GO:0032101),0.0207258143061345
11,BP,Positive Regulation of Lymphocyte Differentiation (GO:0045621),0.0215613175679511
11,BP,Receptor-Mediated Endocytosis (GO:0006898),0.0217011630458235
11,BP,Regulation of DNA Recombination (GO:0000018),0.0221486822231387
11,BP,Positive Regulation of Receptor Signaling Pathway via STAT (GO:1904894),0.0241051706602055
11,BP,Positive Regulation of Response to Biotic Stimulus (GO:0002833),0.0261160291549975
11,BP,Regulation of Cold-Induced Thermogenesis (GO:0120161),0.0262892701079031
11,BP,Response to Amyloid-Beta (GO:1904645),0.0266984926230769
11,BP,T Cell Differentiation (GO:0030217),0.027572600025722
11,BP,Cell Surface Receptor Signaling Pathway via JAK-STAT (GO:0007259),0.0281516231973687
11,BP,Positive Regulation of miRNA Transcription (GO:1902895),0.0281516231973687
11,BP,Regulation of Interleukin-12 Production (GO:0032655),0.0314347372616544
11,BP,Positive Regulation of Response to External Stimulus (GO:0032103),0.0322465968847799
11,BP,Cellular Response to Mechanical Stimulus (GO:0071260),0.0338017060295276
11,BP,Positive Regulation of B Cell Activation (GO:0050871),0.0338017060295276
11,BP,Positive Regulation of miRNA Metabolic Process (GO:2000630),0.0338017060295276
11,BP,Cellular Response to Nitrogen Compound (GO:1901699),0.0342181892272521
11,BP,Cell Surface Receptor Signaling Pathway via STAT (GO:0097696),0.0352648487626119
11,BP,Regulation of Receptor Signaling Pathway via JAK-STAT (GO:0046425),0.0352648487626119
11,BP,Positive Regulation of Leukocyte Chemotaxis (GO:0002690),0.03616779305444
11,BP,Positive Regulation of MAPK Cascade (GO:0043410),0.0445147543529577
11,BP,Negative Regulation of Gene Expression (GO:0010629),0.044935510600647
11,BP,Positive Regulation of T Cell Differentiation (GO:0045582),0.0454987276453333
11,BP,Adenylate Cyclase-Modulating G Protein-Coupled Receptor Signaling Pathway (GO:0007188),0.0455714757437138
11,BP,Antibody-Dependent Cellular Cytotoxicity (GO:0001788),0.0455714757437138
11,BP,ATP Export (GO:1904669),0.0455714757437138
11,BP,Cellular Response to Interleukin-18 (GO:0071351),0.0455714757437138
11,BP,Cellular Response to Oxygen-Containing Compound (GO:1901701),0.0455714757437138
11,BP,Folic Acid Transport (GO:0015884),0.0455714757437138
11,BP,Interleukin-18-Mediated Signaling Pathway (GO:0035655),0.0455714757437138
11,BP,Interleukin-4-Mediated Signaling Pathway (GO:0035771),0.0455714757437138
11,BP,Leukocyte Chemotaxis Involved in Inflammatory Response (GO:0002232),0.0455714757437138
11,BP,Negative Regulation of Acute Inflammatory Response (GO:0002674),0.0455714757437138
11,BP,Negative Regulation of Erythrocyte Differentiation (GO:0045647),0.0455714757437138
11,BP,Negative Regulation of Monocyte Chemotaxis (GO:0090027),0.0455714757437138
11,BP,Negative Regulation of Myeloid Leukocyte Mediated Immunity (GO:0002887),0.0455714757437138
11,BP,Negative Regulation of Protein Localization to Chromatin (GO:0120186),0.0455714757437138
11,BP,Phagocytosis (GO:0006909),0.0455714757437138
11,BP,Phagosome Acidification (GO:0090383),0.0455714757437138
11,BP,Positive Regulation of Antigen Processing and Presentation (GO:0002579),0.0455714757437138
11,BP,Positive Regulation of Dendritic Cell Antigen Processing and Presentation (GO:0002606),0.0455714757437138
11,BP,Positive Regulation of Platelet-Derived Growth Factor Receptor Signaling Pathway (GO:0010641),0.0455714757437138
11,BP,Regulation of Antigen Processing and Presentation (GO:0002577),0.0455714757437138
11,BP,Regulation of Immunoglobulin Mediated Immune Response (GO:0002889),0.0455714757437138
11,BP,Regulation of miRNA Transcription (GO:1902893),0.0455714757437138
11,BP,Regulation of Respiratory Burst Involved in Inflammatory Response (GO:0060264),0.0455714757437138
11,BP,Type IIa Hypersensitivity (GO:0001794),0.0455714757437138
11,CC,Tertiary Granule (GO:0070820),4.33095557664691e-06
11,CC,Ficolin-1-Rich Granule (GO:0101002),9.96610698859029e-05
11,CC,Ficolin-1-Rich Granule Membrane (GO:0101003),0.000195566564484324
11,CC,Cytoplasmic Vesicle Membrane (GO:0030659),0.00437201221812767
11,CC,Secretory Granule Membrane (GO:0030667),0.00437201221812767
11,CC,Specific Granule (GO:0042581),0.00437201221812767
11,CC,Tertiary Granule Membrane (GO:0070821),0.00480013865226575
11,CC,Bounding Membrane of Organelle (GO:0098588),0.00512086226192787
11,CC,Endocytic Vesicle Membrane (GO:0030666),0.0323336137121526
11,CC,Endoplasmic reticulum-Golgi Intermediate Compartment Membrane (GO:0033116),0.0323336137121526
11,CC,Secretory Granule Lumen (GO:0034774),0.0323336137121526
11,CC,Tertiary Granule Lumen (GO:1904724),0.0323336137121526
11,CC,Specific Granule Lumen (GO:0035580),0.0377900672547392
11,CC,Platelet Alpha Granule Lumen (GO:0031093),0.0408396427690836
11,KEGG,Cytokine-cytokine receptor interaction,2.05125294211726e-05
11,KEGG,Staphylococcus aureus infection,8.57063698515501e-05
11,KEGG,Complement and coagulation cascades,0.000936162504616378
11,KEGG,Hematopoietic cell lineage,0.000936162504616378
11,KEGG,Neutrophil extracellular trap formation,0.000936162504616378
11,KEGG,Viral protein interaction with cytokine and cytokine receptor,0.000936162504616378
11,KEGG,Inflammatory bowel disease,0.00447303821166388
11,KEGG,JAK-STAT signaling pathway,0.00447303821166388
11,KEGG,Tuberculosis,0.00590666480126969
11,KEGG,Neuroactive ligand-receptor interaction,0.00732691008902693
11,KEGG,Th17 cell differentiation,0.0122331420077227
11,KEGG,Osteoclast differentiation,0.0182544647718839
11,KEGG,Malaria,0.0326641807308286
11,KEGG,Pathways in cancer,0.0353201476114495
11,MF,Complement Receptor Activity (GO:0004875),3.62537737874618e-07
11,MF,Cytokine Receptor Activity (GO:0004896),4.55684535017002e-05
11,MF,G Protein-Coupled Peptide Receptor Activity (GO:0008528),0.000811531365832942
11,MF,Fucose Binding (GO:0042806),0.00201256148068695
11,MF,Complement Component C3b Binding (GO:0001851),0.00343532385726192
11,MF,D-mannose Binding (GO:0005537),0.00962262110345644
11,MF,G Protein-Coupled Receptor Activity (GO:0004930),0.0300708245556323
11,Reactome,Immune System,2.90402342950497e-11
11,Reactome,Signaling by Interleukins,3.63582338006027e-06
11,Reactome,Cytokine Signaling in Immune System,4.51194991769361e-06
11,Reactome,Innate Immune System,4.51194991769361e-06
11,Reactome,Formyl Peptide Receptors Bind Formyl Peptides and Many Other Ligands,2.38514524243761e-05
11,Reactome,Neutrophil Degranulation,2.38514524243761e-05
11,Reactome,Interleukin-10 Signaling,7.15041801212346e-05
11,Reactome,Class A 1 (Rhodopsin-like Receptors),0.00176330934612623
11,Reactome,Interleukin-4 and Interleukin-13 Signaling,0.00189982719749488
11,Reactome,CD163 Mediating an Anti-Inflammatory Response,0.00259341498122846
11,Reactome,RUNX1 and FOXP3 Control the Development of Regulatory T Lymphocytes (Tregs),0.00294284736024185
11,Reactome,GPCR Downstream Signalling,0.00600975349026963
11,Reactome,GPCR Ligand Binding,0.00668018098518739
11,Reactome,G Alpha (I) Signalling Events,0.00729051816314327
11,Reactome,Signaling by GPCR,0.00916196557307157
11,Reactome,Peptide Ligand-Binding Receptors,0.00928673713255006
11,Reactome,Antimicrobial Peptides,0.011024373055537
11,Reactome,TNFs Bind Their Physiological Receptors,0.0157906370898475
12,BP,Inflammatory Response (GO:0006954),1.37204821270508e-07
12,BP,Complement Receptor Mediated Signaling Pathway (GO:0002430),1.94330577004703e-06
12,BP,Regulation of Type II Interferon Production (GO:0032649),7.69575152056485e-06
12,BP,Cytokine-Mediated Signaling Pathway (GO:0019221),1.19552271167239e-05
12,BP,Immune Response-Activating Cell Surface Receptor Signaling Pathway (GO:0002429),1.7077598584446e-05
12,BP,Positive Regulation of Type II Interferon Production (GO:0032729),1.7077598584446e-05
12,BP,Negative Regulation of Production of Molecular Mediator of Immune Response (GO:0002701),4.50256978016808e-05
12,BP,Negative Regulation of Lymphocyte Proliferation (GO:0050672),0.000153250564573169
12,BP,Positive Regulation of T-helper 1 Type Immune Response (GO:0002827),0.000153250564573169
12,BP,Negative Regulation of Cytokine Production (GO:0001818),0.000223333926822736
12,BP,Positive Regulation of Cytokine Production (GO:0001819),0.00036295657911455
12,BP,Regulation of Lymphocyte Differentiation (GO:0045619),0.000446685380503304
12,BP,Intracellular Signaling Cassette (GO:0141124),0.000535054816726485
12,BP,Negative Regulation of Multicellular Organismal Process (GO:0051241),0.000630739664236354
12,BP,Negative Regulation of Immune Response (GO:0050777),0.000653596419225707
12,BP,Regulation of B Cell Activation (GO:0050864),0.000787712955779215
12,BP,Regulation of Monocyte Chemotaxis (GO:0090025),0.00105100731815781
12,BP,Regulation of Cytokine Production (GO:0001817),0.00121536500198934
12,BP,Positive Regulation of T-helper 1 Cell Cytokine Production (GO:2000556),0.00125096641783725
12,BP,Regulation of Immunoglobulin Production (GO:0002637),0.00125096641783725
12,BP,Regulation of T-helper 1 Cell Cytokine Production (GO:2000554),0.00125096641783725
12,BP,Positive Regulation of Immune Response (GO:0050778),0.00148521601450862
12,BP,Negative Regulation of T Cell Proliferation (GO:0042130),0.002129949640287
12,BP,Negative Regulation of Humoral Immune Response Mediated by Circulating Immunoglobulin (GO:0002924),0.00279075207420224
12,BP,Negative Regulation of Leukocyte Degranulation (GO:0043301),0.00279075207420224
12,BP,Regulation of B Cell Proliferation (GO:0030888),0.00279075207420224
12,BP,Regulation of Dendritic Cell Antigen Processing and Presentation (GO:0002604),0.00279075207420224
12,BP,Regulation of T Cell Differentiation (GO:0045580),0.00306546641214626
12,BP,Positive Regulation of Innate Immune Response (GO:0045089),0.00313444486393371
12,BP,Regulation of Complement-Dependent Cytotoxicity (GO:1903659),0.00313444486393371
12,BP,Regulation of Interleukin-2 Production (GO:0032663),0.00333107827934165
12,BP,Negative Regulation of T Cell Activation (GO:0050868),0.00342328597268008
12,BP,Regulation of Tumor Necrosis Factor Production (GO:0032680),0.00343564438624744
12,BP,Negative Regulation of B Cell Proliferation (GO:0030889),0.00345216368009163
12,BP,Positive Regulation of B Cell Differentiation (GO:0045579),0.00409289698477406
12,BP,Negative Regulation of Innate Immune Response (GO:0045824),0.00412085886313491
12,BP,Positive Regulation of Multicellular Organismal Process (GO:0051240),0.00412085886313491
12,BP,Negative Regulation of Complement Activation (GO:0045916),0.0042913952039226
12,BP,Positive Regulation of Cellular Extravasation (GO:0002693),0.0042913952039226
12,BP,T Cell Chemotaxis (GO:0010818),0.0042913952039226
12,BP,Mature B Cell Differentiation Involved in Immune Response (GO:0002313),0.0047110654640148
12,BP,Negative Regulation of Interleukin-12 Production (GO:0032695),0.0047110654640148
12,BP,Regulation of Phagocytosis (GO:0050764),0.0047110654640148
12,BP,Positive Regulation of Phagocytosis (GO:0050766),0.00488034119058113
12,BP,+ Reg of Adaptive Imm Resp Based on Som Recomb of Imm Rcptrs Built Frm IgSF Domains (GO:0002824),0.00524445462493096
12,BP,Response to Molecule of Bacterial Origin (GO:0002237),0.00534219685737176
12,BP,Dendritic Cell Chemotaxis (GO:0002407),0.00566497532135481
12,BP,Negative Regulation of Immune Effector Process (GO:0002698),0.00566497532135481
12,BP,Myeloid Leukocyte Differentiation (GO:0002573),0.00671222408925952
12,BP,Defense Response to Symbiont (GO:0140546),0.00702386310720456
12,BP,Dendritic Cell Migration (GO:0036336),0.00773583265179831
12,BP,Immunoglobulin Mediated Immune Response (GO:0016064),0.00806775486009424
12,BP,Positive Regulation of Signaling Receptor Activity (GO:2000273),0.00806775486009424
12,BP,Positive Regulation of Tumor Necrosis Factor Production (GO:0032760),0.00806775486009424
12,BP,Regulation of B Cell Differentiation (GO:0045577),0.00806775486009424
12,BP,B Cell Mediated Immunity (GO:0019724),0.00807477444183324
12,BP,Negative Regulation of B Cell Activation (GO:0050869),0.00807477444183324
12,BP,Positive Regulation of Endocytosis (GO:0045807),0.00807477444183324
12,BP,Positive Regulation of Monocyte Chemotaxis (GO:0090026),0.00807477444183324
12,BP,Positive Regulation of Tumor Necrosis Factor Superfamily Cytokine Production (GO:1903557),0.00807477444183324
12,BP,Regulation of T Cell Proliferation (GO:0042129),0.00807477444183324
12,BP,Regulation of Innate Immune Response (GO:0045088),0.0082187946844067
12,BP,Calcium-Mediated Signaling (GO:0019722),0.00952649945302342
12,BP,Negative Regulation of Interleukin-2 Production (GO:0032703),0.00981424291968911
12,BP,Positive Regulation of T Cell Cytokine Production (GO:0002726),0.00981424291968911
12,BP,T-helper Cell Differentiation (GO:0042093),0.00981424291968911
12,BP,Defense Response to Bacterium (GO:0042742),0.012019867955621
12,BP,Regulation of Cell Population Proliferation (GO:0042127),0.012019867955621
12,BP,Phospholipase C-activating G Protein-Coupled Receptor Signaling Pathway (GO:0007200),0.0120834118120381
12,BP,Regulation of Cytokine Production Involved in Immune Response (GO:0002718),0.0122399979075486
12,BP,Regulation of Defense Response (GO:0031347),0.0122399979075486
12,BP,Regulation of Interferon-Alpha Production (GO:0032647),0.0122399979075486
12,BP,Regulation of Myeloid Cell Differentiation (GO:0045637),0.0122399979075486
12,BP,Intracellular pH Reduction (GO:0051452),0.0159051023750662
12,BP,B Cell Activation Involved in Immune Response (GO:0002312),0.0164954080290717
12,BP,Regulation of Inflammatory Response (GO:0050727),0.0164954080290717
12,BP,Negative Regulation of Inflammatory Response (GO:0050728),0.0176290353747175
12,BP,Integrated Stress Response Signaling (GO:0140467),0.0181268763978158
12,BP,Positive Regulation of Mononuclear Cell Migration (GO:0071677),0.0189550346994867
12,BP,Cellular Response to Amyloid-Beta (GO:1904646),0.0195465592068496
12,BP,Positive Regulation of Immune Effector Process (GO:0002699),0.0195465592068496
12,BP,Positive Regulation of Defense Response (GO:0031349),0.0202779950645862
12,BP,Positive Regulation of Receptor Signaling Pathway via JAK-STAT (GO:0046427),0.0207258143061345
12,BP,Regulation of Erythrocyte Differentiation (GO:0045646),0.0207258143061345
12,BP,Regulation of Response to External Stimulus (GO:0032101),0.0207258143061345
12,BP,Positive Regulation of Lymphocyte Differentiation (GO:0045621),0.0215613175679511
12,BP,Receptor-Mediated Endocytosis (GO:0006898),0.0217011630458235
12,BP,Regulation of DNA Recombination (GO:0000018),0.0221486822231387
12,BP,Positive Regulation of Receptor Signaling Pathway via STAT (GO:1904894),0.0241051706602055
12,BP,Positive Regulation of Response to Biotic Stimulus (GO:0002833),0.0261160291549975
12,BP,Regulation of Cold-Induced Thermogenesis (GO:0120161),0.0262892701079031
12,BP,Response to Amyloid-Beta (GO:1904645),0.0266984926230769
12,BP,T Cell Differentiation (GO:0030217),0.027572600025722
12,BP,Cell Surface Receptor Signaling Pathway via JAK-STAT (GO:0007259),0.0281516231973687
12,BP,Positive Regulation of miRNA Transcription (GO:1902895),0.0281516231973687
12,BP,Regulation of Interleukin-12 Production (GO:0032655),0.0314347372616544
12,BP,Positive Regulation of Response to External Stimulus (GO:0032103),0.0322465968847799
12,BP,Cellular Response to Mechanical Stimulus (GO:0071260),0.0338017060295276
12,BP,Positive Regulation of B Cell Activation (GO:0050871),0.0338017060295276
12,BP,Positive Regulation of miRNA Metabolic Process (GO:2000630),0.0338017060295276
12,BP,Cellular Response to Nitrogen Compound (GO:1901699),0.0342181892272521
12,BP,Cell Surface Receptor Signaling Pathway via STAT (GO:0097696),0.0352648487626119
12,BP,Regulation of Receptor Signaling Pathway via JAK-STAT (GO:0046425),0.0352648487626119
12,BP,Positive Regulation of Leukocyte Chemotaxis (GO:0002690),0.03616779305444
12,BP,Positive Regulation of MAPK Cascade (GO:0043410),0.0445147543529577
12,BP,Negative Regulation of Gene Expression (GO:0010629),0.044935510600647
12,BP,Positive Regulation of T Cell Differentiation (GO:0045582),0.0454987276453333
12,BP,Adenylate Cyclase-Modulating G Protein-Coupled Receptor Signaling Pathway (GO:0007188),0.0455714757437138
12,BP,Antibody-Dependent Cellular Cytotoxicity (GO:0001788),0.0455714757437138
12,BP,ATP Export (GO:1904669),0.0455714757437138
12,BP,Cellular Response to Interleukin-18 (GO:0071351),0.0455714757437138
12,BP,Cellular Response to Oxygen-Containing Compound (GO:1901701),0.0455714757437138
12,BP,Folic Acid Transport (GO:0015884),0.0455714757437138
12,BP,Interleukin-18-Mediated Signaling Pathway (GO:0035655),0.0455714757437138
12,BP,Interleukin-4-Mediated Signaling Pathway (GO:0035771),0.0455714757437138
12,BP,Leukocyte Chemotaxis Involved in Inflammatory Response (GO:0002232),0.0455714757437138
12,BP,Negative Regulation of Acute Inflammatory Response (GO:0002674),0.0455714757437138
12,BP,Negative Regulation of Erythrocyte Differentiation (GO:0045647),0.0455714757437138
12,BP,Negative Regulation of Monocyte Chemotaxis (GO:0090027),0.0455714757437138
12,BP,Negative Regulation of Myeloid Leukocyte Mediated Immunity (GO:0002887),0.0455714757437138
12,BP,Negative Regulation of Protein Localization to Chromatin (GO:0120186),0.0455714757437138
12,BP,Phagocytosis (GO:0006909),0.0455714757437138
12,BP,Phagosome Acidification (GO:0090383),0.0455714757437138
12,BP,Positive Regulation of Antigen Processing and Presentation (GO:0002579),0.0455714757437138
12,BP,Positive Regulation of Dendritic Cell Antigen Processing and Presentation (GO:0002606),0.0455714757437138
12,BP,Positive Regulation of Platelet-Derived Growth Factor Receptor Signaling Pathway (GO:0010641),0.0455714757437138
12,BP,Regulation of Antigen Processing and Presentation (GO:0002577),0.0455714757437138
12,BP,Regulation of Immunoglobulin Mediated Immune Response (GO:0002889),0.0455714757437138
12,BP,Regulation of miRNA Transcription (GO:1902893),0.0455714757437138
12,BP,Regulation of Respiratory Burst Involved in Inflammatory Response (GO:0060264),0.0455714757437138
12,BP,Type IIa Hypersensitivity (GO:0001794),0.0455714757437138
12,CC,Tertiary Granule (GO:0070820),4.33095557664691e-06
12,CC,Ficolin-1-Rich Granule (GO:0101002),9.96610698859029e-05
12,CC,Ficolin-1-Rich Granule Membrane (GO:0101003),0.000195566564484324
12,CC,Cytoplasmic Vesicle Membrane (GO:0030659),0.00437201221812767
12,CC,Secretory Granule Membrane (GO:0030667),0.00437201221812767
12,CC,Specific Granule (GO:0042581),0.00437201221812767
12,CC,Tertiary Granule Membrane (GO:0070821),0.00480013865226575
12,CC,Bounding Membrane of Organelle (GO:0098588),0.00512086226192787
12,CC,Endocytic Vesicle Membrane (GO:0030666),0.0323336137121526
12,CC,Endoplasmic reticulum-Golgi Intermediate Compartment Membrane (GO:0033116),0.0323336137121526
12,CC,Secretory Granule Lumen (GO:0034774),0.0323336137121526
12,CC,Tertiary Granule Lumen (GO:1904724),0.0323336137121526
12,CC,Specific Granule Lumen (GO:0035580),0.0377900672547392
12,CC,Platelet Alpha Granule Lumen (GO:0031093),0.0408396427690836
12,KEGG,Cytokine-cytokine receptor interaction,2.05125294211726e-05
12,KEGG,Staphylococcus aureus infection,8.57063698515501e-05
12,KEGG,Complement and coagulation cascades,0.000936162504616378
12,KEGG,Hematopoietic cell lineage,0.000936162504616378
12,KEGG,Neutrophil extracellular trap formation,0.000936162504616378
12,KEGG,Viral protein interaction with cytokine and cytokine receptor,0.000936162504616378
12,KEGG,Inflammatory bowel disease,0.00447303821166388
12,KEGG,JAK-STAT signaling pathway,0.00447303821166388
12,KEGG,Tuberculosis,0.00590666480126969
12,KEGG,Neuroactive ligand-receptor interaction,0.00732691008902693
12,KEGG,Th17 cell differentiation,0.0122331420077227
12,KEGG,Osteoclast differentiation,0.0182544647718839
12,KEGG,Malaria,0.0326641807308286
12,KEGG,Pathways in cancer,0.0353201476114495
12,MF,Complement Receptor Activity (GO:0004875),3.62537737874618e-07
12,MF,Cytokine Receptor Activity (GO:0004896),4.55684535017002e-05
12,MF,G Protein-Coupled Peptide Receptor Activity (GO:0008528),0.000811531365832942
12,MF,Fucose Binding (GO:0042806),0.00201256148068695
12,MF,Complement Component C3b Binding (GO:0001851),0.00343532385726192
12,MF,D-mannose Binding (GO:0005537),0.00962262110345644
12,MF,G Protein-Coupled Receptor Activity (GO:0004930),0.0300708245556323
12,Reactome,Immune System,2.90402342950497e-11
12,Reactome,Signaling by Interleukins,3.63582338006027e-06
12,Reactome,Cytokine Signaling in Immune System,4.51194991769361e-06
12,Reactome,Innate Immune System,4.51194991769361e-06
12,Reactome,Formyl Peptide Receptors Bind Formyl Peptides and Many Other Ligands,2.38514524243761e-05
12,Reactome,Neutrophil Degranulation,2.38514524243761e-05
12,Reactome,Interleukin-10 Signaling,7.15041801212346e-05
12,Reactome,Class A 1 (Rhodopsin-like Receptors),0.00176330934612623
12,Reactome,Interleukin-4 and Interleukin-13 Signaling,0.00189982719749488
12,Reactome,CD163 Mediating an Anti-Inflammatory Response,0.00259341498122846
12,Reactome,RUNX1 and FOXP3 Control the Development of Regulatory T Lymphocytes (Tregs),0.00294284736024185
12,Reactome,GPCR Downstream Signalling,0.00600975349026963
12,Reactome,GPCR Ligand Binding,0.00668018098518739
12,Reactome,G Alpha (I) Signalling Events,0.00729051816314327
12,Reactome,Signaling by GPCR,0.00916196557307157
12,Reactome,Peptide Ligand-Binding Receptors,0.00928673713255006
12,Reactome,Antimicrobial Peptides,0.011024373055537
12,Reactome,TNFs Bind Their Physiological Receptors,0.0157906370898475
13,BP,Myelination (GO:0042552),3.55419622964828e-08
13,BP,Oligodendrocyte Development (GO:0014003),2.11324619143952e-06
13,BP,Galactolipid Biosynthetic Process (GO:0019375),0.000130573014024863
13,BP,Galactosylceramide Biosynthetic Process (GO:0006682),0.000130573014024863
13,BP,Glycosylceramide Biosynthetic Process (GO:0046476),0.00017670105340488
13,BP,Oligodendrocyte Differentiation (GO:0048709),0.00017670105340488
13,BP,Axon Ensheathment in Central Nervous System (GO:0032291),0.000213064481248331
13,BP,Galactosylceramide Metabolic Process (GO:0006681),0.000213064481248331
13,BP,Glial Cell Development (GO:0021782),0.000213064481248331
13,BP,Central Nervous System Myelination (GO:0022010),0.000844897696495734
13,BP,Glial Cell Differentiation (GO:0010001),0.0144193734682468
13,BP,Central Nervous System Development (GO:0007417),0.0165555781613793
13,BP,Myelin Assembly (GO:0032288),0.039936379671416
13,CC,Axon (GO:0030424),0.046652313842341
13,KEGG,Ether lipid metabolism,0.00355862254713689
13,KEGG,Histidine metabolism,0.00355862254713689
13,KEGG,Hedgehog signaling pathway,0.0349011827059954
13,KEGG,Mineral absorption,0.0349011827059954
13,MF,Calcium Channel Activity (GO:0005262),0.231863864244731
13,MF,Calcium Ion Sensor Activity (GO:0061891),0.231863864244731
13,MF,Calcium Ion Transmembrane Transporter Activity (GO:0015085),0.231863864244731
13,Reactome,EGR2 and SOX10-mediated Initiation of Schwann Cell Myelination,0.0257012623173085
13,Reactome,Regulation of CDH19 Expression and Function,0.0257012623173085
13,Reactome,TRP Channels,0.0257012623173085
14,BP,Negative Regulation of Neuron Differentiation (GO:0045665),0.0010624570251542
14,BP,Positive Regulation of DNA-templated Transcription (GO:0045893),0.0010624570251542
14,BP,Regulation of Transcription by RNA Polymerase II (GO:0006357),0.0010624570251542
14,BP,Glial Cell Differentiation (GO:0010001),0.00106908579951013
14,BP,Astrocyte Differentiation (GO:0048708),0.00122628358641589
14,BP,Chondrocyte Differentiation (GO:0002062),0.00122628358641589
14,BP,Positive Regulation of Transcription by RNA Polymerase II (GO:0045944),0.00122628358641589
14,BP,Regulation of DNA-templated Transcription (GO:0006355),0.00122628358641589
14,BP,Regulation of Nervous System Development (GO:0051960),0.00201660243570753
14,BP,Regulation of Cell Development (GO:0060284),0.00280304610200836
14,BP,Cartilage Development (GO:0051216),0.0033536546691832
14,BP,Regulation of Neurogenesis (GO:0050767),0.00475620212323397
14,BP,Negative Regulation of Transcription by RNA Polymerase II (GO:0000122),0.00494753838356633
14,BP,Negative Regulation of DNA-templated Transcription (GO:0045892),0.00544774710774078
14,BP,Regulation of Neuron Differentiation (GO:0045664),0.00577590551147741
14,BP,Negative Regulation of Myoblast Differentiation (GO:0045662),0.00602031351609742
14,BP,Negative Regulation of Cell Differentiation (GO:0045596),0.00920048813670911
14,BP,Glial Cell Development (GO:0021782),0.0111961217407727
14,BP,Potassium Ion Transport (GO:0006813),0.0203446465380581
14,BP,Potassium Ion Transmembrane Transport (GO:0071805),0.022541823903833
14,BP,Connective Tissue Development (GO:0061448),0.0304956749949612
14,BP,Notch Signaling Pathway (GO:0007219),0.0305314992510455
14,BP,Brain Development (GO:0007420),0.0379343623204761
14,BP,Proteoglycan Biosynthetic Process (GO:0030166),0.0379343623204761
14,BP,Eye Development (GO:0001654),0.0487367885527383
14,BP,Regulation of Myoblast Differentiation (GO:0045661),0.0487367885527383
14,CC,Astrocyte Projection (GO:0097449),0.107371632761158
14,CC,Glial Cell Projection (GO:0097386),0.107371632761158
14,CC,Nucleus (GO:0005634),0.107371632761158
14,KEGG,Breast cancer,0.102867360960981
14,KEGG,Notch signaling pathway,0.114760610311176
14,KEGG,NF-kappa B signaling pathway,0.176104913077981
14,MF,Cis-Regulatory Region Sequence-Specific DNA Binding (GO:0000987),0.000940913190214511
14,MF,RNA Polymerase II Cis-Regulatory Region Sequence-Specific DNA Binding (GO:0000978),0.000940913190214511
14,MF,RNA Polymerase II Transcription Regulatory Region Sequence-Specific DNA Binding (GO:0000977),0.000940913190214511
14,MF,Sequence-Specific Double-Stranded DNA Binding (GO:1990837),0.000940913190214511
14,MF,Sequence-Specific DNA Binding (GO:0043565),0.00254430266296702
14,MF,Voltage-Gated Potassium Channel Activity (GO:0005249),0.00360317812100507
14,MF,Outward Rectifier Potassium Channel Activity (GO:0015271),0.00533179902568349
14,MF,"DNA-binding Transcription Activator Activity, RNA Polymerase II-specific (GO:0001228)",0.0169752854937409
14,MF,Double-Stranded DNA Binding (GO:0003690),0.0352617397668054
14,MF,"DNA-binding Transcription Repressor Activity, RNA Polymerase II-specific (GO:0001227)",0.0355754345488794
14,MF,Chondroitin Sulfotransferase Activity (GO:0034481),0.0375163106221394
14,MF,Dermatan Sulfotransferase Activity (GO:0120534),0.0375163106221394
14,MF,Ligand-Gated Monoatomic Cation Channel Activity (GO:0099094),0.0375163106221394
14,MF,Peroxisome Proliferator Activated Receptor Binding (GO:0042975),0.0375163106221394
14,MF,Potassium Channel Activity (GO:0005267),0.0375163106221394
14,MF,Potassium Channel Inhibitor Activity (GO:0019870),0.0375163106221394
14,MF,Secondary Active Monocarboxylate Transmembrane Transporter Activity (GO:0015355),0.0375163106221394
14,Reactome,Chondroitin Sulfate Dermatan Sulfate Metabolism,0.0498632457093859
14,Reactome,Constitutive Signaling by NOTCH1 HD+PEST Domain Mutants,0.0498632457093859
14,Reactome,Constitutive Signaling by NOTCH1 PEST Domain Mutants,0.0498632457093859
14,Reactome,Gene Expression (Transcription),0.0498632457093859
14,Reactome,Generic Transcription Pathway,0.0498632457093859
14,Reactome,Nuclear Receptor Transcription Pathway,0.0498632457093859
14,Reactome,RNA Polymerase III Abortive And Retractive Initiation,0.0498632457093859
14,Reactome,RNA Polymerase III Transcription,0.0498632457093859
14,Reactome,RNA Polymerase III Transcription Termination,0.0498632457093859
14,Reactome,Signaling by NOTCH1 HD+PEST Domain Mutants in Cancer,0.0498632457093859
14,Reactome,Signaling by NOTCH1 in Cancer,0.0498632457093859
14,Reactome,Signaling by NOTCH1 PEST Domain Mutants in Cancer,0.0498632457093859
14,Reactome,Signaling by NOTCH2,0.0498632457093859
14,Reactome,Signaling by NOTCH3,0.0498632457093859
15,BP,Fibroblast Growth Factor Receptor Signaling Pathway (GO:0008543),0.0375596091629637
15,CC,Axon (GO:0030424),0.166363823995248
15,CC,Postsynaptic Density (GO:0014069),0.166363823995248
15,CC,Postsynaptic Specialization Membrane (GO:0099634),0.166363823995248
15,KEGG,Calcium signaling pathway,0.0706347158161514
15,KEGG,Chemical carcinogenesis,0.0706347158161514
15,KEGG,Nicotine addiction,0.0706347158161514
15,MF,Fibroblast Growth Factor Receptor Binding (GO:0005104),0.00273227138492357
15,MF,UDP-galactosyltransferase Activity (GO:0035250),0.0349382059659143
15,MF,Voltage-Gated Monoatomic Cation Channel Activity (GO:0022843),0.0349382059659143
15,MF,"DNA-binding Transcription Repressor Activity, RNA Polymerase II-specific (GO:0001227)",0.0391525018820295
15,Reactome,FGFR1c Ligand Binding and Activation,0.00847521121995002
15,Reactome,FGFR2c Ligand Binding and Activation,0.00847521121995002
15,Reactome,FGFR3 Ligand Binding and Activation,0.00847521121995002
15,Reactome,FGFR3 Mutant Receptor Activation,0.00847521121995002
15,Reactome,FGFR3b Ligand Binding and Activation,0.00847521121995002
15,Reactome,FGFR3c Ligand Binding and Activation,0.00847521121995002
15,Reactome,FGFR4 Ligand Binding and Activation,0.00847521121995002
15,Reactome,Neuronal System,0.00847521121995002
15,Reactome,Phospholipase C-mediated Cascade; FGFR3,0.00847521121995002
15,Reactome,Signaling by Activated Point Mutants of FGFR1,0.00847521121995002
15,Reactome,Signaling by Activated Point Mutants of FGFR3,0.00847521121995002
15,Reactome,Transcriptional Regulation of Testis Differentiation,0.00847521121995002
15,Reactome,Activated Point Mutants of FGFR2,0.00849527570805075
15,Reactome,FGFR1 Ligand Binding and Activation,0.00849527570805075
15,Reactome,Lewis Blood Group Biosynthesis,0.00849527570805075
15,Reactome,Phospholipase C-mediated Cascade FGFR1,0.00849527570805075
15,Reactome,Phospholipase C-mediated Cascade; FGFR2,0.00849527570805075
15,Reactome,Phospholipase C-mediated Cascade; FGFR4,0.00849527570805075
15,Reactome,PI-3K Cascade FGFR3,0.00849527570805075
15,Reactome,SHC-mediated Cascade FGFR3,0.00849527570805075
15,Reactome,Blood Group Systems Biosynthesis,0.00871005098837052
15,Reactome,FGFR2 Ligand Binding and Activation,0.00871005098837052
15,Reactome,FRS-mediated FGFR1 Signaling,0.00871005098837052
15,Reactome,FRS-mediated FGFR3 Signaling,0.00871005098837052
15,Reactome,FRS-mediated FGFR4 Signaling,0.00871005098837052
15,Reactome,PI-3K Cascade FGFR1,0.00871005098837052
15,Reactome,PI-3K Cascade FGFR2,0.00871005098837052
15,Reactome,PI-3K Cascade FGFR4,0.00871005098837052
15,Reactome,SHC-mediated Cascade FGFR1,0.00871005098837052
15,Reactome,SHC-mediated Cascade FGFR2,0.00871005098837052
15,Reactome,SHC-mediated Cascade FGFR4,0.00871005098837052
15,Reactome,Signaling by FGFR3 in Disease,0.00871005098837052
15,Reactome,Downstream Signaling of Activated FGFR3,0.00968962193001082
15,Reactome,FRS-mediated FGFR2 Signaling,0.00968962193001082
15,Reactome,Downstream Signaling of Activated FGFR4,0.0109778759984888
15,Reactome,Negative Regulation of FGFR3 Signaling,0.0123060296791695
15,Reactome,Downstream Signaling of Activated FGFR1,0.0126445387643645
15,Reactome,Downstream Signaling of Activated FGFR2,0.0126445387643645
15,Reactome,FGFR1 Mutant Receptor Activation,0.0126445387643645
15,Reactome,Negative Regulation of FGFR4 Signaling,0.0126445387643645
15,Reactome,FGFR2 Mutant Receptor Activation,0.0136304659336863
15,Reactome,Negative Regulation of FGFR1 Signaling,0.0136304659336863
15,Reactome,Negative Regulation of FGFR2 Signaling,0.0141230552691553
15,Reactome,Signaling by FGFR1 in Disease,0.0171858390048779
15,Reactome,Cardiac Conduction,0.0173960285244327
15,Reactome,Signaling by FGFR3,0.0181811959579594
15,Reactome,Signaling by FGFR4,0.0186771510972633
15,Reactome,Signaling by FGFR2 in Disease,0.0196654807403957
15,Reactome,Voltage Gated Potassium Channels,0.0196654807403957
15,Reactome,PI3K Cascade,0.0201578091167855
15,Reactome,IRS-mediated Signalling,0.0234152850433968
15,Reactome,IRS-related Events Triggered by IGF1R,0.0263189362352311
15,Reactome,Signaling by FGFR1,0.0263189362352311
15,Reactome,IGF1R Signaling Cascade,0.0267961899227312
15,Reactome,Insulin Receptor Signalling Cascade,0.0267961899227312
15,Reactome,Signaling by Type 1 Insulin-like Growth Factor 1 Receptor (IGF1R),0.0267961899227312
15,Reactome,Sensory Processing of Sound by Outer Hair Cells of the Cochlea,0.0272761827995103
15,Reactome,Signaling by FGFR in Disease,0.0348092630762883
15,Reactome,O-linked Glycosylation of Mucins,0.0363291475779476
15,Reactome,Regulation of NPAS4 Gene Transcription,0.0385602092975949
15,Reactome,Muscle Contraction,0.0439684805132535
15,Reactome,Signaling by FGFR2,0.0453982072863898
15,Reactome,Sensory Processing of Sound,0.0469599133752401
15,Reactome,Neurofascin Interactions,0.0489567259053457
15,Reactome,Phase 1 - Inactivation of Fast Na+ Channels,0.0489567259053457
15,Reactome,RSK Activation,0.0489567259053457
15,Reactome,Signaling by Insulin Receptor,0.04972272470985
16,BP,Cardiac Muscle Cell Action Potential Involved in Contraction (GO:0086002),0.133830631514672
16,BP,Cardiac Muscle Tissue Development (GO:0048738),0.133830631514672
16,BP,Cellular Response to Hormone Stimulus (GO:0032870),0.133830631514672
16,CC,Intercalated Disc (GO:0014704),0.136228248691645
16,CC,Low-Density Lipoprotein Particle (GO:0034362),0.136228248691645
16,CC,Voltage-Gated Sodium Channel Complex (GO:0001518),0.192709062331121
16,KEGG,PPAR signaling pathway,0.442503255635337
16,KEGG,Neuroactive ligand-receptor interaction,0.464799099151736
16,KEGG,Steroid hormone biosynthesis,0.650473929907458
16,MF,Alpha-Adrenergic Receptor Activity (GO:0004936),0.132307804797867
16,MF,Aldose Reductase (NADPH) Activity (GO:0004032),0.210465490403669
16,MF,Sodium Channel Activity (GO:0005272),0.210465490403669
16,Reactome,Defective B3GALTL Causes PpS,0.00323580668908312
16,Reactome,O-glycosylation of TSR Domain-Containing Proteins,0.00323580668908312
16,Reactome,Synthesis of Bile Acids and Bile Salts via 7Alpha-Hydroxycholesterol,0.00473236950336911
16,Reactome,Synthesis of Bile Acids and Bile Salts,0.0124748984998809
16,Reactome,Synthesis of Bile Acids and Bile Salts via 24-Hydroxycholesterol,0.0124748984998809
16,Reactome,Synthesis of Bile Acids and Bile Salts via 27-Hydroxycholesterol,0.0131538404618551
16,Reactome,Diseases Associated With O-glycosylation of Proteins,0.0158259957488975
16,Reactome,Diseases of Metabolism,0.0158259957488975
16,Reactome,Bile Acid and Bile Salt Metabolism,0.0191161989823782
16,Reactome,Retinoid Metabolism and Transport,0.0191161989823782
16,Reactome,G Alpha (Z) Signalling Events,0.0205641191697399
16,Reactome,GPCR Downstream Signalling,0.0205641191697399
16,Reactome,Metabolism of Fat-Soluble Vitamins,0.0205641191697399
16,Reactome,Diseases of Glycosylation,0.0373655329115446
16,Reactome,Signaling by GPCR,0.0483804321755091
17,BP,Regulation of Transcription by RNA Polymerase II (GO:0006357),6.46902035391539e-28
17,BP,Regulation of DNA-templated Transcription (GO:0006355),1.39443727030744e-22
17,BP,Negative Regulation of DNA-templated Transcription (GO:0045892),5.01695083546025e-05
17,BP,Negative Regulation of Transcription by RNA Polymerase II (GO:0000122),0.000116055751745881
17,BP,Positive Regulation of Transcription by RNA Polymerase II (GO:0045944),0.0074661839263593
17,BP,Positive Regulation of DNA-templated Transcription (GO:0045893),0.00896806763617636
17,CC,Nucleus (GO:0005634),1.4182170567035e-07
17,CC,Intracellular Membrane-Bounded Organelle (GO:0043231),1.75603180756774e-06
17,KEGG,Herpes simplex virus 1 infection,0.000367955758084353
17,MF,RNA Polymerase II Transcription Regulatory Region Sequence-Specific DNA Binding (GO:0000977),1.78418405710305e-34
17,MF,Cis-Regulatory Region Sequence-Specific DNA Binding (GO:0000987),1.04887153478015e-23
17,MF,RNA Polymerase II Cis-Regulatory Region Sequence-Specific DNA Binding (GO:0000978),1.13336422732224e-23
17,MF,"DNA-binding Transcription Repressor Activity, RNA Polymerase II-specific (GO:0001227)",3.55973427915348e-09
17,MF,Transcription Cis-Regulatory Region Binding (GO:0000976),7.73673269335827e-08
17,MF,Sequence-Specific DNA Binding (GO:0043565),1.00745629846945e-06
17,MF,Double-Stranded DNA Binding (GO:0003690),3.37044018926775e-06
17,MF,Sequence-Specific Double-Stranded DNA Binding (GO:1990837),6.14809381978932e-06
17,MF,"DNA-binding Transcription Activator Activity, RNA Polymerase II-specific (GO:0001228)",0.0159970951334725
17,MF,Double-Stranded Methylated DNA Binding (GO:0010385),0.0345078635040012
17,MF,Estrogen 16-Alpha-Hydroxylase Activity (GO:0101020),0.0438292905964504
17,Reactome,Generic Transcription Pathway,8.14630901209425e-08
17,Reactome,Gene Expression (Transcription),1.72598951663039e-07
17,Reactome,RNA Polymerase II Transcription,1.72598951663039e-07
18,BP,T Cell Activation (GO:0042110),4.14609338847727e-10
18,BP,Regulation of T Cell Activation (GO:0050863),4.05286393963052e-06
18,BP,Regulation of Lymphocyte Activation (GO:0051249),0.000155158505881844
18,BP,Regulation of Lymphocyte Differentiation (GO:0045619),0.000155158505881844
18,BP,T Cell Receptor Signaling Pathway (GO:0050852),0.000323507001416809
18,BP,Natural Killer Cell Mediated Cytotoxicity (GO:0042267),0.000448779714954422
18,BP,Natural Killer Cell Mediated Immunity (GO:0002228),0.000448779714954422
18,BP,Antigen Receptor-Mediated Signaling Pathway (GO:0050851),0.000452393482086933
18,BP,Positive Regulation of T Cell Activation (GO:0050870),0.000452393482086933
18,BP,Regulation of Natural Killer Cell Mediated Cytotoxicity (GO:0042269),0.000452393482086933
18,BP,Enzyme-Linked Receptor Protein Signaling Pathway (GO:0007167),0.000520376564502936
18,BP,Positive Regulation of Cell-Cell Adhesion (GO:0022409),0.00101856474821036
18,BP,Positive Regulation of Cytokine Production (GO:0001819),0.00129145106505449
18,BP,Positive Regulation of Type II Interferon Production (GO:0032729),0.00129145106505449
18,BP,Regulation of Cell-Cell Adhesion Mediated by Integrin (GO:0033632),0.00129145106505449
18,BP,Positive Regulation of T Cell Proliferation (GO:0042102),0.00168059531925383
18,BP,Positive Regulation of Lymphocyte Proliferation (GO:0050671),0.0026216563256176
18,BP,Regulation of T Cell Proliferation (GO:0042129),0.00309398868001546
18,BP,Regulation of Type II Interferon Production (GO:0032649),0.00348570377627689
18,BP,Positive Regulation of Cell Adhesion Mediated by Integrin (GO:0033630),0.00363581268401488
18,BP,Alpha-Beta T Cell Activation (GO:0046631),0.00396887198164646
18,BP,Immunoglobulin Mediated Immune Response (GO:0016064),0.00396887198164646
18,BP,Regulation of B Cell Differentiation (GO:0045577),0.00396887198164646
18,BP,B Cell Mediated Immunity (GO:0019724),0.00405382986124137
18,BP,T Cell Mediated Immunity (GO:0002456),0.00405382986124137
18,BP,Positive Regulation of Natural Killer Cell Mediated Cytotoxicity (GO:0045954),0.00473147748062702
18,BP,Adaptive Imm Resp Based on Som Recomb of Imm Rcptrs Built Frm IgSF Domains (GO:0002460),0.00543512705823026
18,BP,Positive Regulation of Natural Killer Cell Mediated Immunity (GO:0002717),0.00616163517633791
18,BP,Cell Surface Receptor Protein Tyrosine Kinase Signaling Pathway (GO:0007169),0.0062414218665575
18,BP,Heterophilic Cell-Cell Adhesion via Plasma Membrane Cell Adhesion Molecules (GO:0007157),0.0150419660329774
18,BP,Natural Killer Cell Activation (GO:0030101),0.0163436836297934
18,BP,Negative Regulation of Viral Genome Replication (GO:0045071),0.0163436836297934
18,BP,Peptidyl-Tyrosine Modification (GO:0018212),0.0163436836297934
18,BP,Positive Regulation of Cell-Matrix Adhesion (GO:0001954),0.0163436836297934
18,BP,Regulation of T Cell Differentiation (GO:0045580),0.0163436836297934
18,BP,T Cell Differentiation (GO:0030217),0.0163436836297934
18,BP,Regulation of Apoptotic Process (GO:0042981),0.0170513829510281
18,BP,Positive Regulation of Leukocyte Mediated Cytotoxicity (GO:0001912),0.0174594482297464
18,BP,Peptidyl-Tyrosine Phosphorylation (GO:0018108),0.0219324703168402
18,BP,Regulation of Cell-Matrix Adhesion (GO:0001952),0.0267583311996957
18,BP,Positive Regulation of Cell-Substrate Adhesion (GO:0010811),0.0327739350554008
18,BP,Inflammatory Response (GO:0006954),0.0362736949490728
18,BP,+ Reg of Natural Killer Cell Mediated Cytotoxicity Directed Against Tumor Cell Target (GO:0002860),0.0423346776498633
18,BP,Clearance of Foreign Intracellular DNA (GO:0044355),0.0423346776498633
18,BP,Clearance of Foreign Intracellular Nucleic Acids (GO:0099046),0.0423346776498633
18,BP,Establishment of Lymphocyte Polarity (GO:0001767),0.0423346776498633
18,BP,Natural Killer Cell Degranulation (GO:0043320),0.0423346776498633
18,BP,Negative Regulation of Vitamin Metabolic Process (GO:0046137),0.0423346776498633
18,BP,Positive Regulation of Cell-Cell Adhesion Mediated by Integrin (GO:0033634),0.0423346776498633
18,BP,Positive Regulation of Natural Killer Cell Mediated Immune Response to Tumor Cell (GO:0002857),0.0423346776498633
18,BP,Positive Thymic T Cell Selection (GO:0045059),0.0423346776498633
18,BP,"CD4-positive, Alpha-Beta T Cell Activation (GO:0035710)",0.0454257226344469
18,BP,Lymphocyte Migration Into Lymphoid Organs (GO:0097021),0.0454257226344469
18,BP,Lysosomal Protein Catabolic Process (GO:1905146),0.0454257226344469
18,BP,Regulation of Calcidiol 1-Monooxygenase Activity (GO:0060558),0.0454257226344469
18,BP,Regulation of Endodeoxyribonuclease Activity (GO:0032071),0.0454257226344469
18,BP,Regulation of Natural Killer Cell Chemotaxis (GO:2000501),0.0454257226344469
18,BP,Cellular Response to Interleukin-2 (GO:0071352),0.0494905928403338
18,BP,Immunological Synapse Formation (GO:0001771),0.0494905928403338
18,BP,Interleukin-2-Mediated Signaling Pathway (GO:0038110),0.0494905928403338
18,BP,Reg of Natural Killer Cell Mediated Cytotoxicity Directed Against Tumor Cell Target (GO:0002858),0.0494905928403338
18,CC,T Cell Receptor Complex (GO:0042101),1.14160786281484e-05
18,CC,Alpha-Beta T Cell Receptor Complex (GO:0042105),0.0392853254478326
18,CC,Cytolytic Granule (GO:0044194),0.0392853254478326
18,KEGG,Primary immunodeficiency,0.000311265829299292
18,KEGG,T cell receptor signaling pathway,0.000311265829299292
18,KEGG,Cell adhesion molecules,0.000492931014208582
18,KEGG,Hematopoietic cell lineage,0.00219640449315063
18,KEGG,Th1 and Th2 cell differentiation,0.00219640449315063
18,KEGG,Th17 cell differentiation,0.00230030228453029
18,KEGG,Human T-cell leukemia virus 1 infection,0.0155767355881119
18,KEGG,Chagas disease,0.027401969229919
18,KEGG,Cytokine-cytokine receptor interaction,0.027401969229919
18,KEGG,PD-L1 expression and PD-1 checkpoint pathway in cancer,0.027401969229919
18,KEGG,Viral protein interaction with cytokine and cytokine receptor,0.027401969229919
18,KEGG,Measles,0.0419218837981533
18,KEGG,Yersinia infection,0.0419218837981533
18,MF,Lipase Activator Activity (GO:0060229),0.00515028455370965
18,MF,Phospholipase Activator Activity (GO:0016004),0.00515028455370965
18,MF,Phosphotyrosine Residue Binding (GO:0001784),0.0225698661356072
18,MF,Protein Phosphorylated Amino Acid Binding (GO:0045309),0.0237052067720095
18,Reactome,Immunoregulatory Interactions Between a Lymphoid and a non-Lymphoid Cell,3.08897968616235e-05
18,Reactome,Adaptive Immune System,0.00037858720364879
18,Reactome,Generation of Second Messenger Molecules,0.000603553941713204
18,Reactome,Immune System,0.000807064209392677
18,Reactome,Interleukin-2 Signaling,0.00191513305346421
18,Reactome,Costimulation by the CD28 Family,0.00208607968505977
18,Reactome,TCR Signaling,0.00533964895718736
18,Reactome,DAP12 Signaling,0.00565559316898211
18,Reactome,PD-1 Signaling,0.00565559316898211
18,Reactome,Phosphorylation of CD3 and TCR Zeta Chains,0.00565559316898211
18,Reactome,Translocation of ZAP-70 to Immunological Synapse,0.00565559316898211
18,Reactome,CD28 Co-Stimulation,0.00706290622974638
18,Reactome,FLT3 Signaling,0.00768456980657496
18,Reactome,DAP12 Interactions,0.00874372380934775
18,Reactome,Interleukin-2 Family Signaling,0.00874372380934775
18,Reactome,Signaling by SCF-KIT,0.00874372380934775
18,Reactome,Cytokine Signaling in Immune System,0.0153336633373861
18,Reactome,Downstream TCR Signaling,0.03099148981934
18,Reactome,FLT3 Signaling Through SRC Family Kinases,0.0368316670009029
18,Reactome,Formation of the Editosome,0.0443764360125281
18,Reactome,mRNA Editing C to U Conversion,0.0443764360125281
18,Reactome,Nef and Signal Transduction,0.047624515310173
18,Reactome,mRNA Editing,0.048476195784247
18,Reactome,Nef Mediated CD4 Down-regulation,0.048476195784247
19,BP,T Cell Activation (GO:0042110),4.14609338847727e-10
19,BP,Regulation of T Cell Activation (GO:0050863),4.05286393963052e-06
19,BP,Regulation of Lymphocyte Activation (GO:0051249),0.000155158505881844
19,BP,Regulation of Lymphocyte Differentiation (GO:0045619),0.000155158505881844
19,BP,T Cell Receptor Signaling Pathway (GO:0050852),0.000323507001416809
19,BP,Natural Killer Cell Mediated Cytotoxicity (GO:0042267),0.000448779714954422
19,BP,Natural Killer Cell Mediated Immunity (GO:0002228),0.000448779714954422
19,BP,Antigen Receptor-Mediated Signaling Pathway (GO:0050851),0.000452393482086933
19,BP,Positive Regulation of T Cell Activation (GO:0050870),0.000452393482086933
19,BP,Regulation of Natural Killer Cell Mediated Cytotoxicity (GO:0042269),0.000452393482086933
19,BP,Enzyme-Linked Receptor Protein Signaling Pathway (GO:0007167),0.000520376564502936
19,BP,Positive Regulation of Cell-Cell Adhesion (GO:0022409),0.00101856474821036
19,BP,Positive Regulation of Cytokine Production (GO:0001819),0.00129145106505449
19,BP,Positive Regulation of Type II Interferon Production (GO:0032729),0.00129145106505449
19,BP,Regulation of Cell-Cell Adhesion Mediated by Integrin (GO:0033632),0.00129145106505449
19,BP,Positive Regulation of T Cell Proliferation (GO:0042102),0.00168059531925383
19,BP,Positive Regulation of Lymphocyte Proliferation (GO:0050671),0.0026216563256176
19,BP,Regulation of T Cell Proliferation (GO:0042129),0.00309398868001546
19,BP,Regulation of Type II Interferon Production (GO:0032649),0.00348570377627689
19,BP,Positive Regulation of Cell Adhesion Mediated by Integrin (GO:0033630),0.00363581268401488
19,BP,Alpha-Beta T Cell Activation (GO:0046631),0.00396887198164646
19,BP,Immunoglobulin Mediated Immune Response (GO:0016064),0.00396887198164646
19,BP,Regulation of B Cell Differentiation (GO:0045577),0.00396887198164646
19,BP,B Cell Mediated Immunity (GO:0019724),0.00405382986124137
19,BP,T Cell Mediated Immunity (GO:0002456),0.00405382986124137
19,BP,Positive Regulation of Natural Killer Cell Mediated Cytotoxicity (GO:0045954),0.00473147748062702
19,BP,Adaptive Imm Resp Based on Som Recomb of Imm Rcptrs Built Frm IgSF Domains (GO:0002460),0.00543512705823026
19,BP,Positive Regulation of Natural Killer Cell Mediated Immunity (GO:0002717),0.00616163517633791
19,BP,Cell Surface Receptor Protein Tyrosine Kinase Signaling Pathway (GO:0007169),0.0062414218665575
19,BP,Heterophilic Cell-Cell Adhesion via Plasma Membrane Cell Adhesion Molecules (GO:0007157),0.0150419660329774
19,BP,Natural Killer Cell Activation (GO:0030101),0.0163436836297934
19,BP,Negative Regulation of Viral Genome Replication (GO:0045071),0.0163436836297934
19,BP,Peptidyl-Tyrosine Modification (GO:0018212),0.0163436836297934
19,BP,Positive Regulation of Cell-Matrix Adhesion (GO:0001954),0.0163436836297934
19,BP,Regulation of T Cell Differentiation (GO:0045580),0.0163436836297934
19,BP,T Cell Differentiation (GO:0030217),0.0163436836297934
19,BP,Regulation of Apoptotic Process (GO:0042981),0.0170513829510281
19,BP,Positive Regulation of Leukocyte Mediated Cytotoxicity (GO:0001912),0.0174594482297464
19,BP,Peptidyl-Tyrosine Phosphorylation (GO:0018108),0.0219324703168402
19,BP,Regulation of Cell-Matrix Adhesion (GO:0001952),0.0267583311996957
19,BP,Positive Regulation of Cell-Substrate Adhesion (GO:0010811),0.0327739350554008
19,BP,Inflammatory Response (GO:0006954),0.0362736949490728
19,BP,+ Reg of Natural Killer Cell Mediated Cytotoxicity Directed Against Tumor Cell Target (GO:0002860),0.0423346776498633
19,BP,Clearance of Foreign Intracellular DNA (GO:0044355),0.0423346776498633
19,BP,Clearance of Foreign Intracellular Nucleic Acids (GO:0099046),0.0423346776498633
19,BP,Establishment of Lymphocyte Polarity (GO:0001767),0.0423346776498633
19,BP,Natural Killer Cell Degranulation (GO:0043320),0.0423346776498633
19,BP,Negative Regulation of Vitamin Metabolic Process (GO:0046137),0.0423346776498633
19,BP,Positive Regulation of Cell-Cell Adhesion Mediated by Integrin (GO:0033634),0.0423346776498633
19,BP,Positive Regulation of Natural Killer Cell Mediated Immune Response to Tumor Cell (GO:0002857),0.0423346776498633
19,BP,Positive Thymic T Cell Selection (GO:0045059),0.0423346776498633
19,BP,"CD4-positive, Alpha-Beta T Cell Activation (GO:0035710)",0.0454257226344469
19,BP,Lymphocyte Migration Into Lymphoid Organs (GO:0097021),0.0454257226344469
19,BP,Lysosomal Protein Catabolic Process (GO:1905146),0.0454257226344469
19,BP,Regulation of Calcidiol 1-Monooxygenase Activity (GO:0060558),0.0454257226344469
19,BP,Regulation of Endodeoxyribonuclease Activity (GO:0032071),0.0454257226344469
19,BP,Regulation of Natural Killer Cell Chemotaxis (GO:2000501),0.0454257226344469
19,BP,Cellular Response to Interleukin-2 (GO:0071352),0.0494905928403338
19,BP,Immunological Synapse Formation (GO:0001771),0.0494905928403338
19,BP,Interleukin-2-Mediated Signaling Pathway (GO:0038110),0.0494905928403338
19,BP,Reg of Natural Killer Cell Mediated Cytotoxicity Directed Against Tumor Cell Target (GO:0002858),0.0494905928403338
19,CC,T Cell Receptor Complex (GO:0042101),1.14160786281484e-05
19,CC,Alpha-Beta T Cell Receptor Complex (GO:0042105),0.0392853254478326
19,CC,Cytolytic Granule (GO:0044194),0.0392853254478326
19,KEGG,Primary immunodeficiency,0.000311265829299292
19,KEGG,T cell receptor signaling pathway,0.000311265829299292
19,KEGG,Cell adhesion molecules,0.000492931014208582
19,KEGG,Hematopoietic cell lineage,0.00219640449315063
19,KEGG,Th1 and Th2 cell differentiation,0.00219640449315063
19,KEGG,Th17 cell differentiation,0.00230030228453029
19,KEGG,Human T-cell leukemia virus 1 infection,0.0155767355881119
19,KEGG,Chagas disease,0.027401969229919
19,KEGG,Cytokine-cytokine receptor interaction,0.027401969229919
19,KEGG,PD-L1 expression and PD-1 checkpoint pathway in cancer,0.027401969229919
19,KEGG,Viral protein interaction with cytokine and cytokine receptor,0.027401969229919
19,KEGG,Measles,0.0419218837981533
19,KEGG,Yersinia infection,0.0419218837981533
19,MF,Lipase Activator Activity (GO:0060229),0.00515028455370965
19,MF,Phospholipase Activator Activity (GO:0016004),0.00515028455370965
19,MF,Phosphotyrosine Residue Binding (GO:0001784),0.0225698661356072
19,MF,Protein Phosphorylated Amino Acid Binding (GO:0045309),0.0237052067720095
19,Reactome,Immunoregulatory Interactions Between a Lymphoid and a non-Lymphoid Cell,3.08897968616235e-05
19,Reactome,Adaptive Immune System,0.00037858720364879
19,Reactome,Generation of Second Messenger Molecules,0.000603553941713204
19,Reactome,Immune System,0.000807064209392677
19,Reactome,Interleukin-2 Signaling,0.00191513305346421
19,Reactome,Costimulation by the CD28 Family,0.00208607968505977
19,Reactome,TCR Signaling,0.00533964895718736
19,Reactome,DAP12 Signaling,0.00565559316898211
19,Reactome,PD-1 Signaling,0.00565559316898211
19,Reactome,Phosphorylation of CD3 and TCR Zeta Chains,0.00565559316898211
19,Reactome,Translocation of ZAP-70 to Immunological Synapse,0.00565559316898211
19,Reactome,CD28 Co-Stimulation,0.00706290622974638
19,Reactome,FLT3 Signaling,0.00768456980657496
19,Reactome,DAP12 Interactions,0.00874372380934775
19,Reactome,Interleukin-2 Family Signaling,0.00874372380934775
19,Reactome,Signaling by SCF-KIT,0.00874372380934775
19,Reactome,Cytokine Signaling in Immune System,0.0153336633373861
19,Reactome,Downstream TCR Signaling,0.03099148981934
19,Reactome,FLT3 Signaling Through SRC Family Kinases,0.0368316670009029
19,Reactome,Formation of the Editosome,0.0443764360125281
19,Reactome,mRNA Editing C to U Conversion,0.0443764360125281
19,Reactome,Nef and Signal Transduction,0.047624515310173
19,Reactome,mRNA Editing,0.048476195784247
19,Reactome,Nef Mediated CD4 Down-regulation,0.048476195784247
20,BP,T Cell Activation (GO:0042110),4.14609338847727e-10
20,BP,Regulation of T Cell Activation (GO:0050863),4.05286393963052e-06
20,BP,Regulation of Lymphocyte Activation (GO:0051249),0.000155158505881844
20,BP,Regulation of Lymphocyte Differentiation (GO:0045619),0.000155158505881844
20,BP,T Cell Receptor Signaling Pathway (GO:0050852),0.000323507001416809
20,BP,Natural Killer Cell Mediated Cytotoxicity (GO:0042267),0.000448779714954422
20,BP,Natural Killer Cell Mediated Immunity (GO:0002228),0.000448779714954422
20,BP,Antigen Receptor-Mediated Signaling Pathway (GO:0050851),0.000452393482086933
20,BP,Positive Regulation of T Cell Activation (GO:0050870),0.000452393482086933
20,BP,Regulation of Natural Killer Cell Mediated Cytotoxicity (GO:0042269),0.000452393482086933
20,BP,Enzyme-Linked Receptor Protein Signaling Pathway (GO:0007167),0.000520376564502936
20,BP,Positive Regulation of Cell-Cell Adhesion (GO:0022409),0.00101856474821036
20,BP,Positive Regulation of Cytokine Production (GO:0001819),0.00129145106505449
20,BP,Positive Regulation of Type II Interferon Production (GO:0032729),0.00129145106505449
20,BP,Regulation of Cell-Cell Adhesion Mediated by Integrin (GO:0033632),0.00129145106505449
20,BP,Positive Regulation of T Cell Proliferation (GO:0042102),0.00168059531925383
20,BP,Positive Regulation of Lymphocyte Proliferation (GO:0050671),0.0026216563256176
20,BP,Regulation of T Cell Proliferation (GO:0042129),0.00309398868001546
20,BP,Regulation of Type II Interferon Production (GO:0032649),0.00348570377627689
20,BP,Positive Regulation of Cell Adhesion Mediated by Integrin (GO:0033630),0.00363581268401488
20,BP,Alpha-Beta T Cell Activation (GO:0046631),0.00396887198164646
20,BP,Immunoglobulin Mediated Immune Response (GO:0016064),0.00396887198164646
20,BP,Regulation of B Cell Differentiation (GO:0045577),0.00396887198164646
20,BP,B Cell Mediated Immunity (GO:0019724),0.00405382986124137
20,BP,T Cell Mediated Immunity (GO:0002456),0.00405382986124137
20,BP,Positive Regulation of Natural Killer Cell Mediated Cytotoxicity (GO:0045954),0.00473147748062702
20,BP,Adaptive Imm Resp Based on Som Recomb of Imm Rcptrs Built Frm IgSF Domains (GO:0002460),0.00543512705823026
20,BP,Positive Regulation of Natural Killer Cell Mediated Immunity (GO:0002717),0.00616163517633791
20,BP,Cell Surface Receptor Protein Tyrosine Kinase Signaling Pathway (GO:0007169),0.0062414218665575
20,BP,Heterophilic Cell-Cell Adhesion via Plasma Membrane Cell Adhesion Molecules (GO:0007157),0.0150419660329774
20,BP,Natural Killer Cell Activation (GO:0030101),0.0163436836297934
20,BP,Negative Regulation of Viral Genome Replication (GO:0045071),0.0163436836297934
20,BP,Peptidyl-Tyrosine Modification (GO:0018212),0.0163436836297934
20,BP,Positive Regulation of Cell-Matrix Adhesion (GO:0001954),0.0163436836297934
20,BP,Regulation of T Cell Differentiation (GO:0045580),0.0163436836297934
20,BP,T Cell Differentiation (GO:0030217),0.0163436836297934
20,BP,Regulation of Apoptotic Process (GO:0042981),0.0170513829510281
20,BP,Positive Regulation of Leukocyte Mediated Cytotoxicity (GO:0001912),0.0174594482297464
20,BP,Peptidyl-Tyrosine Phosphorylation (GO:0018108),0.0219324703168402
20,BP,Regulation of Cell-Matrix Adhesion (GO:0001952),0.0267583311996957
20,BP,Positive Regulation of Cell-Substrate Adhesion (GO:0010811),0.0327739350554008
20,BP,Inflammatory Response (GO:0006954),0.0362736949490728
20,BP,+ Reg of Natural Killer Cell Mediated Cytotoxicity Directed Against Tumor Cell Target (GO:0002860),0.0423346776498633
20,BP,Clearance of Foreign Intracellular DNA (GO:0044355),0.0423346776498633
20,BP,Clearance of Foreign Intracellular Nucleic Acids (GO:0099046),0.0423346776498633
20,BP,Establishment of Lymphocyte Polarity (GO:0001767),0.0423346776498633
20,BP,Natural Killer Cell Degranulation (GO:0043320),0.0423346776498633
20,BP,Negative Regulation of Vitamin Metabolic Process (GO:0046137),0.0423346776498633
20,BP,Positive Regulation of Cell-Cell Adhesion Mediated by Integrin (GO:0033634),0.0423346776498633
20,BP,Positive Regulation of Natural Killer Cell Mediated Immune Response to Tumor Cell (GO:0002857),0.0423346776498633
20,BP,Positive Thymic T Cell Selection (GO:0045059),0.0423346776498633
20,BP,"CD4-positive, Alpha-Beta T Cell Activation (GO:0035710)",0.0454257226344469
20,BP,Lymphocyte Migration Into Lymphoid Organs (GO:0097021),0.0454257226344469
20,BP,Lysosomal Protein Catabolic Process (GO:1905146),0.0454257226344469
20,BP,Regulation of Calcidiol 1-Monooxygenase Activity (GO:0060558),0.0454257226344469
20,BP,Regulation of Endodeoxyribonuclease Activity (GO:0032071),0.0454257226344469
20,BP,Regulation of Natural Killer Cell Chemotaxis (GO:2000501),0.0454257226344469
20,BP,Cellular Response to Interleukin-2 (GO:0071352),0.0494905928403338
20,BP,Immunological Synapse Formation (GO:0001771),0.0494905928403338
20,BP,Interleukin-2-Mediated Signaling Pathway (GO:0038110),0.0494905928403338
20,BP,Reg of Natural Killer Cell Mediated Cytotoxicity Directed Against Tumor Cell Target (GO:0002858),0.0494905928403338
20,CC,T Cell Receptor Complex (GO:0042101),1.14160786281484e-05
20,CC,Alpha-Beta T Cell Receptor Complex (GO:0042105),0.0392853254478326
20,CC,Cytolytic Granule (GO:0044194),0.0392853254478326
20,KEGG,Primary immunodeficiency,0.000311265829299292
20,KEGG,T cell receptor signaling pathway,0.000311265829299292
20,KEGG,Cell adhesion molecules,0.000492931014208582
20,KEGG,Hematopoietic cell lineage,0.00219640449315063
20,KEGG,Th1 and Th2 cell differentiation,0.00219640449315063
20,KEGG,Th17 cell differentiation,0.00230030228453029
20,KEGG,Human T-cell leukemia virus 1 infection,0.0155767355881119
20,KEGG,Chagas disease,0.027401969229919
20,KEGG,Cytokine-cytokine receptor interaction,0.027401969229919
20,KEGG,PD-L1 expression and PD-1 checkpoint pathway in cancer,0.027401969229919
20,KEGG,Viral protein interaction with cytokine and cytokine receptor,0.027401969229919
20,KEGG,Measles,0.0419218837981533
20,KEGG,Yersinia infection,0.0419218837981533
20,MF,Lipase Activator Activity (GO:0060229),0.00515028455370965
20,MF,Phospholipase Activator Activity (GO:0016004),0.00515028455370965
20,MF,Phosphotyrosine Residue Binding (GO:0001784),0.0225698661356072
20,MF,Protein Phosphorylated Amino Acid Binding (GO:0045309),0.0237052067720095
20,Reactome,Immunoregulatory Interactions Between a Lymphoid and a non-Lymphoid Cell,3.08897968616235e-05
20,Reactome,Adaptive Immune System,0.00037858720364879
20,Reactome,Generation of Second Messenger Molecules,0.000603553941713204
20,Reactome,Immune System,0.000807064209392677
20,Reactome,Interleukin-2 Signaling,0.00191513305346421
20,Reactome,Costimulation by the CD28 Family,0.00208607968505977
20,Reactome,TCR Signaling,0.00533964895718736
20,Reactome,DAP12 Signaling,0.00565559316898211
20,Reactome,PD-1 Signaling,0.00565559316898211
20,Reactome,Phosphorylation of CD3 and TCR Zeta Chains,0.00565559316898211
20,Reactome,Translocation of ZAP-70 to Immunological Synapse,0.00565559316898211
20,Reactome,CD28 Co-Stimulation,0.00706290622974638
20,Reactome,FLT3 Signaling,0.00768456980657496
20,Reactome,DAP12 Interactions,0.00874372380934775
20,Reactome,Interleukin-2 Family Signaling,0.00874372380934775
20,Reactome,Signaling by SCF-KIT,0.00874372380934775
20,Reactome,Cytokine Signaling in Immune System,0.0153336633373861
20,Reactome,Downstream TCR Signaling,0.03099148981934
20,Reactome,FLT3 Signaling Through SRC Family Kinases,0.0368316670009029
20,Reactome,Formation of the Editosome,0.0443764360125281
20,Reactome,mRNA Editing C to U Conversion,0.0443764360125281
20,Reactome,Nef and Signal Transduction,0.047624515310173
20,Reactome,mRNA Editing,0.048476195784247
20,Reactome,Nef Mediated CD4 Down-regulation,0.048476195784247
21,BP,Action Potential (GO:0001508),0.0303018205712334
21,BP,Positive Regulation of Calcium Ion-Dependent Exocytosis (GO:0045956),0.0303018205712334
21,BP,Positive Regulation of Regulated Secretory Pathway (GO:1903307),0.0303018205712334
21,BP,Potassium Ion Transmembrane Transport (GO:0071805),0.0303018205712334
21,BP,Potassium Ion Transport (GO:0006813),0.0303018205712334
21,BP,Regulation of Catecholamine Secretion (GO:0050433),0.0303018205712334
21,CC,Neuron Projection (GO:0043005),1.8996366086645e-09
21,CC,Dendrite Membrane (GO:0032590),2.0236571476663e-05
21,CC,Dendrite (GO:0030425),0.000977865363400591
21,CC,Potassium Channel Complex (GO:0034705),0.000977865363400591
21,CC,Axon (GO:0030424),0.00205195466988678
21,CC,Voltage-Gated Potassium Channel Complex (GO:0008076),0.0105913262086937
21,CC,Excitatory Synapse (GO:0060076),0.0131157654994058
21,CC,Synaptic Membrane (GO:0097060),0.0332224441472606
21,KEGG,Aldosterone synthesis and secretion,0.126123088859696
21,KEGG,cGMP-PKG signaling pathway,0.164131129521388
21,KEGG,Long-term potentiation,0.164131129521388
21,MF,Delayed Rectifier Potassium Channel Activity (GO:0005251),0.00202747124595681
21,MF,GTPase Activity (GO:0003924),0.0131271973714618
21,MF,Ribonucleoside Triphosphate Phosphatase Activity (GO:0017111),0.0131271973714618
21,MF,Voltage-Gated Potassium Channel Activity (GO:0005249),0.0180531971385054
21,Reactome,Neuronal System,0.000868034180166266
21,Reactome,Potassium Channels,0.00793194737898602
21,Reactome,Voltage Gated Potassium Channels,0.00793194737898602
23,BP,Action Potential (GO:0001508),0.0303018205712334
23,BP,Positive Regulation of Calcium Ion-Dependent Exocytosis (GO:0045956),0.0303018205712334
23,BP,Positive Regulation of Regulated Secretory Pathway (GO:1903307),0.0303018205712334
23,BP,Potassium Ion Transmembrane Transport (GO:0071805),0.0303018205712334
23,BP,Potassium Ion Transport (GO:0006813),0.0303018205712334
23,BP,Regulation of Catecholamine Secretion (GO:0050433),0.0303018205712334
23,CC,Neuron Projection (GO:0043005),1.8996366086645e-09
23,CC,Dendrite Membrane (GO:0032590),2.0236571476663e-05
23,CC,Dendrite (GO:0030425),0.000977865363400591
23,CC,Potassium Channel Complex (GO:0034705),0.000977865363400591
23,CC,Axon (GO:0030424),0.00205195466988678
23,CC,Voltage-Gated Potassium Channel Complex (GO:0008076),0.0105913262086937
23,CC,Excitatory Synapse (GO:0060076),0.0131157654994058
23,CC,Synaptic Membrane (GO:0097060),0.0332224441472606
23,KEGG,Aldosterone synthesis and secretion,0.126123088859696
23,KEGG,cGMP-PKG signaling pathway,0.164131129521388
23,KEGG,Long-term potentiation,0.164131129521388
23,MF,Delayed Rectifier Potassium Channel Activity (GO:0005251),0.00202747124595681
23,MF,GTPase Activity (GO:0003924),0.0131271973714618
23,MF,Ribonucleoside Triphosphate Phosphatase Activity (GO:0017111),0.0131271973714618
23,MF,Voltage-Gated Potassium Channel Activity (GO:0005249),0.0180531971385054
23,Reactome,Neuronal System,0.000868034180166266
23,Reactome,Potassium Channels,0.00793194737898602
23,Reactome,Voltage Gated Potassium Channels,0.00793194737898602
24,BP,Regulation of DNA-templated Transcription (GO:0006355),0.000478571679916621
24,BP,Positive Regulation of DNA-templated Transcription (GO:0045893),0.000723113257447916
24,BP,Regulation of Transcription by RNA Polymerase II (GO:0006357),0.00199928104869498
24,BP,Positive Regulation of Transcription by RNA Polymerase II (GO:0045944),0.00232911877019281
24,BP,Regulation of Microglial Cell Migration (GO:1904139),0.00232911877019281
24,BP,Regulation of RNA Biosynthetic Process (GO:2001141),0.00232911877019281
24,BP,Endochondral Ossification (GO:0001958),0.00306641282246788
24,BP,Myeloid Cell Differentiation (GO:0030099),0.00335562404624168
24,BP,Positive Regulation of RNA Biosynthetic Process (GO:1902680),0.00351320727544192
24,BP,Regulation of Macrophage Migration (GO:1905521),0.00351320727544192
24,BP,Endochondral Bone Morphogenesis (GO:0060350),0.00420231858200498
24,BP,Granulocyte Differentiation (GO:0030851),0.00420231858200498
24,BP,Lymphocyte Differentiation (GO:0030098),0.00487733941267834
24,BP,Negative Regulation of Neuron Apoptotic Process (GO:0043524),0.0054719490702985
24,BP,B Cell Activation (GO:0042113),0.00721640205801581
24,BP,Cell Projection Organization (GO:0030030),0.00721640205801581
24,BP,Negative Regulation of DNA-templated Transcription (GO:0045892),0.00721640205801581
24,BP,Regulation of Megakaryocyte Differentiation (GO:0045652),0.00721640205801581
24,BP,Hemopoiesis (GO:0030097),0.00773509252179333
24,BP,Negative Regulation of Transcription by RNA Polymerase II (GO:0000122),0.00791705574951194
24,BP,Cellular Response to Molecule of Bacterial Origin (GO:0071219),0.0115155805184717
24,BP,Positive Regulation of Lipid Metabolic Process (GO:0045834),0.0115155805184717
24,BP,Regulation of Gene Expression (GO:0010468),0.0115155805184717
24,BP,Regulation of Lipid Biosynthetic Process (GO:0046890),0.0118747873693422
24,BP,Positive Regulation of Myeloid Cell Differentiation (GO:0045639),0.0199355757463425
24,BP,Intracellular Signaling Cassette (GO:0141124),0.0199538162551955
24,BP,Positive Regulation of Bone Mineralization (GO:0030501),0.0199538162551955
24,BP,Cellular Response to Nitrogen Compound (GO:1901699),0.020375208799032
24,BP,Defense Response to Fungus (GO:0050832),0.020375208799032
24,BP,Positive Regulation of Biomineral Tissue Development (GO:0070169),0.020375208799032
24,BP,Positive Regulation of Lipid Biosynthetic Process (GO:0046889),0.020375208799032
24,BP,Positive Regulation of Neuron Differentiation (GO:0045666),0.020375208799032
24,BP,Positive Regulation of Ossification (GO:0045778),0.020375208799032
24,BP,Cellular Response to Oxygen-Containing Compound (GO:1901701),0.0213699532830517
24,BP,Mononuclear Cell Differentiation (GO:1903131),0.0219643162874652
24,BP,Erythrocyte Differentiation (GO:0030218),0.0226063761751544
24,BP,Positive Regulation of Osteoblast Differentiation (GO:0045669),0.0226063761751544
24,BP,B Cell Differentiation (GO:0030183),0.0267784266284911
24,BP,Regulation of Bone Mineralization (GO:0030500),0.0322359602993558
24,BP,Cellular Response to Virus (GO:0098586),0.0362081100854489
24,BP,Negative Regulation of RNA Biosynthetic Process (GO:1902679),0.0362081100854489
24,BP,Regulation of Cell Population Proliferation (GO:0042127),0.0362081100854489
24,BP,Regulation of Type I Interferon Production (GO:0032479),0.0364409901549892
24,BP,Positive Regulation of Cell Population Proliferation (GO:0008284),0.0381336178111108
24,BP,Positive Regulation of Proteasomal Ubiquitin-Dependent Protein Catabolic Process (GO:0032436),0.0401738208796141
24,BP,Autocrine Signaling (GO:0035425),0.0440106158454091
24,BP,Calcium-Mediated Signaling (GO:0019722),0.0440106158454091
24,BP,Cell Junction Disassembly (GO:0150146),0.0440106158454091
24,BP,Cellular Response to Cytokine Stimulus (GO:0071345),0.0440106158454091
24,BP,Glucose Homeostasis (GO:0042593),0.0440106158454091
24,BP,Heart Field Specification (GO:0003128),0.0440106158454091
24,BP,Negative Regulation of Actin Filament Depolymerization (GO:0030835),0.0440106158454091
24,BP,Negative Regulation of Myeloid Leukocyte Mediated Immunity (GO:0002887),0.0440106158454091
24,BP,Negative Regulation of T Cell Migration (GO:2000405),0.0440106158454091
24,BP,Nephron Tubule Development (GO:0072080),0.0440106158454091
24,BP,Positive Regulation of Biosynthetic Process (GO:0009891),0.0440106158454091
24,BP,Positive Regulation of Cardiac Muscle Cell Differentiation (GO:2000727),0.0440106158454091
24,BP,Positive Regulation of Microglial Cell Migration (GO:1904141),0.0440106158454091
24,BP,Positive Regulation of Osteoblast Proliferation (GO:0033690),0.0440106158454091
24,BP,Positive Regulation of Skeletal Muscle Cell Differentiation (GO:2001016),0.0440106158454091
24,BP,Positive Regulation of Ubiquitin-Dependent Protein Catabolic Process (GO:2000060),0.0440106158454091
24,BP,Regulation of Macrophage Apoptotic Process (GO:2000109),0.0440106158454091
24,BP,Regulation of Osteoblast Differentiation (GO:0045667),0.0440106158454091
24,BP,Regulation of Protein Polyubiquitination (GO:1902914),0.0440106158454091
24,BP,Regulation of Receptor Catabolic Process (GO:2000644),0.0440106158454091
24,BP,Response to Peptidoglycan (GO:0032494),0.0440106158454091
24,BP,Secondary Heart Field Specification (GO:0003139),0.0440106158454091
24,BP,Ventricular Cardiac Muscle Cell Differentiation (GO:0055012),0.0440106158454091
24,BP,Lipid Biosynthetic Process (GO:0008610),0.0452146536988011
24,BP,Definitive Hemopoiesis (GO:0060216),0.0454400282700872
24,BP,Glucose Mediated Signaling Pathway (GO:0010255),0.0454400282700872
24,BP,Hemostasis (GO:0007599),0.0454400282700872
24,BP,Hexose Mediated Signaling (GO:0009757),0.0454400282700872
24,BP,Lipoprotein Metabolic Process (GO:0042157),0.0454400282700872
24,BP,Negative Regulation of Digestive System Process (GO:0060457),0.0454400282700872
24,BP,Positive Regulation of Cell Differentiation (GO:0045597),0.0454400282700872
24,BP,Positive Regulation of Proteasomal Protein Catabolic Process (GO:1901800),0.0454400282700872
24,BP,"Substrate-Dependent Cell Migration, Cell Extension (GO:0006930)",0.0454400282700872
24,BP,Phospholipase C-activating G Protein-Coupled Receptor Signaling Pathway (GO:0007200),0.046231115784697
24,BP,Host-Mediated Regulation of Intestinal Microbiota Composition (GO:0048874),0.0482475370866608
24,BP,Positive Regulation of Glial Cell Migration (GO:1903977),0.0482475370866608
24,BP,Positive Regulation of Myeloid Cell Apoptotic Process (GO:0033034),0.0482475370866608
24,BP,Positive Regulation of Phosphatase Activity (GO:0010922),0.0482475370866608
24,BP,Positive Regulation of Receptor Catabolic Process (GO:2000646),0.0482475370866608
24,BP,Regulation of Leukocyte Proliferation (GO:0070663),0.0482475370866608
24,BP,Regulation of Proteasomal Ubiquitin-Dependent Protein Catabolic Process (GO:0032434),0.0482475370866608
24,CC,Macropinosome (GO:0044354),0.204266584358042
24,CC,Nucleus (GO:0005634),0.235339418977352
24,CC,Pericentric Heterochromatin (GO:0005721),0.235339418977352
24,KEGG,Transcriptional misregulation in cancer,0.000184177333768924
24,MF,Cis-Regulatory Region Sequence-Specific DNA Binding (GO:0000987),1.35865780184927e-06
24,MF,RNA Polymerase II Cis-Regulatory Region Sequence-Specific DNA Binding (GO:0000978),1.35865780184927e-06
24,MF,RNA Polymerase II Transcription Regulatory Region Sequence-Specific DNA Binding (GO:0000977),3.43238711252063e-06
24,MF,Sequence-Specific Double-Stranded DNA Binding (GO:1990837),3.43238711252063e-06
24,MF,DNA-binding Transcription Factor Binding (GO:0140297),0.000376514964249345
24,MF,Sequence-Specific DNA Binding (GO:0043565),0.000376514964249345
24,MF,Transcription Cis-Regulatory Region Binding (GO:0000976),0.000586208221731576
24,MF,Double-Stranded DNA Binding (GO:0003690),0.00131795673178936
24,MF,RNA Polymerase II-specific DNA-binding Transcription Factor Binding (GO:0061629),0.00153417084028515
24,MF,"DNA-binding Transcription Activator Activity, RNA Polymerase II-specific (GO:0001228)",0.00453463162276209
24,MF,"DNA-binding Transcription Repressor Activity, RNA Polymerase II-specific (GO:0001227)",0.0138584225778635
24,MF,fatty-acyl-CoA Synthase Activity (GO:0004321),0.0317178199281929
24,MF,Histone Deacetylase Binding (GO:0042826),0.0317178199281929
24,MF,Minor Groove of Adenine-Thymine-Rich DNA Binding (GO:0003680),0.0317178199281929
24,MF,Fucose Binding (GO:0042806),0.0345147752993144
24,MF,Eukaryotic Initiation Factor 4E Binding (GO:0008190),0.03910463097751
24,MF,G Protein-Coupled Purinergic Nucleotide Receptor Activity (GO:0045028),0.03910463097751
24,MF,RNA Polymerase I Transcription Regulatory Region Sequence-Specific DNA Binding (GO:0001163),0.0410091057007342
24,MF,C-acyltransferase Activity (GO:0016408),0.0427080869253559
24,MF,1-Phosphatidylinositol Binding (GO:0005545),0.0490834049861097
24,MF,Purinergic Nucleotide Receptor Activity (GO:0001614),0.0490834049861097
24,Reactome,Transcriptional Regulation of Granulopoiesis,0.0106305945429234
25,BP,Cellular Response to Calcium Ion (GO:0071277),0.0965392730316209
25,BP,Negative Regulation of Apoptotic Signaling Pathway (GO:2001234),0.0965392730316209
25,BP,Regulation of Trans-Synaptic Signaling (GO:0099177),0.0965392730316209
25,CC,Coated Vesicle Membrane (GO:0030662),0.0446741835968022
25,CC,Endoplasmic reticulum-Golgi Intermediate Compartment Membrane (GO:0033116),0.0446741835968022
25,CC,ER to Golgi Transport Vesicle Membrane (GO:0012507),0.0446741835968022
25,CC,Transport Vesicle Membrane (GO:0030658),0.0446741835968022
25,KEGG,Calcium signaling pathway,0.131241213578678
25,KEGG,cAMP signaling pathway,0.131241213578678
25,KEGG,Circadian entrainment,0.153341912374622
25,MF,Ligand-Gated Calcium Channel Activity (GO:0099604),0.000141050707211867
25,Reactome,Constitutive Signaling by Aberrant PI3K in Cancer,0.0241994458580488
25,Reactome,Negative Regulation of the PI3K AKT Network,0.0241994458580488
25,Reactome,PI3K AKT Signaling in Cancer,0.0241994458580488
25,Reactome,"PI5P, PP2A and IER3 Regulate PI3K AKT Signaling",0.0241994458580488
25,Reactome,Cargo Concentration in the ER,0.030854861897491
26,BP,Cellular Response to Calcium Ion (GO:0071277),0.0965392730316209
26,BP,Negative Regulation of Apoptotic Signaling Pathway (GO:2001234),0.0965392730316209
26,BP,Regulation of Trans-Synaptic Signaling (GO:0099177),0.0965392730316209
26,CC,Coated Vesicle Membrane (GO:0030662),0.0446741835968022
26,CC,Endoplasmic reticulum-Golgi Intermediate Compartment Membrane (GO:0033116),0.0446741835968022
26,CC,ER to Golgi Transport Vesicle Membrane (GO:0012507),0.0446741835968022
26,CC,Transport Vesicle Membrane (GO:0030658),0.0446741835968022
26,KEGG,Calcium signaling pathway,0.131241213578678
26,KEGG,cAMP signaling pathway,0.131241213578678
26,KEGG,Circadian entrainment,0.153341912374622
26,MF,Ligand-Gated Calcium Channel Activity (GO:0099604),0.000141050707211867
26,Reactome,Constitutive Signaling by Aberrant PI3K in Cancer,0.0241994458580488
26,Reactome,Negative Regulation of the PI3K AKT Network,0.0241994458580488
26,Reactome,PI3K AKT Signaling in Cancer,0.0241994458580488
26,Reactome,"PI5P, PP2A and IER3 Regulate PI3K AKT Signaling",0.0241994458580488
26,Reactome,Cargo Concentration in the ER,0.030854861897491
27,BP,Regulation of DNA-templated Transcription (GO:0006355),0.00296209718404504
27,BP,Regulation of Transcription by RNA Polymerase II (GO:0006357),0.0143811797316722
27,BP,Cellular Response to Sterol (GO:0036315),0.0180275186362421
27,BP,Cholesterol Homeostasis (GO:0042632),0.0180275186362421
27,BP,Epidermis Development (GO:0008544),0.0180275186362421
27,BP,Positive Regulation of RNA Biosynthetic Process (GO:1902680),0.0180275186362421
27,BP,Sterol Homeostasis (GO:0055092),0.0180275186362421
27,BP,Regulation of Epithelial Cell Differentiation (GO:0030856),0.0239088885392075
27,BP,Positive Regulation of DNA-templated Transcription (GO:0045893),0.0247810012554627
27,BP,Negative Regulation of Type II Interferon Production (GO:0032689),0.034197046382477
27,BP,Integrated Stress Response Signaling (GO:0140467),0.0445554135223954
27,BP,Positive Regulation of Macromolecule Metabolic Process (GO:0010604),0.0445554135223954
27,CC,Cell-Cell Junction (GO:0005911),0.234264512505989
27,CC,Neuron Projection (GO:0043005),0.234264512505989
27,CC,Protein Kinase Complex (GO:1902911),0.284424954789107
27,KEGG,MAPK signaling pathway,0.143143508706862
27,KEGG,Pathways in cancer,0.143143508706862
27,KEGG,PPAR signaling pathway,0.143143508706862
27,MF,Cis-Regulatory Region Sequence-Specific DNA Binding (GO:0000987),0.000397824878524174
27,MF,RNA Polymerase II Cis-Regulatory Region Sequence-Specific DNA Binding (GO:0000978),0.000397824878524174
27,MF,Sequence-Specific Double-Stranded DNA Binding (GO:1990837),0.000397824878524174
27,MF,RNA Polymerase II Transcription Regulatory Region Sequence-Specific DNA Binding (GO:0000977),0.00104252474238
27,MF,Sterol Binding (GO:0032934),0.00169146253294929
27,MF,Double-Stranded DNA Binding (GO:0003690),0.00398422324349181
27,MF,Sequence-Specific DNA Binding (GO:0043565),0.00572782865925689
27,MF,"DNA-binding Transcription Activator Activity, RNA Polymerase II-specific (GO:0001228)",0.00931481310961944
27,MF,Transmembrane Receptor Protein Kinase Activity (GO:0019199),0.00931481310961944
27,MF,Transmembrane Receptor Protein Tyrosine Kinase Activity (GO:0004714),0.0152278316302024
27,MF,Cholesterol Binding (GO:0015485),0.0161092773048348
27,MF,Chitinase Activity (GO:0004568),0.030906777156144
27,MF,Gi/o-coupled Serotonin Receptor Activity (GO:0001586),0.030906777156144
27,MF,Medium-Chain Fatty acid-CoA Ligase Activity (GO:0031956),0.030906777156144
27,MF,Dinucleotide Phosphatase Activity (GO:0004551),0.0320579796178316
27,MF,fatty-acyl-CoA Synthase Activity (GO:0004321),0.0320579796178316
27,MF,Growth Factor Activity (GO:0008083),0.0320579796178316
27,MF,Neurotrophin Binding (GO:0043121),0.0320579796178316
27,MF,Protein Tyrosine Kinase Activity (GO:0004713),0.0320579796178316
27,MF,Leucine Zipper Domain Binding (GO:0043522),0.0345379133201512
27,MF,Activin Receptor Binding (GO:0070697),0.035296429099451
27,MF,cAMP Response Element Binding Protein Binding (GO:0008140),0.035296429099451
27,MF,C-acyltransferase Activity (GO:0016408),0.0412026932640863
27,MF,G Protein-Coupled Serotonin Receptor Activity (GO:0004993),0.0413215856947878
27,MF,LRR Domain Binding (GO:0030275),0.0413215856947878
27,MF,Long-Chain Fatty Acid Transmembrane Transporter Activity (GO:0005324),0.0429789587711131
27,MF,Long-Chain Fatty acid-CoA Ligase Activity (GO:0004467),0.0429789587711131
27,MF,Oxysterol Binding (GO:0008142),0.0429789587711131
27,MF,Fatty Acid Transmembrane Transporter Activity (GO:0015245),0.0444277489444142
27,MF,Cadherin Binding Involved in Cell-Cell Adhesion (GO:0098641),0.0486003310363144
27,MF,Serotonin Receptor Activity (GO:0099589),0.0497619882799191
27,Reactome,Type I Hemidesmosome Assembly,0.0228183248423352
28,BP,Positive Regulation of Transcription by RNA Polymerase II (GO:0045944),0.000316954383003189
28,BP,Regulation of Transcription by RNA Polymerase II (GO:0006357),0.000316954383003189
28,BP,Positive Regulation of DNA-templated Transcription (GO:0045893),0.00171917955067261
28,BP,Regulation of DNA-templated Transcription (GO:0006355),0.0135994265607101
28,BP,Mucosal Immune Response (GO:0002385),0.0242797474777256
28,BP,B Cell Receptor Signaling Pathway (GO:0050853),0.0281448482992477
28,CC,Nucleus (GO:0005634),0.0639577039416207
28,CC,Transcription Factor AP-1 Complex (GO:0035976),0.0639577039416207
28,CC,Azurophil Granule (GO:0042582),0.0971041625576309
28,KEGG,Transcriptional misregulation in cancer,0.101043718337815
28,KEGG,T cell receptor signaling pathway,0.135301752540388
28,KEGG,Th1 and Th2 cell differentiation,0.135301752540388
28,MF,Cis-Regulatory Region Sequence-Specific DNA Binding (GO:0000987),7.00323244083348e-08
28,MF,RNA Polymerase II Cis-Regulatory Region Sequence-Specific DNA Binding (GO:0000978),7.00323244083348e-08
28,MF,RNA Polymerase II Transcription Regulatory Region Sequence-Specific DNA Binding (GO:0000977),2.7917940880171e-07
28,MF,"DNA-binding Transcription Activator Activity, RNA Polymerase II-specific (GO:0001228)",1.58455086946539e-06
28,MF,Sequence-Specific DNA Binding (GO:0043565),2.50620284107832e-05
28,MF,Double-Stranded DNA Binding (GO:0003690),0.00124606818278267
28,MF,Sequence-Specific Double-Stranded DNA Binding (GO:1990837),0.00165526597018793
28,MF,Bile Acid:Sodium Symporter Activity (GO:0008508),0.0328204007068843
28,MF,Immunoglobulin Receptor Activity (GO:0019763),0.0471388551601621
28,MF,RNA Polymerase II General Transcription Initiation Factor Binding (GO:0001091),0.0471388551601621
28,MF,Estrogen Response Element Binding (GO:0034056),0.0475841193420089
28,Reactome,Generic Transcription Pathway,0.0746810487400179
28,Reactome,RNA Polymerase II Transcription,0.0746810487400179
28,Reactome,Transcriptional Regulation by RUNX1,0.0746810487400179
29,BP,Regulation of DNA-templated Transcription (GO:0006355),3.00520189166568e-17
29,BP,Regulation of Transcription by RNA Polymerase II (GO:0006357),4.12711450828154e-17
29,BP,Regulation of RNA Biosynthetic Process (GO:2001141),4.61720759542329e-06
29,BP,Regulation of Gene Expression (GO:0010468),0.00115159417765652
29,BP,Protein Heterooligomerization (GO:0051291),0.00177517281169694
29,BP,Negative Regulation of DNA-templated Transcription (GO:0045892),0.00338265566724225
29,BP,Negative Regulation of RNA Biosynthetic Process (GO:1902679),0.00843192841353597
29,BP,Positive Regulation of DNA-templated Transcription (GO:0045893),0.00878484951711693
29,BP,Positive Regulation of Transcription by RNA Polymerase II (GO:0045944),0.014943565332318
29,BP,Negative Regulation of Striated Muscle Tissue Development (GO:0045843),0.0266598237292171
29,BP,Protein Complex Oligomerization (GO:0051259),0.0266598237292171
29,BP,Regulation of Striated Muscle Tissue Development (GO:0016202),0.0274796185398207
29,BP,Positive Regulation of Cell Morphogenesis (GO:0010770),0.0361826360026189
29,CC,Nucleus (GO:0005634),5.15080138160904e-06
29,CC,Intracellular Membrane-Bounded Organelle (GO:0043231),1.85963895881612e-05
29,KEGG,Herpes simplex virus 1 infection,1.15507129875026e-10
29,MF,RNA Polymerase II Transcription Regulatory Region Sequence-Specific DNA Binding (GO:0000977),1.90355785500563e-16
29,MF,Cis-Regulatory Region Sequence-Specific DNA Binding (GO:0000987),1.64536500045315e-11
29,MF,RNA Polymerase II Cis-Regulatory Region Sequence-Specific DNA Binding (GO:0000978),1.64536500045315e-11
29,MF,Transcription Cis-Regulatory Region Binding (GO:0000976),0.00085765900302345
29,MF,"DNA-binding Transcription Activator Activity, RNA Polymerase II-specific (GO:0001228)",0.000969907619433212
29,MF,Zinc Ion Binding (GO:0008270),0.00101874063008748
29,MF,Transition Metal Ion Binding (GO:0046914),0.00272472963831793
29,Reactome,Generic Transcription Pathway,1.26382848620766e-08
29,Reactome,RNA Polymerase II Transcription,2.00284498450957e-08
29,Reactome,Gene Expression (Transcription),9.44724635441131e-08
3,BP,Regulation of DNA-templated Transcription (GO:0006355),4.1095705777851e-49
3,BP,Regulation of Transcription by RNA Polymerase II (GO:0006357),2.60526237857487e-44
3,BP,Regulation of RNA Biosynthetic Process (GO:2001141),0.0499692689835315
3,CC,Nucleus (GO:0005634),2.50376919839084e-21
3,CC,Intracellular Membrane-Bounded Organelle (GO:0043231),8.86431476966118e-19
3,KEGG,Herpes simplex virus 1 infection,1.0808017969112e-90
3,MF,RNA Polymerase II Transcription Regulatory Region Sequence-Specific DNA Binding (GO:0000977),1.63008006906091e-45
3,MF,Cis-Regulatory Region Sequence-Specific DNA Binding (GO:0000987),1.39637508175119e-37
3,MF,RNA Polymerase II Cis-Regulatory Region Sequence-Specific DNA Binding (GO:0000978),1.95311760143232e-37
3,MF,Transcription Cis-Regulatory Region Binding (GO:0000976),0.000867458563261239
3,Reactome,Generic Transcription Pathway,2.08602131577935e-49
3,Reactome,RNA Polymerase II Transcription,1.62231817993913e-47
3,Reactome,Gene Expression (Transcription),5.81926146337184e-44
30,BP,Embryonic Organ Development (GO:0048568),0.00496323321234283
30,BP,Embryonic Placenta Development (GO:0001892),0.0104777892918559
30,BP,Enteric Nervous System Development (GO:0048484),0.0104777892918559
30,BP,Positive Regulation of Transcription by RNA Polymerase II (GO:0045944),0.0104777892918559
30,BP,Chordate Embryonic Development (GO:0043009),0.0193155107421938
30,BP,Embryonic Cranial Skeleton Morphogenesis (GO:0048701),0.0193155107421938
30,BP,Nervous System Development (GO:0007399),0.0193155107421938
30,BP,Autonomic Nervous System Development (GO:0048483),0.0211548324529597
30,BP,Embryonic Digestive Tract Development (GO:0048566),0.0211548324529597
30,BP,Negative Regulation of DNA-templated Transcription (GO:0045892),0.0211548324529597
30,BP,Negative Regulation of Transcription by RNA Polymerase II (GO:0000122),0.0211548324529597
30,BP,Positive Regulation of DNA-templated Transcription (GO:0045893),0.0211548324529597
30,BP,Metanephros Development (GO:0001656),0.0270043810610395
30,BP,Negative Regulation of Extrinsic Apoptotic Signaling Pathway in Absence of Ligand (GO:2001240),0.0270043810610395
30,BP,Negative Regulation of Signal Transduction in Absence of Ligand (GO:1901099),0.0270043810610395
30,BP,in Utero Embryonic Development (GO:0001701),0.0320774986041504
30,BP,Regulation of Extrinsic Apoptotic Signaling Pathway in Absence of Ligand (GO:2001239),0.0324729689441777
30,BP,Natural Killer Cell Mediated Immunity (GO:0002228),0.0356103361102412
30,BP,Negative Regulation of Blood Coagulation (GO:0030195),0.0356103361102412
30,BP,Embryonic Skeletal System Morphogenesis (GO:0048704),0.0374796676461681
30,BP,Regulation of Anatomical Structure Morphogenesis (GO:0022603),0.0374796676461681
30,BP,Acetylcholine Receptor Signaling Pathway (GO:0095500),0.0391593312168012
30,BP,Cell Surface Receptor Protein Tyrosine Kinase Signaling Pathway (GO:0007169),0.0455135806001404
30,BP,Embryonic Skeletal System Development (GO:0048706),0.0467687734177141
30,BP,Regulation of Dendrite Development (GO:0050773),0.0479508493311537
30,BP,Regulation of Transcription by RNA Polymerase II (GO:0006357),0.0479508493311537
30,BP,Skeletal System Morphogenesis (GO:0048705),0.0479508493311537
30,CC,SWI/SNF Complex (GO:0016514),0.0669320900810905
30,CC,Cytoplasmic Side of Plasma Membrane (GO:0009898),0.270283404560978
30,CC,Dendrite (GO:0030425),0.270283404560978
30,KEGG,Natural killer cell mediated cytotoxicity,0.331074673046633
30,KEGG,Pathways in cancer,0.331074673046633
30,KEGG,Signaling pathways regulating pluripotency of stem cells,0.331074673046633
30,MF,Acetylgalactosaminyltransferase Activity (GO:0008376),0.0143878968414355
30,MF,Cis-Regulatory Region Sequence-Specific DNA Binding (GO:0000987),0.0143878968414355
30,MF,"DNA-binding Transcription Repressor Activity, RNA Polymerase II-specific (GO:0001227)",0.0143878968414355
30,MF,RNA Polymerase II Cis-Regulatory Region Sequence-Specific DNA Binding (GO:0000978),0.0143878968414355
30,MF,RNA Polymerase II Transcription Regulatory Region Sequence-Specific DNA Binding (GO:0000977),0.0143878968414355
30,MF,Double-Stranded DNA Binding (GO:0003690),0.0220016892039304
30,MF,Sequence-Specific DNA Binding (GO:0043565),0.0270546742444479
30,MF,Sequence-Specific Double-Stranded DNA Binding (GO:1990837),0.0270546742444479
30,MF,"DNA-binding Transcription Activator Activity, RNA Polymerase II-specific (GO:0001228)",0.032166490087144
30,MF,Transcription Cis-Regulatory Region Binding (GO:0000976),0.0351932114680732
30,MF,Receptor Ligand Activity (GO:0048018),0.0493828998177393
30,Reactome,Formation of the Ureteric Bud,0.0513036847465995
30,Reactome,Specification of the Neural Plate Border,0.0513036847465995
30,Reactome,Gastrulation,0.0740014371678718
33,BP,Positive Regulation of Transcription by RNA Polymerase II (GO:0045944),1.12761444470623e-10
33,BP,Regulation of Transcription by RNA Polymerase II (GO:0006357),1.12761444470623e-10
33,BP,Regulation of DNA-templated Transcription (GO:0006355),1.00480108077428e-09
33,BP,Positive Regulation of DNA-templated Transcription (GO:0045893),1.19820671834451e-09
33,BP,Positive Regulation of miRNA Transcription (GO:1902895),1.71531291659739e-08
33,BP,Positive Regulation of miRNA Metabolic Process (GO:2000630),2.66617453623661e-08
33,BP,Fat Cell Differentiation (GO:0045444),6.18706636635838e-08
33,BP,Regulation of miRNA Transcription (GO:1902893),6.18706636635838e-08
33,BP,Negative Regulation of DNA-templated Transcription (GO:0045892),1.76383948654035e-05
33,BP,Cell Migration Involved in Sprouting Angiogenesis (GO:0002042),1.91300432475529e-05
33,BP,Blood Vessel Endothelial Cell Migration (GO:0043534),2.68582559939997e-05
33,BP,Negative Regulation of Transcription by RNA Polymerase II (GO:0000122),2.68582559939997e-05
33,BP,Positive Regulation of RNA Biosynthetic Process (GO:1902680),8.01963862047168e-05
33,BP,Regulation of Type B Pancreatic Cell Proliferation (GO:0061469),0.000178868014560839
33,BP,Sprouting Angiogenesis (GO:0002040),0.000250752904208624
33,BP,Endothelial Cell Chemotaxis (GO:0035767),0.000375063128669005
33,BP,Cellular Response to Peptide Hormone Stimulus (GO:0071375),0.000943165365863066
33,BP,SMAD Protein Signal Transduction (GO:0060395),0.00141056197196311
33,BP,Response to Fibroblast Growth Factor (GO:0071774),0.00149279108415625
33,BP,Positive Regulation of Epithelial Cell Proliferation (GO:0050679),0.00157637528082332
33,BP,Positive Regulation of Vascular Associated Smooth Muscle Cell Proliferation (GO:1904707),0.00165700194220141
33,BP,Cell Surface Receptor Protein Serine/Threonine Kinase Signaling Pathway (GO:0007178),0.00225504080644217
33,BP,Cellular Response to Growth Factor Stimulus (GO:0071363),0.00278403197022298
33,BP,Integrated Stress Response Signaling (GO:0140467),0.00384818416788157
33,BP,Cellular Response to Vascular Endothelial Growth Factor Stimulus (GO:0035924),0.00414448952159353
33,BP,Regulation of Vascular Associated Smooth Muscle Cell Proliferation (GO:1904705),0.00444241119863643
33,BP,Endothelial Cell Migration (GO:0043542),0.00600330180102953
33,BP,Positive Regulation of Smooth Muscle Cell Proliferation (GO:0048661),0.00686278862966742
33,BP,Cellular Response to Fibroblast Growth Factor Stimulus (GO:0044344),0.00864681523261211
33,BP,Positive Regulation of DNA-templated Transcription Initiation (GO:2000144),0.00927281806870231
33,BP,Positive Regulation of Endothelial Cell Proliferation (GO:0001938),0.0125966089983122
33,BP,Transforming Growth Factor Beta Receptor Signaling Pathway (GO:0007179),0.0143579525352456
33,BP,Cell Chemotaxis (GO:0060326),0.0146556651606899
33,BP,Positive Regulation of Biosynthetic Process (GO:0009891),0.0171369421891598
33,BP,Regulation of Endothelial Cell Proliferation (GO:0001936),0.0171369421891598
33,BP,Regulation of Epithelial Cell Proliferation (GO:0050678),0.018995548916573
33,BP,Cellular Response to Transforming Growth Factor Beta Stimulus (GO:0071560),0.020483132744814
33,BP,Cellular Response to Oxygen-Containing Compound (GO:1901701),0.024852700506982
33,BP,Mesodermal Cell Fate Commitment (GO:0001710),0.024852700506982
33,BP,Positive Regulation of Hemoglobin Biosynthetic Process (GO:0046985),0.024852700506982
33,BP,Regulation of Hormone Biosynthetic Process (GO:0046885),0.024852700506982
33,BP,Transforming Growth Factor Beta Receptor Superfamily Signaling Pathway (GO:0141091),0.024852700506982
33,BP,Cardiac Muscle Cell Myoblast Differentiation (GO:0060379),0.0272190521212687
33,BP,Positive Regulation of Mast Cell Activation (GO:0033005),0.0272190521212687
33,BP,Regulation of Hemoglobin Biosynthetic Process (GO:0046984),0.0272190521212687
33,BP,Response to Catecholamine (GO:0071869),0.0272190521212687
33,BP,Cellular Response to Leptin Stimulus (GO:0044320),0.0286308402117768
33,BP,Cellular Response to Monoamine Stimulus (GO:0071868),0.0286308402117768
33,BP,Detection of Molecule of Bacterial Origin (GO:0032490),0.0286308402117768
33,BP,Locomotor Rhythm (GO:0045475),0.0286308402117768
33,BP,Negative Regulation of Amyloid-Beta Clearance (GO:1900222),0.0286308402117768
33,BP,Cardioblast Differentiation (GO:0010002),0.0308907940915558
33,BP,Positive Regulation of Vascular Associated Smooth Muscle Cell Migration (GO:1904754),0.0308907940915558
33,BP,Response to Leptin (GO:0044321),0.0308907940915558
33,BP,Negative Regulation of Heterotypic Cell-Cell Adhesion (GO:0034115),0.0329099402718409
33,BP,Regulation of Cell-Cell Adhesion Involved in Gastrulation (GO:0070587),0.0329099402718409
33,BP,Regulation of Ketone Biosynthetic Process (GO:0010566),0.0329099402718409
33,BP,Angiogenesis Involved in Wound Healing (GO:0060055),0.0336042597584208
33,BP,Mast Cell Activation Involved in Immune Response (GO:0002279),0.0336042597584208
33,BP,Mast Cell Degranulation (GO:0043303),0.0336042597584208
33,BP,Regulation of DNA-templated Transcription Initiation (GO:2000142),0.0336042597584208
33,BP,Response to Laminar Fluid Shear Stress (GO:0034616),0.0336042597584208
33,BP,Defense Response to Tumor Cell (GO:0002357),0.0336896400705249
33,BP,Mast Cell Mediated Immunity (GO:0002448),0.0336896400705249
33,BP,Negative Regulation of Response to Cytokine Stimulus (GO:0060761),0.0336896400705249
33,BP,Positive Regulation of Behavior (GO:0048520),0.0336896400705249
33,BP,Positive Regulation of Gene Expression via Chromosomal CpG Island Demethylation (GO:0044029),0.0336896400705249
33,BP,Regulation of Smooth Muscle Cell Differentiation (GO:0051150),0.0336896400705249
33,BP,Cellular Response to Catecholamine Stimulus (GO:0071870),0.0342213831550633
33,BP,Cellular Response to Fluid Shear Stress (GO:0071498),0.0342213831550633
33,BP,Midbrain Dopaminergic Neuron Differentiation (GO:1904948),0.0342213831550633
33,BP,Neuron Differentiation (GO:0030182),0.0342213831550633
33,BP,Positive Regulation of Smooth Muscle Contraction (GO:0045987),0.0342213831550633
33,BP,Negative Regulation by Host of Viral Transcription (GO:0043922),0.0355955336718762
33,BP,Positive Regulation of Myelination (GO:0031643),0.0355955336718762
33,BP,Regulation of Vascular Associated Smooth Muscle Cell Migration (GO:1904752),0.0355955336718762
33,BP,Negative Regulation of Cell Migration Involved in Sprouting Angiogenesis (GO:0090051),0.0364024301274376
33,BP,Regulation of Chemokine (C-X-C Motif) Ligand 2 Production (GO:2000341),0.0364024301274376
33,BP,Regulation of Feeding Behavior (GO:0060259),0.0364024301274376
33,BP,Response to Endoplasmic Reticulum Stress (GO:0034976),0.0364024301274376
33,BP,+ Reg of Myeloid Leukocyte Cytokine Production Inv in Imm Resp (GO:0061081),0.0367916951872034
33,BP,Cellular Response to Laminar Fluid Shear Stress (GO:0071499),0.0367916951872034
33,BP,Gastrulation (GO:0007369),0.0367916951872034
33,BP,Negative Regulation of Chemokine Production (GO:0032682),0.0367916951872034
33,BP,Negative Regulation of Interleukin-8 Production (GO:0032717),0.0367916951872034
33,BP,Platelet-Derived Growth Factor Receptor Signaling Pathway (GO:0048008),0.0367916951872034
33,BP,Positive Regulation by Host of Viral Transcription (GO:0043923),0.0367916951872034
33,BP,Positive Regulation of Glial Cell Differentiation (GO:0045687),0.0367916951872034
33,BP,Positive Regulation of Muscle Contraction (GO:0045933),0.0367916951872034
33,BP,Positive Regulation of Smooth Muscle Cell Migration (GO:0014911),0.0367916951872034
33,BP,Positive Regulation of Transmembrane Transport (GO:0034764),0.0367916951872034
33,BP,Regulation of Amyloid-Beta Clearance (GO:1900221),0.0367916951872034
33,BP,Regulation of Cell Differentiation (GO:0045595),0.0367916951872034
33,BP,Regulation of D-glucose Transmembrane Transport (GO:0010827),0.0367916951872034
33,BP,Regulation of Protein Sumoylation (GO:0033233),0.0367916951872034
33,BP,Regulation of Response to Cytokine Stimulus (GO:0060759),0.0367916951872034
33,BP,Positive Regulation of Muscle Hypertrophy (GO:0014742),0.0377603519296158
33,BP,Positive Regulation of Sprouting Angiogenesis (GO:1903672),0.0377603519296158
33,BP,Regulation of Steroid Biosynthetic Process (GO:0050810),0.0377603519296158
33,BP,Positive Regulation of Cardiac Muscle Hypertrophy (GO:0010613),0.04150323765049
33,BP,Myoblast Differentiation (GO:0045445),0.0422922410681213
33,BP,Peripheral Nervous System Development (GO:0007422),0.0422922410681213
33,BP,Regulation of Smooth Muscle Contraction (GO:0006940),0.0422922410681213
33,BP,Fc-epsilon Receptor Signaling Pathway (GO:0038095),0.043444886906521
33,BP,Positive Regulation of Nervous System Process (GO:0031646),0.043444886906521
33,BP,Dopaminergic Neuron Differentiation (GO:0071542),0.0446341605143981
33,BP,Fc Receptor Mediated Stimulatory Signaling Pathway (GO:0002431),0.0446341605143981
33,BP,Negative Regulation of DNA Binding (GO:0043392),0.0446341605143981
33,BP,Negative Regulation of Extrinsic Apoptotic Signaling Pathway in Absence of Ligand (GO:2001240),0.0446341605143981
33,BP,Negative Regulation of miRNA Transcription (GO:1902894),0.0446341605143981
33,BP,Negative Regulation of Signal Transduction in Absence of Ligand (GO:1901099),0.0446341605143981
33,BP,Protein Export From Nucleus (GO:0006611),0.0446341605143981
33,BP,Regulation of Apoptotic Process (GO:0042981),0.0446341605143981
33,BP,Regulation of Cardiac Muscle Hypertrophy (GO:0010611),0.0446341605143981
33,BP,Regulation of Heterotypic Cell-Cell Adhesion (GO:0034114),0.0446341605143981
33,BP,Regulation of Muscle Cell Differentiation (GO:0051147),0.0446341605143981
33,BP,Negative Regulation of miRNA Metabolic Process (GO:2000629),0.0473500622308937
33,BP,Regulation of Myelination (GO:0031641),0.0473500622308937
33,BP,Glial Cell Differentiation (GO:0010001),0.0478672197558653
33,BP,Regulation of Extrinsic Apoptotic Signaling Pathway in Absence of Ligand (GO:2001239),0.0478672197558653
33,BP,Regulation of Protein Modification by Small Protein Conjugation or Removal (GO:1903320),0.0478672197558653
33,BP,Central Nervous System Development (GO:0007417),0.0491422532428724
33,CC,Nucleus (GO:0005634),0.000109982897182578
33,CC,Intracellular Membrane-Bounded Organelle (GO:0043231),0.000275605119894835
33,CC,Transcription Factor AP-1 Complex (GO:0035976),0.0169725759559877
33,KEGG,Human T-cell leukemia virus 1 infection,5.93544424035335e-05
33,KEGG,Osteoclast differentiation,0.000122875257722248
33,KEGG,Hepatitis B,0.000215179220030671
33,KEGG,Amphetamine addiction,0.000366542986157487
33,KEGG,Viral carcinogenesis,0.000366542986157487
33,KEGG,C-type lectin receptor signaling pathway,0.000738529033232454
33,KEGG,IL-17 signaling pathway,0.000738529033232454
33,KEGG,MAPK signaling pathway,0.000738529033232454
33,KEGG,"Parathyroid hormone synthesis, secretion and action",0.000738529033232454
33,KEGG,TNF signaling pathway,0.000779452042616053
33,KEGG,Cocaine addiction,0.00504184175749402
33,KEGG,Chemical carcinogenesis,0.00598983751150732
33,KEGG,AGE-RAGE signaling pathway in diabetic complications,0.00945194061307036
33,KEGG,Aldosterone synthesis and secretion,0.00945194061307036
33,KEGG,B cell receptor signaling pathway,0.00945194061307036
33,KEGG,Chagas disease,0.00945194061307036
33,KEGG,Choline metabolism in cancer,0.00945194061307036
33,KEGG,Colorectal cancer,0.00945194061307036
33,KEGG,GnRH signaling pathway,0.00945194061307036
33,KEGG,Leishmaniasis,0.00945194061307036
33,KEGG,PD-L1 expression and PD-1 checkpoint pathway in cancer,0.00945194061307036
33,KEGG,Pertussis,0.00945194061307036
33,KEGG,Rheumatoid arthritis,0.00945194061307036
33,KEGG,T cell receptor signaling pathway,0.00945194061307036
33,KEGG,Th1 and Th2 cell differentiation,0.00945194061307036
33,KEGG,Toll-like receptor signaling pathway,0.00945194061307036
33,KEGG,Th17 cell differentiation,0.00962276396949434
33,KEGG,"Growth hormone synthesis, secretion and action",0.0114194743206255
33,KEGG,Relaxin signaling pathway,0.0129006561239509
33,KEGG,Estrogen signaling pathway,0.0131046538867099
33,KEGG,Fluid shear stress and atherosclerosis,0.0131046538867099
33,KEGG,Measles,0.0131046538867099
33,KEGG,Yersinia infection,0.0131046538867099
33,KEGG,Apoptosis,0.0132563787587825
33,KEGG,Breast cancer,0.0137694485928009
33,KEGG,Non-alcoholic fatty liver disease,0.0144289342143722
33,KEGG,Oxytocin signaling pathway,0.0144289342143722
33,KEGG,Kaposi sarcoma-associated herpesvirus infection,0.0214013920085759
33,KEGG,Pathogenic Escherichia coli infection,0.0216850471500028
33,KEGG,cAMP signaling pathway,0.0239905938861495
33,KEGG,Human immunodeficiency virus 1 infection,0.0239905938861495
33,KEGG,Lipid and atherosclerosis,0.0239905938861495
33,KEGG,Coronavirus disease,0.0268271640187857
33,KEGG,Salmonella infection,0.0299552235518542
33,MF,Sequence-Specific DNA Binding (GO:0043565),1.25197327146047e-16
33,MF,Double-Stranded DNA Binding (GO:0003690),1.68481389196037e-15
33,MF,"DNA-binding Transcription Activator Activity, RNA Polymerase II-specific (GO:0001228)",2.04134299235277e-15
33,MF,Sequence-Specific Double-Stranded DNA Binding (GO:1990837),2.41530434221187e-15
33,MF,Cis-Regulatory Region Sequence-Specific DNA Binding (GO:0000987),4.15984060625478e-15
33,MF,RNA Polymerase II Cis-Regulatory Region Sequence-Specific DNA Binding (GO:0000978),4.46666243574758e-15
33,MF,RNA Polymerase II Transcription Regulatory Region Sequence-Specific DNA Binding (GO:0000977),3.51105079619897e-14
33,MF,DNA-binding Transcription Factor Binding (GO:0140297),5.04834061891119e-07
33,MF,Transcription Cis-Regulatory Region Binding (GO:0000976),7.40875839820426e-07
33,MF,Nuclear Glucocorticoid Receptor Binding (GO:0035259),5.55523741131653e-05
33,MF,cAMP Response Element Binding (GO:0035497),8.6489058495735e-05
33,MF,RNA Polymerase II-specific DNA-binding Transcription Factor Binding (GO:0061629),0.000121194453097828
33,MF,Nuclear Receptor Binding (GO:0016922),0.000365482704105066
33,MF,R-SMAD Binding (GO:0070412),0.000394043144791799
33,MF,"DNA-binding Transcription Repressor Activity, RNA Polymerase II-specific (GO:0001227)",0.0018098258754535
33,MF,Protein Heterodimerization Activity (GO:0046982),0.00184126201330857
33,MF,Primary miRNA Binding (GO:0070878),0.0116764656876031
33,MF,cAMP Response Element Binding Protein Binding (GO:0008140),0.0165218602584242
33,MF,Nuclear Retinoid X Receptor Binding (GO:0046965),0.0173844886811856
33,MF,SUMO Ligase Activity (GO:0061665),0.0214441385779352
33,MF,GTPase Activator Activity (GO:0005096),0.0233313188992022
33,MF,Histone Acetyltransferase Binding (GO:0035035),0.0233313188992022
33,MF,Nuclear Retinoic Acid Receptor Binding (GO:0042974),0.0233313188992022
33,MF,Nuclear Steroid Receptor Activity (GO:0003707),0.0233313188992022
33,MF,Protein Homodimerization Activity (GO:0042803),0.0290821300144641
33,MF,SUMO Transferase Activity (GO:0019789),0.0307796853305266
33,MF,Ubiquitin Protein Ligase Binding (GO:0031625),0.0307796853305266
33,MF,Ubiquitin-Like Protein Ligase Binding (GO:0044389),0.0330734065694041
33,MF,General Transcription Initiation Factor Binding (GO:0140296),0.0372430241326108
33,MF,Core Promoter Sequence-Specific DNA Binding (GO:0001046),0.0392275155694305
33,MF,Zinc Ion Binding (GO:0008270),0.0412179449560762
33,Reactome,NGF-stimulated Transcription,1.39438714759975e-13
33,Reactome,Nuclear Events (Kinase and Transcription Factor Activation),1.95876655828454e-12
33,Reactome,Signaling by NTRK1 (TRKA),1.28086518566068e-10
33,Reactome,Signaling by NTRKs,2.85398495115301e-10
33,Reactome,Signaling by Receptor Tyrosine Kinases,3.53000482326239e-06
33,Reactome,Generic Transcription Pathway,5.89856383998833e-05
33,Reactome,RNA Polymerase II Transcription,0.00010715533493497
33,Reactome,Nuclear Receptor Transcription Pathway,0.000155181125571775
33,Reactome,Signal Transduction,0.000155181125571775
33,Reactome,ESR-mediated Signaling,0.000213176061307522
33,Reactome,Gene Expression (Transcription),0.000242737507269451
33,Reactome,Activation of the AP-1 Family of Transcription Factors,0.00030477759493074
33,Reactome,Signaling by Nuclear Receptors,0.000621314499884562
33,Reactome,Estrogen-dependent Gene Expression,0.00118334409600003
33,Reactome,Estrogen-dependent Nuclear Events Downstream of ESR-membrane Signaling,0.00148503471734248
33,Reactome,MAPK Targets Nuclear Events Mediated by MAP Kinases,0.00233740468258851
33,Reactome,Transcriptional Regulation by NPAS4,0.00280932219926703
33,Reactome,MAP Kinase Activation,0.00772919251883634
33,Reactome,Regulation of PTEN Gene Transcription,0.00772919251883634
33,Reactome,TP53 Regulates Transcription of DNA Repair Genes,0.00772919251883634
33,Reactome,Interleukin-17 Signaling,0.00915480235112259
33,Reactome,PIP3 Activates AKT Signaling,0.00915480235112259
33,Reactome,Extra-nuclear Estrogen Signaling,0.00949282934802993
33,Reactome,Senescence-Associated Secretory Phenotype (SASP),0.0105899485199425
33,Reactome,Activation of Anterior HOX Genes in Hindbrain Development During Early Embryogenesis,0.0106078599724923
33,Reactome,Activation of HOX Genes During Differentiation,0.0106078599724923
33,Reactome,Adipogenesis,0.0106078599724923
33,Reactome,Cytokine Signaling in Immune System,0.0106078599724923
33,Reactome,FCERI Mediated MAPK Activation,0.0106078599724923
33,Reactome,Interleukin-4 and Interleukin-13 Signaling,0.0106078599724923
33,Reactome,Intracellular Signaling by Second Messengers,0.0106078599724923
33,Reactome,MyD88 Cascade Initiated on Plasma Membrane,0.0106078599724923
33,Reactome,MyD88 Dependent Cascade Initiated on Endosome,0.0106078599724923
33,Reactome,MyD88 MAL(TIRAP) Cascade Initiated on Plasma Membrane,0.0106078599724923
33,Reactome,MyD88-independent TLR4 Cascade,0.0106078599724923
33,Reactome,Oxidative Stress Induced Senescence,0.0106078599724923
33,Reactome,Regulation of NPAS4 Gene Transcription,0.0106078599724923
33,Reactome,Signaling by ALK Fusions and Activated Point Mutants,0.0106078599724923
33,Reactome,Signaling by ALK in Cancer,0.0106078599724923
33,Reactome,Toll Like Receptor 10 (TLR10) Cascade,0.0106078599724923
33,Reactome,Toll Like Receptor 3 (TLR3) Cascade,0.0106078599724923
33,Reactome,Toll Like Receptor 5 (TLR5) Cascade,0.0106078599724923
33,Reactome,Toll Like Receptor 7 8 (TLR7 8) Cascade,0.0106078599724923
33,Reactome,Toll Like Receptor 9 (TLR9) Cascade,0.0106078599724923
33,Reactome,Toll Like Receptor TLR6 TLR2 Cascade,0.0106078599724923
33,Reactome,TRAF6 Mediated Induction of NFkB and MAP Kinases Upon TLR7 8 or 9 Activation,0.0106078599724923
33,Reactome,Transcriptional Regulation of White Adipocyte Differentiation,0.0106078599724923
33,Reactome,TRIF (TICAM1)-mediated TLR4 Signaling,0.0106078599724923
33,Reactome,Toll Like Receptor 2 (TLR2) Cascade,0.0106319389094487
33,Reactome,Toll Like Receptor TLR1 TLR2 Cascade,0.0106319389094487
33,Reactome,Diseases of Signal Transduction by Growth Factor Receptors and Second Messengers,0.0142128203932046
33,Reactome,Signaling by Interleukins,0.0142128203932046
33,Reactome,PTEN Regulation,0.0149666530963379
33,Reactome,Toll Like Receptor 4 (TLR4) Cascade,0.0152829156107971
33,Reactome,AKT Phosphorylates Targets in the Nucleus,0.018478617339442
33,Reactome,Cellular Senescence,0.0186014759983372
33,Reactome,Toll-like Receptor Cascades,0.0197750533399945
33,Reactome,Killing Mechanisms,0.0206544933469998
33,Reactome,WNT5 FZD7-mediated Leishmania Damping,0.0206544933469998
33,Reactome,Fc Epsilon Receptor (FCERI) Signaling,0.0234324684049904
33,Reactome,Regulation of NPAS4 Gene Expression,0.0234324684049904
33,Reactome,Response of EIF2AK1 (HRI) to Heme Deficiency,0.0245394385812253
33,Reactome,FOXO-mediated Transcription of Cell Cycle Genes,0.0273480661089549
33,Reactome,"Synthesis, Secretion, and Deacylation of Ghrelin",0.0300638857414977
33,Reactome,Deregulated CDK5 Triggers Multiple Neurodegenerative Pathways in Alzheimer's Disease Models,0.0332123270854365
33,Reactome,Neurodegenerative Diseases,0.0332123270854365
33,Reactome,NPAS4 Regulates Expression of Target Genes,0.0332123270854365
33,Reactome,Defective Intrinsic Pathway for Apoptosis,0.0371417691511491
33,Reactome,Constitutive Signaling by AKT1 E17K in Cancer,0.0380524359190286
33,Reactome,Cardiogenesis,0.0389359396741843
33,Reactome,ATF4 Activates Genes in Response to Endoplasmic Reticulum Stress,0.0397934289966314
33,Reactome,EGR2 and SOX10-mediated Initiation of Schwann Cell Myelination,0.0406259886458428
33,Reactome,SUMOylation of Intracellular Receptors,0.0414346439455531
33,Reactome,Developmental Biology,0.0427100168699016
33,Reactome,Transcriptional Regulation of Pluripotent Stem Cells,0.0429840693743111
33,Reactome,Cellular Responses to Stress,0.0431587492445839
33,Reactome,PERK Regulates Gene Expression,0.0431587492445839
33,Reactome,Nuclear Events Stimulated by ALK Signaling in Cancer,0.0451515608857234
33,Reactome,SMAD2 SMAD3 SMAD4 Heterotrimer Regulates Transcription,0.0458354612301038
34,BP,Defense Response to Virus (GO:0051607),4.21185310332622e-27
34,BP,Negative Regulation of Viral Process (GO:0048525),3.02710996657225e-13
34,BP,Cellular Response to Type I Interferon (GO:0071357),9.50348643785384e-11
34,BP,Negative Regulation of Viral Genome Replication (GO:0045071),1.61866398490547e-10
34,BP,Interferon-Mediated Signaling Pathway (GO:0140888),3.53849014890437e-10
34,BP,Regulation of Viral Genome Replication (GO:0045069),1.11651313595256e-09
34,BP,Type I Interferon-Mediated Signaling Pathway (GO:0060337),4.56889241472855e-09
34,BP,Response to Type I Interferon (GO:0034340),4.29084875997196e-08
34,BP,Response to Cytokine (GO:0034097),6.32980246960064e-08
34,BP,Regulation of Transcription by RNA Polymerase II (GO:0006357),1.50181941816657e-06
34,BP,Antiviral Innate Immune Response (GO:0140374),2.32815050173481e-06
34,BP,Interleukin-27-Mediated Signaling Pathway (GO:0070106),2.84506142209006e-06
34,BP,Response to Interferon-Beta (GO:0035456),4.85581794412833e-06
34,BP,Negative Regulation of Transcription by RNA Polymerase II (GO:0000122),8.09213734199786e-06
34,BP,Regulation of Immune Response (GO:0050776),1.30446189342989e-05
34,BP,Type II Interferon-Mediated Signaling Pathway (GO:0060333),1.30446189342989e-05
34,BP,Negative Regulation of DNA-templated Transcription (GO:0045892),1.38763886698411e-05
34,BP,Cellular Response to Type II Interferon (GO:0071346),2.57557879379302e-05
34,BP,Response to Type II Interferon (GO:0034341),6.56419262396484e-05
34,BP,Cytokine-Mediated Signaling Pathway (GO:0019221),8.01268537297311e-05
34,BP,Positive Regulation of Transcription by RNA Polymerase II (GO:0045944),8.01268537297311e-05
34,BP,Positive Regulation of Type I Interferon Production (GO:0032481),9.37433927086553e-05
34,BP,Positive Regulation of Immune Response (GO:0050778),0.000338986974871114
34,BP,Positive Regulation of Release of Sequestered Calcium Ion Into Cytosol (GO:0051281),0.000470324445255021
34,BP,Regulation of Type I Interferon-Mediated Signaling Pathway (GO:0060338),0.000470324445255021
34,BP,Regulation of DNA-templated Transcription (GO:0006355),0.00047292990667634
34,BP,Positive Regulation of Interferon-Beta Production (GO:0032728),0.000473343161659148
34,BP,Positive Regulation of DNA-templated Transcription (GO:0045893),0.000559302227523662
34,BP,Apoptotic Process (GO:0006915),0.000591614768139968
34,BP,Positive Regulation of Calcium Ion Transmembrane Transport (GO:1904427),0.000770577646053204
34,BP,Chemokine-Mediated Signaling Pathway (GO:0070098),0.000850099488623937
34,BP,Cellular Response to Chemokine (GO:1990869),0.000850796841987696
34,BP,Positive Regulation of Innate Immune Response (GO:0045089),0.000850796841987696
34,BP,Inflammatory Response (GO:0006954),0.000881152308106905
34,BP,Regulation of Interferon-Beta Production (GO:0032648),0.000962387777698841
34,BP,Regulation of Release of Sequestered Calcium Ion Into Cytosol (GO:0051279),0.00102161899747311
34,BP,Synaptic Vesicle Budding From Presynaptic Endocytic Zone Membrane (GO:0016185),0.00102161899747311
34,BP,Cellular Response to Cytokine Stimulus (GO:0071345),0.00127183180628918
34,BP,T Cell Chemotaxis (GO:0010818),0.00173788075513786
34,BP,Regulation of Type I Interferon Production (GO:0032479),0.00181742467993648
34,BP,Regulation of Cell Population Proliferation (GO:0042127),0.00269833445853174
34,BP,Regulation of Nucleocytoplasmic Transport (GO:0046822),0.0033070850413197
34,BP,Regulation of Adaptive Immune Response (GO:0002819),0.00360766397080119
34,BP,Regulation of Innate Immune Response (GO:0045088),0.00360766397080119
34,BP,Negative Regulation of Type I Interferon-Mediated Signaling Pathway (GO:0060339),0.00378826328380606
34,BP,Response to Interferon-Alpha (GO:0035455),0.00378826328380606
34,BP,T Cell Migration (GO:0072678),0.00411510310605437
34,BP,Lymphocyte Chemotaxis (GO:0048247),0.00444862876357403
34,BP,Cellular Response to Interferon-Beta (GO:0035458),0.00469259683910863
34,BP,Positive Regulation of Interferon-Alpha Production (GO:0032727),0.00469259683910863
34,BP,Regulation of Protein Export From Nucleus (GO:0046825),0.00584061873697269
34,BP,Regulation of Toll-Like Receptor Signaling Pathway (GO:0034121),0.00584061873697269
34,BP,Regulation of Interferon-Alpha Production (GO:0032647),0.00668988764353317
34,BP,Antimicrobial Humoral Immune Response Mediated by Antimicrobial Peptide (GO:0061844),0.00702374937110097
34,BP,Synaptic Vesicle Endocytosis (GO:0048488),0.00744042433625315
34,BP,Pyroptotic Inflammatory Response (GO:0070269),0.00782094157453307
34,BP,Positive Regulation of Defense Response (GO:0031349),0.0092364763394854
34,BP,Antimicrobial Humoral Response (GO:0019730),0.0128953696032264
34,BP,Adenylate Cyclase-Activating G Protein-Coupled Receptor Signaling Pathway (GO:0007189),0.0137822228890194
34,BP,Positive Regulation of Cytokine Production (GO:0001819),0.0137822228890194
34,BP,Positive Regulation of Immune System Process (GO:0002684),0.0137822228890194
34,BP,Neutrophil Chemotaxis (GO:0030593),0.0144564812675404
34,BP,Positive Regulation of Response to Biotic Stimulus (GO:0002833),0.0148881652961334
34,BP,Positive Regulation of Response to External Stimulus (GO:0032103),0.0156632595831675
34,BP,Cell Surface Receptor Signaling Pathway via JAK-STAT (GO:0007259),0.0161861962404422
34,BP,Positive Regulation of Pattern Recognition Receptor Signaling Pathway (GO:0062208),0.0161861962404422
34,BP,Blood Circulation (GO:0008015),0.0166196388179248
34,BP,Neutrophil Migration (GO:1990266),0.0177444720447024
34,BP,Cell Surface Receptor Signaling Pathway via STAT (GO:0097696),0.0210831569215406
34,BP,Receptor Internalization (GO:0031623),0.0212248810992058
34,BP,Response to Peptide Hormone (GO:0043434),0.0212248810992058
34,BP,Negative Regulation of Innate Immune Response (GO:0045824),0.0216674571992302
34,BP,Adenylate Cyclase-Modulating G Protein-Coupled Receptor Signaling Pathway (GO:0007188),0.0250384079883058
34,BP,Granulocyte Chemotaxis (GO:0071621),0.0264265420005366
34,BP,Cellular Response to Virus (GO:0098586),0.0268725355623276
34,BP,Negative Regulation of Binding (GO:0051100),0.0269630016904428
34,BP,Regulation of Angiogenesis (GO:0045765),0.0269630016904428
34,BP,Negative Regulation of Cytokine-Mediated Signaling Pathway (GO:0001960),0.0274063341481866
34,BP,Alpha-Beta T Cell Differentiation (GO:0046632),0.0349810430299139
34,BP,ISG15-protein Conjugation (GO:0032020),0.0349810430299139
34,BP,Mesenchymal Cell Differentiation Involved in Kidney Development (GO:0072161),0.0349810430299139
34,BP,Negative Regulation of Myeloid Cell Apoptotic Process (GO:0033033),0.0349810430299139
34,BP,Positive Regulation of Necroptotic Process (GO:0060545),0.0349810430299139
34,BP,Positive Regulation of Programmed Necrotic Cell Death (GO:0062100),0.0349810430299139
34,BP,Regulation of Fc Receptor Mediated Stimulatory Signaling Pathway (GO:0060368),0.0349810430299139
34,BP,Regulation of Macrophage Apoptotic Process (GO:2000109),0.0349810430299139
34,BP,Regulation of Toll-Like Receptor 7 Signaling Pathway (GO:0034155),0.0349810430299139
34,BP,Negative Regulation of Blood Vessel Morphogenesis (GO:2000181),0.0358943383090178
34,BP,"CD4-positive, Alpha-Beta T Cell Activation (GO:0035710)",0.0388183241927369
34,BP,Positive Regulation of Interleukin-18 Production (GO:0032741),0.0388183241927369
34,BP,Positive Regulation of Pyroptotic Inflammatory Response (GO:0140639),0.0388183241927369
34,BP,Regulation of Alpha-Beta T Cell Proliferation (GO:0046640),0.0388183241927369
34,BP,Regulation of Interleukin-1-Mediated Signaling Pathway (GO:2000659),0.0388183241927369
34,BP,Response to Lead Ion (GO:0010288),0.0388183241927369
34,BP,Positive Regulation of Response to Stimulus (GO:0048584),0.0414549871905932
34,BP,Cellular Response to Interleukin-7 (GO:0098761),0.0417006347637231
34,BP,Cellular Response to Interleukin-9 (GO:0071355),0.0417006347637231
34,BP,Interleukin-7-Mediated Signaling Pathway (GO:0038111),0.0417006347637231
34,BP,Interleukin-9-Mediated Signaling Pathway (GO:0038113),0.0417006347637231
34,BP,Negative Regulation of Angiogenesis (GO:0016525),0.0417006347637231
34,BP,Positive Regulation of T-helper 2 Cell Cytokine Production (GO:2000553),0.0417006347637231
34,BP,"Regulation of CD8-positive, Alpha-Beta T Cell Proliferation (GO:2000564)",0.0417006347637231
34,BP,Cell Differentiation Involved in Metanephros Development (GO:0072202),0.0460676420646596
34,BP,Regulation of Defense Response (GO:0031347),0.0460676420646596
34,BP,Regulation of Morphogenesis of an Epithelium (GO:1905330),0.0460676420646596
34,BP,Regulation of Myeloid Leukocyte Differentiation (GO:0002761),0.0460676420646596
34,BP,Positive Regulation of Protein-Containing Complex Assembly (GO:0031334),0.0473322647506553
34,BP,Modification-Dependent Macromolecule Catabolic Process (GO:0043632),0.0474736302478512
34,BP,Myeloid Dendritic Cell Differentiation (GO:0043011),0.0474736302478512
34,BP,Positive Regulation of Mesenchymal Cell Proliferation (GO:0002053),0.0474736302478512
34,BP,Positive Regulation of RNA Biosynthetic Process (GO:1902680),0.0474736302478512
34,BP,"Regulation of CD8-positive, Alpha-Beta T Cell Activation (GO:2001185)",0.0474736302478512
34,BP,Regulation of Interleukin-18 Production (GO:0032661),0.0474736302478512
34,BP,Regulation of Mast Cell Activation (GO:0033003),0.0474736302478512
34,BP,Response to Interleukin-4 (GO:0070670),0.0474736302478512
34,BP,Intrinsic Apoptotic Signaling Pathway (GO:0097193),0.0488784778515704
34,BP,Metanephric Mesenchyme Development (GO:0072075),0.0488784778515704
34,BP,Multivesicular Body-Lysosome Fusion (GO:0061763),0.0488784778515704
34,BP,Plasma Membrane Phospholipid Scrambling (GO:0017121),0.0488784778515704
34,BP,Positive Regulation of Inflammatory Response (GO:0050729),0.0488784778515704
34,BP,Positive Regulation of RIG-I Signaling Pathway (GO:1900246),0.0488784778515704
34,BP,Receptor-Mediated Endocytosis of Virus by Host Cell (GO:0019065),0.0488784778515704
34,BP,Regulation of T-helper 2 Cell Cytokine Production (GO:2000551),0.0488784778515704
34,BP,Regulation of Toll-Like Receptor 9 Signaling Pathway (GO:0034163),0.0488784778515704
34,CC,Nucleus (GO:0005634),0.0200422464694421
34,KEGG,Hepatitis C,2.39681309701105e-10
34,KEGG,Influenza A,1.10382106031794e-08
34,KEGG,Human papillomavirus infection,1.23717211377797e-06
34,KEGG,Coronavirus disease,1.25127002521433e-06
34,KEGG,Measles,1.25127002521433e-06
34,KEGG,Toll-like receptor signaling pathway,7.42100917428325e-06
34,KEGG,Epstein-Barr virus infection,8.0551549929009e-06
34,KEGG,NOD-like receptor signaling pathway,8.4153197963645e-05
34,KEGG,Chemokine signaling pathway,9.94138100658882e-05
34,KEGG,C-type lectin receptor signaling pathway,0.000143589850973209
34,KEGG,Necroptosis,0.000679866716181742
34,KEGG,Cytosolic DNA-sensing pathway,0.000680310678825715
34,KEGG,RIG-I-like receptor signaling pathway,0.000858418137220911
34,KEGG,Kaposi sarcoma-associated herpesvirus infection,0.00111936220178066
34,KEGG,Viral protein interaction with cytokine and cytokine receptor,0.0021201477134468
34,KEGG,Osteoclast differentiation,0.00396776295393241
34,KEGG,Herpes simplex virus 1 infection,0.00434938810457502
34,KEGG,Hepatitis B,0.00668568532776277
34,KEGG,JAK-STAT signaling pathway,0.00668568532776277
34,KEGG,Transcriptional misregulation in cancer,0.0102321924476566
34,KEGG,Viral carcinogenesis,0.011377488714946
34,KEGG,Prolactin signaling pathway,0.0136399903331657
34,KEGG,PD-L1 expression and PD-1 checkpoint pathway in cancer,0.0207216415484885
34,KEGG,Cytokine-cytokine receptor interaction,0.0275163926684345
34,KEGG,TNF signaling pathway,0.0295118872192066
34,MF,RNA Polymerase II Transcription Regulatory Region Sequence-Specific DNA Binding (GO:0000977),4.21950483006662e-05
34,MF,CXCR Chemokine Receptor Binding (GO:0045236),7.15547281935686e-05
34,MF,RNA Polymerase II Cis-Regulatory Region Sequence-Specific DNA Binding (GO:0000978),0.000188147399481381
34,MF,Double-Stranded DNA Binding (GO:0003690),0.000211941897805062
34,MF,Sequence-Specific Double-Stranded DNA Binding (GO:1990837),0.00030430955699852
34,MF,"DNA-binding Transcription Repressor Activity, RNA Polymerase II-specific (GO:0001227)",0.000331137302728685
34,MF,Transcription Cis-Regulatory Region Binding (GO:0000976),0.000357675007214805
34,MF,Chemokine Activity (GO:0008009),0.000388422008886559
34,MF,Cis-Regulatory Region Sequence-Specific DNA Binding (GO:0000987),0.000388422008886559
34,MF,Chemokine Receptor Binding (GO:0042379),0.000460038919587392
34,MF,Sequence-Specific DNA Binding (GO:0043565),0.00825759358080725
34,MF,Cytokine Activity (GO:0005125),0.0225442871238604
34,MF,Double-Stranded RNA Binding (GO:0003725),0.0342711617193517
34,MF,Chromo Shadow Domain Binding (GO:0070087),0.0404866554101849
34,MF,CD4 Receptor Binding (GO:0042609),0.0465995632030144
34,MF,GTPase Activity (GO:0003924),0.0465995632030144
34,MF,Ribonucleoside Triphosphate Phosphatase Activity (GO:0017111),0.0465995632030144
34,MF,Ubiquitin-Like Protein Ligase Binding (GO:0044389),0.0478862423952324
34,MF,DNA-binding Transcription Factor Binding (GO:0140297),0.04975371148925
34,Reactome,Interferon Alpha Beta Signaling,7.49561255831435e-26
34,Reactome,Interferon Signaling,4.73710140942512e-21
34,Reactome,Cytokine Signaling in Immune System,3.72798072635647e-15
34,Reactome,Interferon Gamma Signaling,1.99303960486431e-10
34,Reactome,Immune System,7.18007090720883e-10
34,Reactome,ISG15 Antiviral Mechanism,4.80353479021068e-06
34,Reactome,Antiviral Mechanism by IFN-stimulated Genes,5.93589788241922e-06
34,Reactome,SARS-CoV-2 Activates Modulates Innate and Adaptive Immune Responses,0.00168396562319164
34,Reactome,Chemokine Receptors Bind Chemokines,0.00209433422163103
34,Reactome,SARS-CoV-2-host Interactions,0.00705323741543051
34,Reactome,Signaling by PDGFR in Disease,0.00705323741543051
34,Reactome,Interleukin-20 Family Signaling,0.0101416089452769
34,Reactome,Regulation of IFNA IFNB Signaling,0.0101416089452769
34,Reactome,Pyroptosis,0.010159428226569
34,Reactome,Downregulation of SMAD2 3 SMAD4 Transcriptional Activity,0.0125067827431285
34,Reactome,SARS-CoV Infections,0.0143771440123452
34,Reactome,SARS-CoV-2 Infection,0.017309188223086
34,Reactome,Transcriptional Activity of SMAD2 SMAD3 SMAD4 Heterotrimer,0.0279576443090438
34,Reactome,Peptide Ligand-Binding Receptors,0.0357215574908849
34,Reactome,Regulated Necrosis,0.0357215574908849
34,Reactome,Cytosolic Sensors of Pathogen-Associated DNA,0.0373555703541492
36,BP,Cilium Movement (GO:0003341),3.22055001285506e-06
36,BP,Axonemal Dynein Complex Assembly (GO:0070286),0.00112276281105918
36,BP,Motile Cilium Assembly (GO:0044458),0.00989656927119194
36,BP,Cilium Movement Involved in Cell Motility (GO:0060294),0.0103416511754054
36,BP,Cilium-Dependent Cell Motility (GO:0060285),0.015188050516995
36,BP,Determination of Left/Right Symmetry (GO:0007368),0.0467531748725546
36,CC,9+2 Motile Cilium (GO:0097729),0.00157334794288691
36,CC,Cilium (GO:0005929),0.00421194139712447
36,CC,Sperm Flagellum (GO:0036126),0.00870551184017876
36,CC,Inner Dynein Arm (GO:0036156),0.0477156346372607
36,CC,Motile Cilium (GO:0031514),0.0477156346372607
36,KEGG,Amyotrophic lateral sclerosis,0.215474969054326
36,KEGG,Huntington disease,0.215474969054326
36,KEGG,Pathways of neurodegeneration,0.25506168917309
36,MF,RNA Polymerase II Transcription Regulatory Region Sequence-Specific DNA Binding (GO:0000977),0.0412369659025797
36,Reactome,Binding of TCF LEF CTNNB1 to Target Gene Promoters,0.0947939735069665
36,Reactome,MITF-M-dependent Gene Expression,0.0947939735069665
36,Reactome,RUNX3 Regulates WNT Signaling,0.0947939735069665
37,BP,Regulation of DNA-templated Transcription (GO:0006355),4.38762212231848e-24
37,BP,Regulation of Transcription by RNA Polymerase II (GO:0006357),6.48639648182928e-20
37,BP,Negative Regulation of DNA-templated Transcription (GO:0045892),0.000426122332749267
37,BP,Negative Regulation of Transcription by RNA Polymerase II (GO:0000122),0.000426122332749267
37,CC,Intracellular Membrane-Bounded Organelle (GO:0043231),8.96127366461879e-06
37,CC,Nucleus (GO:0005634),8.96127366461879e-06
37,KEGG,Herpes simplex virus 1 infection,8.56651785504948e-16
37,MF,RNA Polymerase II Transcription Regulatory Region Sequence-Specific DNA Binding (GO:0000977),9.34337482191062e-23
37,MF,Cis-Regulatory Region Sequence-Specific DNA Binding (GO:0000987),1.76499015868164e-13
37,MF,RNA Polymerase II Cis-Regulatory Region Sequence-Specific DNA Binding (GO:0000978),1.76499015868164e-13
37,MF,Transcription Cis-Regulatory Region Binding (GO:0000976),8.84519033124827e-08
37,MF,Sequence-Specific Double-Stranded DNA Binding (GO:1990837),0.000733864107375937
37,MF,Double-Stranded DNA Binding (GO:0003690),0.0203978073063116
37,MF,Sequence-Specific DNA Binding (GO:0043565),0.0242826512636909
37,MF,Nuclear Steroid Receptor Activity (GO:0003707),0.029430556862092
37,Reactome,Generic Transcription Pathway,1.09771925060624e-10
37,Reactome,RNA Polymerase II Transcription,2.29633041645054e-10
37,Reactome,Gene Expression (Transcription),1.72787994143489e-09
38,BP,Regulation of Transcription by RNA Polymerase II (GO:0006357),6.19144875373199e-09
38,BP,Regulation of DNA-templated Transcription (GO:0006355),1.57282242110732e-08
38,BP,Regulation of Gene Expression (GO:0010468),0.0156349034385955
38,BP,Regulation of Neural Precursor Cell Proliferation (GO:2000177),0.0252866500412491
38,BP,Negative Regulation of DNA-templated Transcription (GO:0045892),0.0253475226658971
38,BP,Negative Regulation of Transcription by RNA Polymerase II (GO:0000122),0.0253475226658971
38,BP,Negative Regulation of Notch Signaling Pathway (GO:0045746),0.02700091510135
38,CC,Nucleus (GO:0005634),3.32063301512801e-05
38,CC,Intracellular Membrane-Bounded Organelle (GO:0043231),0.00015834576915884
38,KEGG,Herpes simplex virus 1 infection,9.79747538676305e-05
38,MF,RNA Polymerase II Transcription Regulatory Region Sequence-Specific DNA Binding (GO:0000977),1.73902338377541e-10
38,MF,Cis-Regulatory Region Sequence-Specific DNA Binding (GO:0000987),2.71517685775439e-07
38,MF,RNA Polymerase II Cis-Regulatory Region Sequence-Specific DNA Binding (GO:0000978),2.71517685775439e-07
38,MF,Transcription Cis-Regulatory Region Binding (GO:0000976),8.1571021864783e-07
38,MF,"DNA-binding Transcription Repressor Activity, RNA Polymerase II-specific (GO:0001227)",0.000112564622642184
38,MF,Sequence-Specific DNA Binding (GO:0043565),0.00052354911579508
38,MF,Double-Stranded DNA Binding (GO:0003690),0.00207342230018451
38,MF,Sequence-Specific Double-Stranded DNA Binding (GO:1990837),0.00278534443841698
38,MF,Ciliary Neurotrophic Factor Receptor Binding (GO:0005127),0.0291897339808027
38,MF,DNA-binding Transcription Factor Binding (GO:0140297),0.0354502292537992
38,MF,"DNA-binding Transcription Activator Activity, RNA Polymerase II-specific (GO:0001228)",0.0398074578146359
38,MF,C2H2 Zinc Finger Domain Binding (GO:0070742),0.0442589369952135
38,MF,Monoamine Transmembrane Transporter Activity (GO:0008504),0.0442589369952135
38,MF,Quaternary Ammonium Group Transmembrane Transporter Activity (GO:0015651),0.0448001885721551
38,MF,Receptor Ligand Activity (GO:0048018),0.0467797197080617
38,Reactome,Generic Transcription Pathway,8.22933756768763e-05
38,Reactome,RNA Polymerase II Transcription,0.000110066516879613
38,Reactome,Gene Expression (Transcription),0.000381556111139259
39,BP,Regulation of Short-Term Neuronal Synaptic Plasticity (GO:0048172),0.0173425937619259
39,CC,Dendritic Spine Membrane (GO:0032591),0.00135954796676042
39,CC,AMPA Glutamate Receptor Complex (GO:0032281),0.0073884933631413
39,CC,Dendrite Membrane (GO:0032590),0.00860895953286504
39,CC,Ionotropic Glutamate Receptor Complex (GO:0008328),0.00888617406726317
39,CC,Synaptic Membrane (GO:0097060),0.010333059670961
39,CC,"Asymmetric, Glutamatergic, Excitatory Synapse (GO:0098985)",0.0432245957986592
39,CC,Apicolateral Plasma Membrane (GO:0016327),0.0444318522550574
39,KEGG,Gastric acid secretion,0.0785818672051961
39,KEGG,Calcium signaling pathway,0.171291331759111
39,KEGG,Thyroid cancer,0.171291331759111
39,MF,"alpha-N-acetylneuraminate Alpha-2,8-Sialyltransferase Activity (GO:0003828)",0.11089340373378
39,MF,Dermatan Sulfotransferase Activity (GO:0120534),0.11089340373378
39,MF,G Protein-Coupled Neurotransmitter Receptor Activity (GO:0099528),0.11089340373378
39,Reactome,Muscarinic Acetylcholine Receptors,0.134273017435426
39,Reactome,Signaling by NTRK1 (TRKA),0.134273017435426
39,Reactome,Signalling to P38 via RIT and RIN,0.134273017435426
4,BP,Inflammatory Response (GO:0006954),2.07521958552552e-15
4,BP,Regulation of Inflammatory Response (GO:0050727),5.74149164443709e-09
4,BP,Granulocyte Chemotaxis (GO:0071621),5.96017905685229e-09
4,BP,Neutrophil Chemotaxis (GO:0030593),1.24108851635184e-08
4,BP,Neutrophil Migration (GO:1990266),3.02615943977e-08
4,BP,Response to Lipopolysaccharide (GO:0032496),2.30740241752552e-07
4,BP,Cellular Response to Oxygen-Containing Compound (GO:1901701),2.38369359775416e-07
4,BP,Cellular Response to Lipopolysaccharide (GO:0071222),4.10310595911639e-07
4,BP,Cellular Response to Molecule of Bacterial Origin (GO:0071219),4.10310595911639e-07
4,BP,Positive Regulation of Cytokine Production (GO:0001819),4.10310595911639e-07
4,BP,Positive Regulation of Intracellular Signal Transduction (GO:1902533),7.19549197904897e-07
4,BP,Cellular Response to Cytokine Stimulus (GO:0071345),1.36031835308021e-06
4,BP,Negative Regulation of Apoptotic Process (GO:0043066),1.37643911928981e-06
4,BP,Positive Regulation of Response to External Stimulus (GO:0032103),2.3604186836889e-06
4,BP,Cellular Response to Lipid (GO:0071396),2.40945117924073e-06
4,BP,Antimicrobial Humoral Immune Response Mediated by Antimicrobial Peptide (GO:0061844),3.7655456992697e-06
4,BP,Positive Regulation of Acute Inflammatory Response (GO:0002675),4.1744291588824e-06
4,BP,Positive Regulation of Gene Expression (GO:0010628),4.19684125846968e-06
4,BP,Positive Regulation of MAPK Cascade (GO:0043410),7.08682743770515e-06
4,BP,Positive Regulation of Tumor Necrosis Factor Superfamily Cytokine Production (GO:1903557),1.08518419008092e-05
4,BP,Antimicrobial Humoral Response (GO:0019730),1.45360016644341e-05
4,BP,Positive Regulation of Cellular Process (GO:0048522),1.51298955757162e-05
4,BP,Positive Regulation of Multicellular Organismal Process (GO:0051240),1.7207407571917e-05
4,BP,Regulation of Calcidiol 1-Monooxygenase Activity (GO:0060558),2.03590193084418e-05
4,BP,Leukocyte Aggregation (GO:0070486),3.36244835545844e-05
4,BP,Non-Canonical NF-kappaB Signal Transduction (GO:0038061),3.36244835545844e-05
4,BP,Cytokine-Mediated Signaling Pathway (GO:0019221),3.74890611944606e-05
4,BP,Intracellular Signaling Cassette (GO:0141124),4.04596574149405e-05
4,BP,Positive Regulation of Macromolecule Biosynthetic Process (GO:0010557),4.04596574149405e-05
4,BP,Positive Regulation of Vascular Endothelial Growth Factor Production (GO:0010575),4.04596574149405e-05
4,BP,Positive Regulation of Inflammatory Response (GO:0050729),4.19120234990616e-05
4,BP,Regulation of Vascular Endothelial Growth Factor Production (GO:0010574),5.08209918342076e-05
4,BP,Response to Molecule of Bacterial Origin (GO:0002237),5.31580586634491e-05
4,BP,Negative Regulation of Programmed Cell Death (GO:0043069),6.33212088848743e-05
4,BP,Positive Regulation of Apoptotic Signaling Pathway (GO:2001235),6.33212088848743e-05
4,BP,Positive Regulation of Defense Response (GO:0031349),7.37854763034461e-05
4,BP,Regulation of Cell Population Proliferation (GO:0042127),8.27690532584157e-05
4,BP,Canonical NF-kappaB Signal Transduction (GO:0007249),0.000104431853290849
4,BP,Negative Regulation of Cellular Process (GO:0048523),0.000110622961894979
4,BP,Defense Response to Bacterium (GO:0042742),0.000116394755870509
4,BP,Positive Regulation of Tumor Necrosis Factor Production (GO:0032760),0.000116653252544658
4,BP,Positive Regulation of Extrinsic Apoptotic Signaling Pathway (GO:2001238),0.000131019747631253
4,BP,Regulation of Gene Expression (GO:0010468),0.000138262512911087
4,BP,Regulation of Pattern Recognition Receptor Signaling Pathway (GO:0062207),0.000156363508530409
4,BP,Acute-Phase Response (GO:0006953),0.000194156087999341
4,BP,Regulation of Protein Secretion (GO:0050708),0.000261773157581024
4,BP,Regulation of Fibrinolysis (GO:0051917),0.000284729527820627
4,BP,Regulation of Canonical NF-kappaB Signal Transduction (GO:0043122),0.000356332883687763
4,BP,Negative Regulation of Cell Population Proliferation (GO:0008285),0.00037826154041606
4,BP,Positive Regulation of Leukocyte Chemotaxis (GO:0002690),0.000472476872091548
4,BP,Cellular Response to Interleukin-1 (GO:0071347),0.000497019838155418
4,BP,Response to Interleukin-1 (GO:0070555),0.000559052993473453
4,BP,Regulation of Macrophage Chemotaxis (GO:0010758),0.000582105015622727
4,BP,Regulation of Neuroinflammatory Response (GO:0150077),0.000582105015622727
4,BP,Positive Regulation of Canonical NF-kappaB Signal Transduction (GO:0043123),0.00063025500605973
4,BP,Positive Regulation of Interleukin-8 Production (GO:0032757),0.000673158127046682
4,BP,Cellular Response to Interleukin-6 (GO:0071354),0.000731085256629566
4,BP,Regulation of Extrinsic Apoptotic Signaling Pathway (GO:2001236),0.000735324226715725
4,BP,Regulation of Tumor Necrosis Factor Production (GO:0032680),0.000787178407048341
4,BP,Acute Inflammatory Response (GO:0002526),0.000791998056045326
4,BP,Regulation of Toll-Like Receptor Signaling Pathway (GO:0034121),0.000883290323072998
4,BP,Regulation of ERK1 and ERK2 Cascade (GO:0070372),0.000917301429433307
4,BP,Negative Regulation of Extrinsic Apoptotic Signaling Pathway (GO:2001237),0.00101214727411299
4,BP,Regulation of Cell Adhesion (GO:0030155),0.00106448041118034
4,BP,Positive Regulation of Leukocyte Migration (GO:0002687),0.00117289283244583
4,BP,Chronic Inflammatory Response (GO:0002544),0.0011983052110245
4,BP,Positive Regulation of Unsaturated Fatty Acid Biosynthetic Process (GO:2001280),0.0011983052110245
4,BP,Regulation of Prostaglandin Biosynthetic Process (GO:0031392),0.0011983052110245
4,BP,Positive Regulation of Interleukin-6 Production (GO:0032755),0.00120163109161742
4,BP,Regulation of Blood Coagulation (GO:0030193),0.00121210220713594
4,BP,Positive Regulation of ERK1 and ERK2 Cascade (GO:0070374),0.00136459666478142
4,BP,Regulation of Macrophage Activation (GO:0043030),0.0014432716750523
4,BP,Regulation of Interleukin-8 Production (GO:0032677),0.00152104098368431
4,BP,Regulation of Cell Adhesion Molecule Production (GO:0060353),0.00162644305055029
4,BP,Regulation of Immature T Cell Proliferation in Thymus (GO:0033084),0.00162644305055029
4,BP,Regulation of Innate Immune Response (GO:0045088),0.00167666272221058
4,BP,Cellular Response to Tumor Necrosis Factor (GO:0071356),0.00170844846062177
4,BP,Regulation of MAPK Cascade (GO:0043408),0.00170844846062177
4,BP,Positive Regulation of Transforming Growth Factor Beta Production (GO:0071636),0.0028349255003493
4,BP,Regulation of Glial Cell Proliferation (GO:0060251),0.0028349255003493
4,BP,Regulation of Apoptotic Process (GO:0042981),0.00322399264198027
4,BP,Myeloid Leukocyte Mediated Immunity (GO:0002444),0.00346440943095635
4,BP,Negative Regulation of Hormone Secretion (GO:0046888),0.00346440943095635
4,BP,T-helper 17 Cell Lineage Commitment (GO:0072540),0.00346440943095635
4,BP,Positive Regulation of Vasculature Development (GO:1904018),0.00372416670616136
4,BP,Regulation of Interleukin-10 Production (GO:0032653),0.00390239809674757
4,BP,Regulation of Intrinsic Apoptotic Signaling Pathway (GO:2001242),0.00390239809674757
4,BP,Cell Surface Pattern Recognition Receptor Signaling Pathway (GO:0002752),0.00398941835339571
4,BP,Regulation of Endothelial Cell Apoptotic Process (GO:2000351),0.00398941835339571
4,BP,Response to Corticosteroid (GO:0031960),0.00398941835339571
4,BP,T-helper 17 Cell Differentiation (GO:0072539),0.00398941835339571
4,BP,Regulation of Interleukin-6 Production (GO:0032675),0.00407973772597255
4,BP,Positive Regulation of Epithelial to Mesenchymal Transition (GO:0010718),0.00440157738586764
4,BP,Regulation of Angiogenesis (GO:0045765),0.00456490053670352
4,BP,Macrophage Chemotaxis (GO:0048246),0.00456522276295361
4,BP,Negative Regulation of Fibrinolysis (GO:0051918),0.00456522276295361
4,BP,Regulation of Cell Activation (GO:0050865),0.00456522276295361
4,BP,Negative Regulation of Defense Response (GO:0031348),0.00474942955604021
4,BP,Negative Regulation of Inflammatory Response (GO:0050728),0.00474942955604021
4,BP,Cellular Response to Mechanical Stimulus (GO:0071260),0.0050993437479
4,BP,Macrophage Migration (GO:1905517),0.0050993437479
4,BP,Negative Regulation of Transmembrane Transport (GO:0034763),0.0050993437479
4,BP,Positive Regulation of Neuroinflammatory Response (GO:0150078),0.0050993437479
4,BP,T-helper Cell Lineage Commitment (GO:0002295),0.0050993437479
4,BP,Positive Regulation of Angiogenesis (GO:0045766),0.0051662320716209
4,BP,Positive Regulation of Chemokine Production (GO:0032722),0.0051662320716209
4,BP,Regulation of Peptide Hormone Secretion (GO:0090276),0.0053760594642401
4,BP,Granulocyte Activation (GO:0036230),0.00571590811573987
4,BP,Negative Regulation of Interleukin-12 Production (GO:0032695),0.00571590811573987
4,BP,Positive Regulation of Cell Population Proliferation (GO:0008284),0.00571590811573987
4,BP,Neutrophil Mediated Immunity (GO:0002446),0.00644514041644923
4,BP,Positive Regulation of Macrophage Chemotaxis (GO:0010759),0.00644514041644923
4,BP,Response to Interleukin-6 (GO:0070741),0.00644514041644923
4,BP,Prostaglandin Biosynthetic Process (GO:0001516),0.00729279456165156
4,BP,Regulation of Hormone Secretion (GO:0046883),0.00729279456165156
4,BP,Positive Regulation of Interleukin-1 Production (GO:0032732),0.00731212280029153
4,BP,Positive Regulation of Peptidyl-Tyrosine Phosphorylation (GO:0050731),0.00731212280029153
4,BP,Positive Regulation of Phagocytosis (GO:0050766),0.00759000242187026
4,BP,Regulation of Plasminogen Activation (GO:0010755),0.00803840797063156
4,BP,Regulation of Neurogenesis (GO:0050767),0.00816125483117947
4,BP,Immune Response-Regulating Cell Surface Receptor Signaling Pathway (GO:0002768),0.00879635912887592
4,BP,Prostanoid Biosynthetic Process (GO:0046457),0.00879635912887592
4,BP,Release of Cytochrome C From Mitochondria (GO:0001836),0.00879635912887592
4,BP,Negative Regulation of Response to External Stimulus (GO:0032102),0.00932104165672375
4,BP,Negative Regulation of Nervous System Development (GO:0051961),0.00949039247848794
4,BP,Positive Regulation of Homotypic Cell-Cell Adhesion (GO:0034112),0.00949039247848794
4,BP,Regulation of Acute Inflammatory Response (GO:0002673),0.00949039247848794
4,BP,Regulation of Oxidoreductase Activity (GO:0051341),0.00949039247848794
4,BP,Host-Mediated Suppression of Symbiont Invasion (GO:0046597),0.0101878115501522
4,BP,Neutrophil Activation (GO:0042119),0.0101878115501522
4,BP,Positive Regulation of Endothelial Cell Apoptotic Process (GO:2000353),0.0101878115501522
4,BP,Positive Regulation of Macrophage Derived Foam Cell Differentiation (GO:0010744),0.0101878115501522
4,BP,Regulation of Receptor Signaling Pathway via STAT (GO:1904892),0.0101878115501522
4,BP,Positive Regulation of Secretion by Cell (GO:1903532),0.0105734990839415
4,BP,Positive Regulation of Blood Coagulation (GO:0030194),0.0108095875467073
4,BP,Positive Regulation of Macrophage Migration (GO:1905523),0.0108095875467073
4,BP,Positive Regulation of Monooxygenase Activity (GO:0032770),0.0108095875467073
4,BP,Positive Regulation of RNA Metabolic Process (GO:0051254),0.0108095875467073
4,BP,Regulation of Granulocyte Chemotaxis (GO:0071622),0.0108095875467073
4,BP,Positive Regulation of Lymphocyte Proliferation (GO:0050671),0.0109153286648359
4,BP,Response to Tumor Necrosis Factor (GO:0034612),0.0120928881354931
4,BP,Regulation of Cytokine Production (GO:0001817),0.012202253335388
4,BP,Negative Regulation of Cell Communication (GO:0010648),0.0125482334398589
4,BP,Negative Regulation of Cell Development (GO:0010721),0.0125482334398589
4,BP,Positive Regulation of DNA-binding Transcription Factor Activity (GO:0051091),0.0125482334398589
4,BP,Regulation of T Cell Proliferation (GO:0042129),0.0129748025026132
4,BP,Monocyte Chemotaxis (GO:0002548),0.0130842836120745
4,BP,Negative Regulation of Cell Junction Assembly (GO:1901889),0.0130842836120745
4,BP,Positive Regulation of Cell Differentiation (GO:0045597),0.0130842836120745
4,BP,Positive Regulation of Phosphate Metabolic Process (GO:0045937),0.0130842836120745
4,BP,Positive Regulation of T Cell Cytokine Production (GO:0002726),0.0130842836120745
4,BP,Regulation of Heterotypic Cell-Cell Adhesion (GO:0034114),0.0130842836120745
4,BP,Apoptotic Cell Clearance (GO:0043277),0.0137916753299857
4,BP,Extracellular Matrix Organization (GO:0030198),0.0137916753299857
4,BP,Negative Regulation of Extrinsic Apoptotic Signaling Pathway in Absence of Ligand (GO:2001240),0.0137916753299857
4,BP,Negative Regulation of Signal Transduction in Absence of Ligand (GO:1901099),0.0137916753299857
4,BP,Regulation of Lipid Storage (GO:0010883),0.0137916753299857
4,BP,Regulation of Protein Processing (GO:0070613),0.0147729246016257
4,BP,Response to Glucocorticoid (GO:0051384),0.0147729246016257
4,BP,Negative Regulation of Cytokine Production (GO:0001818),0.0155802004443818
4,BP,Positive Regulation of Cell Adhesion (GO:0045785),0.0155802004443818
4,BP,Positive Regulation of Interleukin-2 Production (GO:0032743),0.0155802004443818
4,BP,Positive Regulation of Nuclear Division (GO:0051785),0.0155802004443818
4,BP,Negative Regulation of Neurogenesis (GO:0050768),0.0163233959545094
4,BP,Positive Regulation of Phosphorylation (GO:0042327),0.0163233959545094
4,BP,Positive Regulation of Transcription by RNA Polymerase II (GO:0045944),0.0163233959545094
4,BP,Proteolysis (GO:0006508),0.0163233959545094
4,BP,Regulation of RNA Biosynthetic Process (GO:2001141),0.0163233959545094
4,BP,Negative Regulation of Signaling (GO:0023057),0.0173057555932581
4,BP,Regulation of Extrinsic Apoptotic Signaling Pathway in Absence of Ligand (GO:2001239),0.0173057555932581
4,BP,Positive Regulation of Calcium Ion Transport (GO:0051928),0.0192694811402689
4,BP,Positive Regulation of Interleukin-10 Production (GO:0032733),0.0192694811402689
4,BP,Positive Regulation of Nitric Oxide Biosynthetic Process (GO:0045429),0.0192694811402689
4,BP,Positive Regulation of Peptidyl-Serine Phosphorylation (GO:0033138),0.0192694811402689
4,BP,Prostaglandin Metabolic Process (GO:0006693),0.0192694811402689
4,BP,Innate Immune Response Activating Cell Surface Receptor Signaling Pathway (GO:0002220),0.0203251768908476
4,BP,Positive Regulation of Nitric Oxide Metabolic Process (GO:1904407),0.0203251768908476
4,BP,Positive Regulation of NF-kappaB Transcription Factor Activity (GO:0051092),0.0206903405391378
4,BP,Apoptotic Mitochondrial Changes (GO:0008637),0.0210426752819263
4,BP,Regulation of Cell Migration Involved in Sprouting Angiogenesis (GO:0090049),0.0210426752819263
4,BP,Regulation of Extrinsic Apoptotic Signaling Pathway via Death Domain Receptors (GO:1902041),0.0210426752819263
4,BP,Regulation of Macrophage Derived Foam Cell Differentiation (GO:0010743),0.0210426752819263
4,BP,External Encapsulating Structure Organization (GO:0045229),0.0230719607632274
4,BP,Extracellular Structure Organization (GO:0043062),0.0230719607632274
4,BP,Integrated Stress Response Signaling (GO:0140467),0.0230719607632274
4,BP,Liver Development (GO:0001889),0.0230719607632274
4,BP,Positive Regulation of T Cell Activation (GO:0050870),0.0230719607632274
4,BP,Positive Regulation of Mitotic Nuclear Division (GO:0045840),0.0242917573608135
4,BP,Cellular Response to Amyloid-Beta (GO:1904646),0.0251348264970645
4,BP,Cellular Response to Heat (GO:0034605),0.0251348264970645
4,BP,Positive Regulation of DNA-templated Transcription (GO:0045893),0.0251348264970645
4,BP,Positive Regulation of Immune Effector Process (GO:0002699),0.0251348264970645
4,BP,Apoptotic Process (GO:0006915),0.0261325815008048
4,BP,Negative Regulation of Endothelial Cell Proliferation (GO:0001937),0.0275062474627464
4,BP,Regulation of Peptidyl-Serine Phosphorylation (GO:0033135),0.0275062474627464
4,BP,Positive Regulation of Intrinsic Apoptotic Signaling Pathway (GO:2001244),0.0287879061290811
4,BP,Positive Regulation of Cell Motility (GO:2000147),0.0327339376745891
4,BP,Defense Response to Fungus (GO:0050832),0.0327499817178928
4,BP,Positive Regulation of Receptor Signaling Pathway via STAT (GO:1904894),0.0327499817178928
4,BP,Positive Regulation of Biomineral Tissue Development (GO:0070169),0.0336039828941252
4,BP,Positive Regulation of Production of Molecular Mediator of Immune Response (GO:0002702),0.0336039828941252
4,BP,Regulation of Chemokine Production (GO:0032642),0.0336039828941252
4,BP,Regulation of Peptidyl-Tyrosine Phosphorylation (GO:0050730),0.0336039828941252
4,BP,Positive Regulation of Response to Biotic Stimulus (GO:0002833),0.0349621598920433
4,BP,Endothelial Cell Migration (GO:0043542),0.035642210019508
4,BP,Extracellular Matrix Disassembly (GO:0022617),0.035642210019508
4,BP,Regulation of Nervous System Development (GO:0051960),0.035642210019508
4,BP,Regulation of Nitric Oxide Biosynthetic Process (GO:0045428),0.035642210019508
4,BP,Response to Amyloid-Beta (GO:1904645),0.035642210019508
4,BP,Mononuclear Cell Differentiation (GO:1903131),0.0366622254765696
4,BP,Positive Regulation of Chemotaxis (GO:0050921),0.0366622254765696
4,BP,Regulation of Osteoclast Differentiation (GO:0045670),0.0366622254765696
4,BP,Cellular Response to Type II Interferon (GO:0071346),0.038036384825622
4,BP,Positive Regulation of Leukocyte Cell-Cell Adhesion (GO:1903039),0.039426430876544
4,BP,Cellular Component Disassembly (GO:0022411),0.0406429190483375
4,BP,Positive Regulation of Smooth Muscle Cell Proliferation (GO:0048661),0.0406429190483375
4,BP,Positive Regulation of Blood Vessel Endothelial Cell Migration (GO:0043536),0.0409262469350854
4,BP,Positive Regulation of Cell-Cell Adhesion (GO:0022409),0.0409262469350854
4,BP,Positive Regulation of Fat Cell Differentiation (GO:0045600),0.0409262469350854
4,BP,Positive Regulation of Lymphocyte Activation (GO:0051251),0.0409262469350854
4,BP,Positive Regulation of Non-Canonical NF-kappaB Signal Transduction (GO:1901224),0.0409262469350854
4,BP,Regulation of Interleukin-12 Production (GO:0032655),0.0409262469350854
4,BP,Regulation of Interleukin-2 Production (GO:0032663),0.0409262469350854
4,BP,Positive Regulation of Metabolic Process (GO:0009893),0.0415027837030288
4,BP,Positive Regulation of Reactive Oxygen Species Metabolic Process (GO:2000379),0.0435396660153715
4,BP,Regulation of Cell Development (GO:0060284),0.0435396660153715
4,BP,Positive Regulation of B Cell Activation (GO:0050871),0.0447614678842162
4,BP,Positive Regulation of miRNA Metabolic Process (GO:2000630),0.0447614678842162
4,BP,Regulation of Smooth Muscle Cell Proliferation (GO:0048660),0.0461885397103517
4,BP,Cell Surface Receptor Signaling Pathway via STAT (GO:0097696),0.0472181394180274
4,BP,Regulation of Cytokine Production Involved in Inflammatory Response (GO:1900015),0.0472181394180274
4,BP,Regulation of Receptor Signaling Pathway via JAK-STAT (GO:0046425),0.0472181394180274
4,BP,Positive Regulation of Interleukin-1 Beta Production (GO:0032731),0.0486604042243247
4,CC,Specific Granule (GO:0042581),1.60173415320089e-06
4,CC,Endopeptidase Complex (GO:1905369),9.57521478158667e-05
4,CC,Serine-Type Endopeptidase Complex (GO:1905370),9.57521478158667e-05
4,CC,Serine-Type Peptidase Complex (GO:1905286),9.57521478158667e-05
4,CC,Specific Granule Membrane (GO:0035579),9.57521478158667e-05
4,CC,Tertiary Granule (GO:0070820),9.57521478158667e-05
4,CC,Secretory Granule Membrane (GO:0030667),0.000177383630740734
4,CC,Secretory Granule Lumen (GO:0034774),0.000342476798807401
4,CC,Tertiary Granule Membrane (GO:0070821),0.000416766524634759
4,CC,Ficolin-1-Rich Granule (GO:0101002),0.00134725130925615
4,CC,Cytoplasmic Vesicle Lumen (GO:0060205),0.00203004409487702
4,CC,Intracellular Organelle Lumen (GO:0070013),0.00203004409487702
4,CC,Specific Granule Lumen (GO:0035580),0.00352386707162337
4,CC,Collagen-Containing Extracellular Matrix (GO:0062023),0.0043013533365387
4,CC,Endoplasmic Reticulum Lumen (GO:0005788),0.0393986733259533
4,CC,Tertiary Granule Lumen (GO:1904724),0.0393986733259533
4,CC,Ficolin-1-Rich Granule Membrane (GO:0101003),0.0436491919436617
4,CC,Transcription Factor AP-1 Complex (GO:0035976),0.0436491919436617
4,KEGG,TNF signaling pathway,4.01117334978369e-17
4,KEGG,IL-17 signaling pathway,1.06272005427216e-16
4,KEGG,NF-kappa B signaling pathway,2.81240963621765e-16
4,KEGG,Cytokine-cytokine receptor interaction,3.98749865744194e-13
4,KEGG,Rheumatoid arthritis,6.78937732767417e-12
4,KEGG,Osteoclast differentiation,1.35100777643494e-10
4,KEGG,Legionellosis,1.49886378176894e-10
4,KEGG,NOD-like receptor signaling pathway,3.44136251251042e-09
4,KEGG,AGE-RAGE signaling pathway in diabetic complications,1.06553574045425e-08
4,KEGG,Viral protein interaction with cytokine and cytokine receptor,1.06553574045425e-08
4,KEGG,Lipid and atherosclerosis,1.34449890473029e-08
4,KEGG,Malaria,1.10470218410715e-07
4,KEGG,Amoebiasis,2.93425352701015e-07
4,KEGG,Influenza A,5.53875768303779e-07
4,KEGG,Pertussis,1.14226895856363e-06
4,KEGG,Kaposi sarcoma-associated herpesvirus infection,1.17921411697487e-06
4,KEGG,C-type lectin receptor signaling pathway,6.54062799901221e-06
4,KEGG,Chemokine signaling pathway,1.57824128097446e-05
4,KEGG,Epithelial cell signaling in Helicobacter pylori infection,1.77559888290855e-05
4,KEGG,Fluid shear stress and atherosclerosis,3.02489911648542e-05
4,KEGG,Non-alcoholic fatty liver disease,5.39146172339384e-05
4,KEGG,Chagas disease,9.78162103774443e-05
4,KEGG,Tuberculosis,0.000115280637219003
4,KEGG,Transcriptional misregulation in cancer,0.000158945669464513
4,KEGG,Inflammatory bowel disease,0.00026366504682974
4,KEGG,Yersinia infection,0.00034166050949981
4,KEGG,Human cytomegalovirus infection,0.000342036565611017
4,KEGG,Coronavirus disease,0.000390578691575156
4,KEGG,Leishmaniasis,0.000441883668340875
4,KEGG,B cell receptor signaling pathway,0.000520315122574335
4,KEGG,African trypanosomiasis,0.000883780807084241
4,KEGG,Staphylococcus aureus infection,0.000903667855915348
4,KEGG,Hematopoietic cell lineage,0.00102662883414075
4,KEGG,Graft-versus-host disease,0.00116877740646979
4,KEGG,Toll-like receptor signaling pathway,0.00116877740646979
4,KEGG,Epstein-Barr virus infection,0.00151006774144735
4,KEGG,Human T-cell leukemia virus 1 infection,0.00212228149770017
4,KEGG,Herpes simplex virus 1 infection,0.00302236392547567
4,KEGG,Measles,0.00313351524356484
4,KEGG,Cytosolic DNA-sensing pathway,0.00330563613791726
4,KEGG,Salmonella infection,0.00340915654265889
4,KEGG,Cellular senescence,0.00446024679703478
4,KEGG,JAK-STAT signaling pathway,0.00500417630949651
4,KEGG,MAPK signaling pathway,0.00659668759816496
4,KEGG,Complement and coagulation cascades,0.00696337006262977
4,KEGG,Small cell lung cancer,0.00852903194399368
4,KEGG,Pathogenic Escherichia coli infection,0.0092997482447308
4,KEGG,Th17 cell differentiation,0.0125011345018172
4,KEGG,Insulin resistance,0.0125683519391471
4,KEGG,Alzheimer disease,0.0152615125957138
4,KEGG,Pathways in cancer,0.0156436636724307
4,KEGG,Chemical carcinogenesis,0.0166277939889894
4,KEGG,Bladder cancer,0.0181362211138371
4,KEGG,Type I diabetes mellitus,0.019524446637746
4,KEGG,Apoptosis,0.0237890880518216
4,KEGG,Necroptosis,0.0316805872956682
4,KEGG,Hepatitis B,0.0327174710474795
4,KEGG,Pathways of neurodegeneration,0.0364956086962554
4,KEGG,Acute myeloid leukemia,0.0417245412485521
4,KEGG,Adipocytokine signaling pathway,0.0431131032312322
4,KEGG,Prolactin signaling pathway,0.0431131032312322
4,KEGG,RIG-I-like receptor signaling pathway,0.0431131032312322
4,KEGG,Neutrophil extracellular trap formation,0.0444487804023504
4,MF,Cytokine Activity (GO:0005125),1.21497957888975e-09
4,MF,Cytokine Receptor Binding (GO:0005126),2.43880439662635e-06
4,MF,Receptor Ligand Activity (GO:0048018),8.81563575878474e-05
4,MF,Chemokine Activity (GO:0008009),0.000231588414318136
4,MF,Chemokine Receptor Binding (GO:0042379),0.000267618138623459
4,MF,Arachidonate Binding (GO:0050544),0.00217073466954314
4,MF,Icosatetraenoic Acid Binding (GO:0050543),0.00217073466954314
4,MF,Icosanoid Binding (GO:0050542),0.00265384292262088
4,MF,Interleukin-1 Receptor Binding (GO:0005149),0.00313901785505804
4,MF,RAGE Receptor Binding (GO:0050786),0.00362504294782423
4,MF,Inhibitory MHC Class I Receptor Activity (GO:0032396),0.00459681600006748
4,MF,Toll-like Receptor Binding (GO:0035325),0.00459681600006748
4,MF,MHC Class I Receptor Activity (GO:0032393),0.00599366413551032
4,MF,Cysteine-Type Endopeptidase Inhibitor Activity Involved in Apoptotic Process (GO:0043027),0.00648018566834292
4,MF,CXCR Chemokine Receptor Binding (GO:0045236),0.00696474497929354
4,MF,Growth Factor Activity (GO:0008083),0.0186006280499388
4,MF,Transition Metal Ion Binding (GO:0046914),0.0186006280499388
4,MF,Growth Factor Receptor Binding (GO:0070851),0.0222268317393991
4,MF,Chemoattractant Activity (GO:0042056),0.0316393955104188
4,MF,Metallopeptidase Activity (GO:0008237),0.0348079493710867
4,MF,Serine-Type Endopeptidase Activity (GO:0004252),0.0446544422613912
4,Reactome,Immune System,2.43721364933384e-19
4,Reactome,Interleukin-10 Signaling,1.79329408498793e-16
4,Reactome,Cytokine Signaling in Immune System,5.21041459903085e-14
4,Reactome,Signaling by Interleukins,9.20753930010384e-14
4,Reactome,Interleukin-4 and Interleukin-13 Signaling,2.41775691615526e-12
4,Reactome,Innate Immune System,4.55064662117228e-08
4,Reactome,Neutrophil Degranulation,8.4740249846149e-08
4,Reactome,Interleukin-1 Processing,3.83044069444428e-07
4,Reactome,Chemokine Receptors Bind Chemokines,7.2568944862127e-07
4,Reactome,Interleukin-6 Family Signaling,2.49599274345245e-05
4,Reactome,Cell Recruitment (Pro-Inflammatory Response),3.41152777931588e-05
4,Reactome,Purinergic Signaling in Leishmaniasis Infection,3.41152777931588e-05
4,Reactome,Peptide Ligand-Binding Receptors,5.88140956855517e-05
4,Reactome,Diseases Associated With the TLR Signaling Cascade,7.99295975116576e-05
4,Reactome,Diseases of Immune System,7.99295975116576e-05
4,Reactome,Senescence-Associated Secretory Phenotype (SASP),9.54105405365481e-05
4,Reactome,TNFR2 Non-Canonical NF-kB Pathway,0.000135040932084755
4,Reactome,Class A 1 (Rhodopsin-like Receptors),0.000137154324211519
4,Reactome,Interleukin-1 Signaling,0.000248497741053146
4,Reactome,Immunoregulatory Interactions Between a Lymphoid and a non-Lymphoid Cell,0.000964277419591137
4,Reactome,Interleukin-1 Family Signaling,0.00102857580342246
4,Reactome,ATF4 Activates Genes in Response to Endoplasmic Reticulum Stress,0.00117056439683354
4,Reactome,GPCR Ligand Binding,0.00117056439683354
4,Reactome,Toll Like Receptor 4 (TLR4) Cascade,0.00117056439683354
4,Reactome,CLEC7A Inflammasome Pathway,0.00157714720211096
4,Reactome,Metal Sequestration by Antimicrobial Proteins,0.00157714720211096
4,Reactome,PERK Regulates Gene Expression,0.00157714720211096
4,Reactome,CLEC7A (Dectin-1) Signaling,0.00161386307871884
4,Reactome,Cellular Senescence,0.00170744959378431
4,Reactome,DEx H-box Helicases Activate Type I IFN and Inflammatory Cytokines Production,0.00186434843309567
4,Reactome,IkBA Variant Leads to EDA-ID,0.00186434843309567
4,Reactome,Toll-like Receptor Cascades,0.00187339541978201
4,Reactome,Adaptive Immune System,0.00240421742882555
4,Reactome,Transcriptional Regulation by VENTX,0.00240421742882555
4,Reactome,Signaling by GPCR,0.00258340012646499
4,Reactome,G Alpha (I) Signalling Events,0.00346208145276717
4,Reactome,MyD88 MAL(TIRAP) Cascade Initiated on Plasma Membrane,0.00346208145276717
4,Reactome,Toll Like Receptor TLR6 TLR2 Cascade,0.00346208145276717
4,Reactome,Toll Like Receptor 2 (TLR2) Cascade,0.00362559203444491
4,Reactome,Toll Like Receptor TLR1 TLR2 Cascade,0.00362559203444491
4,Reactome,Interleukin-6 Signaling,0.00366250380493181
4,Reactome,C-type Lectin Receptors (CLRs),0.00488377043570123
4,Reactome,GPCR Downstream Signalling,0.00488377043570123
4,Reactome,Signal Transduction,0.00488377043570123
4,Reactome,"Nucleotide-binding Domain, Leucine Rich Repeat Containing Receptor (NLR) Signaling Pathways",0.00574092921898743
4,Reactome,Regulated Necrosis,0.00574092921898743
4,Reactome,Leishmania Infection,0.0059439935497781
4,Reactome,Parasitic Infection Pathways,0.0059439935497781
4,Reactome,IL-6-type Cytokine Receptor Ligand Interactions,0.0070555837729219
4,Reactome,RIP-mediated NFkB Activation via ZBP1,0.0070555837729219
4,Reactome,The NLRP3 Inflammasome,0.0070555837729219
4,Reactome,TNF Receptor Superfamily (TNFSF) Members Mediating Non-Canonical NF-kB Pathway,0.0070555837729219
4,Reactome,MyD88 Deficiency (TLR2 4),0.00850877455752167
4,Reactome,Nicotinamide Salvaging,0.00850877455752167
4,Reactome,IRAK4 Deficiency (TLR2 4),0.00926380632659623
4,Reactome,CD209 (DC-SIGN) Signaling,0.009860003139991
4,Reactome,ZBP1(DAI) Mediated Induction of Type I IFNs,0.009860003139991
4,Reactome,Regulation of TLR by Endogenous Ligand,0.0106377757535136
4,Reactome,Transcriptional Regulation of White Adipocyte Differentiation,0.0112660250739429
4,Reactome,RHO GTPases Activate NADPH Oxidases,0.0122375269104475
4,Reactome,Inflammasomes,0.0128469534067715
4,Reactome,TRAF6 Mediated NF-kB Activation,0.0128469534067715
4,Reactome,Pyroptosis,0.0147273961932379
4,Reactome,Unfolded Protein Response (UPR),0.0147273961932379
4,Reactome,"BMAL1 CLOCK,NPAS2 Activates Circadian Gene Expression",0.0153480909333872
4,Reactome,TNFs Bind Their Physiological Receptors,0.0162029275619044
4,Reactome,Nicotinate Metabolism,0.0182079490961444
4,Reactome,Toll Like Receptor 3 (TLR3) Cascade,0.018859260855727
4,Reactome,Adipogenesis,0.020030281817476
4,Reactome,MyD88-independent TLR4 Cascade,0.020030281817476
4,Reactome,TRIF (TICAM1)-mediated TLR4 Signaling,0.020030281817476
4,Reactome,Nuclear Events Stimulated by ALK Signaling in Cancer,0.0215086186858722
4,Reactome,TAK1-dependent IKK and NF-kappa-B Activation,0.0346032016694109
4,Reactome,NIK-->noncanonical NF-kB Signaling,0.0351416099885218
4,Reactome,PKMTs Methylate Histone Lysines,0.0351416099885218
4,Reactome,Dectin-1 Mediated Noncanonical NF-kB Signaling,0.0391699740673469
4,Reactome,Cellular Responses to Stress,0.0408085696498473
40,BP,Peripheral Nervous System Development (GO:0007422),0.00027000992150591
40,BP,Galactolipid Biosynthetic Process (GO:0019375),0.000719621681387176
40,BP,Galactosylceramide Biosynthetic Process (GO:0006682),0.000719621681387176
40,BP,Galactosylceramide Metabolic Process (GO:0006681),0.000754651894635846
40,BP,Glycosylceramide Biosynthetic Process (GO:0046476),0.000754651894635846
40,BP,Myelination (GO:0042552),0.000754651894635846
40,BP,Oligodendrocyte Development (GO:0014003),0.00367530406856677
40,BP,Oligodendrocyte Differentiation (GO:0048709),0.00507896665568846
40,BP,Glial Cell Development (GO:0021782),0.00600020220596491
40,BP,Glial Cell Differentiation (GO:0010001),0.00804278515296184
40,BP,Glycosphingolipid Biosynthetic Process (GO:0006688),0.00840353389774442
40,BP,Glycosphingolipid Metabolic Process (GO:0006687),0.0130476037750611
40,BP,Glycolipid Biosynthetic Process (GO:0009247),0.0221870565020525
40,BP,Nervous System Development (GO:0007399),0.0221870565020525
40,BP,Central Nervous System Development (GO:0007417),0.0437081342416722
40,BP,Sphingolipid Biosynthetic Process (GO:0030148),0.0437081342416722
40,CC,RNA Polymerase I Complex (GO:0005736),0.155627856147638
40,CC,"RNA Polymerase II, Core Complex (GO:0005665)",0.155627856147638
40,CC,RNA Polymerase III Complex (GO:0005666),0.155627856147638
40,KEGG,Ether lipid metabolism,0.0125857069309742
40,KEGG,Sphingolipid metabolism,0.0125857069309742
40,MF,FMN Binding (GO:0010181),0.12290579154704
40,MF,GTP Binding (GO:0005525),0.12290579154704
40,MF,Interleukin-1 Binding (GO:0019966),0.12290579154704
40,Reactome,Glycosphingolipid Biosynthesis,0.0420982059776671
41,BP,Peripheral Nervous System Development (GO:0007422),0.00027000992150591
41,BP,Galactolipid Biosynthetic Process (GO:0019375),0.000719621681387176
41,BP,Galactosylceramide Biosynthetic Process (GO:0006682),0.000719621681387176
41,BP,Galactosylceramide Metabolic Process (GO:0006681),0.000754651894635846
41,BP,Glycosylceramide Biosynthetic Process (GO:0046476),0.000754651894635846
41,BP,Myelination (GO:0042552),0.000754651894635846
41,BP,Oligodendrocyte Development (GO:0014003),0.00367530406856677
41,BP,Oligodendrocyte Differentiation (GO:0048709),0.00507896665568846
41,BP,Glial Cell Development (GO:0021782),0.00600020220596491
41,BP,Glial Cell Differentiation (GO:0010001),0.00804278515296184
41,BP,Glycosphingolipid Biosynthetic Process (GO:0006688),0.00840353389774442
41,BP,Glycosphingolipid Metabolic Process (GO:0006687),0.0130476037750611
41,BP,Glycolipid Biosynthetic Process (GO:0009247),0.0221870565020525
41,BP,Nervous System Development (GO:0007399),0.0221870565020525
41,BP,Central Nervous System Development (GO:0007417),0.0437081342416722
41,BP,Sphingolipid Biosynthetic Process (GO:0030148),0.0437081342416722
41,CC,RNA Polymerase I Complex (GO:0005736),0.155627856147638
41,CC,"RNA Polymerase II, Core Complex (GO:0005665)",0.155627856147638
41,CC,RNA Polymerase III Complex (GO:0005666),0.155627856147638
41,KEGG,Ether lipid metabolism,0.0125857069309742
41,KEGG,Sphingolipid metabolism,0.0125857069309742
41,MF,FMN Binding (GO:0010181),0.12290579154704
41,MF,GTP Binding (GO:0005525),0.12290579154704
41,MF,Interleukin-1 Binding (GO:0019966),0.12290579154704
41,Reactome,Glycosphingolipid Biosynthesis,0.0420982059776671
42,BP,Peripheral Nervous System Development (GO:0007422),0.00027000992150591
42,BP,Galactolipid Biosynthetic Process (GO:0019375),0.000719621681387176
42,BP,Galactosylceramide Biosynthetic Process (GO:0006682),0.000719621681387176
42,BP,Galactosylceramide Metabolic Process (GO:0006681),0.000754651894635846
42,BP,Glycosylceramide Biosynthetic Process (GO:0046476),0.000754651894635846
42,BP,Myelination (GO:0042552),0.000754651894635846
42,BP,Oligodendrocyte Development (GO:0014003),0.00367530406856677
42,BP,Oligodendrocyte Differentiation (GO:0048709),0.00507896665568846
42,BP,Glial Cell Development (GO:0021782),0.00600020220596491
42,BP,Glial Cell Differentiation (GO:0010001),0.00804278515296184
42,BP,Glycosphingolipid Biosynthetic Process (GO:0006688),0.00840353389774442
42,BP,Glycosphingolipid Metabolic Process (GO:0006687),0.0130476037750611
42,BP,Glycolipid Biosynthetic Process (GO:0009247),0.0221870565020525
42,BP,Nervous System Development (GO:0007399),0.0221870565020525
42,BP,Central Nervous System Development (GO:0007417),0.0437081342416722
42,BP,Sphingolipid Biosynthetic Process (GO:0030148),0.0437081342416722
42,CC,RNA Polymerase I Complex (GO:0005736),0.155627856147638
42,CC,"RNA Polymerase II, Core Complex (GO:0005665)",0.155627856147638
42,CC,RNA Polymerase III Complex (GO:0005666),0.155627856147638
42,KEGG,Ether lipid metabolism,0.0125857069309742
42,KEGG,Sphingolipid metabolism,0.0125857069309742
42,MF,FMN Binding (GO:0010181),0.12290579154704
42,MF,GTP Binding (GO:0005525),0.12290579154704
42,MF,Interleukin-1 Binding (GO:0019966),0.12290579154704
42,Reactome,Glycosphingolipid Biosynthesis,0.0420982059776671
43,BP,+ Reg of Blood Vessel Endothelial Cell Proliferation Inv in Sprouting Angiogenesis (GO:1903589),0.00513162391523149
43,BP,Cellular Response to Decreased Oxygen Levels (GO:0036294),0.00513162391523149
43,BP,Cellular Response to Hypoxia (GO:0071456),0.00513162391523149
43,BP,Monocyte Differentiation (GO:0030224),0.00513162391523149
43,BP,Positive Regulation of Cell Migration Involved in Sprouting Angiogenesis (GO:0090050),0.00529780879611093
43,BP,Positive Regulation of Lipid Storage (GO:0010884),0.00529780879611093
43,BP,Reg of Blood Vessel Endothelial Cell Proliferation Inv in Sprouting Angiogenesis (GO:1903587),0.00529780879611093
43,BP,Regulation of Leukocyte Migration (GO:0002685),0.00529780879611093
43,BP,Positive Regulation of Vasculature Development (GO:1904018),0.00617059024981778
43,BP,Positive Regulation of Angiogenesis (GO:0045766),0.00851788415593494
43,BP,Negative Regulation of Programmed Cell Death (GO:0043069),0.0137387749914797
43,BP,Regulation of Cell Migration Involved in Sprouting Angiogenesis (GO:0090049),0.0137387749914797
43,BP,Cellular Response to Heat (GO:0034605),0.0138648926094038
43,BP,Cellular Response to Vascular Endothelial Growth Factor Stimulus (GO:0035924),0.0138648926094038
43,BP,Blood Vessel Morphogenesis (GO:0048514),0.0194662390279898
43,BP,Cellular Defense Response (GO:0006968),0.0194662390279898
43,BP,Intracellular Monoatomic Cation Homeostasis (GO:0030003),0.0194662390279898
43,BP,Mononuclear Cell Differentiation (GO:1903131),0.0194662390279898
43,BP,Positive Regulation of Blood Vessel Endothelial Cell Migration (GO:0043536),0.0194662390279898
43,BP,Regulation of Angiogenesis (GO:0045765),0.0194662390279898
43,BP,Positive Regulation of Endothelial Cell Proliferation (GO:0001938),0.0347183709660517
43,BP,Myeloid Leukocyte Differentiation (GO:0002573),0.0369763224444029
43,BP,Autocrine Signaling (GO:0035425),0.0421545463168649
43,BP,Cellular Heat Acclimation (GO:0070370),0.0421545463168649
43,BP,Heat Acclimation (GO:0010286),0.0421545463168649
43,BP,Inflammatory Response to Wounding (GO:0090594),0.0421545463168649
43,BP,Lipid Droplet Disassembly (GO:1905691),0.0421545463168649
43,BP,Negative Regulation of Cellular Response to Hypoxia (GO:1900038),0.0421545463168649
43,BP,Negative Regulation of Growth (GO:0045926),0.0421545463168649
43,BP,Negative Regulation of Leukocyte Migration (GO:0002686),0.0421545463168649
43,BP,Negative Regulation of Lipase Activity (GO:0060192),0.0421545463168649
43,BP,Negative Regulation of Transcription by RNA Polymerase II (GO:0000122),0.0421545463168649
43,BP,Osteoblast Development (GO:0002076),0.0421545463168649
43,BP,Positive Regulation of Trophoblast Cell Migration (GO:1901165),0.0421545463168649
43,BP,Protein Import (GO:0017038),0.0421545463168649
43,BP,Protein Oxidation (GO:0018158),0.0421545463168649
43,BP,Regulation of Axon Extension Involved in Axon Guidance (GO:0048841),0.0421545463168649
43,BP,Regulation of Blood Vessel Branching (GO:1905553),0.0421545463168649
43,BP,Regulation of Blood-Brain Barrier Permeability (GO:1905603),0.0421545463168649
43,BP,Regulation of Hormone Biosynthetic Process (GO:0046885),0.0421545463168649
43,BP,Regulation of Mast Cell Chemotaxis (GO:0060753),0.0421545463168649
43,BP,Regulation of Triglyceride Storage (GO:0010889),0.0421545463168649
43,BP,Retinal Ganglion Cell Axon Guidance (GO:0031290),0.0421545463168649
43,BP,Vascular Associated Smooth Muscle Cell Development (GO:0097084),0.0421545463168649
43,BP,Vascular Endothelial Growth Factor Receptor-2 Signaling Pathway (GO:0036324),0.0421545463168649
43,BP,Vascular Wound Healing (GO:0061042),0.0421545463168649
43,BP,Venous Blood Vessel Morphogenesis (GO:0048845),0.0421545463168649
43,BP,Angiogenesis Involved in Wound Healing (GO:0060055),0.0428032332944394
43,BP,Cellular Response to Growth Factor Stimulus (GO:0071363),0.0428032332944394
43,BP,Commissural Neuron Axon Guidance (GO:0071679),0.0428032332944394
43,BP,Coronary Vasculature Morphogenesis (GO:0060977),0.0428032332944394
43,BP,Endothelial Cell Chemotaxis (GO:0035767),0.0428032332944394
43,BP,Heme Catabolic Process (GO:0042167),0.0428032332944394
43,BP,Immunological Synapse Formation (GO:0001771),0.0428032332944394
43,BP,Induction of Positive Chemotaxis (GO:0050930),0.0428032332944394
43,BP,Lactation (GO:0007595),0.0428032332944394
43,BP,Monocyte Activation (GO:0042117),0.0428032332944394
43,BP,Natural Killer Cell Differentiation (GO:0001779),0.0428032332944394
43,BP,Negative Regulation of Cell-Cell Adhesion Mediated by Cadherin (GO:2000048),0.0428032332944394
43,BP,Negative Regulation of Epidermal Growth Factor-Activated Receptor Activity (GO:0007175),0.0428032332944394
43,BP,Negative Regulation of Ferroptosis (GO:0110076),0.0428032332944394
43,BP,Pigment Catabolic Process (GO:0046149),0.0428032332944394
43,BP,Positive Regulation of Branching Involved in Ureteric Bud Morphogenesis (GO:0090190),0.0428032332944394
43,BP,Positive Regulation of Epithelial Tube Formation (GO:1905278),0.0428032332944394
43,BP,Positive Regulation of Lipid Localization (GO:1905954),0.0428032332944394
43,BP,Positive Regulation of Multicellular Organismal Process (GO:0051240),0.0428032332944394
43,BP,Positive Regulation of Neuroblast Proliferation (GO:0002052),0.0428032332944394
43,BP,Positive Regulation of Plasminogen Activation (GO:0010756),0.0428032332944394
43,BP,Positive Regulation of Protein Autophosphorylation (GO:0031954),0.0428032332944394
43,BP,Positive Regulation of Protein Localization to Early Endosome (GO:1902966),0.0428032332944394
43,BP,Positive Regulation of Protein Localization to Endosome (GO:1905668),0.0428032332944394
43,BP,Regulation of Epidermis Development (GO:0045682),0.0428032332944394
43,BP,Regulation of Positive Chemotaxis (GO:0050926),0.0428032332944394
43,BP,Regulation of Protein Localization to Early Endosome (GO:1902965),0.0428032332944394
43,BP,Regulation of Urine Volume (GO:0035809),0.0428032332944394
43,BP,Surfactant Homeostasis (GO:0043129),0.0428032332944394
43,BP,T Cell Mediated Cytotoxicity (GO:0001913),0.0428032332944394
43,BP,Branching Involved in Blood Vessel Morphogenesis (GO:0001569),0.0443962881893333
43,BP,Camera-Type Eye Morphogenesis (GO:0048593),0.0443962881893333
43,BP,Defense Response to Tumor Cell (GO:0002357),0.0443962881893333
43,BP,Negative Regulation of Apoptotic Process (GO:0043066),0.0443962881893333
43,BP,Negative Regulation of Vascular Permeability (GO:0043116),0.0443962881893333
43,BP,Porphyrin-Containing Compound Catabolic Process (GO:0006787),0.0443962881893333
43,BP,Positive Regulation of Cell Population Proliferation (GO:0008284),0.0443962881893333
43,BP,Positive Regulation of Vascular Endothelial Growth Factor Signaling Pathway (GO:1900748),0.0443962881893333
43,BP,Positive Regulation of Vascular Permeability (GO:0043117),0.0443962881893333
43,BP,Regulation of ATP Biosynthetic Process (GO:2001169),0.0443962881893333
43,BP,Regulation of Epidermal Growth Factor-Activated Receptor Activity (GO:0007176),0.0443962881893333
43,BP,Regulation of Ferroptosis (GO:0110075),0.0443962881893333
43,BP,Body Fluid Secretion (GO:0007589),0.0460055154344932
43,BP,Cardiac Cell Development (GO:0055006),0.0460055154344932
43,BP,Regulation of Branching Involved in Ureteric Bud Morphogenesis (GO:0090189),0.0460055154344932
43,BP,Regulation of Protein Autophosphorylation (GO:0031952),0.0460055154344932
43,BP,Eye Photoreceptor Cell Differentiation (GO:0001754),0.0469943389064432
43,BP,Negative Regulation of Protein Tyrosine Kinase Activity (GO:0061099),0.0469943389064432
43,BP,Positive Regulation of Endothelial Cell Chemotaxis (GO:2001028),0.0469943389064432
43,BP,Regulation of Trophoblast Cell Migration (GO:1901163),0.0469943389064432
43,BP,Vascular Endothelial Growth Factor Signaling Pathway (GO:0038084),0.0469943389064432
43,BP,Cellular Response to Cadmium Ion (GO:0071276),0.0477297326881808
43,BP,Cellular Response to Copper Ion (GO:0071280),0.0477297326881808
43,BP,Cellular Response to Zinc Ion (GO:0071294),0.0477297326881808
43,BP,Eye Photoreceptor Cell Development (GO:0042462),0.0477297326881808
43,BP,Glycolytic Process Through Glucose-6-Phosphate (GO:0061620),0.0477297326881808
43,BP,Multicellular Organismal-Level Iron Ion Homeostasis (GO:0060586),0.0477297326881808
43,BP,Negative Regulation of DNA-templated Transcription (GO:0045892),0.0477297326881808
43,BP,Negative Regulation of Signaling Receptor Activity (GO:2000272),0.0477297326881808
43,BP,Photoreceptor Cell Development (GO:0042461),0.0477297326881808
43,BP,Platelet-Derived Growth Factor Receptor Signaling Pathway (GO:0048008),0.0477297326881808
43,BP,Positive Chemotaxis (GO:0050918),0.0477297326881808
43,BP,Positive Regulation of Muscle Contraction (GO:0045933),0.0477297326881808
43,BP,Positive Regulation of Positive Chemotaxis (GO:0050927),0.0477297326881808
43,BP,Regulation of DNA-templated Transcription (GO:0006355),0.0477297326881808
43,BP,Regulation of Endothelial Cell Chemotaxis (GO:2001026),0.0477297326881808
43,BP,Regulation of Establishment of Endothelial Barrier (GO:1903140),0.0477297326881808
43,BP,Regulation of Neuroblast Proliferation (GO:1902692),0.0477297326881808
43,BP,Regulation of Plasminogen Activation (GO:0010755),0.0477297326881808
43,BP,Response to Cadmium Ion (GO:0046686),0.0477297326881808
43,BP,Negative Regulation of Macromolecule Biosynthetic Process (GO:0010558),0.0480032030380159
43,BP,Positive Regulation of Canonical NF-kappaB Signal Transduction (GO:0043123),0.0484431942845222
43,BP,Positive Regulation of Focal Adhesion Assembly (GO:0051894),0.0484431942845222
43,BP,Positive Regulation of Sprouting Angiogenesis (GO:1903672),0.0484431942845222
43,BP,Regulation of Epidermal Cell Differentiation (GO:0045604),0.0484431942845222
43,BP,Mesoderm Development (GO:0007498),0.0498836083394938
43,BP,Positive Regulation of Axon Extension (GO:0045773),0.0498836083394938
43,BP,Positive Regulation of Small Molecule Metabolic Process (GO:0062013),0.0498836083394938
43,CC,Cytoplasmic Vesicle Lumen (GO:0060205),0.00785991831373813
43,CC,Lipid Droplet (GO:0005811),0.0462183113248454
43,CC,Secretory Granule Lumen (GO:0034774),0.0462183113248454
43,KEGG,HIF-1 signaling pathway,0.00369116878992121
43,KEGG,Nitrogen metabolism,0.00369116878992121
43,KEGG,Mineral absorption,0.023819794897372
43,KEGG,PPAR signaling pathway,0.0270340484336722
43,MF,Hydro-Lyase Activity (GO:0016836),0.000580930557660445
43,MF,Carbonate Dehydratase Activity (GO:0004089),0.00143347856545873
43,MF,Cadherin Binding (GO:0045296),0.0477902040200714
43,MF,Protein Homodimerization Activity (GO:0042803),0.0477902040200714
43,Reactome,Regulation of Gene Expression by Hypoxia-inducible Factor,0.0038329970337266
43,Reactome,Reversible Hydration of Carbon Dioxide,0.0038329970337266
43,Reactome,Cellular Responses to Stimuli,0.00696036671721313
44,BP,Positive Regulation of Sodium Ion Export Across Plasma Membrane (GO:1903278),0.0126337282859926
44,BP,Regulation of Sodium Ion Export Across Plasma Membrane (GO:1903276),0.0126337282859926
44,BP,Positive Regulation of Sodium Ion Transmembrane Transport (GO:1902307),0.0211841697373664
44,BP,Positive Regulation of Synaptic Transmission (GO:0050806),0.0231295759544925
44,BP,Membrane Repolarization (GO:0086009),0.0237656324438805
44,CC,Dense Core Granule (GO:0031045),0.256187890980829
44,CC,Sodium:Potassium-Exchanging ATPase Complex (GO:0005890),0.256187890980829
44,CC,Spherical High-Density Lipoprotein Particle (GO:0034366),0.256187890980829
44,KEGG,African trypanosomiasis,0.320650513054585
44,KEGG,Arginine and proline metabolism,0.320650513054585
44,KEGG,Circadian rhythm,0.320650513054585
44,MF,Ion Channel Regulator Activity (GO:0099106),0.0468180393838397
44,MF,Sodium Channel Regulator Activity (GO:0017080),0.0468180393838397
44,Reactome,LGI-ADAM Interactions,0.0138979783974532
44,Reactome,Muscle Contraction,0.0138979783974532
44,Reactome,Cardiac Conduction,0.0355599459289888
45,BP,Genitalia Development (GO:0048806),0.0163529486503943
45,BP,Negative Regulation of Intracellular Steroid Hormone Receptor Signaling Pathway (GO:0033144),0.0267352200915273
45,BP,Regulation of Transcription by RNA Polymerase II (GO:0006357),0.0267352200915273
45,BP,Epithelial to Mesenchymal Transition (GO:0001837),0.0487002540897433
45,BP,"Anterior/Posterior Axis Specification, Embryo (GO:0008595)",0.0496739937604381
45,BP,Apoptotic DNA Fragmentation (GO:0006309),0.0496739937604381
45,BP,Cardiac Pacemaker Cell Development (GO:0060926),0.0496739937604381
45,BP,Cellular Response to Erythropoietin (GO:0036018),0.0496739937604381
45,BP,Detection of Mechanical Stimulus Involved in Sensory Perception of Sound (GO:0050910),0.0496739937604381
45,BP,Determination of Left/Right Asymmetry in Lateral Mesoderm (GO:0003140),0.0496739937604381
45,BP,Embryonic Forelimb Morphogenesis (GO:0035115),0.0496739937604381
45,BP,Erythropoietin-Mediated Signaling Pathway (GO:0038162),0.0496739937604381
45,BP,Forelimb Morphogenesis (GO:0035136),0.0496739937604381
45,BP,Hemopoiesis (GO:0030097),0.0496739937604381
45,BP,Heterochromatin Organization (GO:0070828),0.0496739937604381
45,BP,Host-Mediated Regulation of Intestinal Microbiota Composition (GO:0048874),0.0496739937604381
45,BP,Lateral Mesoderm Development (GO:0048368),0.0496739937604381
45,BP,Mast Cell Activation Involved in Immune Response (GO:0002279),0.0496739937604381
45,BP,Mast Cell Degranulation (GO:0043303),0.0496739937604381
45,BP,Megakaryocyte Development (GO:0035855),0.0496739937604381
45,BP,Melanocyte Differentiation (GO:0030318),0.0496739937604381
45,BP,Negative Regulation of DNA-templated Transcription (GO:0045892),0.0496739937604381
45,BP,Negative Regulation of Intracellular Estrogen Receptor Signaling Pathway (GO:0033147),0.0496739937604381
45,BP,Negative Regulation of RNA Biosynthetic Process (GO:1902679),0.0496739937604381
45,BP,Negative Regulation of Trophoblast Cell Migration (GO:1901164),0.0496739937604381
45,BP,Positive Regulation of Cell Population Proliferation (GO:0008284),0.0496739937604381
45,BP,Positive Regulation of Dendritic Cell Cytokine Production (GO:0002732),0.0496739937604381
45,BP,Positive Regulation of DNA-templated Transcription (GO:0045893),0.0496739937604381
45,BP,Positive Regulation of Protein Maturation (GO:1903319),0.0496739937604381
45,BP,Positive Regulation of Smooth Muscle Cell Differentiation (GO:0051152),0.0496739937604381
45,BP,Positive Regulation of Vascular Associated Smooth Muscle Cell Differentiation (GO:1905065),0.0496739937604381
45,BP,Regulation of Cell Cycle (GO:0051726),0.0496739937604381
45,BP,Regulation of DNA-templated Transcription (GO:0006355),0.0496739937604381
45,BP,Regulation of Proteasomal Ubiquitin-Dependent Protein Catabolic Process (GO:0032434),0.0496739937604381
45,BP,Regulation of Vascular Associated Smooth Muscle Cell Differentiation (GO:1905063),0.0496739937604381
45,BP,Reproductive System Development (GO:0061458),0.0496739937604381
45,BP,Tripartite Regional Subdivision (GO:0007351),0.0496739937604381
45,CC,Exocytic Vesicle (GO:0070382),0.151507482173682
45,CC,Secretory Vesicle (GO:0099503),0.151507482173682
45,CC,Basement Membrane (GO:0005604),0.161606481416206
45,KEGG,MAPK signaling pathway,0.150255253238492
45,KEGG,Mucin type O-glycan biosynthesis,0.150255253238492
45,KEGG,Signaling pathways regulating pluripotency of stem cells,0.150255253238492
45,MF,Cis-Regulatory Region Sequence-Specific DNA Binding (GO:0000987),2.92040400622288e-05
45,MF,RNA Polymerase II Cis-Regulatory Region Sequence-Specific DNA Binding (GO:0000978),2.92040400622288e-05
45,MF,RNA Polymerase II Transcription Regulatory Region Sequence-Specific DNA Binding (GO:0000977),6.42252787805315e-05
45,MF,Sequence-Specific DNA Binding (GO:0043565),0.00024865530534251
45,MF,"DNA-binding Transcription Activator Activity, RNA Polymerase II-specific (GO:0001228)",0.00119073252414579
45,MF,Double-Stranded DNA Binding (GO:0003690),0.00133606511716152
45,MF,Sequence-Specific Double-Stranded DNA Binding (GO:1990837),0.00166856807645727
45,MF,Morphogen Activity (GO:0016015),0.0249216549678206
45,MF,Activin Receptor Binding (GO:0070697),0.0271526831338051
45,MF,Histone H3K9 Methyltransferase Activity (GO:0046974),0.0271526831338051
45,MF,RNA Polymerase II General Transcription Initiation Factor Binding (GO:0001091),0.0271526831338051
45,MF,Myosin Heavy Chain Binding (GO:0032036),0.0276437794544877
45,MF,"DNA-binding Transcription Repressor Activity, RNA Polymerase II-specific (GO:0001227)",0.0427788272420797
45,MF,Sialyltransferase Activity (GO:0008373),0.0471887309021004
45,Reactome,Transcriptional and Post-Translational Regulation of MITF-M Expression and Activity,0.0427611987129453
46,BP,Positive Regulation of Cytokine Production (GO:0001819),0.00348372373602262
46,BP,"Regulation of CD4-positive, Alpha-Beta T Cell Differentiation (GO:0043370)",0.00348372373602262
46,BP,Alpha-Beta T Cell Differentiation (GO:0046632),0.0131502695303455
46,BP,Axonemal Central Apparatus Assembly (GO:1904158),0.0131502695303455
46,BP,Regulation of Transcription by RNA Polymerase II (GO:0006357),0.0131502695303455
46,BP,Negative Regulation of Alpha-Beta T Cell Differentiation (GO:0046639),0.0228663123933079
46,BP,"Regulation of CD8-positive, Alpha-Beta T Cell Differentiation (GO:0043376)",0.0228663123933079
46,BP,Regulation of Immune Response (GO:0050776),0.0228663123933079
46,BP,Positive Regulation of Transcription by RNA Polymerase II (GO:0045944),0.0235012909441274
46,BP,MHC Class II Protein Complex Assembly (GO:0002399),0.0325995195072305
46,BP,Negative Regulation of Transcription by RNA Polymerase II (GO:0000122),0.0325995195072305
46,BP,Peptide Antigen Assembly With MHC Class II Protein Complex (GO:0002503),0.0325995195072305
46,BP,Positive Regulation of Alpha-Beta T Cell Differentiation (GO:0046638),0.0325995195072305
46,BP,Positive Regulation of Brown Fat Cell Differentiation (GO:0090336),0.0325995195072305
46,BP,Positive Regulation of DNA-templated Transcription (GO:0045893),0.0325995195072305
46,BP,Positive Regulation of Fat Cell Differentiation (GO:0045600),0.0325995195072305
46,BP,Regulation of Chemokine (C-X-C Motif) Ligand 2 Production (GO:2000341),0.0345278520231767
46,BP,Motile Cilium Assembly (GO:0044458),0.0458763752357127
46,BP,Regulation of Brown Fat Cell Differentiation (GO:0090335),0.0458763752357127
46,BP,Negative Regulation of DNA-templated Transcription (GO:0045892),0.047307633284036
46,BP,Peptide Antigen Assembly With MHC Protein Complex (GO:0002501),0.047307633284036
46,CC,MHC Class II Protein Complex (GO:0042613),0.035199382370467
46,CC,Platelet Dense Granule Lumen (GO:0031089),0.035199382370467
46,CC,MHC Protein Complex (GO:0042611),0.0362804243062313
46,CC,Platelet Dense Granule (GO:0042827),0.0362804243062313
46,KEGG,Th1 and Th2 cell differentiation,0.00136132028087609
46,KEGG,Th17 cell differentiation,0.001416466889542
46,KEGG,Asthma,0.00376053757461924
46,KEGG,Phagosome,0.00376053757461924
46,KEGG,Allograft rejection,0.00441107386742363
46,KEGG,Graft-versus-host disease,0.00441107386742363
46,KEGG,Hematopoietic cell lineage,0.00441107386742363
46,KEGG,Rheumatoid arthritis,0.00441107386742363
46,KEGG,Type I diabetes mellitus,0.00441107386742363
46,KEGG,Intestinal immune network for IgA production,0.00549885408417372
46,KEGG,Autoimmune thyroid disease,0.00669152368919563
46,KEGG,Viral myocarditis,0.00881401409715023
46,KEGG,Inflammatory bowel disease,0.010263954329245
46,KEGG,Cell adhesion molecules,0.0106951211047428
46,KEGG,Antigen processing and presentation,0.014088314884126
46,KEGG,Leishmaniasis,0.014088314884126
46,KEGG,Tuberculosis,0.0179450639218755
46,KEGG,Staphylococcus aureus infection,0.0218955344772653
46,KEGG,Epstein-Barr virus infection,0.0242175186972243
46,KEGG,Human T-cell leukemia virus 1 infection,0.0297001986806254
46,KEGG,Toxoplasmosis,0.0297001986806254
46,KEGG,African trypanosomiasis,0.0310430842253182
46,KEGG,Systemic lupus erythematosus,0.0452201735919044
46,MF,Cis-Regulatory Region Sequence-Specific DNA Binding (GO:0000987),1.15209451516619e-05
46,MF,RNA Polymerase II Cis-Regulatory Region Sequence-Specific DNA Binding (GO:0000978),1.15209451516619e-05
46,MF,Sequence-Specific DNA Binding (GO:0043565),1.3433140538638e-05
46,MF,Sequence-Specific Double-Stranded DNA Binding (GO:1990837),1.3433140538638e-05
46,MF,Double-Stranded DNA Binding (GO:0003690),2.59483722109578e-05
46,MF,RNA Polymerase II Transcription Regulatory Region Sequence-Specific DNA Binding (GO:0000977),3.19184362504731e-05
46,MF,"DNA-binding Transcription Repressor Activity, RNA Polymerase II-specific (GO:0001227)",0.000987093223932135
46,MF,Transcription Cis-Regulatory Region Binding (GO:0000976),0.00552281476410803
46,MF,Phospholipase Binding (GO:0043274),0.0142961414261117
46,MF,MHC Class II Protein Complex Binding (GO:0023026),0.0290938138928672
46,MF,Transcription Coregulator Binding (GO:0001221),0.0449301590174985
46,Reactome,Generation of Second Messenger Molecules,0.00236048923948895
46,Reactome,Interferon Gamma Signaling,0.00236048923948895
46,Reactome,PD-1 Signaling,0.00653724642710177
46,Reactome,Phosphorylation of CD3 and TCR Zeta Chains,0.00653724642710177
46,Reactome,Translocation of ZAP-70 to Immunological Synapse,0.00653724642710177
46,Reactome,TCR Signaling,0.0221517508436467
47,BP,Metal Ion Transport (GO:0030001),0.131907943172583
47,BP,Potassium Ion Transport (GO:0006813),0.131907943172583
47,BP,Regulation of Dendritic Spine Morphogenesis (GO:0061001),0.131907943172583
47,CC,Dendrite (GO:0030425),0.000140421225980177
47,CC,Neuron Projection (GO:0043005),0.000746238373804729
47,CC,Axon (GO:0030424),0.0185609888455282
47,CC,GABA-ergic Synapse (GO:0098982),0.0185609888455282
47,KEGG,Cardiac muscle contraction,0.153913414310533
47,KEGG,GABAergic synapse,0.153913414310533
47,KEGG,Oxytocin signaling pathway,0.153913414310533
47,MF,Voltage-Gated Monoatomic Cation Channel Activity (GO:0022843),0.02971064799786
47,MF,Voltage-Gated Potassium Channel Activity (GO:0005249),0.02971064799786
47,MF,Inward Rectifier Potassium Channel Activity (GO:0005242),0.0454246474720804
47,Reactome,Neuronal System,0.0360022830326768
49,BP,Synapse Organization (GO:0050808),0.000442930823742183
49,BP,Synaptic Membrane Adhesion (GO:0099560),0.00409208012969258
49,BP,Cell-Cell Adhesion via Plasma-Membrane Adhesion Molecules (GO:0098742),0.010667858495998
49,BP,Regulation of Trans-Synaptic Signaling (GO:0099177),0.0160372387772968
49,BP,Action Potential (GO:0001508),0.0242405276806862
49,BP,Central Nervous System Development (GO:0007417),0.0242405276806862
49,BP,Cell Junction Assembly (GO:0034329),0.0372219361366493
49,BP,Galactolipid Biosynthetic Process (GO:0019375),0.0372219361366493
49,BP,Galactosylceramide Biosynthetic Process (GO:0006682),0.0372219361366493
49,BP,Glycosylceramide Biosynthetic Process (GO:0046476),0.0372219361366493
49,BP,Modulation of Chemical Synaptic Transmission (GO:0050804),0.0372219361366493
49,BP,"Negative Regulation of Complement Activation, Classical Pathway (GO:0045959)",0.0372219361366493
49,BP,Vitamin A Metabolic Process (GO:0006776),0.0372219361366493
49,BP,Galactosylceramide Metabolic Process (GO:0006681),0.037621434165998
49,BP,"Regulation of Complement Activation, Classical Pathway (GO:0030450)",0.037621434165998
49,BP,Negative Regulation of Humoral Immune Response Mediated by Circulating Immunoglobulin (GO:0002924),0.0402935969472511
49,BP,Detection of Light Stimulus Involved in Sensory Perception (GO:0050962),0.0414690126176411
49,BP,Detection of Light Stimulus Involved in Visual Perception (GO:0050908),0.0414690126176411
49,BP,Detection of Stimulus Involved in Sensory Perception of Pain (GO:0062149),0.0414690126176411
49,BP,Negative Regulation of Complement Activation (GO:0045916),0.0414690126176411
49,BP,Negative Regulation of Muscle Cell Apoptotic Process (GO:0010656),0.0414690126176411
49,BP,Negative Regulation of Smooth Muscle Cell Apoptotic Process (GO:0034392),0.0414690126176411
49,BP,Neuron Cell-Cell Adhesion (GO:0007158),0.0414690126176411
49,BP,Regulation of Complement Activation (GO:0030449),0.0414690126176411
49,BP,Regulation of Humoral Immune Response (GO:0002920),0.0414690126176411
49,BP,Regulation of Immune Effector Process (GO:0002697),0.0414690126176411
49,BP,Regulation of Presynapse Assembly (GO:1905606),0.0414690126176411
49,BP,Regulation of Presynapse Organization (GO:0099174),0.0414690126176411
49,BP,Regulation of Smooth Muscle Cell Apoptotic Process (GO:0034391),0.0414690126176411
49,BP,Retina Homeostasis (GO:0001895),0.0414690126176411
49,BP,Retinal Metabolic Process (GO:0042574),0.0414690126176411
49,BP,Membrane Depolarization During Action Potential (GO:0086010),0.0426679501189837
49,BP,Detection of Mechanical Stimulus Involved in Sensory Perception (GO:0050974),0.0437924091784604
49,BP,Membrane Repolarization (GO:0086009),0.0448489626331714
49,CC,Dendrite (GO:0030425),0.000881054999842238
49,CC,Neuron Projection (GO:0043005),0.000881054999842238
49,CC,Postsynaptic Density Membrane (GO:0098839),0.00613966897084628
49,CC,Postsynaptic Specialization Membrane (GO:0099634),0.00676689241708479
49,CC,Glutamatergic Synapse (GO:0098978),0.0171093171457375
49,CC,Postsynaptic Density (GO:0014069),0.0359442299070609
49,CC,Voltage-Gated Sodium Channel Complex (GO:0001518),0.0428918804353752
49,KEGG,Cell adhesion molecules,0.0518300335802329
49,KEGG,Dopaminergic synapse,0.0518300335802329
49,KEGG,Maturity onset diabetes of the young,0.116766903419273
49,MF,Voltage-Gated Monoatomic Ion Channel Activity (GO:0005244),0.00851459039175132
49,MF,AMPA Glutamate Receptor Activity (GO:0004971),0.0462302665278988
49,MF,"Beta-1,3-Galactosyltransferase Activity (GO:0048531)",0.0462302665278988
49,MF,Cardiolipin Binding (GO:1901612),0.0462302665278988
49,MF,Glutamate Receptor Activity (GO:0008066),0.0462302665278988
49,MF,Glutamate-Gated Receptor Activity (GO:0004970),0.0462302665278988
49,MF,Ligand-Gated Monoatomic Ion Channel Activity Involved in Regulation of Presynaptic Membrane Potential (GO:0099507),0.0462302665278988
49,MF,"N-acetyl-beta-D-glucosaminide Beta-(1,3)-Galactosyltransferase Activity (GO:0008499)",0.0462302665278988
49,MF,Notch Binding (GO:0005112),0.0462302665278988
49,MF,Outward Rectifier Potassium Channel Activity (GO:0015271),0.0462302665278988
49,MF,"Oxidoreductase, Single Donors W Incorp of O2, Incorp of Two Atoms of O (GO:0016702)",0.0462302665278988
49,MF,Phosphatidylglycerol Binding (GO:1901611),0.0462302665278988
49,MF,Retinyl-Palmitate Esterase Activity (GO:0050253),0.0462302665278988
49,MF,UDP-galactosyltransferase Activity (GO:0035250),0.0462302665278988
49,MF,Voltage-Gated Sodium Channel Activity (GO:0005248),0.0462302665278988
49,Reactome,Cardiac Conduction,0.0446987336625719
49,Reactome,Neuronal System,0.0446987336625719
49,Reactome,Phase 1 - Inactivation of Fast Na+ Channels,0.0446987336625719
49,Reactome,Protein-protein Interactions at Synapses,0.0446987336625719
49,Reactome,Regulation of Gene Expression in Endocrine-Committed (NEUROG3+) Progenitor Cells,0.0446987336625719
49,Reactome,Blood Group Systems Biosynthesis,0.0498911339240317
49,Reactome,Lewis Blood Group Biosynthesis,0.0498911339240317
49,Reactome,Muscle Contraction,0.0498911339240317
49,Reactome,Receptor-type Tyrosine-Protein Phosphatases,0.0498911339240317
49,Reactome,Regulation of Gene Expression in Beta Cells,0.0498911339240317
49,Reactome,Synaptic Adhesion-Like Molecules,0.0498911339240317
49,Reactome,The Canonical Retinoid Cycle in Rods (Twilight Vision),0.0498911339240317
49,Reactome,Trafficking of GluR2-containing AMPA Receptors,0.0498911339240317
49,Reactome,"Unblocking of NMDA Receptors, Glutamate Binding and Activation",0.0498911339240317
5,BP,Neuron Development (GO:0048666),0.000715779474741542
5,BP,Long-Term Synaptic Potentiation (GO:0060291),0.0042749364036979
5,BP,Positive Regulation of Synaptic Transmission (GO:0050806),0.0042749364036979
5,BP,Regulation of Microtubule Polymerization or Depolymerization (GO:0031110),0.0042749364036979
5,BP,Regulation of Glutamate Receptor Signaling Pathway (GO:1900449),0.00713498102437834
5,BP,Regulation of Microtubule Cytoskeleton Organization (GO:0070507),0.00713498102437834
5,BP,Regulation of Anatomical Structure Morphogenesis (GO:0022603),0.012153383650495
5,BP,"Regulation of Alternative mRNA Splicing, via Spliceosome (GO:0000381)",0.012365743093338
5,BP,Regulation of Microtubule Polymerization (GO:0031113),0.012365743093338
5,BP,Plasma Membrane Bounded Cell Projection Organization (GO:0120036),0.0126796436510861
5,BP,Ionotropic Glutamate Receptor Signaling Pathway (GO:0035235),0.0210095072417905
5,BP,Microtubule Depolymerization (GO:0007019),0.0210095072417905
5,BP,Response to Ethanol (GO:0045471),0.0210095072417905
5,BP,Neuron Projection Development (GO:0031175),0.0349297868782927
5,BP,Positive Regulation of Excitatory Postsynaptic Potential (GO:2000463),0.0349297868782927
5,BP,Microtubule Polymerization or Depolymerization (GO:0031109),0.0357752281986109
5,BP,Protein Depolymerization (GO:0051261),0.0357752281986109
5,BP,"Regulation of mRNA Splicing, via Spliceosome (GO:0048024)",0.0357752281986109
5,BP,mRNA Splice Site Recognition (GO:0006376),0.0381355717536713
5,BP,Positive Regulation of Microtubule Polymerization or Depolymerization (GO:0031112),0.0381355717536713
5,BP,Regulation of Dendrite Morphogenesis (GO:0048814),0.0381355717536713
5,BP,Membrane Depolarization (GO:0051899),0.0405832428790307
5,BP,Modulation of Excitatory Postsynaptic Potential (GO:0098815),0.0405832428790307
5,BP,Response to Alcohol (GO:0097305),0.0405832428790307
5,BP,Acetylcholine Receptor Signaling Pathway (GO:0095500),0.0455468266836473
5,BP,Establishment or Maintenance of Epithelial Cell Apical/Basal Polarity (GO:0045197),0.0455468266836473
5,BP,Glutamate Receptor Signaling Pathway (GO:0007215),0.0455468266836473
5,CC,Neuron Projection (GO:0043005),4.12190845785772e-05
5,CC,Asymmetric Synapse (GO:0032279),0.00932702534549568
5,CC,Postsynaptic Density (GO:0014069),0.0145697547195341
5,CC,Axon (GO:0030424),0.0305300949759987
5,CC,Vesicle (GO:0031982),0.0305300949759987
5,CC,Ionotropic Glutamate Receptor Complex (GO:0008328),0.0356482628416528
5,CC,Synaptic Membrane (GO:0097060),0.044198110016295
5,KEGG,Cocaine addiction,0.216259336142135
5,KEGG,Nicotine addiction,0.216259336142135
5,KEGG,Protein digestion and absorption,0.37811554353246
5,MF,Glutamate Receptor Binding (GO:0035254),0.0323606441239394
5,MF,Ionotropic Glutamate Receptor Binding (GO:0035255),0.0323606441239394
5,MF,mRNA Binding (GO:0003729),0.0323606441239394
5,MF,Ligand-Gated Monoatomic Ion Channel Activity (GO:0015276),0.0479501998580076
5,MF,pre-mRNA Binding (GO:0036002),0.0479501998580076
5,Reactome,Interaction Between L1 and Ankyrins,0.135859397485038
5,Reactome,Neuronal System,0.135859397485038
5,Reactome,Signaling by NTRK2 (TRKB),0.135859397485038
50,BP,Regulation of DNA-templated Transcription (GO:0006355),6.61844684521137e-21
50,BP,Regulation of Transcription by RNA Polymerase II (GO:0006357),1.22043569625169e-20
50,CC,Nucleus (GO:0005634),0.000433141086012737
50,CC,Intracellular Membrane-Bounded Organelle (GO:0043231),0.00131809078095046
50,CC,Sodium:Potassium-Exchanging ATPase Complex (GO:0005890),0.021628377541141
50,KEGG,Herpes simplex virus 1 infection,1.97422887098913e-08
50,MF,RNA Polymerase II Transcription Regulatory Region Sequence-Specific DNA Binding (GO:0000977),1.65539147778425e-15
50,MF,RNA Polymerase II Cis-Regulatory Region Sequence-Specific DNA Binding (GO:0000978),3.74690444315529e-14
50,MF,Cis-Regulatory Region Sequence-Specific DNA Binding (GO:0000987),4.52448932055748e-13
50,MF,Sequence-Specific DNA Binding (GO:0043565),2.33153139444386e-05
50,MF,Double-Stranded DNA Binding (GO:0003690),0.00093140643646962
50,MF,Sequence-Specific Double-Stranded DNA Binding (GO:1990837),0.00846402935787104
50,MF,Double-Stranded Methylated DNA Binding (GO:0010385),0.0153755393113267
50,MF,Transcription Cis-Regulatory Region Binding (GO:0000976),0.0153755393113267
50,MF,"DNA-binding Transcription Activator Activity, RNA Polymerase II-specific (GO:0001228)",0.0190502534734817
50,MF,Estrogen Response Element Binding (GO:0034056),0.0230541547538199
50,MF,RNA Polymerase II Core Promoter Sequence-Specific DNA Binding (GO:0000979),0.0271887812083481
50,MF,"DNA-binding Transcription Repressor Activity, RNA Polymerase II-specific (GO:0001227)",0.0493286302589233
50,Reactome,RNA Polymerase II Transcription,1.03992889854342e-11
50,Reactome,Generic Transcription Pathway,2.0508672703095e-11
50,Reactome,Gene Expression (Transcription),5.60100275011659e-11
50,Reactome,Nuclear Receptor Transcription Pathway,0.0227128156612986
50,Reactome,Regulation of Endogenous Retroelements by KRAB-ZFP Proteins,0.0368133963121232
51,BP,Regulation of Transcription by RNA Polymerase II (GO:0006357),1.41081347309497e-12
51,BP,Regulation of DNA-templated Transcription (GO:0006355),1.44645666816436e-11
51,BP,Positive Regulation of DNA-templated Transcription (GO:0045893),0.00523611838058089
51,BP,Negative Regulation of DNA-templated Transcription (GO:0045892),0.00722896633948735
51,BP,Positive Regulation of Transcription by RNA Polymerase II (GO:0045944),0.00722896633948735
51,BP,Intracellular Receptor Signaling Pathway (GO:0030522),0.0104855654216523
51,BP,Negative Regulation of Transcription by RNA Polymerase II (GO:0000122),0.0104855654216523
51,BP,mRNA Transcription (GO:0009299),0.0138365375115959
51,BP,Regulation of RNA Biosynthetic Process (GO:2001141),0.0138365375115959
51,BP,Cellular Component Assembly (GO:0022607),0.0317620489306107
51,BP,Cellular Response to Arsenic-Containing Substance (GO:0071243),0.0461951062759512
51,BP,Cellular Response to Cadmium Ion (GO:0071276),0.0461951062759512
51,BP,Cellular Response to Copper Ion (GO:0071280),0.0461951062759512
51,BP,Cellular Response to Gamma Radiation (GO:0071480),0.0461951062759512
51,BP,DNA-templated Transcription (GO:0006351),0.0461951062759512
51,BP,Glucose Mediated Signaling Pathway (GO:0010255),0.0461951062759512
51,BP,Hexose Mediated Signaling (GO:0009757),0.0461951062759512
51,BP,Leukocyte Apoptotic Process (GO:0071887),0.0461951062759512
51,BP,MyD88-independent Toll-Like Receptor Signaling Pathway (GO:0002756),0.0461951062759512
51,BP,Negative Regulation of Cholesterol Storage (GO:0010887),0.0461951062759512
51,BP,Negative Regulation of Double-Strand Break Repair via Nonhomologous End Joining (GO:2001033),0.0461951062759512
51,BP,Negative Regulation of Epidermal Growth Factor-Activated Receptor Activity (GO:0007175),0.0461951062759512
51,BP,Negative Regulation of Lipid Localization (GO:1905953),0.0461951062759512
51,BP,Negative Regulation of Lipid Transport (GO:0032369),0.0461951062759512
51,BP,Negative Regulation of Macrophage Derived Foam Cell Differentiation (GO:0010745),0.0461951062759512
51,BP,Negative Regulation of Protein Tyrosine Kinase Activity (GO:0061099),0.0461951062759512
51,BP,Negative Regulation of Response to Type II Interferon (GO:0060331),0.0461951062759512
51,BP,Negative Regulation of RNA Biosynthetic Process (GO:1902679),0.0461951062759512
51,BP,Negative Regulation of Signaling Receptor Activity (GO:2000272),0.0461951062759512
51,BP,Negative Regulation of Type II Interferon-Mediated Signaling Pathway (GO:0060336),0.0461951062759512
51,BP,Phosphatidylcholine Acyl-Chain Remodeling (GO:0036151),0.0461951062759512
51,BP,Positive Regulation of Cytokine Production Involved in Inflammatory Response (GO:1900017),0.0461951062759512
51,BP,Positive Regulation of Fatty Acid Biosynthetic Process (GO:0045723),0.0461951062759512
51,BP,Positive Regulation of Fatty Acid Metabolic Process (GO:0045923),0.0461951062759512
51,BP,Positive Regulation of Lipoprotein Lipase Activity (GO:0051006),0.0461951062759512
51,BP,Positive Regulation of Macrophage Differentiation (GO:0045651),0.0461951062759512
51,BP,Positive Regulation of Sterol Transport (GO:0032373),0.0461951062759512
51,BP,Positive Regulation of Triglyceride Biosynthetic Process (GO:0010867),0.0461951062759512
51,BP,Positive Regulation of Triglyceride Lipase Activity (GO:0061365),0.0461951062759512
51,BP,Positive Regulation of Triglyceride Metabolic Process (GO:0090208),0.0461951062759512
51,BP,Protein-Containing Complex Organization (GO:0043933),0.0461951062759512
51,BP,Regulation of Cellular Response to Heat (GO:1900034),0.0461951062759512
51,BP,Regulation of Cholesterol Storage (GO:0010885),0.0461951062759512
51,BP,Regulation of Cold-Induced Thermogenesis (GO:0120161),0.0461951062759512
51,BP,Regulation of Epidermal Growth Factor-Activated Receptor Activity (GO:0007176),0.0461951062759512
51,BP,Regulation of Lipid Transport (GO:0032368),0.0461951062759512
51,BP,Regulation of Macrophage Differentiation (GO:0045649),0.0461951062759512
51,BP,Regulation of Pinocytosis (GO:0048548),0.0461951062759512
51,BP,Regulation of Response to Endoplasmic Reticulum Stress (GO:1905897),0.0461951062759512
51,BP,Regulation of Triglyceride Biosynthetic Process (GO:0010866),0.0461951062759512
51,BP,Regulation of Type II Interferon-Mediated Signaling Pathway (GO:0060334),0.0461951062759512
51,BP,Response to Cadmium Ion (GO:0046686),0.0461951062759512
51,BP,Transcription by RNA Polymerase II (GO:0006366),0.0461951062759512
51,BP,TRIF-dependent Toll-Like Receptor Signaling Pathway (GO:0035666),0.0461951062759512
51,BP,Negative Regulation of Lipid Storage (GO:0010888),0.047853435812642
51,BP,Hippo Signaling (GO:0035329),0.0492605805192384
51,BP,Regulation of Gene Expression (GO:0010468),0.0492605805192384
51,BP,Response to Copper Ion (GO:0046688),0.0492605805192384
51,BP,Response to Gamma Radiation (GO:0010332),0.0492605805192384
51,BP,Positive Regulation of Cholesterol Efflux (GO:0010875),0.0498919099772453
51,BP,Positive Regulation of Interferon-Alpha Production (GO:0032727),0.0498919099772453
51,CC,Nucleus (GO:0005634),4.37228395904329e-06
51,CC,Intracellular Membrane-Bounded Organelle (GO:0043231),1.43927551697573e-05
51,CC,Nuclear Stress Granule (GO:0097165),0.0110533151113018
51,KEGG,Cytosolic DNA-sensing pathway,0.228752203747857
51,KEGG,Legionellosis,0.228752203747857
51,KEGG,RIG-I-like receptor signaling pathway,0.228752203747857
51,MF,RNA Polymerase II Cis-Regulatory Region Sequence-Specific DNA Binding (GO:0000978),6.35020811643171e-17
51,MF,Cis-Regulatory Region Sequence-Specific DNA Binding (GO:0000987),1.7733839038642e-15
51,MF,RNA Polymerase II Transcription Regulatory Region Sequence-Specific DNA Binding (GO:0000977),1.65527701529037e-14
51,MF,Sequence-Specific DNA Binding (GO:0043565),1.00462959700602e-12
51,MF,Double-Stranded DNA Binding (GO:0003690),1.14403594183883e-11
51,MF,Sequence-Specific Double-Stranded DNA Binding (GO:1990837),2.29398392364895e-11
51,MF,"DNA-binding Transcription Repressor Activity, RNA Polymerase II-specific (GO:0001227)",0.000138704085564853
51,MF,"DNA-binding Transcription Activator Activity, RNA Polymerase II-specific (GO:0001228)",0.000603830512112631
51,MF,Apolipoprotein Receptor Binding (GO:0034190),0.0126437109583989
51,MF,Estrogen Response Element Binding (GO:0034056),0.0227076252297498
51,MF,Disordered Domain Specific Binding (GO:0097718),0.0351872223456573
51,MF,Protein Heterodimerization Activity (GO:0046982),0.0351872223456573
51,MF,bHLH Transcription Factor Binding (GO:0043425),0.0382217457910451
51,Reactome,Nuclear Receptor Transcription Pathway,0.00158620571604561
52,BP,Apical Protein Localization (GO:0045176),0.0497261029499089
52,BP,Cellular Response to Platelet-Derived Growth Factor Stimulus (GO:0036120),0.0497261029499089
52,BP,Epithelial Tube Branching Involved in Lung Morphogenesis (GO:0060441),0.0497261029499089
52,BP,Establishment of Planar Polarity (GO:0001736),0.0497261029499089
52,BP,Glucocorticoid Biosynthetic Process (GO:0006704),0.0497261029499089
52,BP,Glucocorticoid Metabolic Process (GO:0008211),0.0497261029499089
52,BP,Hyaluronan Biosynthetic Process (GO:0030213),0.0497261029499089
52,BP,Intracellular Phosphate Ion Homeostasis (GO:0030643),0.0497261029499089
52,BP,Negative Regulation of B Cell Apoptotic Process (GO:0002903),0.0497261029499089
52,BP,Negative Regulation of Cell Growth (GO:0030308),0.0497261029499089
52,BP,Negative Regulation of Growth (GO:0045926),0.0497261029499089
52,BP,Negative Regulation of Lymphocyte Apoptotic Process (GO:0070229),0.0497261029499089
52,BP,Nose Development (GO:0043584),0.0497261029499089
52,BP,Polysaccharide Metabolic Process (GO:0005976),0.0497261029499089
52,BP,Positive Regulation of Animal Organ Morphogenesis (GO:0110110),0.0497261029499089
52,BP,Positive Regulation of Apoptotic Cell Clearance (GO:2000427),0.0497261029499089
52,BP,Positive Regulation of Intrinsic Apoptotic Signaling Pathway by P53 Class Mediator (GO:1902255),0.0497261029499089
52,BP,Positive Regulation of Potassium Ion Transmembrane Transporter Activity (GO:1901018),0.0497261029499089
52,BP,Regulation of Apoptotic Cell Clearance (GO:2000425),0.0497261029499089
52,BP,Regulation of B Cell Apoptotic Process (GO:0002902),0.0497261029499089
52,BP,Regulation of Intrinsic Apoptotic Signaling Pathway by P53 Class Mediator (GO:1902253),0.0497261029499089
52,BP,Regulation of Odontoblast Differentiation (GO:1901329),0.0497261029499089
52,BP,Regulation of Urine Volume (GO:0035809),0.0497261029499089
52,BP,Response to Platelet-Derived Growth Factor (GO:0036119),0.0497261029499089
52,BP,Sodium-Dependent Phosphate Transport (GO:0044341),0.0497261029499089
52,CC,Brush Border Membrane (GO:0031526),0.179414907131917
52,CC,Collagen-Containing Extracellular Matrix (GO:0062023),0.179414907131917
52,CC,Vesicle (GO:0031982),0.179414907131917
52,KEGG,Mineral absorption,0.16223660246087
52,KEGG,Nitrogen metabolism,0.16223660246087
52,KEGG,Steroid hormone biosynthesis,0.16223660246087
52,MF,Axon Guidance Receptor Activity (GO:0008046),0.0415152993088294
52,MF,Channel Activator Activity (GO:0099103),0.0415152993088294
52,MF,Metalloendopeptidase Activity (GO:0004222),0.0415152993088294
52,MF,Metallopeptidase Activity (GO:0008237),0.0415152993088294
52,MF,Phosphate Ion Binding (GO:0042301),0.0415152993088294
52,MF,Potassium Channel Activator Activity (GO:0099104),0.0415152993088294
52,MF,Sodium Ion Binding (GO:0031402),0.0415152993088294
52,MF,Carbonate Dehydratase Activity (GO:0004089),0.0429981380268327
52,MF,Sodium:Phosphate Symporter Activity (GO:0005436),0.0429981380268327
52,MF,Alkali Metal Ion Binding (GO:0031420),0.0450911962821922
52,MF,"DNA-binding Transcription Repressor Activity, RNA Polymerase II-specific (GO:0001227)",0.0450911962821922
52,MF,Phosphate Transmembrane Transporter Activity (GO:0005315),0.0450911962821922
52,Reactome,Diseases of Metabolism,0.0728929821787781
52,Reactome,Hyaluronan Biosynthesis and Export,0.0728929821787781
52,Reactome,Sodium-coupled Phosphate Cotransporters,0.0728929821787781
53,BP,Calcium-Dependent Cell-Cell Adhesion via Plasma Membrane Cell Adhesion Molecules (GO:0016339),6.84089385933347e-06
53,BP,Synapse Assembly (GO:0007416),8.05365568315984e-05
53,BP,Cell Junction Assembly (GO:0034329),9.74960556370442e-05
53,BP,Synapse Organization (GO:0050808),0.000298268430054273
53,BP,Cell-Cell Adhesion via Plasma-Membrane Adhesion Molecules (GO:0098742),0.000468461079688745
53,BP,Anterograde Trans-Synaptic Signaling (GO:0098916),0.000577011677918662
53,BP,Chemical Synaptic Transmission (GO:0007268),0.00169757076445442
53,BP,Regulation of DNA-templated Transcription (GO:0006355),0.0119005388437897
53,BP,Nervous System Development (GO:0007399),0.0132221197186541
53,BP,Glomerular Epithelial Cell Differentiation (GO:0072311),0.0349261146393124
53,BP,Renal Filtration Cell Differentiation (GO:0061318),0.0349261146393124
53,BP,Regulation of Transcription by RNA Polymerase II (GO:0006357),0.0487745826058211
53,CC,Extracellular Membrane-Bounded Organelle (GO:0065010),0.198175795033787
53,CC,Extracellular Vesicle (GO:1903561),0.198175795033787
53,CC,Intracellular Membrane-Bounded Organelle (GO:0043231),0.206664072078019
53,KEGG,Herpes simplex virus 1 infection,0.000521815666289405
53,MF,Cis-Regulatory Region Sequence-Specific DNA Binding (GO:0000987),0.00455962119911832
53,MF,RNA Polymerase II Cis-Regulatory Region Sequence-Specific DNA Binding (GO:0000978),0.00455962119911832
53,MF,RNA Polymerase II Transcription Regulatory Region Sequence-Specific DNA Binding (GO:0000977),0.00455962119911832
53,MF,Single-Stranded DNA 3'-5' DNA Exonuclease Activity (GO:0008310),0.0246977524949423
53,MF,5'-3' DNA Exonuclease Activity (GO:0035312),0.0295752381783528
53,MF,Single-Stranded DNA Exodeoxyribonuclease Activity (GO:0008297),0.0295752381783528
53,MF,3'-5'-DNA Exonuclease Activity (GO:0008296),0.0365402807051946
53,MF,"4 Iron, 4 Sulfur Cluster Binding (GO:0051539)",0.039289267965175
53,Reactome,Generic Transcription Pathway,0.203516497603533
53,Reactome,Meiotic Recombination,0.203516497603533
53,Reactome,RNA Polymerase II Transcription,0.203516497603533
55,BP,Adrenal Gland Development (GO:0030325),0.0297501659194636
55,BP,Atrial Cardiac Muscle Tissue Development (GO:0003228),0.0297501659194636
55,BP,Carbohydrate Derivative Catabolic Process (GO:1901136),0.0297501659194636
55,BP,Cardiac Atrium Morphogenesis (GO:0003209),0.0297501659194636
55,BP,Cardiac Pacemaker Cell Development (GO:0060926),0.0297501659194636
55,BP,Endocrine System Development (GO:0035270),0.0297501659194636
55,BP,Glial Cell Development (GO:0021782),0.0297501659194636
55,BP,Glycoprotein Catabolic Process (GO:0006516),0.0297501659194636
55,BP,Leukocyte Chemotaxis Involved in Inflammatory Response (GO:0002232),0.0297501659194636
55,BP,Lymphocyte Activation Involved in Immune Response (GO:0002285),0.0297501659194636
55,BP,NAD Biosynthetic Process (GO:0009435),0.0297501659194636
55,BP,NAD Metabolic Process (GO:0019674),0.0297501659194636
55,BP,Negative Regulation of Cardiac Muscle Cell Apoptotic Process (GO:0010667),0.0297501659194636
55,BP,Negative Regulation of Epithelial Cell Apoptotic Process (GO:1904036),0.0297501659194636
55,BP,Negative Regulation of Inflammatory Response to Wounding (GO:0106015),0.0297501659194636
55,BP,Negative Regulation of Mitotic Nuclear Division (GO:0045839),0.0297501659194636
55,BP,Negative Regulation of Nuclear Division (GO:0051784),0.0297501659194636
55,BP,Negative Regulation of Response to Wounding (GO:1903035),0.0297501659194636
55,BP,Negative Regulation of Striated Muscle Cell Apoptotic Process (GO:0010664),0.0297501659194636
55,BP,Negative Regulation of T Cell Differentiation (GO:0045581),0.0297501659194636
55,BP,Nicotinamide Nucleotide Biosynthetic Process (GO:0019359),0.0297501659194636
55,BP,Nucleoside Phosphate Biosynthetic Process (GO:1901293),0.0297501659194636
55,BP,Nucleotide Biosynthetic Process (GO:0009165),0.0297501659194636
55,BP,Nucleotide Metabolic Process (GO:0009117),0.0297501659194636
55,BP,Oogenesis (GO:0048477),0.0297501659194636
55,BP,Positive Regulation of Cartilage Development (GO:0061036),0.0297501659194636
55,BP,Positive Regulation of Cellular Extravasation (GO:0002693),0.0297501659194636
55,BP,Positive Regulation of Glial Cell Differentiation (GO:0045687),0.0297501659194636
55,BP,Positive Regulation of Granulocyte Chemotaxis (GO:0071624),0.0297501659194636
55,BP,Positive Regulation of Keratinocyte Proliferation (GO:0010838),0.0297501659194636
55,BP,Positive Regulation of Leukocyte Adhesion to Vascular Endothelial Cell (GO:1904996),0.0297501659194636
55,BP,Positive Regulation of Macrophage Chemotaxis (GO:0010759),0.0297501659194636
55,BP,Positive Regulation of Macrophage Migration (GO:1905523),0.0297501659194636
55,BP,Positive Regulation of Morphogenesis of an Epithelium (GO:1905332),0.0297501659194636
55,BP,Positive Regulation of Neural Precursor Cell Proliferation (GO:2000179),0.0297501659194636
55,BP,Positive Regulation of Neuron Migration (GO:2001224),0.0297501659194636
55,BP,Positive Regulation of Neutrophil Chemotaxis (GO:0090023),0.0297501659194636
55,BP,Positive Regulation of Oligodendrocyte Differentiation (GO:0048714),0.0297501659194636
55,BP,Positive Regulation of Protein Autophosphorylation (GO:0031954),0.0297501659194636
55,BP,Positive Regulation of Smooth Muscle Cell Migration (GO:0014911),0.0297501659194636
55,BP,Positive Regulation of Vascular Endothelial Cell Proliferation (GO:1905564),0.0297501659194636
55,BP,Purine Nucleotide Biosynthetic Process (GO:0006164),0.0297501659194636
55,BP,Regulation of Blood Vessel Branching (GO:1905553),0.0297501659194636
55,BP,Regulation of Bone Remodeling (GO:0046850),0.0297501659194636
55,BP,Regulation of Cardiac Muscle Cell Apoptotic Process (GO:0010665),0.0297501659194636
55,BP,Regulation of Cartilage Development (GO:0061035),0.0297501659194636
55,BP,Regulation of Epithelial Cell Apoptotic Process (GO:1904035),0.0297501659194636
55,BP,Regulation of Granulocyte Chemotaxis (GO:0071622),0.0297501659194636
55,BP,Regulation of Hepatocyte Proliferation (GO:2000345),0.0297501659194636
55,BP,Regulation of Inflammatory Response to Wounding (GO:0106014),0.0297501659194636
55,BP,Regulation of Leukocyte Adhesion to Vascular Endothelial Cell (GO:1904994),0.0297501659194636
55,BP,Regulation of Leukocyte Cell-Cell Adhesion (GO:1903037),0.0297501659194636
55,BP,Regulation of Leukocyte Chemotaxis (GO:0002688),0.0297501659194636
55,BP,Regulation of Macrophage Chemotaxis (GO:0010758),0.0297501659194636
55,BP,Regulation of Neural Precursor Cell Proliferation (GO:2000177),0.0297501659194636
55,BP,Regulation of Oligodendrocyte Differentiation (GO:0048713),0.0297501659194636
55,BP,Regulation of Protein Autophosphorylation (GO:0031952),0.0297501659194636
55,BP,Regulation of Regulatory T Cell Differentiation (GO:0045589),0.0297501659194636
55,BP,Regulation of Tissue Remodeling (GO:0034103),0.0297501659194636
55,BP,Regulation of Vascular Endothelial Cell Proliferation (GO:1905562),0.0297501659194636
55,BP,Response to Auditory Stimulus (GO:0010996),0.0297501659194636
55,BP,Sinoatrial Node Development (GO:0003163),0.0297501659194636
55,BP,Vitamin A Metabolic Process (GO:0006776),0.0297501659194636
55,BP,Cardiac Conduction System Development (GO:0003161),0.0298461283848109
55,BP,Fat-Soluble Vitamin Metabolic Process (GO:0006775),0.0298461283848109
55,BP,Positive Regulation of Neutrophil Migration (GO:1902624),0.0298461283848109
55,BP,Regulation of Chondrocyte Differentiation (GO:0032330),0.0298461283848109
55,BP,Regulation of Neutrophil Chemotaxis (GO:0090022),0.0298461283848109
55,BP,Cardiac Muscle Cell Differentiation (GO:0055007),0.0301017487559156
55,BP,Regulation of Keratinocyte Proliferation (GO:0010837),0.0301017487559156
55,BP,Positive Regulation of Leukocyte Migration (GO:0002687),0.0303426825474196
55,BP,Regulation of DNA Biosynthetic Process (GO:2000278),0.0303426825474196
55,BP,Negative Regulation of Mitotic Cell Cycle (GO:0045930),0.030785128970614
55,BP,Negative Regulation of Ossification (GO:0030279),0.030785128970614
55,BP,Positive Regulation of Response to Wounding (GO:1903036),0.030785128970614
55,BP,T Cell Activation Involved in Immune Response (GO:0002286),0.030785128970614
55,BP,Regulation of Neuron Migration (GO:2001222),0.031391113727586
55,BP,Positive Regulation of Interleukin-12 Production (GO:0032735),0.0325557340182411
55,BP,Ub-dep Prot Cat Proc via Multivsiclr Bdy Sorting Pway (GO:0043162),0.0325557340182411
55,BP,Positive Regulation of Substrate Adhesion-Dependent Cell Spreading (GO:1900026),0.0336611201957753
55,BP,Smoothened Signaling Pathway (GO:0007224),0.0336611201957753
55,BP,Negative Regulation of Cell Cycle Process (GO:0010948),0.0341929553521147
55,BP,Fatty Acid Transport (GO:0015908),0.0357109203143303
55,BP,Positive Regulation of Lymphocyte Differentiation (GO:0045621),0.0357109203143303
55,BP,SCF-dependent Proteasomal Ubiquitin-Dependent Protein Catabolic Process (GO:0031146),0.0357109203143303
55,BP,Female Gamete Generation (GO:0007292),0.0361925650560142
55,BP,Regulation of Ossification (GO:0030278),0.0393188788797892
55,BP,Nervous System Development (GO:0007399),0.0401644264551756
55,BP,Positive Regulation of Chemotaxis (GO:0050921),0.0401644264551756
55,BP,Regulation of T Cell Differentiation (GO:0045580),0.0405723807079663
55,BP,Activation of Protein Kinase Activity (GO:0032147),0.040862883834837
55,BP,Positive Regulation of Cell-Cell Adhesion (GO:0022409),0.040862883834837
55,BP,Positive Regulation of Epithelial to Mesenchymal Transition (GO:0010718),0.040862883834837
55,BP,Positive Regulation of Leukocyte Cell-Cell Adhesion (GO:1903039),0.040862883834837
55,BP,Regulation of Interleukin-12 Production (GO:0032655),0.040862883834837
55,BP,Glycoprotein Metabolic Process (GO:0009100),0.04160247999083
55,BP,Regulation of Substrate Adhesion-Dependent Cell Spreading (GO:1900024),0.04160247999083
55,BP,Positive Regulation of Leukocyte Chemotaxis (GO:0002690),0.0443056995209206
55,BP,Regulation of Mitotic Nuclear Division (GO:0007088),0.0454041431563086
55,BP,Positive Regulation of T Cell Differentiation (GO:0045582),0.0490429390544649
55,BP,Retinoid Metabolic Process (GO:0001523),0.0490429390544649
55,CC,Ciliary Membrane (GO:0060170),0.208965693231393
55,CC,Lipid Droplet (GO:0005811),0.208965693231393
55,CC,SCF Ubiquitin Ligase Complex (GO:0019005),0.208965693231393
55,KEGG,Hedgehog signaling pathway,0.0276557869621033
55,KEGG,Nicotinate and nicotinamide metabolism,0.0276557869621033
55,MF,Retinol Binding (GO:0019841),0.0474564494197381
55,Reactome,Diseases Associated With Visual Transduction,0.0551003616823151
55,Reactome,Diseases of the Neuronal System,0.0551003616823151
55,Reactome,Metabolism of Vitamins and Cofactors,0.0551003616823151
57,BP,Central Nervous System Neuron Axonogenesis (GO:0021955),0.00747737564178876
57,BP,Calcium Ion Import Across Plasma Membrane (GO:0098703),0.023997746394414
57,BP,Calcium Ion Import Into Cytosol (GO:1902656),0.023997746394414
57,BP,Calcium Ion Import (GO:0070509),0.0242718843577335
57,BP,Positive Regulation of Synapse Assembly (GO:0051965),0.0242718843577335
57,BP,Myelination (GO:0042552),0.0321456701485628
57,BP,Negative Regulation of Protein Serine/Threonine Kinase Activity (GO:0071901),0.0321456701485628
57,BP,Positive Regulation of Nervous System Development (GO:0051962),0.0321456701485628
57,BP,Positive Regulation of Cell Junction Assembly (GO:1901890),0.0415451963313049
57,BP,Regulation of Synapse Assembly (GO:0051963),0.0415451963313049
57,BP,Calcium Ion Transmembrane Import Into Cytosol (GO:0097553),0.0487373630448887
57,CC,Dendrite (GO:0030425),0.00848130048673749
57,KEGG,Calcium signaling pathway,0.194334837753592
57,KEGG,Glutamatergic synapse,0.194334837753592
57,KEGG,RNA polymerase,0.194334837753592
57,MF,Bis(5'-Adenosyl)-Pentaphosphatase Activity (GO:0034432),0.0669143773639308
57,MF,Calcium:Monoatomic Cation Antiporter Activity (GO:0015368),0.0669143773639308
57,MF,Calcium:Sodium Antiporter Activity (GO:0005432),0.0669143773639308
57,Reactome,Activation of Ca-permeable Kainate Receptor,0.151685622384314
57,Reactome,Neuronal System,0.151685622384314
57,Reactome,Synthesis of Pyrophosphates in the Cytosol,0.151685622384314
58,BP,Bone Morphogenesis (GO:0060349),0.0414806229425701
58,BP,Cellular Response to Estrogen Stimulus (GO:0071391),0.0414806229425701
58,BP,Cellular Response to Iron Ion (GO:0071281),0.0414806229425701
58,BP,Defense Response to Tumor Cell (GO:0002357),0.0414806229425701
58,BP,Immunological Synapse Formation (GO:0001771),0.0414806229425701
58,BP,Intracellular Monoatomic Cation Homeostasis (GO:0030003),0.0414806229425701
58,BP,Lens Fiber Cell Differentiation (GO:0070306),0.0414806229425701
58,BP,Negative Regulation of Granulocyte Differentiation (GO:0030853),0.0414806229425701
58,BP,Neuropeptide Signaling Pathway (GO:0007218),0.0414806229425701
58,BP,Parallel Actin Filament Bundle Assembly (GO:0030046),0.0414806229425701
58,BP,Positive Regulation of DNA-templated Transcription (GO:0045893),0.0414806229425701
58,BP,Positive Regulation of Interleukin-13 Production (GO:0032736),0.0414806229425701
58,BP,Positive Regulation of Interleukin-5 Production (GO:0032754),0.0414806229425701
58,BP,Positive Regulation of Peptide Secretion (GO:0002793),0.0414806229425701
58,BP,Positive Regulation of Protein Maturation (GO:1903319),0.0414806229425701
58,BP,Positive Regulation of T-helper 2 Cell Differentiation (GO:0045630),0.0414806229425701
58,BP,Positive Regulation of T-helper Cell Differentiation (GO:0045624),0.0414806229425701
58,BP,Positive Regulation of Transcription by RNA Polymerase II (GO:0045944),0.0414806229425701
58,BP,Positive Regulation of Type 2 Immune Response (GO:0002830),0.0414806229425701
58,BP,Positive Regulation of Voltage-Gated Calcium Channel Activity (GO:1901387),0.0414806229425701
58,BP,Programmed Necrotic Cell Death (GO:0097300),0.0414806229425701
58,BP,Protein Import (GO:0017038),0.0414806229425701
58,BP,Protein Localization to Phagophore Assembly Site (GO:0034497),0.0414806229425701
58,BP,Regulation of Cilium Beat Frequency (GO:0003356),0.0414806229425701
58,BP,Regulation of Cilium Movement (GO:0003352),0.0414806229425701
58,BP,Regulation of Granulocyte Differentiation (GO:0030852),0.0414806229425701
58,BP,Regulation of Hormone Biosynthetic Process (GO:0046885),0.0414806229425701
58,BP,Regulation of Interleukin-5 Production (GO:0032674),0.0414806229425701
58,BP,Regulation of T-helper 2 Cell Differentiation (GO:0045628),0.0414806229425701
58,BP,Regulation of Voltage-Gated Calcium Channel Activity (GO:1901385),0.0414806229425701
58,BP,Response to Iron Ion (GO:0010039),0.0414806229425701
58,BP,Retinoic Acid Receptor Signaling Pathway (GO:0048384),0.0414806229425701
58,BP,T Cell Mediated Cytotoxicity (GO:0001913),0.0414806229425701
58,BP,Transferrin Transport (GO:0033572),0.0414806229425701
58,BP,Multicellular Organismal-Level Iron Ion Homeostasis (GO:0060586),0.0418089638837524
58,BP,Regulation of Interleukin-13 Production (GO:0032656),0.0418089638837524
58,BP,Cilium Movement Involved in Cell Motility (GO:0060294),0.0435560298599584
58,BP,Iron Ion Transport (GO:0006826),0.0435560298599584
58,BP,Microautophagy (GO:0016237),0.0435560298599584
58,BP,Piecemeal Microautophagy of the Nucleus (GO:0034727),0.0435560298599584
58,BP,Positive Regulation of Calcium Ion Transmembrane Transporter Activity (GO:1901021),0.0435560298599584
58,BP,Positive Regulation of Hormone Secretion (GO:0046887),0.0435560298599584
58,BP,Positive Regulation of Interleukin-4 Production (GO:0032753),0.0435560298599584
58,BP,Reticulophagy (GO:0061709),0.0435560298599584
58,BP,Skeletal Muscle Contraction (GO:0003009),0.0435560298599584
58,BP,T Cell Mediated Immunity (GO:0002456),0.0435560298599584
58,BP,Nucleophagy (GO:0044804),0.04405011243649
58,BP,Regulation of Biosynthetic Process (GO:0009889),0.04405011243649
58,BP,Regulation of Interleukin-4 Production (GO:0032673),0.04405011243649
58,BP,Regulation of Transcription by RNA Polymerase II (GO:0006357),0.04405011243649
58,BP,Apoptotic Cell Clearance (GO:0043277),0.0470818649731237
58,BP,Negative Regulation of miRNA Transcription (GO:1902894),0.0480848638579987
58,BP,Cilium-Dependent Cell Motility (GO:0060285),0.0498453421756994
58,BP,Negative Regulation of miRNA Metabolic Process (GO:2000629),0.0498453421756994
58,BP,Protein Transport (GO:0015031),0.0498453421756994
58,BP,Negative Regulation of Type II Interferon Production (GO:0032689),0.0499596258282246
58,CC,Cytolytic Granule (GO:0044194),0.0758010067702481
58,CC,HFE-transferrin Receptor Complex (GO:1990712),0.0758010067702481
58,CC,Non-Motile Cilium (GO:0097730),0.185651342036795
58,KEGG,Acute myeloid leukemia,0.128086171363683
58,KEGG,Amyotrophic lateral sclerosis,0.128086171363683
58,KEGG,Pathways of neurodegeneration,0.128086171363683
58,MF,Phosphatase Binding (GO:0019902),0.060211506473513
58,MF,Phospholipid Scramblase Activity (GO:0017128),0.060211506473513
58,MF,Protein Kinase B Binding (GO:0043422),0.060211506473513
58,Reactome,Defective B4GALT1 Causes B4GALT1-CDG (CDG-2d),0.106156843392151
58,Reactome,Defective CHST6 Causes MCDC1,0.106156843392151
58,Reactome,Defective ST3GAL3 Causes MCT12 and EIEE15,0.106156843392151
59,BP,Antimicrobial Humoral Immune Response Mediated by Antimicrobial Peptide (GO:0061844),0.201712712162162
59,BP,Low-Density Lipoprotein Particle Remodeling (GO:0034374),0.201712712162162
59,BP,Negative Regulation of Hydrolase Activity (GO:0051346),0.201712712162162
59,CC,Low-Density Lipoprotein Particle (GO:0034362),0.0232008020495724
59,KEGG,D-Glutamine and D-glutamate metabolism,0.401998362641141
59,KEGG,Intestinal immune network for IgA production,0.401998362641141
59,KEGG,PPAR signaling pathway,0.401998362641141
59,MF,1-Alkyl-2-Acetylglycerophosphocholine Esterase Activity (GO:0003847),0.186598519029741
59,MF,Adenylate Kinase Activity (GO:0004017),0.186598519029741
59,MF,"Phosphotransferase Activity, Phosphate Group as Acceptor (GO:0016776)",0.186598519029741
59,Reactome,Metabolism,0.239270332201785
59,Reactome,Retinoid Metabolism and Transport,0.239270332201785
59,Reactome,Surfactant Metabolism,0.239270332201785
6,BP,Regulation of DNA-templated Transcription (GO:0006355),2.15683331843252e-41
6,BP,Regulation of Transcription by RNA Polymerase II (GO:0006357),1.73478517257453e-27
6,BP,Regulation of RNA Biosynthetic Process (GO:2001141),7.11172355753166e-11
6,BP,Regulation of Gene Expression (GO:0010468),6.83100055937802e-08
6,BP,Negative Regulation of DNA-templated Transcription (GO:0045892),0.0425706291193751
6,BP,SMAD Protein Signal Transduction (GO:0060395),0.0425706291193751
6,CC,Nucleus (GO:0005634),6.65984570695067e-07
6,CC,Intracellular Membrane-Bounded Organelle (GO:0043231),1.23655868613236e-05
6,KEGG,Herpes simplex virus 1 infection,9.01403086353766e-28
6,MF,RNA Polymerase II Transcription Regulatory Region Sequence-Specific DNA Binding (GO:0000977),6.51406452770464e-43
6,MF,Cis-Regulatory Region Sequence-Specific DNA Binding (GO:0000987),1.19485112680159e-32
6,MF,RNA Polymerase II Cis-Regulatory Region Sequence-Specific DNA Binding (GO:0000978),4.31466751265324e-31
6,MF,Sequence-Specific DNA Binding (GO:0043565),4.54987738097079e-12
6,MF,Transcription Cis-Regulatory Region Binding (GO:0000976),8.93630617571719e-10
6,MF,Sequence-Specific Double-Stranded DNA Binding (GO:1990837),2.37924448815636e-08
6,MF,Double-Stranded DNA Binding (GO:0003690),5.04995006368884e-07
6,MF,"DNA-binding Transcription Activator Activity, RNA Polymerase II-specific (GO:0001228)",2.68464632093701e-05
6,MF,"DNA-binding Transcription Repressor Activity, RNA Polymerase II-specific (GO:0001227)",0.00167422688986477
6,MF,Zinc Ion Binding (GO:0008270),0.00198974876891235
6,MF,I-SMAD Binding (GO:0070411),0.00241506007944852
6,MF,Transition Metal Ion Binding (GO:0046914),0.00767838547244209
6,MF,Transcription Coactivator Binding (GO:0001223),0.0117343393859645
6,MF,DEAD/H-box RNA Helicase Binding (GO:0017151),0.0345437450715095
6,MF,cAMP Response Element Binding (GO:0035497),0.0481302292942757
6,Reactome,Gene Expression (Transcription),9.65641009438389e-18
6,Reactome,Generic Transcription Pathway,9.65641009438389e-18
6,Reactome,RNA Polymerase II Transcription,9.65641009438389e-18
6,Reactome,Regulation of Endogenous Retroelements by KRAB-ZFP Proteins,6.93828505008886e-06
6,Reactome,Regulation of Endogenous Retroelements,5.26175730260726e-05
6,Reactome,TGFBR3 Expression,0.00275125013517124
6,Reactome,Epigenetic Regulation of Gene Expression,0.00843556861123514
6,Reactome,Signaling by TGFBR3,0.0110533012679151
6,Reactome,Signaling by TGFB Family Members,0.0338678797545187
61,BP,Inorganic Anion Transport (GO:0015698),0.0233221895409933
61,BP,Monoatomic Anion Transport (GO:0006820),0.0233221895409933
61,BP,Cellular Response to Interleukin-4 (GO:0071353),0.0369764342237469
61,BP,Chloride Transport (GO:0006821),0.0369764342237469
61,BP,Digestive Tract Morphogenesis (GO:0048546),0.0369764342237469
61,BP,Embryonic Heart Tube Development (GO:0035050),0.0369764342237469
61,BP,Endothelial Cell Differentiation (GO:0045446),0.0369764342237469
61,BP,Granulocyte Differentiation (GO:0030851),0.0369764342237469
61,BP,Lymphatic Endothelial Cell Differentiation (GO:0060836),0.0369764342237469
61,BP,Membrane Lipid Catabolic Process (GO:0046466),0.0369764342237469
61,BP,Membrane Lipid Metabolic Process (GO:0006643),0.0369764342237469
61,BP,Negative Regulation of RNA Biosynthetic Process (GO:1902679),0.0369764342237469
61,BP,Negative Regulation of Toll-Like Receptor Signaling Pathway (GO:0034122),0.0369764342237469
61,BP,Positive Regulation by Host of Viral Transcription (GO:0043923),0.0369764342237469
61,BP,Positive Regulation of Cardiac Muscle Cell Proliferation (GO:0060045),0.0369764342237469
61,BP,Positive Regulation of Cardiac Muscle Tissue Growth (GO:0055023),0.0369764342237469
61,BP,Positive Regulation of Cell Motility (GO:2000147),0.0369764342237469
61,BP,Positive Regulation of Endothelial Cell-Matrix Adhesion via Fibronectin (GO:1904906),0.0369764342237469
61,BP,Positive Regulation of Granulocyte Differentiation (GO:0030854),0.0369764342237469
61,BP,Positive Regulation of Neuroepithelial Cell Differentiation (GO:1902913),0.0369764342237469
61,BP,Positive Regulation of Odontoblast Differentiation (GO:1901331),0.0369764342237469
61,BP,Positive Regulation of RNA Biosynthetic Process (GO:1902680),0.0369764342237469
61,BP,Regulation of DNA-templated Transcription (GO:0006355),0.0369764342237469
61,BP,Regulation of Endothelial Cell-Matrix Adhesion via Fibronectin (GO:1904904),0.0369764342237469
61,BP,Regulation of Granulocyte Differentiation (GO:0030852),0.0369764342237469
61,BP,Regulation of Interleukin-13 Production (GO:0032656),0.0369764342237469
61,BP,Regulation of Interleukin-5 Production (GO:0032674),0.0369764342237469
61,BP,Regulation of Odontoblast Differentiation (GO:1901329),0.0369764342237469
61,BP,Regulation of Transcription by RNA Polymerase II (GO:0006357),0.0369764342237469
61,BP,Response to Interleukin-4 (GO:0070670),0.0369764342237469
61,BP,Secondary Palate Development (GO:0062009),0.0369764342237469
61,BP,Smooth Muscle Contraction (GO:0006939),0.0369764342237469
61,BP,T-helper 1 Cell Differentiation (GO:0045063),0.0369764342237469
61,BP,T-helper 1 Type Immune Response (GO:0042088),0.0369764342237469
61,BP,Positive Regulation of Cell Cycle Phase Transition (GO:1901989),0.0390112013204604
61,BP,Vasculature Development (GO:0001944),0.0390112013204604
61,BP,Positive Regulation of Smoothened Signaling Pathway (GO:0045880),0.0408279071949892
61,BP,Regulation of Cardiac Muscle Cell Proliferation (GO:0060043),0.0408279071949892
61,BP,Endothelial Cell Development (GO:0001885),0.0412039646623017
61,BP,Negative Regulation of DNA Binding (GO:0043392),0.0412039646623017
61,BP,Positive Regulation of DNA Replication (GO:0045740),0.0412039646623017
61,BP,Regulation of Interleukin-4 Production (GO:0032673),0.0412039646623017
61,BP,T-helper Cell Differentiation (GO:0042093),0.0412039646623017
61,BP,Regulation of Toll-Like Receptor Signaling Pathway (GO:0034121),0.0419348558585093
61,BP,Blood Vessel Endothelial Cell Migration (GO:0043534),0.0420575852499637
61,BP,Positive Regulation of Cell Migration (GO:0030335),0.0420575852499637
61,BP,Positive Regulation of Transcription by RNA Polymerase II (GO:0045944),0.0420575852499637
61,BP,Establishment of Endothelial Barrier (GO:0061028),0.0425706893740004
61,BP,Negative Regulation of DNA-templated Transcription (GO:0045892),0.0425706893740004
61,BP,Positive Regulation of Calcium-Mediated Signaling (GO:0050850),0.0442279816664604
61,BP,Protein Localization to Chromatin (GO:0071168),0.0467445875098669
61,BP,Vasculogenesis (GO:0001570),0.0467445875098669
61,BP,Smoothened Signaling Pathway (GO:0007224),0.0486178972413766
61,CC,beta-catenin-TCF Complex (GO:1990907),0.0362089123665627
61,KEGG,Basal cell carcinoma,0.0110742519217979
61,MF,Cis-Regulatory Region Sequence-Specific DNA Binding (GO:0000987),0.00192307449847759
61,MF,RNA Polymerase II Cis-Regulatory Region Sequence-Specific DNA Binding (GO:0000978),0.00192307449847759
61,MF,RNA Polymerase II Transcription Regulatory Region Sequence-Specific DNA Binding (GO:0000977),0.00271524980668842
61,MF,"DNA-binding Transcription Activator Activity, RNA Polymerase II-specific (GO:0001228)",0.00403407304385466
61,MF,Transcription Cis-Regulatory Region Binding (GO:0000976),0.015466720644373
61,MF,Armadillo Repeat Domain Binding (GO:0070016),0.0172987740206368
61,MF,C2H2 Zinc Finger Domain Binding (GO:0070742),0.0183780137187974
61,MF,Sequence-Specific DNA Binding (GO:0043565),0.0183780137187974
61,MF,Sequence-Specific Double-Stranded DNA Binding (GO:1990837),0.0183780137187974
61,MF,"DNA Binding, Bending (GO:0008301)",0.0251439752721479
61,MF,Metallocarboxypeptidase Activity (GO:0004181),0.0322140087359813
61,MF,Carboxypeptidase Activity (GO:0004180),0.0378529815984049
61,MF,Neuropeptide Receptor Activity (GO:0008188),0.0378529815984049
61,MF,Nuclear Estrogen Receptor Binding (GO:0030331),0.0378529815984049
61,MF,Phosphoric Diester Hydrolase Activity (GO:0008081),0.0422162904750274
61,MF,Transcription Corepressor Binding (GO:0001222),0.0422162904750274
61,MF,Metalloexopeptidase Activity (GO:0008235),0.0423568085934958
61,MF,Phosphoric Ester Hydrolase Activity (GO:0042578),0.0423568085934958
61,Reactome,Binding of TCF LEF CTNNB1 to Target Gene Promoters,0.0691791912249571
61,Reactome,GLI Proteins Bind Promoters of Hh Responsive Genes to Promote Transcription,0.0691791912249571
61,Reactome,RUNX3 Regulates WNT Signaling,0.0691791912249571
63,BP,Positive Regulation of Response to Endoplasmic Reticulum Stress (GO:1905898),0.00416212036415055
63,BP,Endocytosis Involved in Viral Entry Into Host Cell (GO:0075509),0.0146486221835075
63,BP,Receptor-Mediated Endocytosis of Virus by Host Cell (GO:0019065),0.0146486221835075
63,BP,Response to Molecule of Bacterial Origin (GO:0002237),0.0146486221835075
63,BP,Positive Regulation of ERAD Pathway (GO:1904294),0.0228145300581483
63,BP,Regulation of Adaptive Immune Response (GO:0002819),0.0228145300581483
63,BP,Regulation of Immune Response (GO:0050776),0.0228145300581483
63,BP,Regulation of ERAD Pathway (GO:1904292),0.0299242485772974
63,BP,Negative Regulation of Endocytosis (GO:0045806),0.0375436429305739
63,BP,Positive Regulation of Cholesterol Transport (GO:0032376),0.0375436429305739
63,BP,Receptor-Mediated Endocytosis (GO:0006898),0.0375436429305739
63,BP,Regulation of Response to Biotic Stimulus (GO:0002831),0.0375436429305739
63,BP,Regulation of Response to External Stimulus (GO:0032101),0.0375436429305739
63,BP,Regulation of Vasoconstriction (GO:0019229),0.0375436429305739
63,BP,Regulation of Cytosolic Calcium Ion Concentration (GO:0051480),0.0392799522414371
63,BP,Negative Regulation of Endothelial Cell Proliferation (GO:0001937),0.0410182545253844
63,BP,Regulation of Potassium Ion Transmembrane Transport (GO:1901379),0.0427570552491263
63,BP,Skeletal Muscle Tissue Development (GO:0007519),0.0444951962483025
63,BP,Cellular Response to Nitrogen Compound (GO:1901699),0.0460686094643197
63,CC,Endosome Lumen (GO:0031904),0.0340028126922078
63,KEGG,Fluid shear stress and atherosclerosis,0.00296712681628079
63,KEGG,Bacterial invasion of epithelial cells,0.00399868728423276
63,KEGG,Complement and coagulation cascades,0.00399868728423276
63,KEGG,Proteoglycans in cancer,0.00399868728423276
63,KEGG,Focal adhesion,0.0275564582899116
63,KEGG,Malaria,0.0275564582899116
63,KEGG,Transcriptional misregulation in cancer,0.0275564582899116
63,MF,IgG Receptor Activity (GO:0019770),0.0992609440789468
63,MF,"Intramolecular Oxidoreductase Activity, Interconverting Aldoses and Ketoses (GO:0016861)",0.0992609440789468
63,MF,Patched Binding (GO:0005113),0.0992609440789468
63,Reactome,Extra-nuclear Estrogen Signaling,0.134873161848327
63,Reactome,NFE2L2 Regulating ER-stress Associated Genes,0.134873161848327
63,Reactome,NOSTRIN Mediated eNOS Trafficking,0.134873161848327
65,BP,Negative Regulation of Cell Differentiation (GO:0045596),0.000991204960498125
65,BP,Response to Estradiol (GO:0032355),0.0161120227196541
65,BP,Cellular Response to Growth Factor Stimulus (GO:0071363),0.0374388925664024
65,BP,Coronary Vasculature Morphogenesis (GO:0060977),0.0374388925664024
65,BP,Ear Development (GO:0043583),0.0374388925664024
65,BP,Enamel Mineralization (GO:0070166),0.0374388925664024
65,BP,ERBB2-EGFR Signaling Pathway (GO:0038134),0.0374388925664024
65,BP,Negative Regulation of Apoptotic Process (GO:0043066),0.0374388925664024
65,BP,Negative Regulation of Cardiocyte Differentiation (GO:1905208),0.0374388925664024
65,BP,Negative Regulation of Neuron Migration (GO:2001223),0.0374388925664024
65,BP,Negative Regulation of Osteoblast Proliferation (GO:0033689),0.0374388925664024
65,BP,Osteoblast Development (GO:0002076),0.0374388925664024
65,BP,Positive Regulation of Cell Population Proliferation (GO:0008284),0.0374388925664024
65,BP,Positive Regulation of Epithelial Cell Proliferation (GO:0050679),0.0374388925664024
65,BP,Positive Regulation of Phosphorylation (GO:0042327),0.0374388925664024
65,BP,Positive Regulation of Protein Modification Process (GO:0031401),0.0374388925664024
65,BP,Positive Regulation of Protein Phosphorylation (GO:0001934),0.0374388925664024
65,BP,"Post-Translational Protein Targeting to Membrane, Translocation (GO:0031204)",0.0374388925664024
65,BP,Regulation of Epithelial Cell Proliferation (GO:0050678),0.0374388925664024
65,BP,Regulation of Growth Hormone Receptor Signaling Pathway (GO:0060398),0.0374388925664024
65,BP,Regulation of Protein Phosphorylation (GO:0001932),0.0374388925664024
65,BP,Thyroid Gland Development (GO:0030878),0.0374388925664024
65,BP,Tongue Development (GO:0043586),0.0374388925664024
65,BP,Cellular Response to Growth Hormone Stimulus (GO:0071378),0.0382040999202048
65,BP,Cellular Response to Lipid (GO:0071396),0.0382040999202048
65,BP,Cochlea Morphogenesis (GO:0090103),0.0382040999202048
65,BP,Dendrite Self-Avoidance (GO:0070593),0.0382040999202048
65,BP,Embryonic Cranial Skeleton Morphogenesis (GO:0048701),0.0382040999202048
65,BP,ERBB2 Signaling Pathway (GO:0038128),0.0382040999202048
65,BP,Glucan Metabolic Process (GO:0044042),0.0382040999202048
65,BP,Muscle Cell Fate Commitment (GO:0042693),0.0382040999202048
65,BP,Peptidyl-Tyrosine Autophosphorylation (GO:0038083),0.0382040999202048
65,BP,Positive Regulation of Cellular Process (GO:0048522),0.0382040999202048
65,BP,Positive Regulation of Mesenchymal Cell Proliferation (GO:0002053),0.0382040999202048
65,BP,Post-Translational Protein Targeting to Endoplasmic Reticulum Membrane (GO:0006620),0.0382040999202048
65,BP,Regulation of Animal Organ Morphogenesis (GO:2000027),0.0382040999202048
65,BP,Regulation of Canonical Wnt Signaling Pathway (GO:0060828),0.0382040999202048
65,BP,Regulation of Cell Growth (GO:0001558),0.0382040999202048
65,BP,Regulation of Cell Population Proliferation (GO:0042127),0.0382040999202048
65,BP,Regulation of Mesenchymal Cell Proliferation (GO:0010464),0.0382040999202048
65,BP,Response to UV-A (GO:0070141),0.0382040999202048
65,BP,Retinoic Acid Receptor Signaling Pathway (GO:0048384),0.0382040999202048
65,BP,Sensory Organ Morphogenesis (GO:0090596),0.0382040999202048
65,BP,Thymus Development (GO:0048538),0.0382040999202048
65,BP,Tooth Mineralization (GO:0034505),0.0382040999202048
65,BP,Aorta Development (GO:0035904),0.039181356163881
65,BP,Odontogenesis of Dentin-Containing Tooth (GO:0042475),0.039181356163881
65,BP,Establishment of Protein Localization to Endoplasmic Reticulum (GO:0072599),0.0392760359082897
65,BP,Regulation of MAPK Cascade (GO:0043408),0.0392760359082897
65,BP,Regulation of Osteoblast Proliferation (GO:0033688),0.0392760359082897
65,BP,Muscle Tissue Morphogenesis (GO:0060415),0.0393588431932992
65,BP,Negative Regulation of Receptor Signaling Pathway via JAK-STAT (GO:0046426),0.0393588431932992
65,BP,Negative Regulation of Receptor Signaling Pathway via STAT (GO:1904893),0.0393588431932992
65,BP,Aorta Morphogenesis (GO:0035909),0.039431686539266
65,BP,Pharyngeal System Development (GO:0060037),0.039431686539266
65,BP,Positive Regulation of Sprouting Angiogenesis (GO:1903672),0.039431686539266
65,BP,Artery Development (GO:0060840),0.0396906632468095
65,BP,Cellular Response to Estradiol Stimulus (GO:0071392),0.0396906632468095
65,BP,Energy Reserve Metabolic Process (GO:0006112),0.0396906632468095
65,BP,Glycogen Metabolic Process (GO:0005977),0.0396906632468095
65,BP,Growth Hormone Receptor Signaling Pathway (GO:0060396),0.0396906632468095
65,BP,Intracellular Protein Transmembrane Transport (GO:0065002),0.0396906632468095
65,BP,Mesoderm Development (GO:0007498),0.0396906632468095
65,BP,Negative Regulation of Cell Communication (GO:0010648),0.0396906632468095
65,BP,Negative Regulation of ERBB Signaling Pathway (GO:1901185),0.0396906632468095
65,BP,Negative Regulation of Myeloid Cell Differentiation (GO:0045638),0.0396906632468095
65,BP,Positive Regulation of DNA Replication (GO:0045740),0.0396906632468095
65,BP,Positive Regulation of Phosphate Metabolic Process (GO:0045937),0.0396906632468095
65,BP,Protein Insertion Into Membrane (GO:0051205),0.0396906632468095
65,BP,Protein Targeting to ER (GO:0045047),0.0396906632468095
65,BP,Response to Fibroblast Growth Factor (GO:0071774),0.0396906632468095
65,BP,Ear Morphogenesis (GO:0042471),0.0397273861488779
65,BP,Endocrine System Development (GO:0035270),0.0397273861488779
65,BP,Outflow Tract Septum Morphogenesis (GO:0003148),0.0397273861488779
65,BP,Negative Regulation of Epidermal Growth Factor Receptor Signaling Pathway (GO:0042059),0.0408207347497746
65,BP,Positive Regulation of Transcription by RNA Polymerase II (GO:0045944),0.0427855512035776
65,BP,Cellular Response to Epidermal Growth Factor Stimulus (GO:0071364),0.0428296906254259
65,BP,Inner Ear Morphogenesis (GO:0042472),0.0428296906254259
65,BP,Negative Regulation of Signaling (GO:0023057),0.0428296906254259
65,BP,Regulation of Myeloid Cell Differentiation (GO:0045637),0.0428296906254259
65,BP,Artery Morphogenesis (GO:0048844),0.0435706641413326
65,BP,Determination of Bilateral Symmetry (GO:0009855),0.0435706641413326
65,BP,Mesenchymal Cell Migration (GO:0090497),0.0435706641413326
65,BP,Positive Regulation of MAPK Cascade (GO:0043410),0.0435706641413326
65,BP,Positive Regulation of Peptidyl-Serine Phosphorylation (GO:0033138),0.0435706641413326
65,BP,Regulation of Neuron Migration (GO:2001222),0.0435706641413326
65,BP,Response to Epidermal Growth Factor (GO:0070849),0.0435706641413326
65,BP,Cellular Response to Oxygen-Containing Compound (GO:1901701),0.0439071925417584
65,BP,Embryonic Skeletal System Morphogenesis (GO:0048704),0.0439071925417584
65,BP,Negative Regulation of Programmed Cell Death (GO:0043069),0.0439071925417584
65,BP,Nuclear Receptor-Mediated Signaling Pathway (GO:0141193),0.0439071925417584
65,BP,Positive Regulation of G1/S Transition of Mitotic Cell Cycle (GO:1900087),0.0439071925417584
65,BP,Negative Regulation of Osteoblast Differentiation (GO:0045668),0.0454839776240838
65,BP,Neural Crest Cell Migration (GO:0001755),0.0454839776240838
65,BP,Left/Right Pattern Formation (GO:0060972),0.0462795127846385
65,BP,Muscle Cell Differentiation (GO:0042692),0.0468534493455813
65,BP,Neuron Projection Extension (GO:1990138),0.0468534493455813
65,BP,Regulation of Peptidyl-Serine Phosphorylation (GO:0033135),0.0468534493455813
65,BP,Regulation of Sprouting Angiogenesis (GO:1903670),0.0468534493455813
65,BP,Phosphatidylinositol 3-Kinase/Protein Kinase B Signal Transduction (GO:0043491),0.0475936949232697
65,BP,Odontogenesis (GO:0042476),0.0490288616142683
65,BP,Visual System Development (GO:0150063),0.0490288616142683
65,BP,Cellular Response to Retinoic Acid (GO:0071300),0.0497246633433515
65,BP,Neural Crest Cell Development (GO:0014032),0.0499264409077701
65,BP,Regulation of Peptidyl-Tyrosine Phosphorylation (GO:0050730),0.0499264409077701
65,CC,"Multivesicular Body, Internal Vesicle (GO:0097487)",0.0453288884125592
65,CC,Sec61 Translocon Complex (GO:0005784),0.0453288884125592
65,KEGG,Insulin signaling pathway,0.100839225767899
65,KEGG,JAK-STAT signaling pathway,0.100839225767899
65,KEGG,Focal adhesion,0.102409987761246
65,MF,Double-Stranded DNA Binding (GO:0003690),0.0622467890120554
65,MF,Growth Hormone Receptor Binding (GO:0005131),0.0622467890120554
65,MF,Phosphorylation-Dependent Protein Binding (GO:0140031),0.0622467890120554
65,Reactome,Constitutive Signaling by EGFRvIII,0.0430738272521972
65,Reactome,Constitutive Signaling by Ligand-Responsive EGFR Cancer Variants,0.0430738272521972
65,Reactome,EGFR Interacts With Phospholipase C-gamma,0.0430738272521972
65,Reactome,EGFR Transactivation by Gastrin,0.0430738272521972
65,Reactome,ERBB2 Activates PTK6 Signaling,0.0430738272521972
65,Reactome,ERBB2 Regulates Cell Motility,0.0430738272521972
65,Reactome,Estrogen-dependent Nuclear Events Downstream of ESR-membrane Signaling,0.0430738272521972
65,Reactome,GAB1 Signalosome,0.0430738272521972
65,Reactome,Gastrin-CREB Signalling Pathway via PKC and MAPK,0.0430738272521972
65,Reactome,Glycogen Breakdown (Glycogenolysis),0.0430738272521972
65,Reactome,Glycogen Metabolism,0.0430738272521972
65,Reactome,GRB2 Events in EGFR Signaling,0.0430738272521972
65,Reactome,GRB2 Events in ERBB2 Signaling,0.0430738272521972
65,Reactome,Growth Hormone Receptor Signaling,0.0430738272521972
65,Reactome,Inhibition of Signaling by Overexpressed EGFR,0.0430738272521972
65,Reactome,Insertion of Tail-Anchored Proteins Into the Endoplasmic Reticulum Membrane,0.0430738272521972
65,Reactome,Interleukin-7 Signaling,0.0430738272521972
65,Reactome,Negative Regulation of FLT3,0.0430738272521972
65,Reactome,NOTCH3 Activation and Transmission of Signal to the Nucleus,0.0430738272521972
65,Reactome,PI3K Events in ERBB2 Signaling,0.0430738272521972
65,Reactome,PTK6 Promotes HIF1A Stabilization,0.0430738272521972
65,Reactome,SHC1 Events in EGFR Signaling,0.0430738272521972
65,Reactome,SHC1 Events in ERBB2 Signaling,0.0430738272521972
65,Reactome,Signal Transduction by L1,0.0430738272521972
65,Reactome,Signaling by EGFR in Cancer,0.0430738272521972
65,Reactome,Signaling by EGFRvIII in Cancer,0.0430738272521972
65,Reactome,Signaling by ERBB2 ECD Mutants,0.0430738272521972
65,Reactome,Signaling by ERBB2 KD Mutants,0.0430738272521972
65,Reactome,Signaling by ERBB2 TMD JMD Mutants,0.0430738272521972
65,Reactome,Signaling by Ligand-Responsive EGFR Variants in Cancer,0.0430738272521972
65,Reactome,Signaling by Overexpressed Wild-Type EGFR in Cancer,0.0430738272521972
65,Reactome,TFAP2 (AP-2) Family Regulates Transcription of Growth Factors and Their Receptors,0.0430738272521972
65,Reactome,Translation,0.0430738272521972
65,Reactome,Signaling by ERBB2 in Cancer,0.0434683773647981
65,Reactome,Cardiogenesis,0.0438395739036381
65,Reactome,Downregulation of ERBB2 Signaling,0.0457561340070626
65,Reactome,EGFR Downregulation,0.0475660435751421
65,Reactome,Respiratory Syncytial Virus (RSV) Attachment and Entry,0.0477963863432816
67,BP,Positive Regulation of DNA-templated Transcription (GO:0045893),0.00314036096268471
67,BP,Regulation of DNA-templated Transcription (GO:0006355),0.00314036096268471
67,BP,Regulation of Transcription by RNA Polymerase II (GO:0006357),0.00314036096268471
67,BP,Glucose Mediated Signaling Pathway (GO:0010255),0.0395449829112759
67,BP,Hexose Mediated Signaling (GO:0009757),0.0395449829112759
67,BP,Lipid Hydroxylation (GO:0002933),0.0395449829112759
67,BP,Negative Regulation of Cytokinesis (GO:0032466),0.0395449829112759
67,BP,Positive Regulation of Transcription by RNA Polymerase II (GO:0045944),0.0395449829112759
67,BP,Cellular Response to Nutrient (GO:0031670),0.0445536973394604
67,BP,Negative Regulation of Cell Division (GO:0051782),0.0445536973394604
67,BP,Negative Regulation of Fibrinolysis (GO:0051918),0.0445536973394604
67,BP,Oxidative Demethylation (GO:0070989),0.0445536973394604
67,BP,Positive Regulation of DNA-templated DNA Replication (GO:2000105),0.0445536973394604
67,CC,Transcription Factor AP-1 Complex (GO:0035976),0.0179799181793619
67,KEGG,Metabolism of xenobiotics by cytochrome P450,0.114509906071573
67,KEGG,Retinol metabolism,0.114509906071573
67,KEGG,Steroid hormone biosynthesis,0.114509906071573
67,MF,Transcription Cis-Regulatory Region Binding (GO:0000976),0.000368608614314695
67,MF,RNA Polymerase II Transcription Regulatory Region Sequence-Specific DNA Binding (GO:0000977),0.000662449984793147
67,MF,Cis-Regulatory Region Sequence-Specific DNA Binding (GO:0000987),0.00210246766527346
67,MF,RNA Polymerase II Cis-Regulatory Region Sequence-Specific DNA Binding (GO:0000978),0.00210246766527346
67,MF,Double-Stranded DNA Binding (GO:0003690),0.00321720497459527
67,MF,Sequence-Specific DNA Binding (GO:0043565),0.00332971478288212
67,MF,Sequence-Specific Double-Stranded DNA Binding (GO:1990837),0.00332971478288212
67,MF,Estrogen 16-Alpha-Hydroxylase Activity (GO:0101020),0.0188685679723223
67,MF,Double-Stranded Telomeric DNA Binding (GO:0003691),0.0191628123736519
67,MF,Retinoic Acid 4-Hydroxylase Activity (GO:0008401),0.0193970250805746
67,MF,bHLH Transcription Factor Binding (GO:0043425),0.0359316368260378
67,MF,"DNA-binding Transcription Activator Activity, RNA Polymerase II-specific (GO:0001228)",0.0359316368260378
67,MF,DNA-binding Transcription Factor Binding (GO:0140297),0.0359316368260378
67,MF,Metallocarboxypeptidase Activity (GO:0004181),0.0359316368260378
67,MF,Steroid Hydroxylase Activity (GO:0008395),0.0359316368260378
67,MF,Carboxypeptidase Activity (GO:0004180),0.0385075913186139
67,MF,Core Promoter Sequence-Specific DNA Binding (GO:0001046),0.0385075913186139
67,MF,"Oxidoreductase, Paired Donors, W Incorp or Reduc of O2, Reduced Flavin or Flavoprotein as One Donor, and Incorp of O (GO:0016712)",0.0385075913186139
67,MF,Telomeric DNA Binding (GO:0042162),0.0385075913186139
67,MF,Transcription Coactivator Binding (GO:0001223),0.0385075913186139
67,Reactome,ESR-mediated Signaling,0.0748678656168164
67,Reactome,Estrogen-dependent Gene Expression,0.0748678656168164
67,Reactome,TP53 Regulates Transcription of Genes Involved in G1 Cell Cycle Arrest,0.0748678656168164
68,BP,Regulation of DNA-templated Transcription (GO:0006355),8.68153479166772e-11
68,BP,Regulation of Transcription by RNA Polymerase II (GO:0006357),2.18572654372582e-09
68,CC,Nucleus (GO:0005634),0.000377028426701012
68,CC,Intracellular Membrane-Bounded Organelle (GO:0043231),0.000866721302406543
68,CC,TRAPPII Protein Complex (GO:1990071),0.0156044805281842
68,CC,TRAPPIII Protein Complex (GO:1990072),0.0156044805281842
68,CC,Nuclear Outer Membrane (GO:0005640),0.0214852160791454
68,KEGG,Herpes simplex virus 1 infection,2.3958832371029e-31
68,MF,RNA Polymerase II Transcription Regulatory Region Sequence-Specific DNA Binding (GO:0000977),2.59926838240172e-07
68,MF,Cis-Regulatory Region Sequence-Specific DNA Binding (GO:0000987),6.373273949419e-05
68,MF,RNA Polymerase II Cis-Regulatory Region Sequence-Specific DNA Binding (GO:0000978),6.373273949419e-05
68,MF,Transcription Cis-Regulatory Region Binding (GO:0000976),0.0214457895663887
68,Reactome,Generic Transcription Pathway,1.86011488423298e-16
68,Reactome,RNA Polymerase II Transcription,4.59486964569245e-16
68,Reactome,Gene Expression (Transcription),4.67356813327987e-15
7,BP,Regulation of DNA-templated Transcription (GO:0006355),2.15683331843252e-41
7,BP,Regulation of Transcription by RNA Polymerase II (GO:0006357),1.73478517257453e-27
7,BP,Regulation of RNA Biosynthetic Process (GO:2001141),7.11172355753166e-11
7,BP,Regulation of Gene Expression (GO:0010468),6.83100055937802e-08
7,BP,Negative Regulation of DNA-templated Transcription (GO:0045892),0.0425706291193751
7,BP,SMAD Protein Signal Transduction (GO:0060395),0.0425706291193751
7,CC,Nucleus (GO:0005634),6.65984570695067e-07
7,CC,Intracellular Membrane-Bounded Organelle (GO:0043231),1.23655868613236e-05
7,KEGG,Herpes simplex virus 1 infection,9.01403086353766e-28
7,MF,RNA Polymerase II Transcription Regulatory Region Sequence-Specific DNA Binding (GO:0000977),6.51406452770464e-43
7,MF,Cis-Regulatory Region Sequence-Specific DNA Binding (GO:0000987),1.19485112680159e-32
7,MF,RNA Polymerase II Cis-Regulatory Region Sequence-Specific DNA Binding (GO:0000978),4.31466751265324e-31
7,MF,Sequence-Specific DNA Binding (GO:0043565),4.54987738097079e-12
7,MF,Transcription Cis-Regulatory Region Binding (GO:0000976),8.93630617571719e-10
7,MF,Sequence-Specific Double-Stranded DNA Binding (GO:1990837),2.37924448815636e-08
7,MF,Double-Stranded DNA Binding (GO:0003690),5.04995006368884e-07
7,MF,"DNA-binding Transcription Activator Activity, RNA Polymerase II-specific (GO:0001228)",2.68464632093701e-05
7,MF,"DNA-binding Transcription Repressor Activity, RNA Polymerase II-specific (GO:0001227)",0.00167422688986477
7,MF,Zinc Ion Binding (GO:0008270),0.00198974876891235
7,MF,I-SMAD Binding (GO:0070411),0.00241506007944852
7,MF,Transition Metal Ion Binding (GO:0046914),0.00767838547244209
7,MF,Transcription Coactivator Binding (GO:0001223),0.0117343393859645
7,MF,DEAD/H-box RNA Helicase Binding (GO:0017151),0.0345437450715095
7,MF,cAMP Response Element Binding (GO:0035497),0.0481302292942757
7,Reactome,Gene Expression (Transcription),9.65641009438389e-18
7,Reactome,Generic Transcription Pathway,9.65641009438389e-18
7,Reactome,RNA Polymerase II Transcription,9.65641009438389e-18
7,Reactome,Regulation of Endogenous Retroelements by KRAB-ZFP Proteins,6.93828505008886e-06
7,Reactome,Regulation of Endogenous Retroelements,5.26175730260726e-05
7,Reactome,TGFBR3 Expression,0.00275125013517124
7,Reactome,Epigenetic Regulation of Gene Expression,0.00843556861123514
7,Reactome,Signaling by TGFBR3,0.0110533012679151
7,Reactome,Signaling by TGFB Family Members,0.0338678797545187
70,BP,Cilium Movement (GO:0003341),1.59367408086308e-16
70,BP,Axoneme Assembly (GO:0035082),2.47530786013574e-12
70,BP,Cilium-Dependent Cell Motility (GO:0060285),1.08368581489608e-09
70,BP,Axonemal Dynein Complex Assembly (GO:0070286),5.01990207822172e-09
70,BP,Cilium Assembly (GO:0060271),5.01990207822172e-09
70,BP,Cilium Organization (GO:0044782),4.12081058390486e-08
70,BP,Regulation of Cilium Movement (GO:0003352),1.23184790535528e-07
70,BP,Determination of Left/Right Symmetry (GO:0007368),1.53788691525691e-06
70,BP,Microtubule Bundle Formation (GO:0001578),1.53788691525691e-06
70,BP,Outer Dynein Arm Assembly (GO:0036158),1.53788691525691e-06
70,BP,Plasma Membrane Bounded Cell Projection Assembly (GO:0120031),1.98722908337607e-06
70,BP,Left/Right Pattern Formation (GO:0060972),1.22997622690574e-05
70,BP,Cilium Movement Involved in Cell Motility (GO:0060294),0.000100898570211868
70,BP,Organelle Assembly (GO:0070925),0.000100898570211868
70,BP,Cellular Component Assembly (GO:0022607),0.000283191222089051
70,BP,Axonemal Central Apparatus Assembly (GO:1904158),0.000327321418123331
70,BP,Determination of Bilateral Symmetry (GO:0009855),0.000327321418123331
70,BP,Regulation of Cilium Beat Frequency (GO:0003356),0.000647289659705528
70,BP,Inner Dynein Arm Assembly (GO:0036159),0.00263019174131176
70,BP,Motile Cilium Assembly (GO:0044458),0.00371792729278985
70,BP,Epithelial Cilium Movement Involved in Extracellular Fluid Movement (GO:0003351),0.0054356238500505
70,BP,Lung Development (GO:0030324),0.0135998805369131
70,BP,Protein-Containing Complex Assembly (GO:0065003),0.0300129781901076
70,CC,9+2 Motile Cilium (GO:0097729),1.00768735872051e-16
70,CC,Sperm Flagellum (GO:0036126),1.16507098847648e-10
70,CC,Motile Cilium (GO:0031514),1.27455375754855e-10
70,CC,Cilium (GO:0005929),7.36616311751047e-09
70,CC,Outer Dynein Arm (GO:0036157),0.00063197929915625
70,KEGG,Amyotrophic lateral sclerosis,0.153262546739853
70,KEGG,Huntington disease,0.153262546739853
70,KEGG,Pathways of neurodegeneration,0.191313815765067
70,MF,Potassium:Proton Antiporter Activity (GO:0015386),0.179466255363105
70,MF,Sodium:Proton Antiporter Activity (GO:0015385),0.179466255363105
70,MF,Solute:Potassium Antiporter Activity (GO:0022821),0.179466255363105
70,Reactome,Intraflagellar Transport,0.555758160765214
70,Reactome,Ion Channel Transport,0.555758160765214
70,Reactome,Stimuli-sensing Channels,0.555758160765214
71,BP,Regulation of DNA-templated Transcription (GO:0006355),1.42054456380228e-30
71,BP,Regulation of Transcription by RNA Polymerase II (GO:0006357),4.37486046171412e-30
71,CC,Nucleus (GO:0005634),3.2611907216577e-14
71,CC,Intracellular Membrane-Bounded Organelle (GO:0043231),1.16016701174221e-12
71,KEGG,Herpes simplex virus 1 infection,4.90183042937182e-50
71,MF,RNA Polymerase II Transcription Regulatory Region Sequence-Specific DNA Binding (GO:0000977),2.48981089608276e-33
71,MF,Cis-Regulatory Region Sequence-Specific DNA Binding (GO:0000987),4.32169180313051e-27
71,MF,RNA Polymerase II Cis-Regulatory Region Sequence-Specific DNA Binding (GO:0000978),4.77617641166392e-27
71,MF,Transcription Cis-Regulatory Region Binding (GO:0000976),0.00202303018163176
71,Reactome,Generic Transcription Pathway,3.68324544683937e-28
71,Reactome,RNA Polymerase II Transcription,3.65578628467423e-27
71,Reactome,Gene Expression (Transcription),3.94736576778549e-25
71,Reactome,Regulation of Endogenous Retroelements by KRAB-ZFP Proteins,0.021693960736277
71,Reactome,Regulation of Endogenous Retroelements,0.0356217223134963
72,BP,Cellular Response to Type II Interferon (GO:0071346),0.000730004365400344
72,BP,Defense Response to Virus (GO:0051607),0.000730004365400344
72,BP,Regulation of Innate Immune Response (GO:0045088),0.00125023375577368
72,BP,Type II Interferon-Mediated Signaling Pathway (GO:0060333),0.00125023375577368
72,BP,Negative Regulation of T Cell Mediated Immunity (GO:0002710),0.0024306430918727
72,BP,Response to Cytokine (GO:0034097),0.0024306430918727
72,BP,Response to Interferon-Beta (GO:0035456),0.00526339397247686
72,BP,Negative Regulation of Cytokine Production (GO:0001818),0.00671247159305173
72,BP,Negative Regulation of DNA-templated Transcription (GO:0045892),0.00763333415195242
72,BP,Positive Regulation of Response to Biotic Stimulus (GO:0002833),0.00853774686470646
72,BP,Positive Regulation of Innate Immune Response (GO:0045089),0.00924128148854994
72,BP,Interferon-Mediated Signaling Pathway (GO:0140888),0.0111236495126268
72,BP,Response to Type II Interferon (GO:0034341),0.0122162093660223
72,BP,Negative Regulation of Viral Process (GO:0048525),0.0128022977668195
72,BP,Regulation of Type I Interferon Production (GO:0032479),0.0128022977668195
72,BP,Negative Regulation of Transcription by RNA Polymerase II (GO:0000122),0.014347448131054
72,BP,Positive Regulation of Cytokine Production (GO:0001819),0.014893584605815
72,BP,Integrin-Mediated Signaling Pathway (GO:0007229),0.0178924474878939
72,BP,Regulation of Endothelial Cell Migration (GO:0010594),0.0178924474878939
72,BP,Positive Regulation of Immune Response (GO:0050778),0.0182886786158315
72,BP,Regulation of Immune Response (GO:0050776),0.0182886786158315
72,BP,Regulation of Transcription by RNA Polymerase II (GO:0006357),0.0182886786158315
72,BP,Cell-Matrix Adhesion (GO:0007160),0.021745044284742
72,BP,Antigen Processing and Presentation of Endogenous Peptide Antigen via MHC Class I (GO:0019885),0.0261460764019492
72,BP,Negative Regulation of Granulocyte Differentiation (GO:0030853),0.0261460764019492
72,BP,Negative Regulation of RNA Biosynthetic Process (GO:1902679),0.0261460764019492
72,BP,Positive Regulation of Defense Response (GO:0031349),0.0261460764019492
72,BP,Positive Regulation of Interleukin-18 Production (GO:0032741),0.0261460764019492
72,BP,Positive Regulation of Pyroptotic Inflammatory Response (GO:0140639),0.0261460764019492
72,BP,Positive Regulation of Transcription by RNA Polymerase II (GO:0045944),0.0261460764019492
72,BP,Regulation of Alpha-Beta T Cell Proliferation (GO:0046640),0.0261460764019492
72,BP,Regulation of Anatomical Structure Morphogenesis (GO:0022603),0.0261460764019492
72,BP,Regulation of Fc Receptor Mediated Stimulatory Signaling Pathway (GO:0060368),0.0261460764019492
72,BP,Regulation of Lymphocyte Apoptotic Process (GO:0070228),0.0261460764019492
72,BP,Response to Lead Ion (GO:0010288),0.0261460764019492
72,BP,Acute-Phase Response (GO:0006953),0.0280283542309878
72,BP,Collagen-Activated Signaling Pathway (GO:0038065),0.0280283542309878
72,BP,Epiboly Involved in Wound Healing (GO:0090505),0.0280283542309878
72,BP,Hematopoietic Stem Cell Proliferation (GO:0071425),0.0280283542309878
72,BP,Mesodermal Cell Differentiation (GO:0048333),0.0280283542309878
72,BP,Modified Amino Acid Biosynthetic Process (GO:0042398),0.0280283542309878
72,BP,Negative Regulation of Activated T Cell Proliferation (GO:0046007),0.0280283542309878
72,BP,"Negative Regulation of CD4-positive, Alpha-Beta T Cell Activation (GO:2000515)",0.0280283542309878
72,BP,Negative Regulation of Fatty Acid Biosynthetic Process (GO:0045717),0.0280283542309878
72,BP,Negative Regulation of Homotypic Cell-Cell Adhesion (GO:0034111),0.0280283542309878
72,BP,Negative Regulation of Leukocyte Degranulation (GO:0043301),0.0280283542309878
72,BP,Negative Regulation of Platelet Aggregation (GO:0090331),0.0280283542309878
72,BP,Negative Regulation of T Cell Differentiation (GO:0045581),0.0280283542309878
72,BP,Negative Regulation of Vascular Permeability (GO:0043116),0.0280283542309878
72,BP,Negative Regulation of Viral Transcription (GO:0032897),0.0280283542309878
72,BP,Plasma Membrane Phospholipid Scrambling (GO:0017121),0.0280283542309878
72,BP,Positive Regulation of Chromosome Separation (GO:1905820),0.0280283542309878
72,BP,Positive Regulation of DNA-templated Transcription (GO:0045893),0.0280283542309878
72,BP,Positive Regulation of Response to External Stimulus (GO:0032103),0.0280283542309878
72,BP,Positive Regulation of T Cell Apoptotic Process (GO:0070234),0.0280283542309878
72,BP,Positive Regulation of Vasculogenesis (GO:2001214),0.0280283542309878
72,BP,Receptor-Mediated Endocytosis of Virus by Host Cell (GO:0019065),0.0280283542309878
72,BP,Reg of Natural Killer Cell Mediated Cytotoxicity Directed Against Tumor Cell Target (GO:0002858),0.0280283542309878
72,BP,Regulation of Angiogenesis (GO:0045765),0.0280283542309878
72,BP,"Regulation of CD8-positive, Alpha-Beta T Cell Activation (GO:2001185)",0.0280283542309878
72,BP,"Regulation of CD8-positive, Alpha-Beta T Cell Proliferation (GO:2000564)",0.0280283542309878
72,BP,Regulation of Chromosome Separation (GO:1905818),0.0280283542309878
72,BP,Regulation of DNA-templated Transcription (GO:0006355),0.0280283542309878
72,BP,Regulation of Endothelial Cell Differentiation (GO:0045601),0.0280283542309878
72,BP,Regulation of ERBB Signaling Pathway (GO:1901184),0.0280283542309878
72,BP,Regulation of Granulocyte Differentiation (GO:0030852),0.0280283542309878
72,BP,Regulation of Interleukin-18 Production (GO:0032661),0.0280283542309878
72,BP,Regulation of Leukocyte Activation (GO:0002694),0.0280283542309878
72,BP,Regulation of Mast Cell Activation (GO:0033003),0.0280283542309878
72,BP,Regulation of Signal Transduction (GO:0009966),0.0280283542309878
72,BP,Regulation of T Cell Apoptotic Process (GO:0070232),0.0280283542309878
72,BP,Regulation of T Cell Mediated Immune Response to Tumor Cell (GO:0002840),0.0280283542309878
72,BP,Regulation of Vasculogenesis (GO:2001212),0.0280283542309878
72,BP,Response to Type I Interferon (GO:0034340),0.0280283542309878
72,BP,Retinoic Acid Receptor Signaling Pathway (GO:0048384),0.0280283542309878
72,BP,Substrate-Dependent Cell Migration (GO:0006929),0.0280283542309878
72,BP,Apoptotic Process (GO:0006915),0.0292516075728599
72,BP,Negative Regulation of Phagocytosis (GO:0050765),0.0292516075728599
72,BP,Negative Regulation of Interleukin-10 Production (GO:0032693),0.0296707919748495
72,BP,Negative Regulation of Platelet Activation (GO:0010544),0.0296707919748495
72,BP,Peptide Catabolic Process (GO:0043171),0.0296707919748495
72,BP,Regulation of Interleukin-1 Production (GO:0032652),0.0296707919748495
72,BP,Negative Regulation of Intracellular Protein Transport (GO:0090317),0.0311360677529488
72,BP,Negative Regulation of Nucleocytoplasmic Transport (GO:0046823),0.0314424308314345
72,BP,Positive Regulation of Cytokine Production Involved in Inflammatory Response (GO:1900017),0.0314424308314345
72,BP,Regulation of Adaptive Immune Response (GO:0002819),0.0314424308314345
72,BP,Regulation of Viral Transcription (GO:0046782),0.0314424308314345
72,BP,Antigen Processing and Presentation of Peptide Antigen via MHC Class I (GO:0002474),0.0328022564367356
72,BP,Maintenance of Protein Location in Nucleus (GO:0051457),0.0330175535209789
72,BP,Mesoderm Formation (GO:0001707),0.0330175535209789
72,BP,Negative Regulation of Leukocyte Mediated Cytotoxicity (GO:0001911),0.0330175535209789
72,BP,Phosphatidylserine Metabolic Process (GO:0006658),0.0330175535209789
72,BP,Antigen Processing and Presentation of Endogenous Peptide Antigen (GO:0002483),0.0339206447154139
72,BP,Regulation of Epithelial Cell Differentiation (GO:0030856),0.0339206447154139
72,BP,Cellular Response to Interferon-Beta (GO:0035458),0.0344265531271736
72,BP,Negative Regulation of Natural Killer Cell Mediated Cytotoxicity (GO:0045953),0.0344265531271736
72,BP,Negative Regulation of T Cell Receptor Signaling Pathway (GO:0050860),0.0344265531271736
72,BP,Cellular Response to Cytokine Stimulus (GO:0071345),0.0350371770721667
72,BP,Regulation of Regulatory T Cell Differentiation (GO:0045589),0.035253738603933
72,BP,Acute Inflammatory Response (GO:0002526),0.0356938633142066
72,BP,Negative Regulation of DNA Binding (GO:0043392),0.0356938633142066
72,BP,Positive Regulation of NLRP3 Inflammasome Complex Assembly (GO:1900227),0.0356938633142066
72,BP,Bile Acid and Bile Salt Transport (GO:0015721),0.0357673350045227
72,BP,Positive Regulation of Inflammasome-Mediated Signaling Pathway (GO:0141087),0.0357673350045227
72,BP,Regulation of Protein Export From Nucleus (GO:0046825),0.0357673350045227
72,BP,Regulation of Toll-Like Receptor Signaling Pathway (GO:0034121),0.0357673350045227
72,BP,Negative Regulation of Fatty Acid Metabolic Process (GO:0045922),0.0358346411682708
72,BP,Negative Regulation of Lipid Biosynthetic Process (GO:0051055),0.0358346411682708
72,BP,Regulation of Fatty Acid Biosynthetic Process (GO:0042304),0.0358346411682708
72,BP,Regulation of Platelet Aggregation (GO:0090330),0.0358346411682708
72,BP,Cellular Catabolic Process (GO:0044248),0.0365374389343477
72,BP,"Wound Healing, Spreading of Cells (GO:0044319)",0.0365374389343477
72,BP,Negative Regulation of Type II Interferon Production (GO:0032689),0.0372147847022549
72,BP,Regulation of Lipid Biosynthetic Process (GO:0046890),0.0372147847022549
72,BP,Negative Regulation of Interleukin-1 Production (GO:0032692),0.0381972822954239
72,BP,Clathrin-Dependent Endocytosis (GO:0072583),0.0384982985814503
72,BP,Negative Regulation of Antigen Receptor-Mediated Signaling Pathway (GO:0050858),0.0384982985814503
72,BP,Positive Regulation of Catalytic Activity (GO:0043085),0.0384982985814503
72,BP,"DNA Damage Response, Signal Transduction by P53 Class Mediator (GO:0030330)",0.0393719695128249
72,BP,Nuclear Receptor-Mediated Signaling Pathway (GO:0141193),0.0393719695128249
72,BP,Positive Regulation of ATP-dependent Activity (GO:0032781),0.0393719695128249
72,BP,Protein Localization to Golgi Apparatus (GO:0034067),0.0393719695128249
72,BP,Regulation of Extrinsic Apoptotic Signaling Pathway via Death Domain Receptors (GO:1902041),0.0393719695128249
72,BP,Negative Regulation of Lipid Metabolic Process (GO:0045833),0.0399407487749813
72,BP,Regulation of Activated T Cell Proliferation (GO:0046006),0.0399407487749813
72,BP,Negative Regulation of Endocytosis (GO:0045806),0.0403969939916403
72,BP,Negative Regulation of Myeloid Leukocyte Differentiation (GO:0002762),0.0403969939916403
72,BP,Phospholipid Translocation (GO:0045332),0.0403969939916403
72,BP,Regulation of Response to Biotic Stimulus (GO:0002831),0.0403969939916403
72,BP,Regulation of T Cell Mediated Cytotoxicity (GO:0001914),0.0403969939916403
72,BP,Regulation of Vasculature Development (GO:1901342),0.0403969939916403
72,BP,Negative Regulation of Endothelial Cell Migration (GO:0010596),0.0420380379919239
72,BP,Positive Regulation of Interferon-Beta Production (GO:0032728),0.0420380379919239
72,BP,Regulation of Sprouting Angiogenesis (GO:1903670),0.042839184174508
72,BP,Negative Regulation of T Cell Proliferation (GO:0042130),0.0436277963661756
72,BP,Regulation of DNA Binding (GO:0051101),0.0440800335192665
72,BP,Regulation of T Cell Receptor Signaling Pathway (GO:0050856),0.0440800335192665
72,BP,Negative Regulation of Kinase Activity (GO:0033673),0.0445186113432017
72,BP,Negative Regulation of Type I Interferon Production (GO:0032480),0.0445186113432017
72,BP,Regulation of NLRP3 Inflammasome Complex Assembly (GO:1900225),0.044944111427764
72,BP,Type I Interferon-Mediated Signaling Pathway (GO:0060337),0.044944111427764
72,BP,Cellular Response to Type I Interferon (GO:0071357),0.0453570828421793
72,BP,Negative Regulation of Lymphocyte Proliferation (GO:0050672),0.0453570828421793
72,BP,Negative Regulation of Biosynthetic Process (GO:0009890),0.047108892447875
72,BP,Regulation of Cell-Cell Adhesion (GO:0022407),0.0474818845319265
72,BP,Regulation of Interleukin-10 Production (GO:0032653),0.0474818845319265
72,BP,Negative Regulation of Viral Genome Replication (GO:0045071),0.0491798383534583
72,CC,T Cell Receptor Complex (GO:0042101),0.0667942779928964
72,CC,Triglyceride-Rich Plasma Lipoprotein Particle (GO:0034385),0.0667942779928964
72,CC,Very-Low-Density Lipoprotein Particle (GO:0034361),0.0667942779928964
72,KEGG,Cell adhesion molecules,0.100537409687662
72,KEGG,African trypanosomiasis,0.125756425264591
72,KEGG,Human papillomavirus infection,0.125756425264591
72,MF,Transcription Cis-Regulatory Region Binding (GO:0000976),0.0166929294365063
72,MF,"DNA-binding Transcription Activator Activity, RNA Polymerase II-specific (GO:0001228)",0.0257993340103613
72,MF,Bile Acid Transmembrane Transporter Activity (GO:0015125),0.049471654467757
72,MF,CD4 Receptor Binding (GO:0042609),0.049471654467757
72,MF,Cell-Matrix Adhesion Mediator Activity (GO:0098634),0.049471654467757
72,MF,Chromo Shadow Domain Binding (GO:0070087),0.049471654467757
72,MF,"DNA-binding Transcription Repressor Activity, RNA Polymerase II-specific (GO:0001227)",0.049471654467757
72,MF,Metalloaminopeptidase Activity (GO:0070006),0.049471654467757
72,MF,Phospholipid Scramblase Activity (GO:0017128),0.049471654467757
72,MF,Protein Homodimerization Activity (GO:0042803),0.049471654467757
72,MF,RNA Polymerase II Transcription Regulatory Region Sequence-Specific DNA Binding (GO:0000977),0.049471654467757
72,MF,Sequence-Specific Double-Stranded DNA Binding (GO:1990837),0.049471654467757
72,Reactome,Interferon Gamma Signaling,2.34125802509457e-05
72,Reactome,Immune System,0.000413188864229227
72,Reactome,Interferon Signaling,0.000486724755284973
72,Reactome,Pyroptosis,0.00203463438413581
72,Reactome,Regulated Necrosis,0.00838131024699399
72,Reactome,Hemostasis,0.00857663990681339
72,Reactome,Cytokine Signaling in Immune System,0.00910911523663097
72,Reactome,Interferon Alpha Beta Signaling,0.00910911523663097
72,Reactome,Signaling by Membrane-Tethered Fusions of PDGFRA or PDGFRB,0.0216403391672652
72,Reactome,Fibronectin Matrix Formation,0.0233645789123801
72,Reactome,Factors Involved in Megakaryocyte Development and Platelet Production,0.0249191663350022
72,Reactome,CHL1 Interactions,0.0291795147537452
72,Reactome,Programmed Cell Death,0.031534981013172
72,Reactome,STAT3 Nuclear Events Downstream of ALK Signaling,0.031534981013172
72,Reactome,Platelet Adhesion to Exposed Collagen,0.0414128500755347
72,Reactome,Signaling by FLT3 Fusion Proteins,0.0456212504219784
72,Reactome,Signaling by PDGFR in Disease,0.0456212504219784
72,Reactome,Adaptive Immune System,0.0460833467558432
72,Reactome,"Antigen Presentation Folding, Assembly and Peptide Loading of Class I MHC",0.0460833467558432
72,Reactome,Extracellular Matrix Organization,0.0460833467558432
72,Reactome,FLT3 Signaling in Disease,0.0460833467558432
72,Reactome,Laminin Interactions,0.0460833467558432
72,Reactome,MET Activates PTK2 Signaling,0.0460833467558432
72,Reactome,PD-1 Signaling,0.0460833467558432
72,Reactome,Signaling by ALK,0.0460833467558432
72,Reactome,Syndecan Interactions,0.0460833467558432
73,BP,Neutrophil Chemotaxis (GO:0030593),0.000466673743652421
73,BP,Neutrophil Migration (GO:1990266),0.000466673743652421
73,BP,Granulocyte Chemotaxis (GO:0071621),0.000656846795477544
73,BP,Carbon Dioxide Transport (GO:0015670),0.000762389660025151
73,BP,Oxygen Transport (GO:0015671),0.000762389660025151
73,BP,Gas Transport (GO:0015669),0.0011853790087359
73,BP,One-Carbon Compound Transport (GO:0019755),0.0011853790087359
73,BP,Hydrogen Peroxide Catabolic Process (GO:0042744),0.00163918773879742
73,BP,Hydrogen Peroxide Metabolic Process (GO:0042743),0.00288798972351799
73,BP,Response to Hydrogen Peroxide (GO:0042542),0.00588187470483191
73,BP,Cytokine-Mediated Signaling Pathway (GO:0019221),0.00968027803564065
73,BP,Inflammatory Response (GO:0006954),0.00968027803564065
73,BP,Response to Reactive Oxygen Species (GO:0000302),0.00968027803564065
73,BP,Positive Regulation of Tumor Necrosis Factor Production (GO:0032760),0.0159058874635844
73,BP,Positive Regulation of Tumor Necrosis Factor Superfamily Cytokine Production (GO:1903557),0.0159362831818813
73,BP,Calcium-Mediated Signaling (GO:0019722),0.017089530528308
73,BP,Intracellular Signaling Cassette (GO:0141124),0.0177033494560091
73,BP,Antibody-Dependent Cellular Cytotoxicity (GO:0001788),0.0193040696685023
73,BP,Antimicrobial Humoral Immune Response Mediated by Antimicrobial Peptide (GO:0061844),0.0193040696685023
73,BP,Cellular Response to Interleukin-18 (GO:0071351),0.0193040696685023
73,BP,Hemoglobin Metabolic Process (GO:0020027),0.0193040696685023
73,BP,Interleukin-18-Mediated Signaling Pathway (GO:0035655),0.0193040696685023
73,BP,Natural Killer Cell Degranulation (GO:0043320),0.0193040696685023
73,BP,Type IIa Hypersensitivity (GO:0001794),0.0193040696685023
73,BP,Cellular Response to Lipopolysaccharide (GO:0071222),0.0195906372702649
73,BP,Cellular Response to Molecule of Bacterial Origin (GO:0071219),0.0195906372702649
73,BP,Hemostasis (GO:0007599),0.0199312210553692
73,BP,Regulation of Tumor Necrosis Factor Production (GO:0032680),0.0199312210553692
73,BP,Interleukin-33-Mediated Signaling Pathway (GO:0038172),0.0223493668312859
73,BP,Antimicrobial Humoral Response (GO:0019730),0.0232697924592851
73,BP,Response to Lipopolysaccharide (GO:0032496),0.0268533919527847
73,BP,Nitrogen Compound Transport (GO:0071705),0.0295506958955971
73,BP,Erythrocyte Development (GO:0048821),0.0308057011523936
73,BP,Negative Regulation of Hemostasis (GO:1900047),0.0308057011523936
73,BP,Positive Regulation of Macrophage Differentiation (GO:0045651),0.0308057011523936
73,BP,Positive Regulation of Natural Killer Cell Activation (GO:0032816),0.0308057011523936
73,BP,Defense Response to Protozoan (GO:0042832),0.0346175131684428
73,BP,Dendritic Cell Chemotaxis (GO:0002407),0.0346175131684428
73,BP,Negative Regulation of Coagulation (GO:0050819),0.0346175131684428
73,BP,Regulation of MHC Class II Biosynthetic Process (GO:0045346),0.0346175131684428
73,BP,Regulation of Macrophage Differentiation (GO:0045649),0.0360112459244234
73,BP,Cellular Response to Lipid (GO:0071396),0.036171072094923
73,BP,D-glucose Transmembrane Transport (GO:1904659),0.036171072094923
73,BP,Defense Response to Symbiont (GO:0140546),0.036171072094923
73,BP,Dendritic Cell Migration (GO:0036336),0.036171072094923
73,BP,Heme Biosynthetic Process (GO:0006783),0.036171072094923
73,BP,Hexose Transmembrane Transport (GO:0008645),0.036171072094923
73,BP,Killing by Host of Symbiont Cells (GO:0051873),0.036171072094923
73,BP,Natural Killer Cell Activation Involved in Immune Response (GO:0002323),0.036171072094923
73,BP,Negative Regulation of Myeloid Cell Differentiation (GO:0045638),0.036171072094923
73,BP,Nucleosome Disassembly (GO:0006337),0.036171072094923
73,BP,Porphyrin-Containing Compound Biosynthetic Process (GO:0006779),0.036171072094923
73,BP,Positive Regulation of Macrophage Derived Foam Cell Differentiation (GO:0010744),0.036171072094923
73,BP,protein-DNA Complex Disassembly (GO:0032986),0.036171072094923
73,BP,Regulation of Megakaryocyte Differentiation (GO:0045652),0.036171072094923
73,BP,Renal Absorption (GO:0070293),0.036171072094923
73,BP,Macrophage Differentiation (GO:0030225),0.0368011763317185
73,BP,Monocyte Chemotaxis (GO:0002548),0.0368011763317185
73,BP,Negative Regulation of Extrinsic Apoptotic Signaling Pathway in Absence of Ligand (GO:2001240),0.0368011763317185
73,BP,Negative Regulation of Signal Transduction in Absence of Ligand (GO:1901099),0.0368011763317185
73,BP,Pigment Biosynthetic Process (GO:0046148),0.0376920181364634
73,BP,Myeloid Cell Development (GO:0061515),0.0385530193452629
73,BP,Fc Receptor Signaling Pathway (GO:0038093),0.0400652510845913
73,BP,Fc-gamma Receptor Signaling Pathway (GO:0038094),0.0400652510845913
73,BP,Natural Killer Cell Mediated Immunity (GO:0002228),0.0400652510845913
73,BP,Negative Regulation of Blood Coagulation (GO:0030195),0.0400652510845913
73,BP,Negative Regulation of Wound Healing (GO:0061045),0.0400652510845913
73,BP,Positive Regulation of Nitric Oxide Biosynthetic Process (GO:0045429),0.0400652510845913
73,BP,Positive Regulation of Nitric Oxide Metabolic Process (GO:1904407),0.0400652510845913
73,BP,Regulation of Blood Coagulation (GO:0030193),0.0400652510845913
73,BP,Regulation of Extrinsic Apoptotic Signaling Pathway in Absence of Ligand (GO:2001239),0.0400652510845913
73,BP,Natural Killer Cell Mediated Cytotoxicity (GO:0042267),0.040209552286227
73,BP,Regulation of Macrophage Derived Foam Cell Differentiation (GO:0010743),0.040209552286227
73,BP,Heme Metabolic Process (GO:0042168),0.0408904554922797
73,BP,Integrated Stress Response Signaling (GO:0140467),0.0415522938945463
73,BP,Macrophage Activation (GO:0042116),0.0416478230105384
73,BP,Platelet Aggregation (GO:0070527),0.0416478230105384
73,BP,Phosphatidylinositol 3-Kinase/Protein Kinase B Signal Transduction (GO:0043491),0.0457441612589231
73,BP,Positive Regulation of Myeloid Leukocyte Differentiation (GO:0002763),0.0497230693601437
73,CC,Endocytic Vesicle Lumen (GO:0071682),0.00274755741048196
73,CC,Platelet Alpha Granule Lumen (GO:0031093),0.00916063431187739
73,CC,Tertiary Granule Lumen (GO:1904724),0.00916063431187739
73,CC,Platelet Alpha Granule (GO:0031091),0.0126854457557506
73,CC,Intracellular Organelle Lumen (GO:0070013),0.0221564323321579
73,CC,Tertiary Granule (GO:0070820),0.0269480306638064
73,CC,Endocytic Vesicle (GO:0030139),0.0345486318870092
73,KEGG,Cytokine-cytokine receptor interaction,2.56115819642437e-06
73,KEGG,Viral protein interaction with cytokine and cytokine receptor,1.89149415847079e-05
73,KEGG,African trypanosomiasis,3.95895378424017e-05
73,KEGG,Malaria,7.44264160135326e-05
73,KEGG,Chemokine signaling pathway,0.00329164583676607
73,KEGG,Phagosome,0.0395955413435193
73,MF,Cytokine Receptor Activity (GO:0004896),1.44922616893783e-05
73,MF,CXCR Chemokine Receptor Binding (GO:0045236),0.000939287956293409
73,MF,Chemokine Activity (GO:0008009),0.00456295886034817
73,MF,Chemokine Receptor Binding (GO:0042379),0.00456295886034817
73,MF,C-X-C Chemokine Binding (GO:0019958),0.017116909065667
73,MF,"Hydrolase Activity, Acting on Acid Anhydrides, in Phosphorus-Containing Anhydrides (GO:0016818)",0.017116909065667
73,MF,IgG Receptor Activity (GO:0019770),0.017116909065667
73,MF,Immunoglobulin Receptor Activity (GO:0019763),0.0269188114176488
73,MF,Cytokine Activity (GO:0005125),0.0315843205350293
73,MF,G Protein-Coupled Chemoattractant Receptor Activity (GO:0001637),0.0381843383508973
73,MF,C-C Chemokine Binding (GO:0019957),0.0402966850924872
73,MF,C-C Chemokine Receptor Activity (GO:0016493),0.0402966850924872
73,MF,WW Domain Binding (GO:0050699),0.0402966850924872
73,MF,Chemokine Receptor Activity (GO:0004950),0.0407894811558456
73,MF,Chemokine Binding (GO:0019956),0.0459155060933235
73,Reactome,Chemokine Receptors Bind Chemokines,0.00115594884872772
73,Reactome,Erythrocytes Take up Oxygen and Release Carbon Dioxide,0.00115594884872772
73,Reactome,Erythrocytes Take up Carbon Dioxide and Release Oxygen,0.00135983876720356
73,Reactome,O2 CO2 Exchange in Erythrocytes,0.00135983876720356
73,Reactome,Immune System,0.0028225441736669
73,Reactome,Hemostasis,0.00346672333020159
73,Reactome,Interleukin-1 Family Signaling,0.00346672333020159
73,Reactome,Factors Involved in Megakaryocyte Development and Platelet Production,0.00433282911566211
73,Reactome,Neutrophil Degranulation,0.00671564240489593
73,Reactome,Peptide Ligand-Binding Receptors,0.00671564240489593
73,Reactome,Heme Signaling,0.00796809703426446
73,Reactome,Cytoprotection by HMOX1,0.0114963882377003
73,Reactome,RUNX1 Regulates Genes Involved in Megakaryocyte Differentiation and Platelet Function,0.012864658968594
73,Reactome,G Alpha (I) Signalling Events,0.0185126532269987
73,Reactome,Class A 1 (Rhodopsin-like Receptors),0.0200623055054403
73,Reactome,Scavenging of Heme From Plasma,0.0207727621299116
73,Reactome,Cytokine Signaling in Immune System,0.0228711828578209
73,Reactome,Binding and Uptake of Ligands by Scavenger Receptors,0.0321063196294406
73,Reactome,Platelet Degranulation,0.0334014191403297
73,Reactome,Response to Elevated Platelet Cytosolic Ca2+,0.0338928057059195
73,Reactome,Signaling by Interleukins,0.0338928057059195
73,Reactome,Formation of the Editosome,0.0352349552711011
73,Reactome,GPCR Ligand Binding,0.0352349552711011
73,Reactome,Interleukin-18 Signaling,0.0352349552711011
73,Reactome,mRNA Editing C to U Conversion,0.0352349552711011
73,Reactome,Autophagy,0.0367303890087307
73,Reactome,mRNA Editing,0.0407506793172264
73,Reactome,Cellular Response to Chemical Stress,0.0487785903156963
73,Reactome,Heme Biosynthesis,0.0487785903156963
73,Reactome,Innate Immune System,0.0487785903156963
73,Reactome,Synthesis of PE,0.0487785903156963
73,Reactome,Transcriptional Regulation by RUNX1,0.0487785903156963
74,BP,AMP Metabolic Process (GO:0046033),0.046534839724518
74,BP,Leukocyte Cell-Cell Adhesion (GO:0007159),0.046534839724518
74,BP,Nucleic Acid Metabolic Process (GO:0090304),0.046534839724518
74,BP,Purine Ribonucleoside Monophosphate Catabolic Process (GO:0009169),0.046534839724518
74,BP,Purine Ribonucleoside Triphosphate Metabolic Process (GO:0009205),0.046534839724518
74,BP,Purine Ribonucleotide Catabolic Process (GO:0009154),0.046534839724518
74,BP,Response to ATP (GO:0033198),0.046534839724518
74,BP,Response to Purine-Containing Compound (GO:0014074),0.046534839724518
74,BP,Sodium Ion Import Across Plasma Membrane (GO:0098719),0.046534839724518
74,CC,Bounding Membrane of Organelle (GO:0098588),0.835373955386407
74,CC,Golgi Membrane (GO:0000139),0.835373955386407
74,CC,Nucleus (GO:0005634),0.980566266367369
74,KEGG,Glycosaminoglycan biosynthesis,0.0661922514735997
74,KEGG,Nicotinate and nicotinamide metabolism,0.0661922514735997
74,KEGG,Pyrimidine metabolism,0.0661922514735997
74,MF,5'-Nucleotidase Activity (GO:0008253),0.0179306534110206
74,MF,Calcium-Dependent Cysteine-Type Endopeptidase Activity (GO:0004198),0.0179306534110206
74,MF,Heparan Sulfate Sulfotransferase Activity (GO:0034483),0.0179306534110206
74,MF,Nucleotidase Activity (GO:0008252),0.0179306534110206
74,MF,Potassium:Proton Antiporter Activity (GO:0015386),0.0179306534110206
74,MF,Sodium:Proton Antiporter Activity (GO:0015385),0.0179306534110206
74,MF,Solute:Potassium Antiporter Activity (GO:0022821),0.0179306534110206
74,MF,Metal Cation:Proton Antiporter Activity (GO:0051139),0.0219288969856802
74,MF,Sodium Ion Transmembrane Transporter Activity (GO:0015081),0.0369351807850077
74,Reactome,Defective F9 Activation,0.0553414094126622
74,Reactome,Defective Factor IX Causes Hemophilia B,0.0553414094126622
74,Reactome,Pyrimidine Catabolism,0.0553414094126622
78,BP,Epithelial to Mesenchymal Transition Involved in Endocardial Cushion Formation (GO:0003198),0.0170056269617599
78,BP,Regulation of Inflammatory Response (GO:0050727),0.0170056269617599
78,BP,Negative Regulation of Cartilage Development (GO:0061037),0.0316413780745956
78,BP,Negative Regulation of Chondrocyte Differentiation (GO:0032331),0.0316413780745956
78,BP,Cardiac Epithelial to Mesenchymal Transition (GO:0060317),0.0410434989361818
78,CC,Collagen-Containing Extracellular Matrix (GO:0062023),0.000223370281352747
78,KEGG,Hippo signaling pathway,0.323629091632921
78,KEGG,Maturity onset diabetes of the young,0.323629091632921
78,KEGG,Nicotinate and nicotinamide metabolism,0.323629091632921
78,MF,Cis-Regulatory Region Sequence-Specific DNA Binding (GO:0000987),0.0110591915474702
78,MF,RNA Polymerase II Cis-Regulatory Region Sequence-Specific DNA Binding (GO:0000978),0.0110591915474702
78,MF,RNA Polymerase II Transcription Regulatory Region Sequence-Specific DNA Binding (GO:0000977),0.0211248860123277
78,Reactome,Defective B4GALT1 Causes B4GALT1-CDG (CDG-2d),0.199455553313132
78,Reactome,RAB Geranylgeranylation,0.199455553313132
78,Reactome,RUNX1 Regulates Transcription of Genes Involved in Differentiation of Myeloid Cells,0.199455553313132
8,BP,Cilium Movement (GO:0003341),1.50995157272042e-15
8,BP,Axoneme Assembly (GO:0035082),1.9254135301332e-15
8,BP,Axonemal Dynein Complex Assembly (GO:0070286),1.33948532420664e-11
8,BP,Cilium Assembly (GO:0060271),1.33948532420664e-11
8,BP,Cilium-Dependent Cell Motility (GO:0060285),1.53649373522821e-10
8,BP,Regulation of Cilium Movement (GO:0003352),5.507175360731e-08
8,BP,Cilium Organization (GO:0044782),1.14301601232749e-07
8,BP,Plasma Membrane Bounded Cell Projection Assembly (GO:0120031),4.25324140084459e-07
8,BP,Determination of Left/Right Symmetry (GO:0007368),4.48935011120338e-07
8,BP,Microtubule Bundle Formation (GO:0001578),4.48935011120338e-07
8,BP,Outer Dynein Arm Assembly (GO:0036158),5.37678249469304e-07
8,BP,Left/Right Pattern Formation (GO:0060972),4.75590056450962e-06
8,BP,Organelle Assembly (GO:0070925),2.25602180123241e-05
8,BP,Motile Cilium Assembly (GO:0044458),2.8362214816795e-05
8,BP,Cilium Movement Involved in Cell Motility (GO:0060294),4.4209343656764e-05
8,BP,Cellular Component Assembly (GO:0022607),6.90792990636075e-05
8,BP,Determination of Bilateral Symmetry (GO:0009855),0.000151669351153441
8,BP,Axonemal Central Apparatus Assembly (GO:1904158),0.000188040160584192
8,BP,Regulation of Cilium Beat Frequency (GO:0003356),0.000373231393998061
8,BP,Inner Dynein Arm Assembly (GO:0036159),0.00147544198134375
8,BP,Protein-Containing Complex Assembly (GO:0065003),0.00147544198134375
8,BP,Epithelial Cilium Movement Involved in Extracellular Fluid Movement (GO:0003351),0.00317122825253664
8,BP,Lung Development (GO:0030324),0.00798169758682494
8,BP,Determination of Liver Left/Right Asymmetry (GO:0071910),0.0391707988154916
8,BP,- Reg of Adaptive Imm Resp Based on Som Recomb of Imm Rcptrs Built Frm IgSF Domains (GO:0002823),0.0417446518440168
8,BP,Determination of Digestive Tract Left/Right Asymmetry (GO:0071907),0.0417446518440168
8,BP,Negative Regulation of T Cell Differentiation in Thymus (GO:0033085),0.0417446518440168
8,BP,Regulation of Mitotic Cytokinesis (GO:1902412),0.0469205504621216
8,BP,Negative Regulation of Humoral Immune Response Mediated by Circulating Immunoglobulin (GO:0002924),0.0483906187667909
8,BP,Reelin-Mediated Signaling Pathway (GO:0038026),0.0483906187667909
8,BP,"Regulation of Wnt Signaling Pathway, Planar Cell Polarity Pathway (GO:2000095)",0.0483906187667909
8,CC,9+2 Motile Cilium (GO:0097729),2.45673001729889e-16
8,CC,Motile Cilium (GO:0031514),2.38689577172446e-11
8,CC,Sperm Flagellum (GO:0036126),3.9385024011893e-10
8,CC,Cilium (GO:0005929),1.66610021192e-07
8,CC,Outer Dynein Arm (GO:0036157),0.000333324465564004
8,KEGG,Amyotrophic lateral sclerosis,0.0441511088688738
8,KEGG,Huntington disease,0.0441511088688738
8,MF,Potassium:Proton Antiporter Activity (GO:0015386),0.137013961184077
8,MF,Sodium:Proton Antiporter Activity (GO:0015385),0.137013961184077
8,MF,Solute:Potassium Antiporter Activity (GO:0022821),0.137013961184077
8,Reactome,Ion Channel Transport,0.434780668440084
8,Reactome,Stimuli-sensing Channels,0.434780668440084
8,Reactome,Transport of Small Molecules,0.744745192878346
81,BP,Regulation of Transcription by RNA Polymerase II (GO:0006357),0.00593104080722909
81,BP,Positive Regulation of Transcription by RNA Polymerase II (GO:0045944),0.00613869603858212
81,BP,Positive Regulation of DNA-templated Transcription (GO:0045893),0.0127876390942101
81,BP,Regulation of DNA-templated Transcription (GO:0006355),0.0127876390942101
81,BP,Regulation of Cytokinesis (GO:0032465),0.01740297944694
81,BP,Signal Transduction in Response to DNA Damage (GO:0042770),0.01740297944694
81,BP,Regulation of Mitotic Cell Cycle Phase Transition (GO:1901990),0.0175870084805941
81,BP,Positive Regulation of Cell Cycle Process (GO:0090068),0.0279633266436331
81,BP,Negative Regulation of Cytokinesis (GO:0032466),0.0356312591110194
81,BP,Positive Regulation of RNA Biosynthetic Process (GO:1902680),0.0356312591110194
81,BP,Apoptotic Nuclear Changes (GO:0030262),0.0358469877629691
81,BP,Centromere Complex Assembly (GO:0034508),0.0358469877629691
81,BP,DNA Conformation Change (GO:0071103),0.0358469877629691
81,BP,DNA Topological Change (GO:0006265),0.0358469877629691
81,BP,Kinetochore Assembly (GO:0051382),0.0358469877629691
81,BP,Kinetochore Organization (GO:0051383),0.0358469877629691
81,BP,Negative Regulation of Cell Division (GO:0051782),0.0358469877629691
81,BP,Negative Regulation of Sprouting Angiogenesis (GO:1903671),0.0358469877629691
81,BP,Negative Regulation of Transcription by RNA Polymerase II (GO:0000122),0.0358469877629691
81,BP,Nuclear Chromosome Segregation (GO:0098813),0.0358469877629691
81,BP,Positive Regulation of DNA-templated DNA Replication (GO:2000105),0.0358469877629691
81,BP,Positive Regulation of Metaphase/Anaphase Transition of Cell Cycle (GO:1902101),0.0358469877629691
81,BP,Positive Regulation of Mitotic Metaphase/Anaphase Transition (GO:0045842),0.0358469877629691
81,BP,Positive Regulation of Mitotic Sister Chromatid Separation (GO:1901970),0.0358469877629691
81,BP,Positive Regulation of Programmed Cell Death (GO:0043068),0.0358469877629691
81,BP,Positive Regulation of Ubiquitin Protein Ligase Activity (GO:1904668),0.0358469877629691
81,BP,Positive Regulation of Ubiquitin-Protein Transferase Activity (GO:0051443),0.0358469877629691
81,BP,Reg of Single Stranded Viral RNA Replication via Double Stranded DNA Intermediate (GO:0045091),0.0358469877629691
81,BP,Regulation of Exit From Mitosis (GO:0007096),0.0358469877629691
81,BP,Regulation of Ubiquitin Protein Ligase Activity (GO:1904666),0.0358469877629691
81,BP,Resolution of Meiotic Recombination Intermediates (GO:0000712),0.0358469877629691
81,BP,Stress-Activated MAPK Cascade (GO:0051403),0.0358469877629691
81,BP,Stress-Activated Protein Kinase Signaling Cascade (GO:0031098),0.0358469877629691
81,BP,Placenta Development (GO:0001890),0.0420250214585201
81,BP,Positive Regulation of Apoptotic Process (GO:0043065),0.0420250214585201
81,BP,Regulation of Cell Cycle (GO:0051726),0.0420250214585201
81,BP,Negative Regulation of DNA Binding (GO:0043392),0.0425650565880834
81,BP,Negative Regulation of DNA-templated Transcription (GO:0045892),0.0463547506516893
81,BP,Positive Regulation of Fibroblast Proliferation (GO:0048146),0.0463547506516893
81,BP,Positive Regulation of Viral Genome Replication (GO:0045070),0.0463547506516893
81,BP,Chromosome Condensation (GO:0030261),0.0465708379755051
81,BP,"DNA Damage Response, Signal Transduction by P53 Class Mediator (GO:0030330)",0.0465708379755051
81,BP,Mitotic G2 DNA Damage Checkpoint Signaling (GO:0007095),0.0465708379755051
81,BP,Negative Regulation of Fat Cell Differentiation (GO:0045599),0.0465708379755051
81,BP,Regulation of Stress-Activated MAPK Cascade (GO:0032872),0.0465708379755051
81,BP,DNA Damage Checkpoint Signaling (GO:0000077),0.04668546189036
81,BP,DNA Damage Response (GO:0006974),0.04668546189036
81,BP,G2/M Transition of Mitotic Cell Cycle (GO:0000086),0.04668546189036
81,BP,Liver Development (GO:0001889),0.04668546189036
81,BP,Negative Regulation of Cell Cycle Process (GO:0010948),0.04668546189036
81,BP,Positive Regulation of Cytokinesis (GO:0032467),0.04668546189036
81,BP,Positive Regulation of Mitotic Nuclear Division (GO:0045840),0.04668546189036
81,BP,Regulation of DNA Binding (GO:0051101),0.04668546189036
81,BP,Regulation of Ras Protein Signal Transduction (GO:0046578),0.04668546189036
81,BP,Regulation of Sprouting Angiogenesis (GO:1903670),0.04668546189036
81,BP,Sister Chromatid Segregation (GO:0000819),0.04668546189036
81,BP,RNA Stabilization (GO:0043489),0.0470013522993925
81,BP,Cell Cycle G2/M Phase Transition (GO:0044839),0.0475993610349503
81,BP,Negative Regulation of mRNA Catabolic Process (GO:1902373),0.0475993610349503
81,BP,Positive Regulation of Cell Division (GO:0051781),0.0478826055870466
81,BP,Chromosome Organization (GO:0051276),0.0478908750632669
81,BP,DNA Integrity Checkpoint Signaling (GO:0031570),0.0478908750632669
81,BP,Mitotic G2/M Transition Checkpoint (GO:0044818),0.0478908750632669
81,BP,Negative Regulation of RNA Biosynthetic Process (GO:1902679),0.0478908750632669
81,BP,Regulation of Fibroblast Proliferation (GO:0048145),0.0478908750632669
81,BP,Regulation of RNA Biosynthetic Process (GO:2001141),0.0478908750632669
81,BP,Intrinsic Apoptotic Signaling Pathway in Response to DNA Damage (GO:0008630),0.0484077812497095
81,BP,Positive Regulation of Cell Population Proliferation (GO:0008284),0.0484077812497095
81,BP,Regulation of Mitotic Metaphase/Anaphase Transition (GO:0030071),0.0484077812497095
81,BP,Signal Transduction by P53 Class Mediator (GO:0072331),0.0484077812497095
81,CC,Nucleus (GO:0005634),0.0089427967312339
81,CC,Intracellular Membrane-Bounded Organelle (GO:0043231),0.00940485814663967
81,CC,Mitotic Spindle (GO:0072686),0.00940485814663967
81,CC,Nuclear Lumen (GO:0031981),0.0130103656949482
81,CC,Nucleolus (GO:0005730),0.0130103656949482
81,CC,Spindle (GO:0005819),0.0130103656949482
81,CC,Intracellular Membraneless Organelle (GO:0043232),0.0399914956340152
81,KEGG,Cellular senescence,2.81554000791575e-05
81,KEGG,Bladder cancer,0.00273770505591252
81,KEGG,Chronic myeloid leukemia,0.00273770505591252
81,KEGG,Glioma,0.00273770505591252
81,KEGG,Melanoma,0.00273770505591252
81,KEGG,Non-small cell lung cancer,0.00273770505591252
81,KEGG,Pancreatic cancer,0.00273770505591252
81,KEGG,Prostate cancer,0.00345680577809861
81,KEGG,Small cell lung cancer,0.00345680577809861
81,KEGG,Cell cycle,0.00505456797094627
81,KEGG,Breast cancer,0.00569713139931634
81,KEGG,Cushing syndrome,0.00569713139931634
81,KEGG,Gastric cancer,0.00569713139931634
81,KEGG,Hepatitis B,0.00569713139931634
81,KEGG,Hepatitis C,0.00569713139931634
81,KEGG,Hepatocellular carcinoma,0.00573496370588371
81,KEGG,Kaposi sarcoma-associated herpesvirus infection,0.00707583028718679
81,KEGG,Epstein-Barr virus infection,0.00730247619603612
81,KEGG,Human T-cell leukemia virus 1 infection,0.00809333280414507
81,KEGG,Human cytomegalovirus infection,0.00810213040632831
81,KEGG,MicroRNAs in cancer,0.014296373075939
81,KEGG,Pathways in cancer,0.0375222942951003
81,KEGG,Mitophagy,0.0399776901687944
81,MF,RNA Polymerase II Transcription Regulatory Region Sequence-Specific DNA Binding (GO:0000977),2.15154436213185e-05
81,MF,Cis-Regulatory Region Sequence-Specific DNA Binding (GO:0000987),6.20975671312638e-05
81,MF,RNA Polymerase II Cis-Regulatory Region Sequence-Specific DNA Binding (GO:0000978),6.20975671312638e-05
81,MF,Transcription Cis-Regulatory Region Binding (GO:0000976),0.000946894485728295
81,MF,Double-Stranded DNA Binding (GO:0003690),0.0014675644887096
81,MF,Sequence-Specific DNA Binding (GO:0043565),0.00152300738188156
81,MF,Sequence-Specific Double-Stranded DNA Binding (GO:1990837),0.00152300738188156
81,MF,"DNA Binding, Bending (GO:0008301)",0.0279377503023865
81,MF,"DNA-binding Transcription Activator Activity, RNA Polymerase II-specific (GO:0001228)",0.0336200171668161
81,Reactome,G0 and Early G1,2.20060699934479e-05
81,Reactome,Mitotic G1 Phase and G1 S Transition,2.20060699934479e-05
81,Reactome,"Cell Cycle, Mitotic",9.41332598512038e-05
81,Reactome,Cell Cycle,0.000215660585507838
81,Reactome,Aberrant Regulation of Mitotic G1 S Transition in Cancer Due to RB1 Defects,0.000256487415214277
81,Reactome,"Defective Binding of RB1 Mutants to E2F1,(E2F2, E2F3)",0.000256487415214277
81,Reactome,Polo-like Kinase Mediated Events,0.000256487415214277
81,Reactome,TP53 Regulates Transcription of Genes Involved in G1 Cell Cycle Arrest,0.000256487415214277
81,Reactome,Transcription of E2F Targets Under Neg Control by P107 (RBL1) and P130 (RBL2) in Complex With HDAC1,0.000256487415214277
81,Reactome,Transcription of E2F Targets Under Negative Control by DREAM Complex,0.000290072178897187
81,Reactome,Mitotic G2-G2 M Phases,0.000696707312035074
81,Reactome,Aberrant Regulation of Mitotic Cell Cycle Due to RB1 Defects,0.000817893345759712
81,Reactome,Oncogene Induced Senescence,0.000817893345759712
81,Reactome,Diseases of Mitotic Cell Cycle,0.000846967040351711
81,Reactome,Cyclin D Associated Events in G1,0.00113651064101052
81,Reactome,G1 Phase,0.00113651064101052
81,Reactome,TP53 Regulates Transcription of Cell Cycle Genes,0.00116296282144892
81,Reactome,Oxidative Stress Induced Senescence,0.00402768300611169
81,Reactome,Activation of NOXA and Translocation to Mitochondria,0.00811079677223281
81,Reactome,G2 Phase,0.00811079677223281
81,Reactome,TFAP2A Acts as a Transcriptional Repressor During Retinoic Acid Induced Cell Differentiation,0.00811079677223281
81,Reactome,Cellular Senescence,0.0102237152848564
81,Reactome,G2 M Transition,0.0118177041132626
81,Reactome,Activation of PUMA and Translocation to Mitochondria,0.0127617775509414
81,Reactome,Signaling by NOTCH,0.0139317133034041
81,Reactome,Inhibition of Replication Initiation of Damaged DNA by RB1 E2F1,0.0169987312042325
81,Reactome,E2F Mediated Regulation of DNA Replication,0.0276394793039399
81,Reactome,Cyclin A B1 B2 Associated Events During G2 M Transition,0.0292205074794415
81,Reactome,NOTCH3 Intracellular Domain Regulates Transcription,0.0292205074794415
81,Reactome,Activation of BH3-only Proteins,0.031737672029173
81,Reactome,G1 S-Specific Transcription,0.031737672029173
81,Reactome,Transcriptional Regulation by TP53,0.031737672029173
81,Reactome,Nuclear Events Stimulated by ALK Signaling in Cancer,0.0347686645792756
81,Reactome,Transcriptional Regulation by E2F6,0.0347686645792756
81,Reactome,Transcriptional Regulation by the AP-2 (TFAP2) Family of Transcription Factors,0.0347686645792756
81,Reactome,SUMOylation of DNA Replication Proteins,0.0430849384271885
81,Reactome,Generic Transcription Pathway,0.0434467898922837
81,Reactome,Signaling by NOTCH3,0.0434467898922837
81,Reactome,Intrinsic Pathway for Apoptosis,0.0474453385577164
81,Reactome,Transcriptional Regulation of Granulopoiesis,0.0487459640735657
82,BP,T Cell Activation (GO:0042110),5.79366888862009e-10
82,BP,Regulation of T Cell Activation (GO:0050863),5.67297021998183e-08
82,BP,Positive Regulation of T Cell Activation (GO:0050870),3.8620229895225e-05
82,BP,Regulation of Lymphocyte Activation (GO:0051249),0.000137882675463435
82,BP,Regulation of Lymphocyte Differentiation (GO:0045619),0.000137882675463435
82,BP,Positive Regulation of Cytokine Production (GO:0001819),0.000213962579792567
82,BP,T Cell Receptor Signaling Pathway (GO:0050852),0.000267106998963144
82,BP,Natural Killer Cell Mediated Cytotoxicity (GO:0042267),0.00038754418081639
82,BP,Natural Killer Cell Mediated Immunity (GO:0002228),0.00038754418081639
82,BP,Antigen Receptor-Mediated Signaling Pathway (GO:0050851),0.000474900437634425
82,BP,Regulation of Natural Killer Cell Mediated Cytotoxicity (GO:0042269),0.000474900437634425
82,BP,Enzyme-Linked Receptor Protein Signaling Pathway (GO:0007167),0.000550664169242814
82,BP,Positive Regulation of Cell-Cell Adhesion (GO:0022409),0.00104319705243997
82,BP,Positive Regulation of Type II Interferon Production (GO:0032729),0.00141311741600881
82,BP,Regulation of Cell-Cell Adhesion Mediated by Integrin (GO:0033632),0.00141311741600881
82,BP,Positive Regulation of T Cell Proliferation (GO:0042102),0.00186362886047666
82,BP,Positive Regulation of Lymphocyte Proliferation (GO:0050671),0.00290587833361023
82,BP,Regulation of T Cell Proliferation (GO:0042129),0.00342865001759656
82,BP,Regulation of Type II Interferon Production (GO:0032649),0.00386201471303066
82,BP,Positive Regulation of Cell Adhesion Mediated by Integrin (GO:0033630),0.00387757395881706
82,BP,Alpha-Beta T Cell Activation (GO:0046631),0.00423249806750219
82,BP,Immunoglobulin Mediated Immune Response (GO:0016064),0.00423249806750219
82,BP,Regulation of B Cell Differentiation (GO:0045577),0.00423249806750219
82,BP,B Cell Mediated Immunity (GO:0019724),0.00432295528338292
82,BP,T Cell Mediated Immunity (GO:0002456),0.00432295528338292
82,BP,Positive Regulation of Natural Killer Cell Mediated Cytotoxicity (GO:0045954),0.00504525483284167
82,BP,Adaptive Imm Resp Based on Som Recomb of Imm Rcptrs Built Frm IgSF Domains (GO:0002460),0.00579518286988094
82,BP,Positive Regulation of Natural Killer Cell Mediated Immunity (GO:0002717),0.00656938249365989
82,BP,Cell Surface Receptor Protein Tyrosine Kinase Signaling Pathway (GO:0007169),0.00715518180161978
82,BP,Heterophilic Cell-Cell Adhesion via Plasma Membrane Cell Adhesion Molecules (GO:0007157),0.0160288561709748
82,BP,Natural Killer Cell Activation (GO:0030101),0.0169419083408332
82,BP,Negative Regulation of Viral Genome Replication (GO:0045071),0.0169419083408332
82,BP,Peptidyl-Tyrosine Modification (GO:0018212),0.0169419083408332
82,BP,Positive Regulation of Cell-Matrix Adhesion (GO:0001954),0.0169419083408332
82,BP,Positive Regulation of Leukocyte Cell-Cell Adhesion (GO:1903039),0.0169419083408332
82,BP,Regulation of T Cell Differentiation (GO:0045580),0.0169419083408332
82,BP,T Cell Differentiation (GO:0030217),0.0169419083408332
82,BP,Positive Regulation of Lymphocyte Activation (GO:0051251),0.0174262809653431
82,BP,Regulation of Interleukin-12 Production (GO:0032655),0.0174262809653431
82,BP,Positive Regulation of Leukocyte Mediated Cytotoxicity (GO:0001912),0.0176694322761585
82,BP,Regulation of Apoptotic Process (GO:0042981),0.0181246056879442
82,BP,Peptidyl-Tyrosine Phosphorylation (GO:0018108),0.0216905616583427
82,BP,Regulation of Cell-Matrix Adhesion (GO:0001952),0.0265044056344087
82,BP,Positive Regulation of Apoptotic Signaling Pathway (GO:2001235),0.0299492162813679
82,BP,Positive Regulation of Cell-Substrate Adhesion (GO:0010811),0.0317872401701739
82,BP,Inflammatory Response (GO:0006954),0.0364607928639339
82,BP,+ Reg of Natural Killer Cell Mediated Cytotoxicity Directed Against Tumor Cell Target (GO:0002860),0.0410177087656787
82,BP,Clearance of Foreign Intracellular DNA (GO:0044355),0.0410177087656787
82,BP,Clearance of Foreign Intracellular Nucleic Acids (GO:0099046),0.0410177087656787
82,BP,Establishment of Lymphocyte Polarity (GO:0001767),0.0410177087656787
82,BP,Natural Killer Cell Degranulation (GO:0043320),0.0410177087656787
82,BP,Positive Regulation of Cell-Cell Adhesion Mediated by Integrin (GO:0033634),0.0410177087656787
82,BP,Positive Regulation of Natural Killer Cell Mediated Immune Response to Tumor Cell (GO:0002857),0.0410177087656787
82,BP,Positive Thymic T Cell Selection (GO:0045059),0.0410177087656787
82,BP,Positive Regulation of Immune Response (GO:0050778),0.0433888221665668
82,BP,"CD4-positive, Alpha-Beta T Cell Activation (GO:0035710)",0.0442703874512899
82,BP,Lymphocyte Migration Into Lymphoid Organs (GO:0097021),0.0442703874512899
82,BP,Lysosomal Protein Catabolic Process (GO:1905146),0.0442703874512899
82,BP,Regulation of Endodeoxyribonuclease Activity (GO:0032071),0.0442703874512899
82,BP,Regulation of Natural Killer Cell Chemotaxis (GO:2000501),0.0442703874512899
82,BP,Cellular Response to Interleukin-2 (GO:0071352),0.0483893227562831
82,BP,Immunological Synapse Formation (GO:0001771),0.0483893227562831
82,BP,Interleukin-2-Mediated Signaling Pathway (GO:0038110),0.0483893227562831
82,BP,Reg of Natural Killer Cell Mediated Cytotoxicity Directed Against Tumor Cell Target (GO:0002858),0.0483893227562831
82,CC,T Cell Receptor Complex (GO:0042101),3.35745467467546e-05
82,KEGG,Cell adhesion molecules,7.77977717687517e-05
82,KEGG,Hematopoietic cell lineage,0.000131006110875203
82,KEGG,T cell receptor signaling pathway,0.000131006110875203
82,KEGG,Th1 and Th2 cell differentiation,0.000131006110875203
82,KEGG,Th17 cell differentiation,0.000131006110875203
82,KEGG,Primary immunodeficiency,0.000158418048445355
82,KEGG,Human T-cell leukemia virus 1 infection,0.00152503993817257
82,KEGG,Rheumatoid arthritis,0.00173947391553429
82,KEGG,Cytokine-cytokine receptor interaction,0.003667306590432
82,KEGG,Antigen processing and presentation,0.0262224971265784
82,KEGG,PD-L1 expression and PD-1 checkpoint pathway in cancer,0.0308040718793518
82,KEGG,Chagas disease,0.0326944964345314
82,KEGG,NF-kappa B signaling pathway,0.0326944964345314
82,KEGG,Viral protein interaction with cytokine and cytokine receptor,0.0326944964345314
82,KEGG,Measles,0.0497665176660882
82,KEGG,Yersinia infection,0.0497665176660882
82,MF,Lipase Activator Activity (GO:0060229),0.00537760933581153
82,MF,Phospholipase Activator Activity (GO:0016004),0.00537760933581153
82,MF,Phosphotyrosine Residue Binding (GO:0001784),0.0235480540136578
82,MF,Protein Phosphorylated Amino Acid Binding (GO:0045309),0.0247268625646397
82,Reactome,Generation of Second Messenger Molecules,2.03294230158326e-05
82,Reactome,Immunoregulatory Interactions Between a Lymphoid and a non-Lymphoid Cell,2.03294230158326e-05
82,Reactome,Adaptive Immune System,2.68860685261306e-05
82,Reactome,Immune System,2.68860685261306e-05
82,Reactome,Costimulation by the CD28 Family,6.5258613277632e-05
82,Reactome,Translocation of ZAP-70 to Immunological Synapse,8.66031115076573e-05
82,Reactome,PD-1 Signaling,0.000101061554477822
82,Reactome,Phosphorylation of CD3 and TCR Zeta Chains,0.000101061554477822
82,Reactome,TCR Signaling,0.000158462827989772
82,Reactome,Cytokine Signaling in Immune System,0.000538942978984998
82,Reactome,Interleukin-2 Signaling,0.000971171575381561
82,Reactome,Downstream TCR Signaling,0.00190842902295779
82,Reactome,DAP12 Signaling,0.00498408150345988
82,Reactome,CD28 Co-Stimulation,0.00674876303622084
82,Reactome,FLT3 Signaling,0.0074236238076955
82,Reactome,DAP12 Interactions,0.00866138688704893
82,Reactome,Interleukin-2 Family Signaling,0.00866138688704893
82,Reactome,Signaling by SCF-KIT,0.00866138688704893
82,Reactome,TNFR2 Non-Canonical NF-kB Pathway,0.0306156488791949
82,Reactome,FLT3 Signaling Through SRC Family Kinases,0.0375423650422793
82,Reactome,Formation of the Editosome,0.0454468716394688
82,Reactome,mRNA Editing C to U Conversion,0.0454468716394688
82,Reactome,Nef and Signal Transduction,0.0488730605339473
82,Reactome,mRNA Editing,0.0499267221403848
82,Reactome,Nef Mediated CD4 Down-regulation,0.0499267221403848
83,BP,Regulation of Transcription by RNA Polymerase II (GO:0006357),5.36022135130655e-18
83,BP,Regulation of DNA-templated Transcription (GO:0006355),4.66774297851106e-15
83,CC,Nucleus (GO:0005634),1.3446280731603e-06
83,CC,Intracellular Membrane-Bounded Organelle (GO:0043231),5.56485504591979e-06
83,KEGG,Herpes simplex virus 1 infection,3.44486547211181e-28
83,MF,RNA Polymerase II Transcription Regulatory Region Sequence-Specific DNA Binding (GO:0000977),4.31600447960069e-24
83,MF,Cis-Regulatory Region Sequence-Specific DNA Binding (GO:0000987),6.75327738170156e-18
83,MF,RNA Polymerase II Cis-Regulatory Region Sequence-Specific DNA Binding (GO:0000978),6.75327738170156e-18
83,MF,"DNA-binding Transcription Repressor Activity, RNA Polymerase II-specific (GO:0001227)",0.00227497854419585
83,MF,Transcription Cis-Regulatory Region Binding (GO:0000976),0.00330432670177546
83,Reactome,Generic Transcription Pathway,1.21026307755944e-19
83,Reactome,RNA Polymerase II Transcription,4.05680248835271e-19
83,Reactome,Gene Expression (Transcription),6.94875446480236e-18
86,BP,Regulation of Transcription by RNA Polymerase II (GO:0006357),1.28290913569168e-19
86,BP,Regulation of DNA-templated Transcription (GO:0006355),2.02916829371207e-12
86,BP,Negative Regulation of DNA-templated Transcription (GO:0045892),1.6656196390705e-06
86,BP,Positive Regulation of DNA-templated Transcription (GO:0045893),1.6656196390705e-06
86,BP,Positive Regulation of Transcription by RNA Polymerase II (GO:0045944),1.6656196390705e-06
86,BP,Negative Regulation of Transcription by RNA Polymerase II (GO:0000122),0.000168071494010398
86,BP,Intracellular Receptor Signaling Pathway (GO:0030522),0.000542119911286649
86,BP,Negative Regulation of RNA Biosynthetic Process (GO:1902679),0.00107908911677375
86,BP,Positive Regulation of RNA Biosynthetic Process (GO:1902680),0.00241860890640395
86,BP,Regulation of Behavior (GO:0050795),0.00804817869613791
86,BP,Positive Regulation of Vascular Associated Smooth Muscle Cell Proliferation (GO:1904707),0.00897026815975838
86,BP,Regulation of Vascular Associated Smooth Muscle Cell Proliferation (GO:1904705),0.0271401300496394
86,BP,Regulation of DNA Binding (GO:0051101),0.027750253411647
86,BP,mRNA Transcription (GO:0009299),0.0297572200097806
86,BP,Negative Regulation of Cold-Induced Thermogenesis (GO:0120163),0.0331377705787658
86,BP,Positive Regulation of Smooth Muscle Cell Proliferation (GO:0048661),0.0337407261820675
86,BP,DNA-templated Transcription (GO:0006351),0.0380522087710863
86,BP,Transcription by RNA Polymerase II (GO:0006366),0.0380522087710863
86,BP,Muscle Organ Development (GO:0007517),0.0396405337361873
86,BP,Negative Regulation of Cell Differentiation (GO:0045596),0.0421988080548938
86,BP,Negative Regulation of Metabolic Process (GO:0009892),0.0421988080548938
86,CC,Intracellular Membrane-Bounded Organelle (GO:0043231),2.26053754188385e-08
86,CC,Nucleus (GO:0005634),2.26053754188385e-08
86,KEGG,Apelin signaling pathway,0.28642657176718
86,KEGG,cGMP-PKG signaling pathway,0.28642657176718
86,KEGG,Circadian rhythm,0.304181431706847
86,MF,Cis-Regulatory Region Sequence-Specific DNA Binding (GO:0000987),2.51010446179007e-21
86,MF,RNA Polymerase II Cis-Regulatory Region Sequence-Specific DNA Binding (GO:0000978),2.51010446179007e-21
86,MF,RNA Polymerase II Transcription Regulatory Region Sequence-Specific DNA Binding (GO:0000977),2.51010446179007e-21
86,MF,Sequence-Specific Double-Stranded DNA Binding (GO:1990837),3.90458854034462e-13
86,MF,Sequence-Specific DNA Binding (GO:0043565),1.08076180915296e-11
86,MF,Double-Stranded DNA Binding (GO:0003690),6.87183668886783e-11
86,MF,"DNA-binding Transcription Activator Activity, RNA Polymerase II-specific (GO:0001228)",6.73289014131812e-07
86,MF,Transcription Cis-Regulatory Region Binding (GO:0000976),2.22986104692013e-05
86,MF,"DNA-binding Transcription Repressor Activity, RNA Polymerase II-specific (GO:0001227)",2.62235257534395e-05
86,MF,Histone Deacetylase Binding (GO:0042826),0.000934935648467684
86,MF,Transcription Coregulator Binding (GO:0001221),0.000934935648467684
86,MF,Transcription Corepressor Binding (GO:0001222),0.00423192502501466
86,MF,Apolipoprotein Receptor Binding (GO:0034190),0.0146729636114247
86,MF,DNA-binding Transcription Factor Binding (GO:0140297),0.0146729636114247
86,MF,Histone Acetyltransferase Binding (GO:0035035),0.0411666445513512
86,MF,Nuclear Steroid Receptor Activity (GO:0003707),0.0411666445513512
86,Reactome,Nuclear Receptor Transcription Pathway,0.0045203522124479
86,Reactome,Myogenesis,0.0320481799899893
89,BP,Lymphocyte Differentiation (GO:0030098),0.00334314135894286
89,BP,Regulation of DNA-templated Transcription (GO:0006355),0.00377003324174341
89,BP,Regulation of Transcription by RNA Polymerase II (GO:0006357),0.00377003324174341
89,BP,Mononuclear Cell Differentiation (GO:1903131),0.0191925077581156
89,BP,B Cell Differentiation (GO:0030183),0.0203804937744148
89,BP,Cellular Response to Cytokine Stimulus (GO:0071345),0.021499652407429
89,BP,Cellular Response to Virus (GO:0098586),0.021499652407429
89,BP,Regulation of Type I Interferon Production (GO:0032479),0.021499652407429
89,BP,Positive Regulation of DNA-templated Transcription (GO:0045893),0.0291693687075392
89,BP,B Cell Activation (GO:0042113),0.0330992806718784
89,BP,Definitive Hemopoiesis (GO:0060216),0.0374728247151396
89,BP,Lipoprotein Metabolic Process (GO:0042157),0.0374728247151396
89,BP,Negative Regulation of Actin Filament Depolymerization (GO:0030835),0.0374728247151396
89,BP,Negative Regulation of Digestive System Process (GO:0060457),0.0374728247151396
89,BP,Negative Regulation of DNA-templated Transcription (GO:0045892),0.0374728247151396
89,BP,Nucleotide-Binding Oligomerization Domain Containing 2 Signaling Pathway (GO:0070431),0.0374728247151396
89,BP,Positive Regulation of Megakaryocyte Differentiation (GO:0045654),0.0374728247151396
89,BP,Positive Regulation of Receptor Catabolic Process (GO:2000646),0.0374728247151396
89,BP,Positive Regulation of Transcription by RNA Polymerase II (GO:0045944),0.0374728247151396
89,BP,Regulation of Leukocyte Proliferation (GO:0070663),0.0374728247151396
89,BP,Regulation of Protein Polyubiquitination (GO:1902914),0.0374728247151396
89,BP,Regulation of Receptor Catabolic Process (GO:2000644),0.0374728247151396
89,BP,Response to Peptidoglycan (GO:0032494),0.0374728247151396
89,BP,Cellular Response to Muramyl Dipeptide (GO:0071225),0.0403862789632167
89,BP,Negative Regulation of Vascular Endothelial Growth Factor Receptor Signaling Pathway (GO:0030948),0.0414073559434076
89,BP,Positive Regulation of Actin Nucleation (GO:0051127),0.0414073559434076
89,BP,Actin Filament Capping (GO:0051693),0.0424589355917014
89,BP,Barbed-End Actin Filament Capping (GO:0051016),0.0424589355917014
89,BP,Calcium-Ion Regulated Exocytosis (GO:0017156),0.0424589355917014
89,BP,Cell Projection Assembly (GO:0030031),0.0424589355917014
89,BP,DNA Conformation Change (GO:0071103),0.0424589355917014
89,BP,Multicellular Organismal-Level Iron Ion Homeostasis (GO:0060586),0.0424589355917014
89,BP,Negative Regulation of Cation Transmembrane Transport (GO:1904063),0.0424589355917014
89,BP,Negative Regulation of Cyclin-Dependent Protein Kinase Activity (GO:1904030),0.0424589355917014
89,BP,Negative Regulation of Cyclin-Dependent Protein Serine/Threonine Kinase Activity (GO:0045736),0.0424589355917014
89,BP,Negative Regulation of Transcription by Competitive Promoter Binding (GO:0010944),0.0424589355917014
89,BP,"Nucleotide-Binding Domain, Leucine Rich Repeat Containing Receptor Signaling Pathway (GO:0035872)",0.0424589355917014
89,BP,Positive Regulation of Protein Polyubiquitination (GO:1902916),0.0424589355917014
89,BP,Positive Regulation of Secretion (GO:0051047),0.0424589355917014
89,BP,Regulation of Cartilage Development (GO:0061035),0.0424589355917014
89,BP,Regulation of Secretion (GO:0051046),0.0424589355917014
89,BP,Response to Iron Ion (GO:0010039),0.0424589355917014
89,BP,Response to Muramyl Dipeptide (GO:0032495),0.0424589355917014
89,BP,Actin Nucleation (GO:0045010),0.0424812742411823
89,BP,Cell Projection Organization (GO:0030030),0.0424812742411823
89,BP,Mesoderm Development (GO:0007498),0.0424812742411823
89,BP,Negative Regulation of Actin Filament Polymerization (GO:0030837),0.0424812742411823
89,BP,Regulation of Megakaryocyte Differentiation (GO:0045652),0.0424812742411823
89,BP,Positive Regulation of Programmed Cell Death (GO:0043068),0.0424865523964558
89,BP,Regulation of Actin Nucleation (GO:0051125),0.0429134509120279
89,BP,Cytokine-Mediated Signaling Pathway (GO:0019221),0.043031939485014
89,BP,Negative Regulation of Transcription by RNA Polymerase II (GO:0000122),0.0442717233446518
89,BP,Positive Regulation of Interferon-Alpha Production (GO:0032727),0.0445017241216505
89,BP,Dendritic Cell Differentiation (GO:0097028),0.0448170713507257
89,BP,poly(A)+ mRNA Export From Nucleus (GO:0016973),0.0448170713507257
89,BP,Positive Regulation of Receptor Internalization (GO:0002092),0.0459144991677514
89,BP,Regulation of Chondrocyte Differentiation (GO:0032330),0.0479919767706342
89,BP,Regulation of Vascular Endothelial Growth Factor Receptor Signaling Pathway (GO:0030947),0.0479919767706342
89,BP,Regulation of Cytokine Production Involved in Immune Response (GO:0002718),0.0481597403145074
89,BP,Regulation of Interferon-Alpha Production (GO:0032647),0.0481597403145074
89,CC,Pericentric Heterochromatin (GO:0005721),0.156400643604776
89,CC,Specific Granule Membrane (GO:0035579),0.192589777725951
89,CC,Tertiary Granule Membrane (GO:0070821),0.192589777725951
89,KEGG,Transcriptional misregulation in cancer,0.00582367587912441
89,MF,Cis-Regulatory Region Sequence-Specific DNA Binding (GO:0000987),7.10894218460777e-05
89,MF,RNA Polymerase II Cis-Regulatory Region Sequence-Specific DNA Binding (GO:0000978),7.10894218460777e-05
89,MF,RNA Polymerase II Transcription Regulatory Region Sequence-Specific DNA Binding (GO:0000977),0.000135611521023488
89,MF,Sequence-Specific DNA Binding (GO:0043565),0.000758735905723782
89,MF,Sequence-Specific Double-Stranded DNA Binding (GO:1990837),0.000758735905723782
89,MF,Double-Stranded DNA Binding (GO:0003690),0.0055092675877935
89,MF,Eukaryotic Initiation Factor 4E Binding (GO:0008190),0.0278857640460306
89,MF,1-Phosphatidylinositol Binding (GO:0005545),0.0324652601481379
89,MF,"DNA-binding Transcription Repressor Activity, RNA Polymerase II-specific (GO:0001227)",0.0324652601481379
89,MF,Protein Serine/Threonine Kinase Binding (GO:0120283),0.0324652601481379
89,MF,"DNA Binding, Bending (GO:0008301)",0.0334256898250326
89,MF,TBP-class Protein Binding (GO:0017025),0.0360095508231716
89,Reactome,Interferon Alpha Beta Signaling,0.0390731827027179
89,Reactome,Interferon Gamma Signaling,0.0390731827027179
89,Reactome,Interleukin-21 Signaling,0.047848500201271
89,Reactome,"POU5F1 (OCT4), SOX2, NANOG Repress Genes Related to Differentiation",0.047848500201271
89,Reactome,SLC15A4 TASL-dependent IRF5 Activation,0.047848500201271
9,BP,Regulation of DNA-templated Transcription (GO:0006355),1.02220955792343e-68
9,BP,Regulation of Transcription by RNA Polymerase II (GO:0006357),1.30089892186421e-63
9,CC,Nucleus (GO:0005634),1.06084708035839e-29
9,CC,Intracellular Membrane-Bounded Organelle (GO:0043231),8.2388685342305e-26
9,KEGG,Herpes simplex virus 1 infection,2.37946542127055e-128
9,MF,RNA Polymerase II Transcription Regulatory Region Sequence-Specific DNA Binding (GO:0000977),1.27284451327815e-77
9,MF,Cis-Regulatory Region Sequence-Specific DNA Binding (GO:0000987),2.09218551981762e-45
9,MF,RNA Polymerase II Cis-Regulatory Region Sequence-Specific DNA Binding (GO:0000978),3.75009054439308e-45
9,MF,Transcription Cis-Regulatory Region Binding (GO:0000976),2.24848379931869e-15
9,Reactome,Generic Transcription Pathway,3.12239519885421e-72
9,Reactome,RNA Polymerase II Transcription,3.21641443375036e-69
9,Reactome,Gene Expression (Transcription),1.91836999665593e-65
9,Reactome,Regulation of Endogenous Retroelements by KRAB-ZFP Proteins,2.71170261733143e-07
9,Reactome,Regulation of Endogenous Retroelements,2.94971565074334e-06
9,Reactome,Epigenetic Regulation of Gene Expression,0.00119096084717881
90,BP,Regulation of Transcription by RNA Polymerase II (GO:0006357),1.76811319481279e-12
90,BP,Regulation of DNA-templated Transcription (GO:0006355),2.64034200299576e-11
90,BP,Regulation of RNA Biosynthetic Process (GO:2001141),0.00308284417901913
90,CC,Nucleus (GO:0005634),0.00157017486330742
90,CC,Intracellular Membrane-Bounded Organelle (GO:0043231),0.00287416654044008
90,KEGG,Herpes simplex virus 1 infection,2.67912246101815e-07
90,MF,RNA Polymerase II Transcription Regulatory Region Sequence-Specific DNA Binding (GO:0000977),1.27332975515877e-12
90,MF,Cis-Regulatory Region Sequence-Specific DNA Binding (GO:0000987),4.74525547344396e-09
90,MF,RNA Polymerase II Cis-Regulatory Region Sequence-Specific DNA Binding (GO:0000978),4.74525547344396e-09
90,MF,"DNA-binding Transcription Activator Activity, RNA Polymerase II-specific (GO:0001228)",0.00717085027466015
90,MF,Transcription Cis-Regulatory Region Binding (GO:0000976),0.0263397863285955
90,Reactome,Generic Transcription Pathway,1.50945515356528e-06
90,Reactome,RNA Polymerase II Transcription,1.79022753007173e-06
90,Reactome,Gene Expression (Transcription),5.16574973630235e-06
95,BP,Smoothened Signaling Pathway (GO:0007224),0.0169860186940748
95,BP,Regulation of Smoothened Signaling Pathway (GO:0008589),0.0195754297449808
95,BP,Actin Filament Capping (GO:0051693),0.0357248622816044
95,BP,Barbed-End Actin Filament Capping (GO:0051016),0.0357248622816044
95,BP,Cellular Response to Cholesterol (GO:0071397),0.0357248622816044
95,BP,Cellular Response to Sterol (GO:0036315),0.0357248622816044
95,BP,Collecting Duct Development (GO:0072044),0.0357248622816044
95,BP,Digestive Tract Morphogenesis (GO:0048546),0.0357248622816044
95,BP,Embryonic Appendage Morphogenesis (GO:0035113),0.0357248622816044
95,BP,Embryonic Axis Specification (GO:0000578),0.0357248622816044
95,BP,Energy Reserve Metabolic Process (GO:0006112),0.0357248622816044
95,BP,Epithelial Cell-Cell Adhesion (GO:0090136),0.0357248622816044
95,BP,Glucan Catabolic Process (GO:0009251),0.0357248622816044
95,BP,Glucan Metabolic Process (GO:0044042),0.0357248622816044
95,BP,Glycogen Catabolic Process (GO:0005980),0.0357248622816044
95,BP,Glycogen Metabolic Process (GO:0005977),0.0357248622816044
95,BP,Limb Morphogenesis (GO:0035108),0.0357248622816044
95,BP,Muscle Cell Migration (GO:0014812),0.0357248622816044
95,BP,Muscle Tissue Development (GO:0060537),0.0357248622816044
95,BP,Myoblast Migration (GO:0051451),0.0357248622816044
95,BP,Negative Regulation of Smoothened Signaling Pathway (GO:0045879),0.0357248622816044
95,BP,Neural Tube Development (GO:0021915),0.0357248622816044
95,BP,Pharyngeal System Development (GO:0060037),0.0357248622816044
95,BP,Positive Regulation of BMP Signaling Pathway (GO:0030513),0.0357248622816044
95,BP,Positive Regulation of Cardiac Muscle Cell Proliferation (GO:0060045),0.0357248622816044
95,BP,Positive Regulation of Cardiac Muscle Tissue Growth (GO:0055023),0.0357248622816044
95,BP,Positive Regulation of Cell Cycle Phase Transition (GO:1901989),0.0357248622816044
95,BP,Positive Regulation of Cholesterol Efflux (GO:0010875),0.0357248622816044
95,BP,Positive Regulation of DNA Replication (GO:0045740),0.0357248622816044
95,BP,Positive Regulation of Granulocyte Chemotaxis (GO:0071624),0.0357248622816044
95,BP,Positive Regulation of Lamellipodium Assembly (GO:0010592),0.0357248622816044
95,BP,Positive Regulation of Neutrophil Chemotaxis (GO:0090023),0.0357248622816044
95,BP,Positive Regulation of Smoothened Signaling Pathway (GO:0045880),0.0357248622816044
95,BP,Regulation of Cardiac Muscle Cell Proliferation (GO:0060043),0.0357248622816044
95,BP,Regulation of Multicellular Organism Growth (GO:0040014),0.0357248622816044
95,BP,Regulation of Osteoblast Differentiation (GO:0045667),0.0357248622816044
95,BP,Regulation of Signal Transduction (GO:0009966),0.0357248622816044
95,BP,Regulation of Tissue Remodeling (GO:0034103),0.0357248622816044
95,BP,Response to Cholesterol (GO:0070723),0.0357248622816044
95,BP,Smooth Muscle Tissue Development (GO:0048745),0.0357248622816044
95,BP,Somite Development (GO:0061053),0.0357248622816044
95,BP,Metanephros Development (GO:0001656),0.0363823685129746
95,BP,Limb Development (GO:0060173),0.0367700922096807
95,BP,Positive Regulation of Neutrophil Migration (GO:1902624),0.0367700922096807
95,BP,Regulation of Neutrophil Chemotaxis (GO:0090022),0.0367700922096807
95,BP,Positive Regulation of Cholesterol Transport (GO:0032376),0.0378964849379345
95,BP,Regulation of Lipid Biosynthetic Process (GO:0046890),0.0378964849379345
95,BP,Dorsal/Ventral Pattern Formation (GO:0009953),0.0397396144673743
95,BP,Positive Regulation of Lamellipodium Organization (GO:1902745),0.0398775361858856
95,BP,Regulation of Cholesterol Efflux (GO:0010874),0.0398775361858856
95,BP,Regulation of Lamellipodium Assembly (GO:0010591),0.0398775361858856
95,BP,Negative Regulation of Developmental Growth (GO:0048640),0.0403238097002026
95,BP,Negative Regulation of Osteoblast Differentiation (GO:0045668),0.041941893304867
95,BP,Embryonic Limb Morphogenesis (GO:0030326),0.042331830546803
95,BP,Regulation of Transcription by RNA Polymerase II (GO:0006357),0.0446673074592281
95,BP,Digestive Tract Development (GO:0048565),0.0475591777556546
95,BP,Regulation of Peptidyl-Tyrosine Phosphorylation (GO:0050730),0.047826560055358
95,BP,Positive Regulation of Cell Cycle G1/S Phase Transition (GO:1902808),0.0480842340440734
95,CC,Actin Cytoskeleton (GO:0015629),0.11807275105377
95,CC,Ciliary Membrane (GO:0060170),0.11807275105377
95,CC,Sarcoplasmic Reticulum (GO:0016529),0.11807275105377
95,KEGG,Basal cell carcinoma,0.00367490190222194
95,KEGG,Hedgehog signaling pathway,0.00367490190222194
95,KEGG,cAMP signaling pathway,0.0279632927617641
95,MF,BMP Binding (GO:0036122),0.0458033390721765
95,MF,BMP Receptor Binding (GO:0070700),0.0458033390721765
95,MF,Pyridoxal Phosphate Binding (GO:0030170),0.0458033390721765
95,MF,Transmembrane Receptor Protein Serine/Threonine Kinase Binding (GO:0070696),0.0458033390721765
95,MF,Vitamin B6 Binding (GO:0070279),0.0458033390721765
95,Reactome,GLI Proteins Bind Promoters of Hh Responsive Genes to Promote Transcription,0.00010852779572128
95,Reactome,Hedgehog 'On' State,0.00667252175582507
95,Reactome,Hedgehog 'Off' State,0.00815442985959944
95,Reactome,Signaling by Hedgehog,0.0114598774466969
95,Reactome,Ligand-receptor Interactions,0.0183707728021657
95,Reactome,Glycogen Breakdown (Glycogenolysis),0.0267546491074845
95,Reactome,Activation of SMO,0.0294582360209985
95,Reactome,Glycogen Metabolism,0.0357436862034263
96,BP,Elastic Fiber Assembly (GO:0048251),0.0333161573730783
96,BP,Nucleoside Diphosphate Metabolic Process (GO:0009132),0.0333161573730783
96,BP,UV Protection (GO:0009650),0.0333161573730783
96,BP,Cellular Response to UV-B (GO:0071493),0.036615137500747
96,BP,Extracellular Matrix Assembly (GO:0085029),0.036615137500747
96,BP,Nucleoside Phosphate Catabolic Process (GO:1901292),0.036615137500747
96,BP,Response to UV-B (GO:0010224),0.036615137500747
96,CC,Microfibril (GO:0001527),0.0724178247331255
96,CC,Cortical Actin Cytoskeleton (GO:0030864),0.102352754166642
96,CC,Supramolecular Fiber (GO:0099512),0.102352754166642
96,KEGG,Purine metabolism,0.0371547596604103
96,MF,GDP Phosphatase Activity (GO:0004382),0.0419903648450329
96,MF,UDP Phosphatase Activity (GO:0045134),0.0419903648450329
96,MF,Nucleoside Diphosphate Phosphatase Activity (GO:0017110),0.0434912744627332
96,Reactome,Metabolism of Nucleotides,0.0368298591586933
